timestamp,pid,process_name,cpu_percent,memory_percent,risk_score,severity,message
2026-09-14 19:02:59,1234,SuspiciousProcess,85.0,75.0,100,HIGH,Suspicious process behavior detected.
2026-09-14 23:15:02,568,AXVisualSupportAgent,3.1,0.16498565673828125,80,HIGH,Suspicious process behavior detected.
2026-09-14 23:15:03,722,duetexpertd,0.5,0.26092529296875,80,HIGH,Suspicious process behavior detected.
2026-09-14 23:15:03,916,com.apple.WebKit.WebContent,0.0,1.6805648803710938,80,HIGH,Suspicious process behavior detected.
2026-09-14 23:15:03,919,com.apple.WebKit.Networking,1.2,0.14667510986328125,80,HIGH,Suspicious process behavior detected.
2026-09-14 23:15:03,957,Google Chrome,0.0,1.7528533935546875,80,HIGH,Suspicious process behavior detected.
2026-09-14 23:15:03,963,Google Chrome Helper,2.5,0.8922576904296875,80,HIGH,Suspicious process behavior detected.
2026-09-14 23:15:04,2672,Google Chrome Helper (Renderer),3.9,2.5053024291992188,80,HIGH,Suspicious process behavior detected.
2026-09-14 23:15:04,2826,Code,1.4,1.1907577514648438,80,HIGH,Suspicious process behavior detected.
2026-09-14 23:15:04,2833,Code Helper,23.8,0.6143569946289062,80,HIGH,Suspicious process behavior detected.
2026-09-14 23:15:04,2835,Code Helper (Renderer),0.0,2.8608322143554688,80,HIGH,Suspicious process behavior detected.
2026-09-14 23:15:04,2852,Code Helper,0.0,1.0692596435546875,80,HIGH,Suspicious process behavior detected.
2026-09-14 23:15:04,3033,Code Helper,0.4,0.24566650390625,80,HIGH,Suspicious process behavior detected.
2026-09-14 23:15:04,3034,Code Helper (Plugin),0.0,3.4631729125976562,80,HIGH,Suspicious process behavior detected.
2026-09-14 23:15:04,4194,Code Helper (Plugin),0.0,2.198028564453125,80,HIGH,Suspicious process behavior detected.
2026-09-14 23:15:06,10040,python3.12,0.2,1.6693115234375,80,HIGH,Suspicious process behavior detected.
2026-09-14 23:15:12,568,AXVisualSupportAgent,2.1,0.1674652099609375,80,HIGH,Suspicious process behavior detected.
2026-09-14 23:15:13,755,Grammarly Desktop,1.2,0.614166259765625,80,HIGH,Suspicious process behavior detected.
2026-09-14 23:15:13,913,app_inkwell,14.0,0.28362274169921875,80,HIGH,Suspicious process behavior detected.
2026-09-14 23:15:13,957,Google Chrome,29.7,2.0641326904296875,80,HIGH,Suspicious process behavior detected.
2026-09-14 23:15:13,963,Google Chrome Helper,1.0,0.8447647094726562,80,HIGH,Suspicious process behavior detected.
2026-09-14 23:15:13,2672,Google Chrome Helper (Renderer),19.6,4.8099517822265625,80,HIGH,Suspicious process behavior detected.
2026-09-14 23:15:13,2826,Code,0.0,1.0721206665039062,80,HIGH,Suspicious process behavior detected.
2026-09-14 23:15:13,2835,Code Helper (Renderer),0.0,3.7639617919921875,80,HIGH,Suspicious process behavior detected.
2026-09-14 23:15:13,2913,Code Helper,1.0,0.32863616943359375,80,HIGH,Suspicious process behavior detected.
2026-09-14 23:15:13,3033,Code Helper,1.2,0.24566650390625,80,HIGH,Suspicious process behavior detected.
2026-09-14 23:15:13,3034,Code Helper (Plugin),0.0,2.4469375610351562,80,HIGH,Suspicious process behavior detected.
2026-09-14 23:15:13,4194,Code Helper (Plugin),0.0,1.6231536865234375,80,HIGH,Suspicious process behavior detected.
2026-09-14 23:15:16,10040,python3.12,0.2,1.67999267578125,80,HIGH,Suspicious process behavior detected.
2026-09-14 23:15:22,730,Spotify,0.4,0.8855819702148438,80,HIGH,Suspicious process behavior detected.
2026-09-14 23:15:22,916,com.apple.WebKit.WebContent,0.7,0.7617950439453125,80,HIGH,Suspicious process behavior detected.
2026-09-14 23:15:22,957,Google Chrome,0.4,2.0830154418945312,80,HIGH,Suspicious process behavior detected.
2026-09-14 23:15:23,2672,Google Chrome Helper (Renderer),3.5,4.835319519042969,80,HIGH,Suspicious process behavior detected.
2026-09-14 23:15:23,2826,Code,5.9,1.3738632202148438,80,HIGH,Suspicious process behavior detected.
2026-09-14 23:15:23,2833,Code Helper,0.9,0.6235122680664062,80,HIGH,Suspicious process behavior detected.
2026-09-14 23:15:23,2835,Code Helper (Renderer),15.1,3.7931442260742188,80,HIGH,Suspicious process behavior detected.
2026-09-14 23:15:23,2852,Code Helper,0.0,1.1219024658203125,80,HIGH,Suspicious process behavior detected.
2026-09-14 23:15:23,3033,Code Helper,0.9,0.22792816162109375,80,HIGH,Suspicious process behavior detected.
2026-09-14 23:15:25,10040,python3.12,0.4,1.6466140747070312,80,HIGH,Suspicious process behavior detected.
2026-09-14 23:15:31,730,Spotify,0.5,0.9645462036132812,80,HIGH,Suspicious process behavior detected.
2026-09-14 23:15:31,752,Spotify Helper,1.3,0.0988006591796875,80,HIGH,Suspicious process behavior detected.
2026-09-14 23:15:32,932,com.apple.WebKit.WebContent,0.9,0.39005279541015625,80,HIGH,Suspicious process behavior detected.
2026-09-14 23:15:32,957,Google Chrome,10.1,2.2281646728515625,80,HIGH,Suspicious process behavior detected.
2026-09-14 23:15:32,963,Google Chrome Helper,1.8,0.8272171020507812,80,HIGH,Suspicious process behavior detected.
2026-09-14 23:15:32,2672,Google Chrome Helper (Renderer),1.7,4.811668395996094,80,HIGH,Suspicious process behavior detected.
2026-09-14 23:15:32,2826,Code,7.5,1.3538360595703125,80,HIGH,Suspicious process behavior detected.
2026-09-14 23:15:32,2833,Code Helper,0.4,0.6708145141601562,80,HIGH,Suspicious process behavior detected.
2026-09-14 23:15:32,2835,Code Helper (Renderer),3.3,3.659820556640625,80,HIGH,Suspicious process behavior detected.
2026-09-14 23:15:32,2852,Code Helper,0.0,1.0463714599609375,80,HIGH,Suspicious process behavior detected.
2026-09-14 23:15:34,10040,python3.12,0.3,0.8295059204101562,80,HIGH,Suspicious process behavior detected.
2026-09-14 23:15:34,10062,mdworker_shared,0.8,0.23746490478515625,80,HIGH,Suspicious process behavior detected.
2026-09-14 23:21:28,568,AXVisualSupportAgent,1.2,0.15888214111328125,80,HIGH,Suspicious process behavior detected.
2026-09-14 23:21:29,730,Spotify,0.3,0.88653564453125,80,HIGH,Suspicious process behavior detected.
2026-09-14 23:21:29,916,com.apple.WebKit.WebContent,0.7,0.710296630859375,80,HIGH,Suspicious process behavior detected.
2026-09-14 23:21:29,957,Google Chrome,0.0,1.9933700561523438,80,HIGH,Suspicious process behavior detected.
2026-09-14 23:21:30,2641,Google Chrome Helper (Renderer),0.0,0.626373291015625,80,HIGH,Suspicious process behavior detected.
2026-09-14 23:21:30,2672,Google Chrome Helper (Renderer),0.0,3.9226531982421875,80,HIGH,Suspicious process behavior detected.
2026-09-14 23:21:30,2826,Code,0.0,1.5268325805664062,80,HIGH,Suspicious process behavior detected.
2026-09-14 23:21:30,2835,Code Helper (Renderer),0.3,5.039024353027344,80,HIGH,Suspicious process behavior detected.
2026-09-14 23:21:30,3033,Code Helper,1.4,0.39234161376953125,80,HIGH,Suspicious process behavior detected.
2026-09-14 23:21:30,3034,Code Helper (Plugin),8.8,3.6401748657226562,80,HIGH,Suspicious process behavior detected.
2026-09-14 23:21:30,4194,Code Helper (Plugin),0.0,1.41754150390625,80,HIGH,Suspicious process behavior detected.
2026-09-14 23:21:30,8323,Google Chrome Helper (Renderer),0.0,0.664520263671875,80,HIGH,Suspicious process behavior detected.
2026-09-14 23:21:30,8324,Google Chrome Helper (Renderer),0.0,0.24929046630859375,80,HIGH,Suspicious process behavior detected.
2026-09-14 23:21:30,8325,Google Chrome Helper (Renderer),0.0,0.35533905029296875,80,HIGH,Suspicious process behavior detected.
2026-09-14 23:21:30,8328,Google Chrome Helper (Renderer),0.0,0.473785400390625,80,HIGH,Suspicious process behavior detected.
2026-09-14 23:21:30,8666,Google Chrome Helper (Renderer),0.0,0.31986236572265625,80,HIGH,Suspicious process behavior detected.
2026-09-14 23:21:32,10481,Google Chrome Helper (Renderer),0.0,0.9502410888671875,80,HIGH,Suspicious process behavior detected.
2026-09-14 23:21:33,10622,python3.12,0.2,1.7827987670898438,80,HIGH,Suspicious process behavior detected.
2026-09-14 23:21:38,568,AXVisualSupportAgent,5.8,0.16574859619140625,80,HIGH,Suspicious process behavior detected.
2026-09-14 23:21:38,602,fileproviderd,2.7,0.139617919921875,80,HIGH,Suspicious process behavior detected.
2026-09-14 23:21:39,730,Spotify,0.0,0.9897232055664062,80,HIGH,Suspicious process behavior detected.
2026-09-14 23:21:39,755,Grammarly Desktop,1.6,0.672149658203125,80,HIGH,Suspicious process behavior detected.
2026-09-14 23:21:39,913,app_inkwell,19.3,0.28133392333984375,80,HIGH,Suspicious process behavior detected.
2026-09-14 23:21:39,957,Google Chrome,21.4,2.1953582763671875,80,HIGH,Suspicious process behavior detected.
2026-09-14 23:21:39,963,Google Chrome Helper,1.6,1.0232925415039062,80,HIGH,Suspicious process behavior detected.
2026-09-14 23:21:39,2641,Google Chrome Helper (Renderer),0.0,0.5949020385742188,80,HIGH,Suspicious process behavior detected.
2026-09-14 23:21:39,2672,Google Chrome Helper (Renderer),0.9,3.2745361328125,80,HIGH,Suspicious process behavior detected.
2026-09-14 23:21:39,2826,Code,0.0,1.4032363891601562,80,HIGH,Suspicious process behavior detected.
2026-09-14 23:21:39,2835,Code Helper (Renderer),0.0,3.9358139038085938,80,HIGH,Suspicious process behavior detected.
2026-09-14 23:21:40,3033,Code Helper,2.1,0.39806365966796875,80,HIGH,Suspicious process behavior detected.
2026-09-14 23:21:40,3034,Code Helper (Plugin),0.0,3.5211563110351562,80,HIGH,Suspicious process behavior detected.
2026-09-14 23:21:40,4194,Code Helper (Plugin),0.0,1.410675048828125,80,HIGH,Suspicious process behavior detected.
2026-09-14 23:21:40,8323,Google Chrome Helper (Renderer),0.0,0.7207870483398438,80,HIGH,Suspicious process behavior detected.
2026-09-14 23:21:40,8324,Google Chrome Helper (Renderer),0.0,0.2750396728515625,80,HIGH,Suspicious process behavior detected.
2026-09-14 23:21:40,8325,Google Chrome Helper (Renderer),0.0,0.3719329833984375,80,HIGH,Suspicious process behavior detected.
2026-09-14 23:21:40,8328,Google Chrome Helper (Renderer),0.0,0.5304336547851562,80,HIGH,Suspicious process behavior detected.
2026-09-14 23:21:40,8666,Google Chrome Helper (Renderer),0.0,0.30002593994140625,80,HIGH,Suspicious process behavior detected.
2026-09-14 23:21:42,10481,Google Chrome Helper (Renderer),0.0,0.9500503540039062,80,HIGH,Suspicious process behavior detected.
2026-09-14 23:21:42,10622,python3.12,0.3,0.8184432983398438,80,HIGH,Suspicious process behavior detected.
2026-09-14 23:28:34,568,AXVisualSupportAgent,5.0,0.156402587890625,80,HIGH,Suspicious process behavior detected.
2026-09-14 23:28:35,748,Spotify Helper,7.3,0.2933502197265625,80,HIGH,Suspicious process behavior detected.
2026-09-14 23:28:35,916,com.apple.WebKit.WebContent,0.0,1.694488525390625,80,HIGH,Suspicious process behavior detected.
2026-09-14 23:28:35,957,Google Chrome,0.0,1.9115447998046875,80,HIGH,Suspicious process behavior detected.
2026-09-14 23:28:36,2672,Google Chrome Helper (Renderer),2.7,2.4263381958007812,80,HIGH,Suspicious process behavior detected.
2026-09-14 23:28:36,2826,Code,0.0,1.4982223510742188,80,HIGH,Suspicious process behavior detected.
2026-09-14 23:28:36,2835,Code Helper (Renderer),0.0,3.4664154052734375,80,HIGH,Suspicious process behavior detected.
2026-09-14 23:28:36,3034,Code Helper (Plugin),0.0,3.8980484008789062,80,HIGH,Suspicious process behavior detected.
2026-09-14 23:28:36,4194,Code Helper (Plugin),0.0,1.4947891235351562,80,HIGH,Suspicious process behavior detected.
2026-09-14 23:28:39,11133,python3.12,0.8,1.6443252563476562,80,HIGH,Suspicious process behavior detected.
2026-09-14 23:28:44,602,fileproviderd,0.7,0.13675689697265625,80,HIGH,Suspicious process behavior detected.
2026-09-14 23:28:45,755,Grammarly Desktop,1.2,0.684356689453125,80,HIGH,Suspicious process behavior detected.
2026-09-14 23:28:45,768,Spotify Helper (Renderer),0.0,1.3339996337890625,80,HIGH,Suspicious process behavior detected.
2026-09-14 23:28:45,932,com.apple.WebKit.WebContent,0.0,1.4085769653320312,80,HIGH,Suspicious process behavior detected.
2026-09-14 23:28:45,957,Google Chrome,0.0,2.0908355712890625,80,HIGH,Suspicious process behavior detected.
2026-09-14 23:28:46,2672,Google Chrome Helper (Renderer),17.9,2.9842376708984375,80,HIGH,Suspicious process behavior detected.
2026-09-14 23:28:46,2826,Code,0.0,1.2384414672851562,80,HIGH,Suspicious process behavior detected.
2026-09-14 23:28:46,2833,Code Helper,0.3,0.81024169921875,80,HIGH,Suspicious process behavior detected.
2026-09-14 23:28:46,2835,Code Helper (Renderer),0.0,3.7322998046875,80,HIGH,Suspicious process behavior detected.
2026-09-14 23:28:46,3034,Code Helper (Plugin),0.0,2.0305633544921875,80,HIGH,Suspicious process behavior detected.
2026-09-14 23:28:48,11133,python3.12,0.2,0.82550048828125,80,HIGH,Suspicious process behavior detected.
2026-09-14 23:28:55,722,duetexpertd,0.6,0.27446746826171875,80,HIGH,Suspicious process behavior detected.
2026-09-14 23:28:55,755,Grammarly Desktop,1.4,0.6460189819335938,80,HIGH,Suspicious process behavior detected.
2026-09-14 23:28:55,916,com.apple.WebKit.WebContent,122.7,0.7455825805664062,90,HIGH,Suspicious process behavior detected.
2026-09-14 23:28:55,919,com.apple.WebKit.Networking,68.8,0.21038055419921875,90,HIGH,Suspicious process behavior detected.
2026-09-14 23:28:55,931,com.apple.WebKit.WebContent,0.4,0.35991668701171875,80,HIGH,Suspicious process behavior detected.
2026-09-14 23:28:55,932,com.apple.WebKit.WebContent,0.0,1.3566970825195312,80,HIGH,Suspicious process behavior detected.
2026-09-14 23:28:55,957,Google Chrome,11.1,2.2050857543945312,80,HIGH,Suspicious process behavior detected.
2026-09-14 23:28:55,963,Google Chrome Helper,82.4,1.0562896728515625,90,HIGH,Suspicious process behavior detected.
2026-09-14 23:28:55,2672,Google Chrome Helper (Renderer),19.3,5.501747131347656,80,HIGH,Suspicious process behavior detected.
2026-09-14 23:28:55,2826,Code,0.0,1.3948440551757812,80,HIGH,Suspicious process behavior detected.
2026-09-14 23:28:55,2835,Code Helper (Renderer),0.0,3.8816452026367188,80,HIGH,Suspicious process behavior detected.
2026-09-14 23:28:56,2852,Code Helper,0.0,1.2094497680664062,80,HIGH,Suspicious process behavior detected.
2026-09-14 23:28:56,2913,Code Helper,0.8,0.5197525024414062,80,HIGH,Suspicious process behavior detected.
2026-09-14 23:28:56,3033,Code Helper,0.4,0.40760040283203125,80,HIGH,Suspicious process behavior detected.
2026-09-14 23:28:56,3034,Code Helper (Plugin),0.0,1.2525558471679688,80,HIGH,Suspicious process behavior detected.
2026-09-14 23:28:58,9967,photoanalysisd,3.1,0.07171630859375,80,HIGH,Suspicious process behavior detected.
2026-09-14 23:28:58,11133,python3.12,0.2,0.8504867553710938,80,HIGH,Suspicious process behavior detected.
2026-09-14 23:29:05,722,duetexpertd,0.7,0.28076171875,80,HIGH,Suspicious process behavior detected.
2026-09-14 23:29:05,755,Grammarly Desktop,2.3,0.6402969360351562,80,HIGH,Suspicious process behavior detected.
2026-09-14 23:29:05,916,com.apple.WebKit.WebContent,0.7,0.7110595703125,80,HIGH,Suspicious process behavior detected.
2026-09-14 23:29:05,957,Google Chrome,1.4,2.2077560424804688,80,HIGH,Suspicious process behavior detected.
2026-09-14 23:29:05,2672,Google Chrome Helper (Renderer),0.0,5.3363800048828125,80,HIGH,Suspicious process behavior detected.
2026-09-14 23:29:05,2826,Code,1.9,1.4707565307617188,80,HIGH,Suspicious process behavior detected.
2026-09-14 23:29:05,2833,Code Helper,4.1,0.7839202880859375,80,HIGH,Suspicious process behavior detected.
2026-09-14 23:29:05,2835,Code Helper (Renderer),2.9,3.269195556640625,80,HIGH,Suspicious process behavior detected.
2026-09-14 23:29:05,2852,Code Helper,0.0,1.28173828125,80,HIGH,Suspicious process behavior detected.
2026-09-14 23:29:05,3033,Code Helper,0.5,0.39348602294921875,80,HIGH,Suspicious process behavior detected.
2026-09-15 11:10:15,544,cfprefsd,0.7,0.04291534423828125,80,HIGH,Suspicious process behavior detected.
2026-09-15 11:10:15,549,UserEventAgent,0.5,0.11882781982421875,80,HIGH,Suspicious process behavior detected.
2026-09-15 11:10:15,560,ControlCenter,0.5,0.36163330078125,80,HIGH,Suspicious process behavior detected.
2026-09-15 11:10:15,564,Finder,0.4,0.3414154052734375,80,HIGH,Suspicious process behavior detected.
2026-09-15 11:10:15,642,neagent,0.7,0.11234283447265625,80,HIGH,Suspicious process behavior detected.
2026-09-15 11:10:15,730,Spotify,0.4,0.7753372192382812,80,HIGH,Suspicious process behavior detected.
2026-09-15 11:10:15,755,Grammarly Desktop,0.2,0.65155029296875,80,HIGH,Suspicious process behavior detected.
2026-09-15 11:10:15,768,Spotify Helper (Renderer),0.1,1.4125823974609375,80,HIGH,Suspicious process behavior detected.
2026-09-15 11:10:15,957,Google Chrome,0.5,2.1009445190429688,80,HIGH,Suspicious process behavior detected.
2026-09-15 11:10:15,963,Google Chrome Helper,0.2,0.737762451171875,80,HIGH,Suspicious process behavior detected.
2026-09-15 11:10:15,964,Google Chrome Helper,0.1,0.6122589111328125,80,HIGH,Suspicious process behavior detected.
2026-09-15 11:10:15,2672,Google Chrome Helper (Renderer),0.2,3.372955322265625,80,HIGH,Suspicious process behavior detected.
2026-09-15 11:10:15,2826,Code,0.1,1.2247085571289062,80,HIGH,Suspicious process behavior detected.
2026-09-15 11:10:15,2833,Code Helper,1.7,0.7678985595703125,80,HIGH,Suspicious process behavior detected.
2026-09-15 11:10:15,2834,Code Helper,0.4,0.27790069580078125,80,HIGH,Suspicious process behavior detected.
2026-09-15 11:10:15,2835,Code Helper (Renderer),1.7,5.334663391113281,80,HIGH,Suspicious process behavior detected.
2026-09-15 11:10:15,2852,Code Helper,0.4,0.5199432373046875,80,HIGH,Suspicious process behavior detected.
2026-09-15 11:10:15,2913,Code Helper,0.5,0.345611572265625,80,HIGH,Suspicious process behavior detected.
2026-09-15 11:10:15,3034,Code Helper (Plugin),3.0,2.3998260498046875,80,HIGH,Suspicious process behavior detected.
2026-09-15 11:10:15,4194,Code Helper (Plugin),0.0,1.5264511108398438,80,HIGH,Suspicious process behavior detected.
2026-09-15 11:10:15,8410,routined,0.6,0.19054412841796875,80,HIGH,Suspicious process behavior detected.
2026-09-15 11:10:15,9053,cloudd,1.7,0.28934478759765625,80,HIGH,Suspicious process behavior detected.
2026-09-15 11:10:15,9891,AssetCacheLocatorService,0.2,0.03604888916015625,80,HIGH,Suspicious process behavior detected.
2026-09-15 11:10:15,13781,Google Chrome Helper (Renderer),0.0,0.8480072021484375,80,HIGH,Suspicious process behavior detected.
2026-09-15 11:10:15,14712,mapssyncd,1.7,0.21839141845703125,80,HIGH,Suspicious process behavior detected.
2026-09-15 11:10:15,14735,python3.12,41.1,1.906585693359375,80,HIGH,Suspicious process behavior detected.
2026-09-15 11:10:21,543,distnoted,0.3,0.04787445068359375,80,HIGH,Suspicious process behavior detected.
2026-09-15 11:10:21,553,WindowManager,1.6,0.25787353515625,80,HIGH,Suspicious process behavior detected.
2026-09-15 11:10:21,559,Dock,1.6,0.1678466796875,80,HIGH,Suspicious process behavior detected.
2026-09-15 11:10:21,560,ControlCenter,0.5,0.36602020263671875,80,HIGH,Suspicious process behavior detected.
2026-09-15 11:10:22,568,AXVisualSupportAgent,2.4,0.15735626220703125,80,HIGH,Suspicious process behavior detected.
2026-09-15 11:10:22,580,trustd,0.6,0.11959075927734375,80,HIGH,Suspicious process behavior detected.
2026-09-15 11:10:22,602,fileproviderd,0.4,0.16422271728515625,80,HIGH,Suspicious process behavior detected.
2026-09-15 11:10:22,666,ContextStoreAgent,2.6,0.177001953125,80,HIGH,Suspicious process behavior detected.
2026-09-15 11:10:22,668,BiomeAgent,3.0,0.13885498046875,80,HIGH,Suspicious process behavior detected.
2026-09-15 11:10:22,713,Spotlight,1.3,0.29735565185546875,80,HIGH,Suspicious process behavior detected.
2026-09-15 11:10:22,717,OneDrive,1.4,0.3780364990234375,80,HIGH,Suspicious process behavior detected.
2026-09-15 11:10:22,730,Spotify,0.3,0.7518768310546875,80,HIGH,Suspicious process behavior detected.
2026-09-15 11:10:22,755,Grammarly Desktop,1.7,0.6444931030273438,80,HIGH,Suspicious process behavior detected.
2026-09-15 11:10:22,768,Spotify Helper (Renderer),0.4,0.82244873046875,80,HIGH,Suspicious process behavior detected.
2026-09-15 11:10:22,913,app_inkwell,3.3,0.28362274169921875,80,HIGH,Suspicious process behavior detected.
2026-09-15 11:10:22,916,com.apple.WebKit.WebContent,6.0,0.5731582641601562,80,HIGH,Suspicious process behavior detected.
2026-09-15 11:10:22,919,com.apple.WebKit.Networking,6.1,0.19397735595703125,80,HIGH,Suspicious process behavior detected.
2026-09-15 11:10:22,931,com.apple.WebKit.WebContent,0.7,0.611114501953125,80,HIGH,Suspicious process behavior detected.
2026-09-15 11:10:22,932,com.apple.WebKit.WebContent,1.1,0.3025054931640625,80,HIGH,Suspicious process behavior detected.
2026-09-15 11:10:22,957,Google Chrome,4.7,2.1331787109375,80,HIGH,Suspicious process behavior detected.
2026-09-15 11:10:22,963,Google Chrome Helper,6.7,0.7677078247070312,80,HIGH,Suspicious process behavior detected.
2026-09-15 11:10:22,964,Google Chrome Helper,0.2,0.6341934204101562,80,HIGH,Suspicious process behavior detected.
2026-09-15 11:10:22,2096,com.apple.WebKit.WebContent,0.8,0.26226043701171875,80,HIGH,Suspicious process behavior detected.
2026-09-15 11:10:22,2672,Google Chrome Helper (Renderer),12.0,3.0853271484375,80,HIGH,Suspicious process behavior detected.
2026-09-15 11:10:22,2826,Code,3.4,1.2331008911132812,80,HIGH,Suspicious process behavior detected.
2026-09-15 11:10:22,2833,Code Helper,3.3,0.6875991821289062,80,HIGH,Suspicious process behavior detected.
2026-09-15 11:10:22,2835,Code Helper (Renderer),52.7,4.589080810546875,90,HIGH,Suspicious process behavior detected.
2026-09-15 11:10:22,3034,Code Helper (Plugin),0.4,2.9092788696289062,80,HIGH,Suspicious process behavior detected.
2026-09-15 11:10:22,4194,Code Helper (Plugin),0.0,1.5176773071289062,80,HIGH,Suspicious process behavior detected.
2026-09-15 11:10:22,8323,Google Chrome Helper (Renderer),0.4,0.7081985473632812,80,HIGH,Suspicious process behavior detected.
2026-09-15 11:10:22,8324,Google Chrome Helper (Renderer),0.2,0.5125045776367188,80,HIGH,Suspicious process behavior detected.
2026-09-15 11:10:22,8328,Google Chrome Helper (Renderer),0.4,0.5041122436523438,80,HIGH,Suspicious process behavior detected.
2026-09-15 11:10:22,9572,proactived,0.4,0.1373291015625,80,HIGH,Suspicious process behavior detected.
2026-09-15 11:10:22,13781,Google Chrome Helper (Renderer),0.0,0.8502960205078125,80,HIGH,Suspicious process behavior detected.
2026-09-15 11:10:22,14712,mapssyncd,0.4,0.21266937255859375,80,HIGH,Suspicious process behavior detected.
2026-09-15 11:10:22,14735,python3.12,40.9,1.89056396484375,80,HIGH,Suspicious process behavior detected.
2026-09-15 11:10:28,560,ControlCenter,1.3,0.3620147705078125,80,HIGH,Suspicious process behavior detected.
2026-09-15 11:10:28,568,AXVisualSupportAgent,2.3,0.1621246337890625,80,HIGH,Suspicious process behavior detected.
2026-09-15 11:10:28,707,WiFiAgent,2.6,0.1708984375,80,HIGH,Suspicious process behavior detected.
2026-09-15 11:10:28,730,Spotify,1.0,0.7656097412109375,80,HIGH,Suspicious process behavior detected.
2026-09-15 11:10:28,755,Grammarly Desktop,2.4,0.62408447265625,80,HIGH,Suspicious process behavior detected.
2026-09-15 11:10:29,916,com.apple.WebKit.WebContent,0.1,0.7318496704101562,80,HIGH,Suspicious process behavior detected.
2026-09-15 11:10:29,957,Google Chrome,7.9,2.3433685302734375,80,HIGH,Suspicious process behavior detected.
2026-09-15 11:10:29,963,Google Chrome Helper,25.3,0.9775161743164062,80,HIGH,Suspicious process behavior detected.
2026-09-15 11:10:29,964,Google Chrome Helper,0.5,0.7051467895507812,80,HIGH,Suspicious process behavior detected.
2026-09-15 11:10:29,2672,Google Chrome Helper (Renderer),22.0,6.2320709228515625,80,HIGH,Suspicious process behavior detected.
2026-09-15 11:10:29,2826,Code,0.1,1.1091232299804688,80,HIGH,Suspicious process behavior detected.
2026-09-15 11:10:29,2835,Code Helper (Renderer),0.3,4.113578796386719,80,HIGH,Suspicious process behavior detected.
2026-09-15 11:10:29,3034,Code Helper (Plugin),0.2,1.4307022094726562,80,HIGH,Suspicious process behavior detected.
2026-09-15 11:10:29,9069,searchpartyuseragent,0.8,0.14591217041015625,80,HIGH,Suspicious process behavior detected.
2026-09-15 11:10:29,13781,Google Chrome Helper (Renderer),0.0,0.8775711059570312,80,HIGH,Suspicious process behavior detected.
2026-09-15 11:10:29,14735,python3.12,41.9,1.7164230346679688,80,HIGH,Suspicious process behavior detected.
2026-09-15 11:10:35,568,AXVisualSupportAgent,3.2,0.16384124755859375,80,HIGH,Suspicious process behavior detected.
2026-09-15 11:10:35,730,Spotify,0.2,1.0915756225585938,80,HIGH,Suspicious process behavior detected.
2026-09-15 11:10:35,755,Grammarly Desktop,3.4,0.6303787231445312,80,HIGH,Suspicious process behavior detected.
2026-09-15 11:10:35,916,com.apple.WebKit.WebContent,0.1,0.731658935546875,80,HIGH,Suspicious process behavior detected.
2026-09-15 11:10:35,932,com.apple.WebKit.WebContent,0.2,0.8037567138671875,80,HIGH,Suspicious process behavior detected.
2026-09-15 11:10:35,957,Google Chrome,10.6,2.3830413818359375,80,HIGH,Suspicious process behavior detected.
2026-09-15 11:10:35,963,Google Chrome Helper,33.1,0.9490966796875,80,HIGH,Suspicious process behavior detected.
2026-09-15 11:10:35,964,Google Chrome Helper,0.3,0.7175445556640625,80,HIGH,Suspicious process behavior detected.
2026-09-15 11:10:35,2672,Google Chrome Helper (Renderer),24.8,6.340217590332031,80,HIGH,Suspicious process behavior detected.
2026-09-15 11:10:35,2826,Code,0.1,1.1020660400390625,80,HIGH,Suspicious process behavior detected.
2026-09-15 11:10:35,2835,Code Helper (Renderer),0.3,3.8724899291992188,80,HIGH,Suspicious process behavior detected.
2026-09-15 11:10:35,3034,Code Helper (Plugin),0.3,0.7246017456054688,80,HIGH,Suspicious process behavior detected.
2026-09-15 11:10:36,13781,Google Chrome Helper (Renderer),0.0,1.0854721069335938,80,HIGH,Suspicious process behavior detected.
2026-09-15 11:10:36,14735,python3.12,42.3,1.4461517333984375,80,HIGH,Suspicious process behavior detected.
2026-09-15 11:10:42,568,AXVisualSupportAgent,2.9,0.1644134521484375,80,HIGH,Suspicious process behavior detected.
2026-09-15 11:10:42,730,Spotify,0.1,1.099395751953125,80,HIGH,Suspicious process behavior detected.
2026-09-15 11:10:42,755,Grammarly Desktop,2.6,0.655364990234375,80,HIGH,Suspicious process behavior detected.
2026-09-15 11:10:42,916,com.apple.WebKit.WebContent,0.1,0.7863998413085938,80,HIGH,Suspicious process behavior detected.
2026-09-15 11:10:42,930,com.apple.WebKit.WebContent,0.0,0.8886337280273438,80,HIGH,Suspicious process behavior detected.
2026-09-15 11:10:42,932,com.apple.WebKit.WebContent,0.1,0.8256912231445312,80,HIGH,Suspicious process behavior detected.
2026-09-15 11:10:42,957,Google Chrome,9.6,2.3515701293945312,80,HIGH,Suspicious process behavior detected.
2026-09-15 11:10:42,963,Google Chrome Helper,21.2,0.9408950805664062,80,HIGH,Suspicious process behavior detected.
2026-09-15 11:10:42,964,Google Chrome Helper,0.7,0.7120132446289062,80,HIGH,Suspicious process behavior detected.
2026-09-15 11:10:42,2672,Google Chrome Helper (Renderer),20.1,6.345367431640625,80,HIGH,Suspicious process behavior detected.
2026-09-15 11:10:42,2826,Code,0.0,1.1081695556640625,80,HIGH,Suspicious process behavior detected.
2026-09-15 11:10:42,2835,Code Helper (Renderer),0.3,3.6905288696289062,80,HIGH,Suspicious process behavior detected.
2026-09-15 11:10:42,3034,Code Helper (Plugin),0.2,0.7356643676757812,80,HIGH,Suspicious process behavior detected.
2026-09-15 11:10:42,13781,Google Chrome Helper (Renderer),0.0,1.1066436767578125,80,HIGH,Suspicious process behavior detected.
2026-09-15 11:10:42,14735,python3.12,41.3,1.3988494873046875,80,HIGH,Suspicious process behavior detected.
2026-09-15 11:10:49,560,ControlCenter,0.7,0.377655029296875,80,HIGH,Suspicious process behavior detected.
2026-09-15 11:10:49,568,AXVisualSupportAgent,4.0,0.167083740234375,80,HIGH,Suspicious process behavior detected.
2026-09-15 11:10:49,730,Spotify,0.6,1.1026382446289062,80,HIGH,Suspicious process behavior detected.
2026-09-15 11:10:49,755,Grammarly Desktop,2.0,0.6610870361328125,80,HIGH,Suspicious process behavior detected.
2026-09-15 11:10:49,913,app_inkwell,10.3,0.27828216552734375,80,HIGH,Suspicious process behavior detected.
2026-09-15 11:10:49,916,com.apple.WebKit.WebContent,0.1,0.7860183715820312,80,HIGH,Suspicious process behavior detected.
2026-09-15 11:10:49,930,com.apple.WebKit.WebContent,0.1,0.887298583984375,80,HIGH,Suspicious process behavior detected.
2026-09-15 11:10:49,932,com.apple.WebKit.WebContent,0.1,0.8253097534179688,80,HIGH,Suspicious process behavior detected.
2026-09-15 11:10:49,957,Google Chrome,20.0,2.3349761962890625,80,HIGH,Suspicious process behavior detected.
2026-09-15 11:10:49,963,Google Chrome Helper,1.4,0.8380889892578125,80,HIGH,Suspicious process behavior detected.
2026-09-15 11:10:49,964,Google Chrome Helper,0.1,0.7110595703125,80,HIGH,Suspicious process behavior detected.
2026-09-15 11:10:49,2095,com.apple.WebKit.WebContent,1.1,0.27523040771484375,80,HIGH,Suspicious process behavior detected.
2026-09-15 11:10:49,2672,Google Chrome Helper (Renderer),18.0,6.2747955322265625,80,HIGH,Suspicious process behavior detected.
2026-09-15 11:10:49,2826,Code,0.0,1.1007308959960938,80,HIGH,Suspicious process behavior detected.
2026-09-15 11:10:49,2835,Code Helper (Renderer),0.4,3.6390304565429688,80,HIGH,Suspicious process behavior detected.
2026-09-15 11:10:49,2913,Code Helper,0.5,0.48122406005859375,80,HIGH,Suspicious process behavior detected.
2026-09-15 11:10:49,3034,Code Helper (Plugin),0.2,0.7411956787109375,80,HIGH,Suspicious process behavior detected.
2026-09-15 11:10:49,13781,Google Chrome Helper (Renderer),0.0,1.1066436767578125,80,HIGH,Suspicious process behavior detected.
2026-09-15 11:10:49,14735,python3.12,41.2,0.88958740234375,80,HIGH,Suspicious process behavior detected.
2026-09-15 11:10:55,568,AXVisualSupportAgent,3.0,0.1674652099609375,80,HIGH,Suspicious process behavior detected.
2026-09-15 11:10:55,730,Spotify,0.2,1.1201858520507812,80,HIGH,Suspicious process behavior detected.
2026-09-15 11:10:56,755,Grammarly Desktop,2.3,0.6595611572265625,80,HIGH,Suspicious process behavior detected.
2026-09-15 11:10:56,916,com.apple.WebKit.WebContent,0.1,0.8068084716796875,80,HIGH,Suspicious process behavior detected.
2026-09-15 11:10:56,930,com.apple.WebKit.WebContent,0.0,0.884246826171875,80,HIGH,Suspicious process behavior detected.
2026-09-15 11:10:56,932,com.apple.WebKit.WebContent,0.1,0.8230209350585938,80,HIGH,Suspicious process behavior detected.
2026-09-15 11:10:56,957,Google Chrome,8.8,2.382659912109375,80,HIGH,Suspicious process behavior detected.
2026-09-15 11:10:56,963,Google Chrome Helper,18.6,0.9187698364257812,80,HIGH,Suspicious process behavior detected.
2026-09-15 11:10:56,964,Google Chrome Helper,0.4,0.7406234741210938,80,HIGH,Suspicious process behavior detected.
2026-09-15 11:10:56,2672,Google Chrome Helper (Renderer),15.5,6.440162658691406,80,HIGH,Suspicious process behavior detected.
2026-09-15 11:10:56,2826,Code,0.2,1.0820388793945312,80,HIGH,Suspicious process behavior detected.
2026-09-15 11:10:56,2835,Code Helper (Renderer),0.3,3.5547256469726562,80,HIGH,Suspicious process behavior detected.
2026-09-15 11:10:56,3034,Code Helper (Plugin),0.2,0.7556915283203125,80,HIGH,Suspicious process behavior detected.
2026-09-15 11:10:56,13781,Google Chrome Helper (Renderer),0.0,1.1066436767578125,80,HIGH,Suspicious process behavior detected.
2026-09-15 11:10:56,14735,python3.12,41.7,0.8884429931640625,80,HIGH,Suspicious process behavior detected.
2026-09-15 11:11:02,543,distnoted,0.3,0.04940032958984375,80,HIGH,Suspicious process behavior detected.
2026-09-15 11:11:02,553,WindowManager,3.5,0.16326904296875,80,HIGH,Suspicious process behavior detected.
2026-09-15 11:11:02,559,Dock,1.8,0.1544952392578125,80,HIGH,Suspicious process behavior detected.
2026-09-15 11:11:02,560,ControlCenter,0.5,0.37784576416015625,80,HIGH,Suspicious process behavior detected.
2026-09-15 11:11:02,568,AXVisualSupportAgent,1.9,0.1697540283203125,80,HIGH,Suspicious process behavior detected.
2026-09-15 11:11:02,580,trustd,0.7,0.1220703125,80,HIGH,Suspicious process behavior detected.
2026-09-15 11:11:02,666,ContextStoreAgent,2.5,0.1773834228515625,80,HIGH,Suspicious process behavior detected.
2026-09-15 11:11:02,668,BiomeAgent,3.0,0.1239776611328125,80,HIGH,Suspicious process behavior detected.
2026-09-15 11:11:02,713,Spotlight,1.3,0.30117034912109375,80,HIGH,Suspicious process behavior detected.
2026-09-15 11:11:02,714,CursorUIViewService,1.7,0.13675689697265625,80,HIGH,Suspicious process behavior detected.
2026-09-15 11:11:02,730,Spotify,3.2,1.2449264526367188,80,HIGH,Suspicious process behavior detected.
2026-09-15 11:11:02,755,Grammarly Desktop,1.9,0.6805419921875,80,HIGH,Suspicious process behavior detected.
2026-09-15 11:11:02,913,app_inkwell,4.4,0.2872467041015625,80,HIGH,Suspicious process behavior detected.
2026-09-15 11:11:02,916,com.apple.WebKit.WebContent,10.1,1.28173828125,80,HIGH,Suspicious process behavior detected.
2026-09-15 11:11:02,919,com.apple.WebKit.Networking,10.6,0.21495819091796875,80,HIGH,Suspicious process behavior detected.
2026-09-15 11:11:02,930,com.apple.WebKit.WebContent,0.1,0.910186767578125,80,HIGH,Suspicious process behavior detected.
2026-09-15 11:11:02,931,com.apple.WebKit.WebContent,0.7,0.4398345947265625,80,HIGH,Suspicious process behavior detected.
2026-09-15 11:11:02,932,com.apple.WebKit.WebContent,1.0,1.0021209716796875,80,HIGH,Suspicious process behavior detected.
2026-09-15 11:11:02,957,Google Chrome,3.1,2.386474609375,80,HIGH,Suspicious process behavior detected.
2026-09-15 11:11:02,963,Google Chrome Helper,2.5,0.9674072265625,80,HIGH,Suspicious process behavior detected.
2026-09-15 11:11:02,964,Google Chrome Helper,0.1,0.7425308227539062,80,HIGH,Suspicious process behavior detected.
2026-09-15 11:11:02,2096,com.apple.WebKit.WebContent,0.8,0.41255950927734375,80,HIGH,Suspicious process behavior detected.
2026-09-15 11:11:02,2672,Google Chrome Helper (Renderer),9.9,6.44073486328125,80,HIGH,Suspicious process behavior detected.
2026-09-15 11:11:02,2826,Code,5.6,1.1066436767578125,80,HIGH,Suspicious process behavior detected.
2026-09-15 11:11:02,2833,Code Helper,7.9,0.4058837890625,80,HIGH,Suspicious process behavior detected.
2026-09-15 11:11:02,2835,Code Helper (Renderer),9.4,3.1732559204101562,80,HIGH,Suspicious process behavior detected.
2026-09-15 11:11:02,2852,Code Helper,0.3,0.6563186645507812,80,HIGH,Suspicious process behavior detected.
2026-09-15 11:11:02,3034,Code Helper (Plugin),0.6,0.7589340209960938,80,HIGH,Suspicious process behavior detected.
2026-09-15 11:11:02,8323,Google Chrome Helper (Renderer),0.1,0.7120132446289062,80,HIGH,Suspicious process behavior detected.
2026-09-15 11:11:03,13781,Google Chrome Helper (Renderer),0.0,1.1066436767578125,80,HIGH,Suspicious process behavior detected.
2026-09-15 11:11:03,14735,python3.12,41.6,0.8882522583007812,80,HIGH,Suspicious process behavior detected.
2026-09-15 11:11:21,1234,SuspiciousProcess,85.0,75.0,100,HIGH,Suspicious process behavior detected.
2026-09-15 11:12:52,549,UserEventAgent,0.6,0.0995635986328125,80,HIGH,Suspicious process behavior detected.
2026-09-15 11:12:52,560,ControlCenter,0.6,0.3650665283203125,80,HIGH,Suspicious process behavior detected.
2026-09-15 11:12:52,564,Finder,0.1,0.374603271484375,80,HIGH,Suspicious process behavior detected.
2026-09-15 11:12:52,602,fileproviderd,0.2,0.16345977783203125,80,HIGH,Suspicious process behavior detected.
2026-09-15 11:12:52,730,Spotify,0.2,0.6593704223632812,80,HIGH,Suspicious process behavior detected.
2026-09-15 11:12:52,755,Grammarly Desktop,0.2,0.5510330200195312,80,HIGH,Suspicious process behavior detected.
2026-09-15 11:12:52,913,app_inkwell,0.3,0.272369384765625,80,HIGH,Suspicious process behavior detected.
2026-09-15 11:12:52,916,com.apple.WebKit.WebContent,0.5,0.5235671997070312,80,HIGH,Suspicious process behavior detected.
2026-09-15 11:12:52,919,com.apple.WebKit.Networking,0.7,0.1415252685546875,80,HIGH,Suspicious process behavior detected.
2026-09-15 11:12:52,957,Google Chrome,0.9,2.2027969360351562,80,HIGH,Suspicious process behavior detected.
2026-09-15 11:12:52,963,Google Chrome Helper,0.0,0.750732421875,80,HIGH,Suspicious process behavior detected.
2026-09-15 11:12:52,964,Google Chrome Helper,0.2,0.646209716796875,80,HIGH,Suspicious process behavior detected.
2026-09-15 11:12:52,2672,Google Chrome Helper (Renderer),0.2,4.640769958496094,80,HIGH,Suspicious process behavior detected.
2026-09-15 11:12:52,2826,Code,0.3,1.2468338012695312,80,HIGH,Suspicious process behavior detected.
2026-09-15 11:12:52,2833,Code Helper,2.7,0.730133056640625,80,HIGH,Suspicious process behavior detected.
2026-09-15 11:12:52,2834,Code Helper,0.3,0.26950836181640625,80,HIGH,Suspicious process behavior detected.
2026-09-15 11:12:52,2835,Code Helper (Renderer),2.8,5.1769256591796875,80,HIGH,Suspicious process behavior detected.
2026-09-15 11:12:52,2852,Code Helper,0.5,0.5704879760742188,80,HIGH,Suspicious process behavior detected.
2026-09-15 11:12:52,2913,Code Helper,0.2,0.4444122314453125,80,HIGH,Suspicious process behavior detected.
2026-09-15 11:12:52,3033,Code Helper,0.2,0.2582550048828125,80,HIGH,Suspicious process behavior detected.
2026-09-15 11:12:52,3034,Code Helper (Plugin),3.7,2.0296096801757812,80,HIGH,Suspicious process behavior detected.
2026-09-15 11:12:52,4194,Code Helper (Plugin),0.0,1.5157699584960938,80,HIGH,Suspicious process behavior detected.
2026-09-15 11:12:52,8323,Google Chrome Helper (Renderer),0.0,0.7448196411132812,80,HIGH,Suspicious process behavior detected.
2026-09-15 11:12:52,8326,chronod,0.2,0.23345947265625,80,HIGH,Suspicious process behavior detected.
2026-09-15 11:12:52,13781,Google Chrome Helper (Renderer),0.0,0.8535385131835938,80,HIGH,Suspicious process behavior detected.
2026-09-15 11:12:52,14962,Google Chrome Helper (Renderer),1.1,1.1932373046875,80,HIGH,Suspicious process behavior detected.
2026-09-15 11:12:52,14963,Google Chrome Helper (Renderer),2.1,1.28021240234375,80,HIGH,Suspicious process behavior detected.
2026-09-15 11:12:52,14965,mdworker_shared,0.3,0.19474029541015625,80,HIGH,Suspicious process behavior detected.
2026-09-15 11:12:52,15065,python3.12,42.6,1.9094467163085938,80,HIGH,Suspicious process behavior detected.
2026-09-15 11:12:58,560,ControlCenter,0.4,0.34580230712890625,80,HIGH,Suspicious process behavior detected.
2026-09-15 11:12:58,568,AXVisualSupportAgent,3.6,0.16937255859375,80,HIGH,Suspicious process behavior detected.
2026-09-15 11:12:58,602,fileproviderd,0.2,0.1529693603515625,80,HIGH,Suspicious process behavior detected.
2026-09-15 11:12:58,730,Spotify,0.7,0.8209228515625,80,HIGH,Suspicious process behavior detected.
2026-09-15 11:12:59,755,Grammarly Desktop,3.6,0.5506515502929688,80,HIGH,Suspicious process behavior detected.
2026-09-15 11:12:59,913,app_inkwell,3.1,0.270843505859375,80,HIGH,Suspicious process behavior detected.
2026-09-15 11:12:59,916,com.apple.WebKit.WebContent,4.4,0.6946563720703125,80,HIGH,Suspicious process behavior detected.
2026-09-15 11:12:59,919,com.apple.WebKit.Networking,4.7,0.2086639404296875,80,HIGH,Suspicious process behavior detected.
2026-09-15 11:12:59,931,com.apple.WebKit.WebContent,0.2,0.36754608154296875,80,HIGH,Suspicious process behavior detected.
2026-09-15 11:12:59,932,com.apple.WebKit.WebContent,0.6,0.3662109375,80,HIGH,Suspicious process behavior detected.
2026-09-15 11:12:59,957,Google Chrome,13.5,2.2817611694335938,80,HIGH,Suspicious process behavior detected.
2026-09-15 11:12:59,963,Google Chrome Helper,3.5,0.8941650390625,80,HIGH,Suspicious process behavior detected.
2026-09-15 11:12:59,2096,com.apple.WebKit.WebContent,0.3,0.28324127197265625,80,HIGH,Suspicious process behavior detected.
2026-09-15 11:12:59,2672,Google Chrome Helper (Renderer),21.2,3.1585693359375,80,HIGH,Suspicious process behavior detected.
2026-09-15 11:12:59,2826,Code,0.0,1.085662841796875,80,HIGH,Suspicious process behavior detected.
2026-09-15 11:12:59,2833,Code Helper,0.1,0.5279541015625,80,HIGH,Suspicious process behavior detected.
2026-09-15 11:12:59,2835,Code Helper (Renderer),44.5,2.2832870483398438,80,HIGH,Suspicious process behavior detected.
2026-09-15 11:12:59,2913,Code Helper,0.2,0.41217803955078125,80,HIGH,Suspicious process behavior detected.
2026-09-15 11:12:59,3034,Code Helper (Plugin),0.4,2.8635025024414062,80,HIGH,Suspicious process behavior detected.
2026-09-15 11:12:59,4194,Code Helper (Plugin),0.0,0.7205963134765625,80,HIGH,Suspicious process behavior detected.
2026-09-15 11:12:59,8323,Google Chrome Helper (Renderer),0.1,0.6351470947265625,80,HIGH,Suspicious process behavior detected.
2026-09-15 11:12:59,8328,Google Chrome Helper (Renderer),0.2,0.37670135498046875,80,HIGH,Suspicious process behavior detected.
2026-09-15 11:12:59,13781,Google Chrome Helper (Renderer),0.0,0.8378982543945312,80,HIGH,Suspicious process behavior detected.
2026-09-15 11:12:59,14962,Google Chrome Helper (Renderer),0.0,1.2517929077148438,80,HIGH,Suspicious process behavior detected.
2026-09-15 11:12:59,14963,Google Chrome Helper (Renderer),0.0,1.4560699462890625,80,HIGH,Suspicious process behavior detected.
2026-09-15 11:12:59,15065,python3.12,41.7,1.75018310546875,80,HIGH,Suspicious process behavior detected.
2026-09-15 11:13:05,560,ControlCenter,0.3,0.35305023193359375,80,HIGH,Suspicious process behavior detected.
2026-09-15 11:13:05,564,Finder,0.5,0.3276824951171875,80,HIGH,Suspicious process behavior detected.
2026-09-15 11:13:05,730,Spotify,0.2,0.897979736328125,80,HIGH,Suspicious process behavior detected.
2026-09-15 11:13:05,755,Grammarly Desktop,1.0,0.5367279052734375,80,HIGH,Suspicious process behavior detected.
2026-09-15 11:13:05,957,Google Chrome,2.9,2.231597900390625,80,HIGH,Suspicious process behavior detected.
2026-09-15 11:13:05,963,Google Chrome Helper,0.3,0.786590576171875,80,HIGH,Suspicious process behavior detected.
2026-09-15 11:13:05,964,Google Chrome Helper,0.6,0.6525039672851562,80,HIGH,Suspicious process behavior detected.
2026-09-15 11:13:05,2672,Google Chrome Helper (Renderer),0.2,5.838584899902344,80,HIGH,Suspicious process behavior detected.
2026-09-15 11:13:05,2826,Code,5.0,1.2033462524414062,80,HIGH,Suspicious process behavior detected.
2026-09-15 11:13:05,2833,Code Helper,0.6,0.705718994140625,80,HIGH,Suspicious process behavior detected.
2026-09-15 11:13:05,2835,Code Helper (Renderer),2.2,2.8415679931640625,80,HIGH,Suspicious process behavior detected.
2026-09-15 11:13:05,2852,Code Helper,9.3,0.47760009765625,80,HIGH,Suspicious process behavior detected.
2026-09-15 11:13:05,2913,Code Helper,0.3,0.4268646240234375,80,HIGH,Suspicious process behavior detected.
2026-09-15 11:13:05,3034,Code Helper (Plugin),0.2,3.1709671020507812,80,HIGH,Suspicious process behavior detected.
2026-09-15 11:13:05,8323,Google Chrome Helper (Renderer),0.2,0.7192611694335938,80,HIGH,Suspicious process behavior detected.
2026-09-15 11:13:06,13781,Google Chrome Helper (Renderer),0.0,0.83770751953125,80,HIGH,Suspicious process behavior detected.
2026-09-15 11:13:06,14962,Google Chrome Helper (Renderer),0.0,1.1211395263671875,80,HIGH,Suspicious process behavior detected.
2026-09-15 11:13:06,14963,Google Chrome Helper (Renderer),0.0,1.1957168579101562,80,HIGH,Suspicious process behavior detected.
2026-09-15 11:13:06,15065,python3.12,41.7,0.7923126220703125,80,HIGH,Suspicious process behavior detected.
2026-09-15 11:18:17,1234,SuspiciousProcess,85.0,75.0,100,HIGH,Suspicious process behavior detected.
2026-09-15 11:23:23,560,ControlCenter,0.4,0.411224365234375,80,HIGH,Suspicious process behavior detected.
2026-09-15 11:23:23,564,Finder,0.2,0.3604888916015625,80,HIGH,Suspicious process behavior detected.
2026-09-15 11:23:23,568,AXVisualSupportAgent,0.2,0.15850067138671875,80,HIGH,Suspicious process behavior detected.
2026-09-15 11:23:23,600,fontd,0.1,0.0484466552734375,80,HIGH,Suspicious process behavior detected.
2026-09-15 11:23:23,668,BiomeAgent,0.3,0.1354217529296875,80,HIGH,Suspicious process behavior detected.
2026-09-15 11:23:23,717,OneDrive,0.1,0.3204345703125,80,HIGH,Suspicious process behavior detected.
2026-09-15 11:23:23,722,duetexpertd,1.4,0.28171539306640625,80,HIGH,Suspicious process behavior detected.
2026-09-15 11:23:23,730,Spotify,0.2,0.6870269775390625,80,HIGH,Suspicious process behavior detected.
2026-09-15 11:23:23,755,Grammarly Desktop,0.5,0.49953460693359375,80,HIGH,Suspicious process behavior detected.
2026-09-15 11:23:23,913,app_inkwell,1.1,0.269317626953125,80,HIGH,Suspicious process behavior detected.
2026-09-15 11:23:23,931,com.apple.WebKit.WebContent,0.0,0.5825042724609375,80,HIGH,Suspicious process behavior detected.
2026-09-15 11:23:23,932,com.apple.WebKit.WebContent,0.1,0.29048919677734375,80,HIGH,Suspicious process behavior detected.
2026-09-15 11:23:23,957,Google Chrome,2.0,2.1921157836914062,80,HIGH,Suspicious process behavior detected.
2026-09-15 11:23:23,963,Google Chrome Helper,0.2,0.751495361328125,80,HIGH,Suspicious process behavior detected.
2026-09-15 11:23:23,964,Google Chrome Helper,0.2,0.6887435913085938,80,HIGH,Suspicious process behavior detected.
2026-09-15 11:23:23,2672,Google Chrome Helper (Renderer),0.2,3.8852691650390625,80,HIGH,Suspicious process behavior detected.
2026-09-15 11:23:23,2826,Code,1.1,1.5497207641601562,80,HIGH,Suspicious process behavior detected.
2026-09-15 11:23:23,2833,Code Helper,0.9,0.8331298828125,80,HIGH,Suspicious process behavior detected.
2026-09-15 11:23:23,2834,Code Helper,0.2,0.33054351806640625,80,HIGH,Suspicious process behavior detected.
2026-09-15 11:23:23,2835,Code Helper (Renderer),1.3,4.821586608886719,80,HIGH,Suspicious process behavior detected.
2026-09-15 11:23:23,2852,Code Helper,0.2,1.0240554809570312,80,HIGH,Suspicious process behavior detected.
2026-09-15 11:23:23,2913,Code Helper,0.4,0.5567550659179688,80,HIGH,Suspicious process behavior detected.
2026-09-15 11:23:23,3033,Code Helper,0.2,0.29659271240234375,80,HIGH,Suspicious process behavior detected.
2026-09-15 11:23:23,3034,Code Helper (Plugin),1.7,3.9037704467773438,80,HIGH,Suspicious process behavior detected.
2026-09-15 11:23:23,4194,Code Helper (Plugin),0.2,1.0251998901367188,80,HIGH,Suspicious process behavior detected.
2026-09-15 11:23:23,8323,Google Chrome Helper (Renderer),0.0,0.72021484375,80,HIGH,Suspicious process behavior detected.
2026-09-15 11:23:23,13781,Google Chrome Helper (Renderer),0.0,0.766754150390625,80,HIGH,Suspicious process behavior detected.
2026-09-15 11:23:23,13795,com.apple.appkit.xpc.openAndSavePanelService,0.1,0.32863616943359375,80,HIGH,Suspicious process behavior detected.
2026-09-15 11:23:23,15256,Code Helper (Renderer),0.0,0.6984710693359375,80,HIGH,Suspicious process behavior detected.
2026-09-15 11:23:24,15313,screencaptureui,0.7,0.22029876708984375,80,HIGH,Suspicious process behavior detected.
2026-09-15 11:23:24,16066,Google Chrome Helper (Renderer),0.5,1.393890380859375,80,HIGH,Suspicious process behavior detected.
2026-09-15 11:23:24,16122,mdworker_shared,0.1,0.2071380615234375,80,HIGH,Suspicious process behavior detected.
2026-09-15 11:23:24,16276,python3.12,0.5,0.1613616943359375,80,HIGH,Suspicious process behavior detected.
2026-09-15 11:23:24,16597,python3.12,42.7,1.949310302734375,80,HIGH,Suspicious process behavior detected.
2026-09-15 11:23:30,560,ControlCenter,0.3,0.35076141357421875,80,HIGH,Suspicious process behavior detected.
2026-09-15 11:23:30,568,AXVisualSupportAgent,2.4,0.1575469970703125,80,HIGH,Suspicious process behavior detected.
2026-09-15 11:23:30,602,fileproviderd,0.2,0.14019012451171875,80,HIGH,Suspicious process behavior detected.
2026-09-15 11:23:30,730,Spotify,0.2,0.69122314453125,80,HIGH,Suspicious process behavior detected.
2026-09-15 11:23:30,755,Grammarly Desktop,1.5,0.5151748657226562,80,HIGH,Suspicious process behavior detected.
2026-09-15 11:23:30,768,Spotify Helper (Renderer),0.3,0.433349609375,80,HIGH,Suspicious process behavior detected.
2026-09-15 11:23:30,913,app_inkwell,6.7,0.2727508544921875,80,HIGH,Suspicious process behavior detected.
2026-09-15 11:23:30,916,com.apple.WebKit.WebContent,0.1,0.6694793701171875,80,HIGH,Suspicious process behavior detected.
2026-09-15 11:23:30,918,com.apple.WebKit.GPU,0.2,0.09860992431640625,80,HIGH,Suspicious process behavior detected.
2026-09-15 11:23:30,930,com.apple.WebKit.WebContent,1.8,0.15316009521484375,80,HIGH,Suspicious process behavior detected.
2026-09-15 11:23:30,931,com.apple.WebKit.WebContent,4.5,0.421905517578125,80,HIGH,Suspicious process behavior detected.
2026-09-15 11:23:30,932,com.apple.WebKit.WebContent,0.1,0.35457611083984375,80,HIGH,Suspicious process behavior detected.
2026-09-15 11:23:30,957,Google Chrome,10.0,2.3893356323242188,80,HIGH,Suspicious process behavior detected.
2026-09-15 11:23:30,963,Google Chrome Helper,2.3,1.0282516479492188,80,HIGH,Suspicious process behavior detected.
2026-09-15 11:23:30,964,Google Chrome Helper,0.1,0.592803955078125,80,HIGH,Suspicious process behavior detected.
2026-09-15 11:23:30,2672,Google Chrome Helper (Renderer),71.1,3.7532806396484375,90,HIGH,Suspicious process behavior detected.
2026-09-15 11:23:30,2826,Code,0.3,1.2760162353515625,80,HIGH,Suspicious process behavior detected.
2026-09-15 11:23:30,2833,Code Helper,0.0,0.7165908813476562,80,HIGH,Suspicious process behavior detected.
2026-09-15 11:23:30,2834,Code Helper,0.3,0.30345916748046875,80,HIGH,Suspicious process behavior detected.
2026-09-15 11:23:30,2835,Code Helper (Renderer),42.7,3.4330368041992188,80,HIGH,Suspicious process behavior detected.
2026-09-15 11:23:30,2852,Code Helper,0.1,0.8144378662109375,80,HIGH,Suspicious process behavior detected.
2026-09-15 11:23:30,2878,Code Helper,0.2,0.1708984375,80,HIGH,Suspicious process behavior detected.
2026-09-15 11:23:30,2913,Code Helper,0.6,0.5064010620117188,80,HIGH,Suspicious process behavior detected.
2026-09-15 11:23:30,3033,Code Helper,0.1,0.31147003173828125,80,HIGH,Suspicious process behavior detected.
2026-09-15 11:23:30,3034,Code Helper (Plugin),0.2,2.7902603149414062,80,HIGH,Suspicious process behavior detected.
2026-09-15 11:23:30,4194,Code Helper (Plugin),0.0,0.868988037109375,80,HIGH,Suspicious process behavior detected.
2026-09-15 11:23:30,5379,Code Helper (Plugin),0.1,0.22640228271484375,80,HIGH,Suspicious process behavior detected.
2026-09-15 11:23:30,8323,Google Chrome Helper (Renderer),0.1,0.7328033447265625,80,HIGH,Suspicious process behavior detected.
2026-09-15 11:23:30,13774,Google Chrome Helper (Renderer),0.2,0.4451751708984375,80,HIGH,Suspicious process behavior detected.
2026-09-15 11:23:30,13781,Google Chrome Helper (Renderer),0.7,0.8205413818359375,80,HIGH,Suspicious process behavior detected.
2026-09-15 11:23:30,13795,com.apple.appkit.xpc.openAndSavePanelService,0.1,0.27713775634765625,80,HIGH,Suspicious process behavior detected.
2026-09-15 11:23:30,15256,Code Helper (Renderer),0.5,0.6984710693359375,80,HIGH,Suspicious process behavior detected.
2026-09-15 11:23:30,15313,screencaptureui,1.8,0.2201080322265625,80,HIGH,Suspicious process behavior detected.
2026-09-15 11:23:30,16066,Google Chrome Helper (Renderer),0.0,1.2609481811523438,80,HIGH,Suspicious process behavior detected.
2026-09-15 11:23:30,16276,python3.12,1.3,0.13866424560546875,80,HIGH,Suspicious process behavior detected.
2026-09-15 11:23:30,16597,python3.12,43.0,1.3090133666992188,80,HIGH,Suspicious process behavior detected.
2026-09-15 11:23:36,543,distnoted,0.1,0.04673004150390625,80,HIGH,Suspicious process behavior detected.
2026-09-15 11:23:36,560,ControlCenter,0.5,0.32787322998046875,80,HIGH,Suspicious process behavior detected.
2026-09-15 11:23:36,564,Finder,0.1,0.32901763916015625,80,HIGH,Suspicious process behavior detected.
2026-09-15 11:23:36,568,AXVisualSupportAgent,3.5,0.1560211181640625,80,HIGH,Suspicious process behavior detected.
2026-09-15 11:23:37,730,Spotify,0.2,0.8859634399414062,80,HIGH,Suspicious process behavior detected.
2026-09-15 11:23:37,748,Spotify Helper,0.1,0.2559661865234375,80,HIGH,Suspicious process behavior detected.
2026-09-15 11:23:37,755,Grammarly Desktop,1.6,0.49457550048828125,80,HIGH,Suspicious process behavior detected.
2026-09-15 11:23:37,913,app_inkwell,8.8,0.2716064453125,80,HIGH,Suspicious process behavior detected.
2026-09-15 11:23:37,916,com.apple.WebKit.WebContent,3.2,0.6168365478515625,80,HIGH,Suspicious process behavior detected.
2026-09-15 11:23:37,918,com.apple.WebKit.GPU,1.1,0.08792877197265625,80,HIGH,Suspicious process behavior detected.
2026-09-15 11:23:37,919,com.apple.WebKit.Networking,3.8,0.193023681640625,80,HIGH,Suspicious process behavior detected.
2026-09-15 11:23:37,930,com.apple.WebKit.WebContent,2.0,0.296783447265625,80,HIGH,Suspicious process behavior detected.
2026-09-15 11:23:37,931,com.apple.WebKit.WebContent,7.4,0.4009246826171875,80,HIGH,Suspicious process behavior detected.
2026-09-15 11:23:37,932,com.apple.WebKit.WebContent,0.1,0.30975341796875,80,HIGH,Suspicious process behavior detected.
2026-09-15 11:23:37,957,Google Chrome,0.8,2.3138046264648438,80,HIGH,Suspicious process behavior detected.
2026-09-15 11:23:37,963,Google Chrome Helper,1.2,0.8874893188476562,80,HIGH,Suspicious process behavior detected.
2026-09-15 11:23:37,964,Google Chrome Helper,0.5,0.5970001220703125,80,HIGH,Suspicious process behavior detected.
2026-09-15 11:23:37,2095,com.apple.WebKit.WebContent,0.1,0.25157928466796875,80,HIGH,Suspicious process behavior detected.
2026-09-15 11:23:37,2096,com.apple.WebKit.WebContent,0.1,0.2712249755859375,80,HIGH,Suspicious process behavior detected.
2026-09-15 11:23:37,2672,Google Chrome Helper (Renderer),5.8,4.074668884277344,80,HIGH,Suspicious process behavior detected.
2026-09-15 11:23:37,2826,Code,9.9,1.3528823852539062,80,HIGH,Suspicious process behavior detected.
2026-09-15 11:23:37,2833,Code Helper,7.1,0.885772705078125,80,HIGH,Suspicious process behavior detected.
2026-09-15 11:23:37,2834,Code Helper,0.2,0.32444000244140625,80,HIGH,Suspicious process behavior detected.
2026-09-15 11:23:37,2835,Code Helper (Renderer),11.0,3.2688140869140625,80,HIGH,Suspicious process behavior detected.
2026-09-15 11:23:37,2852,Code Helper,7.7,0.5161285400390625,80,HIGH,Suspicious process behavior detected.
2026-09-15 11:23:37,2913,Code Helper,0.4,0.522613525390625,80,HIGH,Suspicious process behavior detected.
2026-09-15 11:23:37,3033,Code Helper,0.1,0.2941131591796875,80,HIGH,Suspicious process behavior detected.
2026-09-15 11:23:37,3034,Code Helper (Plugin),0.1,0.7266998291015625,80,HIGH,Suspicious process behavior detected.
2026-09-15 11:23:37,4194,Code Helper (Plugin),0.0,0.6195068359375,80,HIGH,Suspicious process behavior detected.
2026-09-15 11:23:37,8323,Google Chrome Helper (Renderer),0.7,0.563812255859375,80,HIGH,Suspicious process behavior detected.
2026-09-15 11:23:37,8324,Google Chrome Helper (Renderer),0.1,0.46482086181640625,80,HIGH,Suspicious process behavior detected.
2026-09-15 11:23:37,8325,Google Chrome Helper (Renderer),0.1,0.298309326171875,80,HIGH,Suspicious process behavior detected.
2026-09-15 11:23:37,8326,chronod,0.1,0.228118896484375,80,HIGH,Suspicious process behavior detected.
2026-09-15 11:23:37,8328,Google Chrome Helper (Renderer),0.2,0.3665924072265625,80,HIGH,Suspicious process behavior detected.
2026-09-15 11:23:37,9947,networkserviceproxy,0.6,0.18253326416015625,80,HIGH,Suspicious process behavior detected.
2026-09-15 11:23:37,13781,Google Chrome Helper (Renderer),0.0,0.9450912475585938,80,HIGH,Suspicious process behavior detected.
2026-09-15 11:23:37,13795,com.apple.appkit.xpc.openAndSavePanelService,0.1,0.2826690673828125,80,HIGH,Suspicious process behavior detected.
2026-09-15 11:23:37,15256,Code Helper (Renderer),0.0,0.8014678955078125,80,HIGH,Suspicious process behavior detected.
2026-09-15 11:23:37,15313,screencaptureui,2.5,0.2208709716796875,80,HIGH,Suspicious process behavior detected.
2026-09-15 11:23:37,16066,Google Chrome Helper (Renderer),0.0,1.2678146362304688,80,HIGH,Suspicious process behavior detected.
2026-09-15 11:23:37,16597,python3.12,42.8,0.762939453125,80,HIGH,Suspicious process behavior detected.
2026-09-15 11:23:43,560,ControlCenter,0.4,0.3612518310546875,80,HIGH,Suspicious process behavior detected.
2026-09-15 11:23:43,568,AXVisualSupportAgent,2.1,0.14171600341796875,80,HIGH,Suspicious process behavior detected.
2026-09-15 11:23:43,602,fileproviderd,0.2,0.13942718505859375,80,HIGH,Suspicious process behavior detected.
2026-09-15 11:23:43,615,corespeechd,0.2,0.11997222900390625,80,HIGH,Suspicious process behavior detected.
2026-09-15 11:23:43,730,Spotify,0.3,0.61798095703125,80,HIGH,Suspicious process behavior detected.
2026-09-15 11:23:43,755,Grammarly Desktop,1.1,0.36907196044921875,80,HIGH,Suspicious process behavior detected.
2026-09-15 11:23:43,913,app_inkwell,5.9,0.23632049560546875,80,HIGH,Suspicious process behavior detected.
2026-09-15 11:23:43,916,com.apple.WebKit.WebContent,0.8,0.208282470703125,80,HIGH,Suspicious process behavior detected.
2026-09-15 11:23:43,919,com.apple.WebKit.Networking,0.8,0.1312255859375,80,HIGH,Suspicious process behavior detected.
2026-09-15 11:23:43,931,com.apple.WebKit.WebContent,0.1,0.49343109130859375,80,HIGH,Suspicious process behavior detected.
2026-09-15 11:23:43,932,com.apple.WebKit.WebContent,0.1,0.186920166015625,80,HIGH,Suspicious process behavior detected.
2026-09-15 11:23:43,957,Google Chrome,0.0,1.6231536865234375,80,HIGH,Suspicious process behavior detected.
2026-09-15 11:23:43,963,Google Chrome Helper,0.2,0.6200790405273438,80,HIGH,Suspicious process behavior detected.
2026-09-15 11:23:43,964,Google Chrome Helper,0.1,0.6122589111328125,80,HIGH,Suspicious process behavior detected.
2026-09-15 11:23:43,1015,Google Chrome Helper,0.1,0.150299072265625,80,HIGH,Suspicious process behavior detected.
2026-09-15 11:23:44,2641,Google Chrome Helper (Renderer),0.0,0.50048828125,80,HIGH,Suspicious process behavior detected.
2026-09-15 11:23:44,2672,Google Chrome Helper (Renderer),0.2,1.7757415771484375,80,HIGH,Suspicious process behavior detected.
2026-09-15 11:23:44,2826,Code,7.8,1.4303207397460938,80,HIGH,Suspicious process behavior detected.
2026-09-15 11:23:44,2833,Code Helper,1.9,0.8464813232421875,80,HIGH,Suspicious process behavior detected.
2026-09-15 11:23:44,2835,Code Helper (Renderer),6.2,5.3585052490234375,80,HIGH,Suspicious process behavior detected.
2026-09-15 11:23:44,2852,Code Helper,0.0,1.015472412109375,80,HIGH,Suspicious process behavior detected.
2026-09-15 11:23:44,2913,Code Helper,0.6,0.5578994750976562,80,HIGH,Suspicious process behavior detected.
2026-09-15 11:23:44,3033,Code Helper,0.1,0.3070831298828125,80,HIGH,Suspicious process behavior detected.
2026-09-15 11:23:44,3034,Code Helper (Plugin),2.7,2.2159576416015625,80,HIGH,Suspicious process behavior detected.
2026-09-15 11:23:44,4194,Code Helper (Plugin),0.2,1.07879638671875,80,HIGH,Suspicious process behavior detected.
2026-09-15 11:23:44,8323,Google Chrome Helper (Renderer),0.0,0.5525588989257812,80,HIGH,Suspicious process behavior detected.
2026-09-15 11:23:44,13781,Google Chrome Helper (Renderer),0.0,0.7909774780273438,80,HIGH,Suspicious process behavior detected.
2026-09-15 11:23:44,13795,com.apple.appkit.xpc.openAndSavePanelService,0.1,0.29201507568359375,80,HIGH,Suspicious process behavior detected.
2026-09-15 11:23:44,15256,Code Helper (Renderer),0.0,0.701904296875,80,HIGH,Suspicious process behavior detected.
2026-09-15 11:23:44,15313,screencaptureui,1.7,0.21114349365234375,80,HIGH,Suspicious process behavior detected.
2026-09-15 11:23:44,16066,Google Chrome Helper (Renderer),0.0,0.9075164794921875,80,HIGH,Suspicious process behavior detected.
2026-09-15 11:23:44,16276,python3.12,0.2,0.160980224609375,80,HIGH,Suspicious process behavior detected.
2026-09-15 11:23:44,16597,python3.12,42.2,0.8497238159179688,80,HIGH,Suspicious process behavior detected.
2026-09-15 11:23:44,16631,ServiceExtension,0.7,1.2014389038085938,80,HIGH,Suspicious process behavior detected.
2026-09-15 11:23:44,16776,python3.12,0.0,1.9796371459960938,80,HIGH,Suspicious process behavior detected.
2026-09-15 11:23:50,560,ControlCenter,0.5,0.36525726318359375,80,HIGH,Suspicious process behavior detected.
2026-09-15 11:23:50,568,AXVisualSupportAgent,2.8,0.14476776123046875,80,HIGH,Suspicious process behavior detected.
2026-09-15 11:23:50,730,Spotify,0.2,0.6753921508789062,80,HIGH,Suspicious process behavior detected.
2026-09-15 11:23:50,755,Grammarly Desktop,0.1,0.37841796875,80,HIGH,Suspicious process behavior detected.
2026-09-15 11:23:50,957,Google Chrome,0.9,1.8590927124023438,80,HIGH,Suspicious process behavior detected.
2026-09-15 11:23:50,963,Google Chrome Helper,0.0,0.7181167602539062,80,HIGH,Suspicious process behavior detected.
2026-09-15 11:23:50,964,Google Chrome Helper,0.0,0.6334304809570312,80,HIGH,Suspicious process behavior detected.
2026-09-15 11:23:50,2641,Google Chrome Helper (Renderer),0.0,0.50048828125,80,HIGH,Suspicious process behavior detected.
2026-09-15 11:23:50,2672,Google Chrome Helper (Renderer),0.4,1.8236160278320312,80,HIGH,Suspicious process behavior detected.
2026-09-15 11:23:50,2826,Code,5.5,1.6000747680664062,80,HIGH,Suspicious process behavior detected.
2026-09-15 11:23:50,2833,Code Helper,1.8,1.0282516479492188,80,HIGH,Suspicious process behavior detected.
2026-09-15 11:23:50,2835,Code Helper (Renderer),0.4,5.1357269287109375,80,HIGH,Suspicious process behavior detected.
2026-09-15 11:23:50,2852,Code Helper,0.0,0.7966995239257812,80,HIGH,Suspicious process behavior detected.
2026-09-15 11:23:50,2878,Code Helper,0.1,0.26760101318359375,80,HIGH,Suspicious process behavior detected.
2026-09-15 11:23:50,2913,Code Helper,0.9,0.5689620971679688,80,HIGH,Suspicious process behavior detected.
2026-09-15 11:23:50,3033,Code Helper,0.1,0.32176971435546875,80,HIGH,Suspicious process behavior detected.
2026-09-15 11:23:50,3034,Code Helper (Plugin),0.2,2.3492813110351562,80,HIGH,Suspicious process behavior detected.
2026-09-15 11:23:50,4194,Code Helper (Plugin),0.0,1.0860443115234375,80,HIGH,Suspicious process behavior detected.
2026-09-15 11:23:50,8323,Google Chrome Helper (Renderer),0.0,0.586700439453125,80,HIGH,Suspicious process behavior detected.
2026-09-15 11:23:50,8324,Google Chrome Helper (Renderer),0.0,0.498199462890625,80,HIGH,Suspicious process behavior detected.
2026-09-15 11:23:50,8328,Google Chrome Helper (Renderer),0.0,0.482940673828125,80,HIGH,Suspicious process behavior detected.
2026-09-15 11:23:50,8666,Google Chrome Helper (Renderer),0.1,0.1590728759765625,80,HIGH,Suspicious process behavior detected.
2026-09-15 11:23:51,13781,Google Chrome Helper (Renderer),0.0,0.7900238037109375,80,HIGH,Suspicious process behavior detected.
2026-09-15 11:23:51,15256,Code Helper (Renderer),0.0,0.7219314575195312,80,HIGH,Suspicious process behavior detected.
2026-09-15 11:23:51,16276,python3.12,1.0,0.16880035400390625,80,HIGH,Suspicious process behavior detected.
2026-09-15 11:23:51,16597,python3.12,42.0,0.8592605590820312,80,HIGH,Suspicious process behavior detected.
2026-09-15 11:23:51,16631,ServiceExtension,0.0,1.2014389038085938,80,HIGH,Suspicious process behavior detected.
2026-09-15 11:23:51,16680,mdworker_shared,0.6,0.228118896484375,80,HIGH,Suspicious process behavior detected.
2026-09-15 11:23:51,16688,mdworker_shared,0.2,0.19779205322265625,80,HIGH,Suspicious process behavior detected.
2026-09-15 11:23:51,16776,python3.12,0.0,1.97906494140625,80,HIGH,Suspicious process behavior detected.
2026-09-15 11:23:51,16787,Code Helper (Renderer),1.3,0.9357452392578125,80,HIGH,Suspicious process behavior detected.
2026-09-15 11:23:57,543,distnoted,0.1,0.04425048828125,80,HIGH,Suspicious process behavior detected.
2026-09-15 11:23:57,544,cfprefsd,0.3,0.05035400390625,80,HIGH,Suspicious process behavior detected.
2026-09-15 11:23:57,559,Dock,0.1,0.1590728759765625,80,HIGH,Suspicious process behavior detected.
2026-09-15 11:23:57,560,ControlCenter,0.5,0.37097930908203125,80,HIGH,Suspicious process behavior detected.
2026-09-15 11:23:57,564,Finder,0.2,0.29087066650390625,80,HIGH,Suspicious process behavior detected.
2026-09-15 11:23:57,568,AXVisualSupportAgent,2.5,0.1476287841796875,80,HIGH,Suspicious process behavior detected.
2026-09-15 11:23:57,668,BiomeAgent,10.1,0.1155853271484375,80,HIGH,Suspicious process behavior detected.
2026-09-15 11:23:57,718,corespotlightd,1.3,0.13523101806640625,80,HIGH,Suspicious process behavior detected.
2026-09-15 11:23:57,722,duetexpertd,0.8,0.2655029296875,80,HIGH,Suspicious process behavior detected.
2026-09-15 11:23:57,730,Spotify,0.5,0.6885528564453125,80,HIGH,Suspicious process behavior detected.
2026-09-15 11:23:57,755,Grammarly Desktop,0.5,0.38814544677734375,80,HIGH,Suspicious process behavior detected.
2026-09-15 11:23:57,913,app_inkwell,1.8,0.2170562744140625,80,HIGH,Suspicious process behavior detected.
2026-09-15 11:23:57,926,peopled,0.6,0.08335113525390625,80,HIGH,Suspicious process behavior detected.
2026-09-15 11:23:57,932,com.apple.WebKit.WebContent,0.1,0.07915496826171875,80,HIGH,Suspicious process behavior detected.
2026-09-15 11:23:57,957,Google Chrome,0.5,1.8526077270507812,80,HIGH,Suspicious process behavior detected.
2026-09-15 11:23:57,963,Google Chrome Helper,0.0,0.6933212280273438,80,HIGH,Suspicious process behavior detected.
2026-09-15 11:23:57,964,Google Chrome Helper,0.2,0.6425857543945312,80,HIGH,Suspicious process behavior detected.
2026-09-15 11:23:57,2095,com.apple.WebKit.WebContent,0.1,0.0583648681640625,80,HIGH,Suspicious process behavior detected.
2026-09-15 11:23:57,2096,com.apple.WebKit.WebContent,0.1,0.06103515625,80,HIGH,Suspicious process behavior detected.
2026-09-15 11:23:57,2641,Google Chrome Helper (Renderer),0.0,0.50048828125,80,HIGH,Suspicious process behavior detected.
2026-09-15 11:23:57,2672,Google Chrome Helper (Renderer),0.3,1.7116546630859375,80,HIGH,Suspicious process behavior detected.
2026-09-15 11:23:57,2826,Code,6.7,1.8777847290039062,80,HIGH,Suspicious process behavior detected.
2026-09-15 11:23:57,2833,Code Helper,2.9,1.4253616333007812,80,HIGH,Suspicious process behavior detected.
2026-09-15 11:23:57,2835,Code Helper (Renderer),3.9,5.053901672363281,80,HIGH,Suspicious process behavior detected.
2026-09-15 11:23:57,2852,Code Helper,0.0,0.7265090942382812,80,HIGH,Suspicious process behavior detected.
2026-09-15 11:23:57,2913,Code Helper,0.8,0.582122802734375,80,HIGH,Suspicious process behavior detected.
2026-09-15 11:23:57,3033,Code Helper,0.1,0.31757354736328125,80,HIGH,Suspicious process behavior detected.
2026-09-15 11:23:57,3034,Code Helper (Plugin),0.2,2.2668838500976562,80,HIGH,Suspicious process behavior detected.
2026-09-15 11:23:57,4194,Code Helper (Plugin),0.0,0.992584228515625,80,HIGH,Suspicious process behavior detected.
2026-09-15 11:23:57,8323,Google Chrome Helper (Renderer),0.0,0.58135986328125,80,HIGH,Suspicious process behavior detected.
2026-09-15 11:23:57,8324,Google Chrome Helper (Renderer),0.0,0.495147705078125,80,HIGH,Suspicious process behavior detected.
2026-09-15 11:23:57,8328,Google Chrome Helper (Renderer),0.0,0.4779815673828125,80,HIGH,Suspicious process behavior detected.
2026-09-15 11:23:57,9086,knowledge-agent,0.3,0.10471343994140625,80,HIGH,Suspicious process behavior detected.
2026-09-15 11:23:57,9649,suggestd,10.7,0.1190185546875,80,HIGH,Suspicious process behavior detected.
2026-09-15 11:23:57,13781,Google Chrome Helper (Renderer),0.0,0.7610321044921875,80,HIGH,Suspicious process behavior detected.
2026-09-15 11:23:57,13795,com.apple.appkit.xpc.openAndSavePanelService,0.1,0.24623870849609375,80,HIGH,Suspicious process behavior detected.
2026-09-15 11:23:57,14242,siriinferenced,7.2,0.14591217041015625,80,HIGH,Suspicious process behavior detected.
2026-09-15 11:23:57,15256,Code Helper (Renderer),0.1,0.7219314575195312,80,HIGH,Suspicious process behavior detected.
2026-09-15 11:23:57,15313,screencaptureui,0.6,0.21209716796875,80,HIGH,Suspicious process behavior detected.
2026-09-15 11:23:57,15813,IntelligencePlatformComputeService,4.3,0.09593963623046875,80,HIGH,Suspicious process behavior detected.
2026-09-15 11:23:58,16597,python3.12,42.1,0.8577346801757812,80,HIGH,Suspicious process behavior detected.
2026-09-15 11:23:58,16631,ServiceExtension,0.1,1.168060302734375,80,HIGH,Suspicious process behavior detected.
2026-09-15 11:23:58,16680,mdworker_shared,0.1,0.21514892578125,80,HIGH,Suspicious process behavior detected.
2026-09-15 11:23:58,16776,python3.12,0.0,1.6324996948242188,80,HIGH,Suspicious process behavior detected.
2026-09-15 11:23:58,16787,Code Helper (Renderer),1.1,0.8447647094726562,80,HIGH,Suspicious process behavior detected.
2026-09-15 11:24:04,560,ControlCenter,0.4,0.34961700439453125,80,HIGH,Suspicious process behavior detected.
2026-09-15 11:24:04,564,Finder,0.1,0.252532958984375,80,HIGH,Suspicious process behavior detected.
2026-09-15 11:24:04,568,AXVisualSupportAgent,2.9,0.15125274658203125,80,HIGH,Suspicious process behavior detected.
2026-09-15 11:24:04,602,fileproviderd,0.2,0.13980865478515625,80,HIGH,Suspicious process behavior detected.
2026-09-15 11:24:04,730,Spotify,0.2,0.9126663208007812,80,HIGH,Suspicious process behavior detected.
2026-09-15 11:24:04,748,Spotify Helper,0.2,0.25997161865234375,80,HIGH,Suspicious process behavior detected.
2026-09-15 11:24:04,755,Grammarly Desktop,2.0,0.4024505615234375,80,HIGH,Suspicious process behavior detected.
2026-09-15 11:24:04,913,app_inkwell,10.8,0.2532958984375,80,HIGH,Suspicious process behavior detected.
2026-09-15 11:24:04,918,com.apple.WebKit.GPU,0.4,0.144195556640625,80,HIGH,Suspicious process behavior detected.
2026-09-15 11:24:04,930,com.apple.WebKit.WebContent,2.2,0.15697479248046875,80,HIGH,Suspicious process behavior detected.
2026-09-15 11:24:04,931,com.apple.WebKit.WebContent,6.0,0.5458831787109375,80,HIGH,Suspicious process behavior detected.
2026-09-15 11:24:04,957,Google Chrome,0.1,1.7332077026367188,80,HIGH,Suspicious process behavior detected.
2026-09-15 11:24:04,963,Google Chrome Helper,0.0,0.6536483764648438,80,HIGH,Suspicious process behavior detected.
2026-09-15 11:24:04,964,Google Chrome Helper,0.5,0.6328582763671875,80,HIGH,Suspicious process behavior detected.
2026-09-15 11:24:04,2641,Google Chrome Helper (Renderer),0.0,0.49991607666015625,80,HIGH,Suspicious process behavior detected.
2026-09-15 11:24:04,2672,Google Chrome Helper (Renderer),0.2,1.63421630859375,80,HIGH,Suspicious process behavior detected.
2026-09-15 11:24:04,2826,Code,11.4,1.7892837524414062,80,HIGH,Suspicious process behavior detected.
2026-09-15 11:24:04,2833,Code Helper,4.9,1.1255264282226562,80,HIGH,Suspicious process behavior detected.
2026-09-15 11:24:04,2834,Code Helper,0.5,0.33054351806640625,80,HIGH,Suspicious process behavior detected.
2026-09-15 11:24:04,2835,Code Helper (Renderer),6.8,5.1288604736328125,80,HIGH,Suspicious process behavior detected.
2026-09-15 11:24:04,2852,Code Helper,0.0,0.6984710693359375,80,HIGH,Suspicious process behavior detected.
2026-09-15 11:24:04,2913,Code Helper,0.5,0.56610107421875,80,HIGH,Suspicious process behavior detected.
2026-09-15 11:24:04,3033,Code Helper,0.2,0.31833648681640625,80,HIGH,Suspicious process behavior detected.
2026-09-15 11:24:04,3034,Code Helper (Plugin),0.2,1.024627685546875,80,HIGH,Suspicious process behavior detected.
2026-09-15 11:24:04,4194,Code Helper (Plugin),0.1,0.6380081176757812,80,HIGH,Suspicious process behavior detected.
2026-09-15 11:24:04,8323,Google Chrome Helper (Renderer),0.0,0.5811691284179688,80,HIGH,Suspicious process behavior detected.
2026-09-15 11:24:04,8324,Google Chrome Helper (Renderer),0.0,0.495147705078125,80,HIGH,Suspicious process behavior detected.
2026-09-15 11:24:04,8328,Google Chrome Helper (Renderer),0.0,0.47817230224609375,80,HIGH,Suspicious process behavior detected.
2026-09-15 11:24:04,13781,Google Chrome Helper (Renderer),0.0,0.759124755859375,80,HIGH,Suspicious process behavior detected.
2026-09-15 11:24:04,13795,com.apple.appkit.xpc.openAndSavePanelService,0.1,0.24585723876953125,80,HIGH,Suspicious process behavior detected.
2026-09-15 11:24:04,15256,Code Helper (Renderer),0.6,0.95672607421875,80,HIGH,Suspicious process behavior detected.
2026-09-15 11:24:04,15313,screencaptureui,2.5,0.21209716796875,80,HIGH,Suspicious process behavior detected.
2026-09-15 11:24:04,16276,python3.12,0.2,0.167083740234375,80,HIGH,Suspicious process behavior detected.
2026-09-15 11:24:04,16597,python3.12,41.8,0.8680343627929688,80,HIGH,Suspicious process behavior detected.
2026-09-15 11:24:04,16631,ServiceExtension,0.0,0.8569717407226562,80,HIGH,Suspicious process behavior detected.
2026-09-15 11:24:04,16776,python3.12,0.0,1.4574050903320312,80,HIGH,Suspicious process behavior detected.
2026-09-15 11:24:04,16787,Code Helper (Renderer),0.0,0.8508682250976562,80,HIGH,Suspicious process behavior detected.
2026-09-15 11:24:10,560,ControlCenter,0.4,0.34427642822265625,80,HIGH,Suspicious process behavior detected.
2026-09-15 11:24:10,568,AXVisualSupportAgent,1.1,0.15621185302734375,80,HIGH,Suspicious process behavior detected.
2026-09-15 11:24:11,730,Spotify,0.1,0.6092071533203125,80,HIGH,Suspicious process behavior detected.
2026-09-15 11:24:11,752,Spotify Helper,0.1,0.07801055908203125,80,HIGH,Suspicious process behavior detected.
2026-09-15 11:24:11,755,Grammarly Desktop,1.2,0.44689178466796875,80,HIGH,Suspicious process behavior detected.
2026-09-15 11:24:11,913,app_inkwell,0.7,0.255584716796875,80,HIGH,Suspicious process behavior detected.
2026-09-15 11:24:11,916,com.apple.WebKit.WebContent,6.9,0.6982803344726562,80,HIGH,Suspicious process behavior detected.
2026-09-15 11:24:11,919,com.apple.WebKit.Networking,6.9,0.16326904296875,80,HIGH,Suspicious process behavior detected.
2026-09-15 11:24:11,930,com.apple.WebKit.WebContent,0.2,0.1163482666015625,80,HIGH,Suspicious process behavior detected.
2026-09-15 11:24:11,931,com.apple.WebKit.WebContent,0.4,0.34809112548828125,80,HIGH,Suspicious process behavior detected.
2026-09-15 11:24:11,932,com.apple.WebKit.WebContent,0.5,0.3414154052734375,80,HIGH,Suspicious process behavior detected.
2026-09-15 11:24:11,957,Google Chrome,4.6,2.1268844604492188,80,HIGH,Suspicious process behavior detected.
2026-09-15 11:24:11,963,Google Chrome Helper,4.9,0.9248733520507812,80,HIGH,Suspicious process behavior detected.
2026-09-15 11:24:11,964,Google Chrome Helper,0.2,0.6275177001953125,80,HIGH,Suspicious process behavior detected.
2026-09-15 11:24:11,2096,com.apple.WebKit.WebContent,0.3,0.26760101318359375,80,HIGH,Suspicious process behavior detected.
2026-09-15 11:24:11,2641,Google Chrome Helper (Renderer),0.0,0.49648284912109375,80,HIGH,Suspicious process behavior detected.
2026-09-15 11:24:11,2672,Google Chrome Helper (Renderer),9.0,6.3327789306640625,80,HIGH,Suspicious process behavior detected.
2026-09-15 11:24:11,2826,Code,4.5,1.5346527099609375,80,HIGH,Suspicious process behavior detected.
2026-09-15 11:24:11,2833,Code Helper,4.7,0.6937026977539062,80,HIGH,Suspicious process behavior detected.
2026-09-15 11:24:11,2835,Code Helper (Renderer),4.6,3.67889404296875,80,HIGH,Suspicious process behavior detected.
2026-09-15 11:24:11,2852,Code Helper,0.0,0.5422592163085938,80,HIGH,Suspicious process behavior detected.
2026-09-15 11:24:11,2878,Code Helper,0.3,0.1659393310546875,80,HIGH,Suspicious process behavior detected.
2026-09-15 11:24:11,2913,Code Helper,0.7,0.47512054443359375,80,HIGH,Suspicious process behavior detected.
2026-09-15 11:24:11,3033,Code Helper,0.1,0.29850006103515625,80,HIGH,Suspicious process behavior detected.
2026-09-15 11:24:11,3034,Code Helper (Plugin),0.2,0.6597518920898438,80,HIGH,Suspicious process behavior detected.
2026-09-15 11:24:11,4194,Code Helper (Plugin),0.0,0.6046295166015625,80,HIGH,Suspicious process behavior detected.
2026-09-15 11:24:11,8323,Google Chrome Helper (Renderer),0.0,0.6277084350585938,80,HIGH,Suspicious process behavior detected.
2026-09-15 11:24:11,10211,Code Helper (Plugin),0.1,0.2288818359375,80,HIGH,Suspicious process behavior detected.
2026-09-15 11:24:11,13781,Google Chrome Helper (Renderer),0.0,0.7556915283203125,80,HIGH,Suspicious process behavior detected.
2026-09-15 11:24:11,13795,com.apple.appkit.xpc.openAndSavePanelService,0.1,0.27637481689453125,80,HIGH,Suspicious process behavior detected.
2026-09-15 11:24:11,15256,Code Helper (Renderer),0.5,0.8213043212890625,80,HIGH,Suspicious process behavior detected.
2026-09-15 11:24:11,16276,python3.12,0.8,0.09937286376953125,80,HIGH,Suspicious process behavior detected.
2026-09-15 11:24:11,16597,python3.12,42.8,0.5306243896484375,80,HIGH,Suspicious process behavior detected.
2026-09-15 11:24:11,16631,ServiceExtension,0.0,0.804901123046875,80,HIGH,Suspicious process behavior detected.
2026-09-15 11:24:11,16680,mdworker_shared,0.2,0.1842498779296875,80,HIGH,Suspicious process behavior detected.
2026-09-15 11:24:11,16685,mdworker_shared,0.2,0.2033233642578125,80,HIGH,Suspicious process behavior detected.
2026-09-15 11:24:11,16787,Code Helper (Renderer),0.1,0.7297515869140625,80,HIGH,Suspicious process behavior detected.
2026-09-15 11:24:17,553,WindowManager,0.6,0.25730133056640625,80,HIGH,Suspicious process behavior detected.
2026-09-15 11:24:17,560,ControlCenter,0.3,0.3498077392578125,80,HIGH,Suspicious process behavior detected.
2026-09-15 11:24:17,568,AXVisualSupportAgent,1.2,0.164031982421875,80,HIGH,Suspicious process behavior detected.
2026-09-15 11:24:17,730,Spotify,0.4,0.566864013671875,80,HIGH,Suspicious process behavior detected.
2026-09-15 11:24:17,755,Grammarly Desktop,0.6,0.44422149658203125,80,HIGH,Suspicious process behavior detected.
2026-09-15 11:24:17,913,app_inkwell,1.9,0.2696990966796875,80,HIGH,Suspicious process behavior detected.
2026-09-15 11:24:17,916,com.apple.WebKit.WebContent,0.0,0.5329132080078125,80,HIGH,Suspicious process behavior detected.
2026-09-15 11:24:17,931,com.apple.WebKit.WebContent,0.0,0.5764007568359375,80,HIGH,Suspicious process behavior detected.
2026-09-15 11:24:17,932,com.apple.WebKit.WebContent,0.1,0.25424957275390625,80,HIGH,Suspicious process behavior detected.
2026-09-15 11:24:17,957,Google Chrome,0.7,1.9681930541992188,80,HIGH,Suspicious process behavior detected.
2026-09-15 11:24:17,963,Google Chrome Helper,0.0,0.8197784423828125,80,HIGH,Suspicious process behavior detected.
2026-09-15 11:24:18,964,Google Chrome Helper,0.4,0.6189346313476562,80,HIGH,Suspicious process behavior detected.
2026-09-15 11:24:18,2641,Google Chrome Helper (Renderer),0.0,0.49991607666015625,80,HIGH,Suspicious process behavior detected.
2026-09-15 11:24:18,2672,Google Chrome Helper (Renderer),0.1,3.3294677734375,80,HIGH,Suspicious process behavior detected.
2026-09-15 11:24:18,2826,Code,10.9,1.97906494140625,80,HIGH,Suspicious process behavior detected.
2026-09-15 11:24:18,2833,Code Helper,4.3,1.2081146240234375,80,HIGH,Suspicious process behavior detected.
2026-09-15 11:24:18,2834,Code Helper,0.5,0.328826904296875,80,HIGH,Suspicious process behavior detected.
2026-09-15 11:24:18,2835,Code Helper (Renderer),5.8,3.8776397705078125,80,HIGH,Suspicious process behavior detected.
2026-09-15 11:24:18,2852,Code Helper,0.3,0.9542465209960938,80,HIGH,Suspicious process behavior detected.
2026-09-15 11:24:18,2913,Code Helper,0.6,0.5313873291015625,80,HIGH,Suspicious process behavior detected.
2026-09-15 11:24:18,3033,Code Helper,0.2,0.30460357666015625,80,HIGH,Suspicious process behavior detected.
2026-09-15 11:24:18,3034,Code Helper (Plugin),0.3,0.7465362548828125,80,HIGH,Suspicious process behavior detected.
2026-09-15 11:24:18,4194,Code Helper (Plugin),0.0,0.7413864135742188,80,HIGH,Suspicious process behavior detected.
2026-09-15 11:24:18,8323,Google Chrome Helper (Renderer),0.0,0.653839111328125,80,HIGH,Suspicious process behavior detected.
2026-09-15 11:24:18,8324,Google Chrome Helper (Renderer),0.0,0.47969818115234375,80,HIGH,Suspicious process behavior detected.
2026-09-15 11:24:18,9909,com.apple.geod,0.1,0.06771087646484375,80,HIGH,Suspicious process behavior detected.
2026-09-15 11:24:18,13781,Google Chrome Helper (Renderer),0.0,0.7555007934570312,80,HIGH,Suspicious process behavior detected.
2026-09-15 11:24:18,13795,com.apple.appkit.xpc.openAndSavePanelService,0.1,0.27523040771484375,80,HIGH,Suspicious process behavior detected.
2026-09-15 11:24:18,15256,Code Helper (Renderer),0.0,0.8556365966796875,80,HIGH,Suspicious process behavior detected.
2026-09-15 11:24:18,15313,screencaptureui,1.0,0.214385986328125,80,HIGH,Suspicious process behavior detected.
2026-09-15 11:24:18,16276,python3.12,0.4,0.1407623291015625,80,HIGH,Suspicious process behavior detected.
2026-09-15 11:24:18,16445,python3.12,0.6,0.0926971435546875,80,HIGH,Suspicious process behavior detected.
2026-09-15 11:24:18,16597,python3.12,42.8,1.6819000244140625,80,HIGH,Suspicious process behavior detected.
2026-09-15 11:24:18,16631,ServiceExtension,0.1,0.7871627807617188,80,HIGH,Suspicious process behavior detected.
2026-09-15 11:24:18,16685,mdworker_shared,0.1,0.2086639404296875,80,HIGH,Suspicious process behavior detected.
2026-09-15 11:24:18,16787,Code Helper (Renderer),1.1,0.7862091064453125,80,HIGH,Suspicious process behavior detected.
2026-09-15 11:24:24,553,WindowManager,0.2,0.25844573974609375,80,HIGH,Suspicious process behavior detected.
2026-09-15 11:24:24,559,Dock,0.8,0.18520355224609375,80,HIGH,Suspicious process behavior detected.
2026-09-15 11:24:24,560,ControlCenter,0.5,0.35724639892578125,80,HIGH,Suspicious process behavior detected.
2026-09-15 11:24:24,564,Finder,0.1,0.32196044921875,80,HIGH,Suspicious process behavior detected.
2026-09-15 11:24:24,568,AXVisualSupportAgent,1.2,0.167083740234375,80,HIGH,Suspicious process behavior detected.
2026-09-15 11:24:24,602,fileproviderd,0.2,0.1392364501953125,80,HIGH,Suspicious process behavior detected.
2026-09-15 11:24:24,730,Spotify,0.1,0.7738113403320312,80,HIGH,Suspicious process behavior detected.
2026-09-15 11:24:24,755,Grammarly Desktop,0.2,0.4367828369140625,80,HIGH,Suspicious process behavior detected.
2026-09-15 11:24:24,913,app_inkwell,0.1,0.270843505859375,80,HIGH,Suspicious process behavior detected.
2026-09-15 11:24:24,916,com.apple.WebKit.WebContent,0.0,0.5422592163085938,80,HIGH,Suspicious process behavior detected.
2026-09-15 11:24:24,918,com.apple.WebKit.GPU,0.1,0.14400482177734375,80,HIGH,Suspicious process behavior detected.
2026-09-15 11:24:24,931,com.apple.WebKit.WebContent,0.1,0.6143569946289062,80,HIGH,Suspicious process behavior detected.
2026-09-15 11:24:24,932,com.apple.WebKit.WebContent,0.1,0.25463104248046875,80,HIGH,Suspicious process behavior detected.
2026-09-15 11:24:24,957,Google Chrome,0.6,2.0229339599609375,80,HIGH,Suspicious process behavior detected.
2026-09-15 11:24:24,963,Google Chrome Helper,3.8,0.7421493530273438,80,HIGH,Suspicious process behavior detected.
2026-09-15 11:24:24,964,Google Chrome Helper,0.4,0.6502151489257812,80,HIGH,Suspicious process behavior detected.
2026-09-15 11:24:24,2096,com.apple.WebKit.WebContent,1.5,0.24814605712890625,80,HIGH,Suspicious process behavior detected.
2026-09-15 11:24:24,2641,Google Chrome Helper (Renderer),0.0,0.49991607666015625,80,HIGH,Suspicious process behavior detected.
2026-09-15 11:24:24,2672,Google Chrome Helper (Renderer),5.2,3.119659423828125,80,HIGH,Suspicious process behavior detected.
2026-09-15 11:24:24,2826,Code,6.6,2.512359619140625,80,HIGH,Suspicious process behavior detected.
2026-09-15 11:24:24,2833,Code Helper,2.1,1.0149002075195312,80,HIGH,Suspicious process behavior detected.
2026-09-15 11:24:24,2834,Code Helper,0.4,0.336456298828125,80,HIGH,Suspicious process behavior detected.
2026-09-15 11:24:24,2835,Code Helper (Renderer),1.7,4.351615905761719,80,HIGH,Suspicious process behavior detected.
2026-09-15 11:24:24,2852,Code Helper,0.0,1.136016845703125,80,HIGH,Suspicious process behavior detected.
2026-09-15 11:24:24,2913,Code Helper,0.4,0.5481719970703125,80,HIGH,Suspicious process behavior detected.
2026-09-15 11:24:24,3033,Code Helper,0.1,0.31070709228515625,80,HIGH,Suspicious process behavior detected.
2026-09-15 11:24:24,3034,Code Helper (Plugin),0.2,0.8424758911132812,80,HIGH,Suspicious process behavior detected.
2026-09-15 11:24:24,4194,Code Helper (Plugin),0.1,0.77972412109375,80,HIGH,Suspicious process behavior detected.
2026-09-15 11:24:24,8323,Google Chrome Helper (Renderer),0.1,0.6528854370117188,80,HIGH,Suspicious process behavior detected.
2026-09-15 11:24:24,8324,Google Chrome Helper (Renderer),0.0,0.47969818115234375,80,HIGH,Suspicious process behavior detected.
2026-09-15 11:24:25,13774,Google Chrome Helper (Renderer),0.2,0.40302276611328125,80,HIGH,Suspicious process behavior detected.
2026-09-15 11:24:25,13781,Google Chrome Helper (Renderer),0.0,0.757598876953125,80,HIGH,Suspicious process behavior detected.
2026-09-15 11:24:25,13795,com.apple.appkit.xpc.openAndSavePanelService,0.1,0.2780914306640625,80,HIGH,Suspicious process behavior detected.
2026-09-15 11:24:25,15256,Code Helper (Renderer),0.4,0.911712646484375,80,HIGH,Suspicious process behavior detected.
2026-09-15 11:24:25,15313,screencaptureui,0.1,0.2162933349609375,80,HIGH,Suspicious process behavior detected.
2026-09-15 11:24:25,16597,python3.12,42.7,1.1926651000976562,80,HIGH,Suspicious process behavior detected.
2026-09-15 11:24:25,16631,ServiceExtension,0.0,0.8008956909179688,80,HIGH,Suspicious process behavior detected.
2026-09-15 11:24:25,16680,mdworker_shared,0.3,0.21114349365234375,80,HIGH,Suspicious process behavior detected.
2026-09-15 11:24:25,16688,mdworker_shared,0.1,0.15850067138671875,80,HIGH,Suspicious process behavior detected.
2026-09-15 11:24:31,560,ControlCenter,0.5,0.360870361328125,80,HIGH,Suspicious process behavior detected.
2026-09-15 11:24:31,564,Finder,0.3,0.32215118408203125,80,HIGH,Suspicious process behavior detected.
2026-09-15 11:24:31,568,AXVisualSupportAgent,2.0,0.15716552734375,80,HIGH,Suspicious process behavior detected.
2026-09-15 11:24:31,668,BiomeAgent,0.4,0.13885498046875,80,HIGH,Suspicious process behavior detected.
2026-09-15 11:24:31,722,duetexpertd,3.5,0.2506256103515625,80,HIGH,Suspicious process behavior detected.
2026-09-15 11:24:31,730,Spotify,0.1,0.83160400390625,80,HIGH,Suspicious process behavior detected.
2026-09-15 11:24:31,755,Grammarly Desktop,1.7,0.4650115966796875,80,HIGH,Suspicious process behavior detected.
2026-09-15 11:24:31,913,app_inkwell,1.0,0.2582550048828125,80,HIGH,Suspicious process behavior detected.
2026-09-15 11:24:31,916,com.apple.WebKit.WebContent,9.7,0.6488800048828125,80,HIGH,Suspicious process behavior detected.
2026-09-15 11:24:31,919,com.apple.WebKit.Networking,9.8,0.1861572265625,80,HIGH,Suspicious process behavior detected.
2026-09-15 11:24:31,930,com.apple.WebKit.WebContent,0.1,0.12493133544921875,80,HIGH,Suspicious process behavior detected.
2026-09-15 11:24:31,931,com.apple.WebKit.WebContent,0.5,0.360870361328125,80,HIGH,Suspicious process behavior detected.
2026-09-15 11:24:31,932,com.apple.WebKit.WebContent,0.7,0.8249282836914062,80,HIGH,Suspicious process behavior detected.
2026-09-15 11:24:31,957,Google Chrome,7.4,2.2884368896484375,80,HIGH,Suspicious process behavior detected.
2026-09-15 11:24:31,963,Google Chrome Helper,20.3,0.8663177490234375,80,HIGH,Suspicious process behavior detected.
2026-09-15 11:24:31,964,Google Chrome Helper,0.6,0.7074356079101562,80,HIGH,Suspicious process behavior detected.
2026-09-15 11:24:31,2096,com.apple.WebKit.WebContent,0.4,0.52642822265625,80,HIGH,Suspicious process behavior detected.
2026-09-15 11:24:31,2641,Google Chrome Helper (Renderer),0.0,0.5462646484375,80,HIGH,Suspicious process behavior detected.
2026-09-15 11:24:31,2672,Google Chrome Helper (Renderer),20.9,3.6497116088867188,80,HIGH,Suspicious process behavior detected.
2026-09-15 11:24:31,2826,Code,0.9,1.8281936645507812,80,HIGH,Suspicious process behavior detected.
2026-09-15 11:24:31,2833,Code Helper,2.0,1.0166168212890625,80,HIGH,Suspicious process behavior detected.
2026-09-15 11:24:31,2835,Code Helper (Renderer),13.8,3.8389205932617188,80,HIGH,Suspicious process behavior detected.
2026-09-15 11:24:31,2852,Code Helper,0.0,0.66375732421875,80,HIGH,Suspicious process behavior detected.
2026-09-15 11:24:31,2913,Code Helper,0.7,0.533294677734375,80,HIGH,Suspicious process behavior detected.
2026-09-15 11:24:31,3033,Code Helper,0.1,0.30231475830078125,80,HIGH,Suspicious process behavior detected.
2026-09-15 11:24:31,3034,Code Helper (Plugin),0.3,0.7747650146484375,80,HIGH,Suspicious process behavior detected.
2026-09-15 11:24:31,4194,Code Helper (Plugin),0.0,0.7501602172851562,80,HIGH,Suspicious process behavior detected.
2026-09-15 11:24:31,8323,Google Chrome Helper (Renderer),0.0,0.6982803344726562,80,HIGH,Suspicious process behavior detected.
2026-09-15 11:24:31,8324,Google Chrome Helper (Renderer),0.0,0.49610137939453125,80,HIGH,Suspicious process behavior detected.
2026-09-15 11:24:31,8328,Google Chrome Helper (Renderer),0.0,0.47664642333984375,80,HIGH,Suspicious process behavior detected.
2026-09-15 11:24:31,8410,routined,1.0,0.11138916015625,80,HIGH,Suspicious process behavior detected.
2026-09-15 11:24:31,13781,Google Chrome Helper (Renderer),0.0,1.03302001953125,80,HIGH,Suspicious process behavior detected.
2026-09-15 11:24:31,13795,com.apple.appkit.xpc.openAndSavePanelService,0.1,0.27980804443359375,80,HIGH,Suspicious process behavior detected.
2026-09-15 11:24:32,15256,Code Helper (Renderer),0.1,0.8867263793945312,80,HIGH,Suspicious process behavior detected.
2026-09-15 11:24:32,16276,python3.12,0.4,0.16632080078125,80,HIGH,Suspicious process behavior detected.
2026-09-15 11:24:32,16597,python3.12,42.2,0.8670806884765625,80,HIGH,Suspicious process behavior detected.
2026-09-15 11:24:32,16631,ServiceExtension,0.0,0.7816314697265625,80,HIGH,Suspicious process behavior detected.
2026-09-15 11:24:32,16680,mdworker_shared,0.2,0.22430419921875,80,HIGH,Suspicious process behavior detected.
2026-09-15 11:24:32,16689,mdworker_shared,0.2,0.182342529296875,80,HIGH,Suspicious process behavior detected.
2026-09-15 11:24:38,560,ControlCenter,0.5,0.35858154296875,80,HIGH,Suspicious process behavior detected.
2026-09-15 11:24:38,564,Finder,0.1,0.32711029052734375,80,HIGH,Suspicious process behavior detected.
2026-09-15 11:24:38,568,AXVisualSupportAgent,0.1,0.15583038330078125,80,HIGH,Suspicious process behavior detected.
2026-09-15 11:24:38,602,fileproviderd,0.2,0.14019012451171875,80,HIGH,Suspicious process behavior detected.
2026-09-15 11:24:38,730,Spotify,0.5,0.9904861450195312,80,HIGH,Suspicious process behavior detected.
2026-09-15 11:24:38,755,Grammarly Desktop,0.4,0.47607421875,80,HIGH,Suspicious process behavior detected.
2026-09-15 11:24:38,913,app_inkwell,0.1,0.26950836181640625,80,HIGH,Suspicious process behavior detected.
2026-09-15 11:24:38,916,com.apple.WebKit.WebContent,0.1,0.7587432861328125,80,HIGH,Suspicious process behavior detected.
2026-09-15 11:24:38,919,com.apple.WebKit.Networking,0.4,0.20999908447265625,80,HIGH,Suspicious process behavior detected.
2026-09-15 11:24:38,930,com.apple.WebKit.WebContent,0.1,0.2513885498046875,80,HIGH,Suspicious process behavior detected.
2026-09-15 11:24:38,931,com.apple.WebKit.WebContent,0.1,0.394439697265625,80,HIGH,Suspicious process behavior detected.
2026-09-15 11:24:38,932,com.apple.WebKit.WebContent,0.1,0.8302688598632812,80,HIGH,Suspicious process behavior detected.
2026-09-15 11:24:38,957,Google Chrome,1.2,2.2928237915039062,80,HIGH,Suspicious process behavior detected.
2026-09-15 11:24:38,963,Google Chrome Helper,1.2,0.8676528930664062,80,HIGH,Suspicious process behavior detected.
2026-09-15 11:24:38,964,Google Chrome Helper,0.7,0.701904296875,80,HIGH,Suspicious process behavior detected.
2026-09-15 11:24:38,2096,com.apple.WebKit.WebContent,0.0,0.5434036254882812,80,HIGH,Suspicious process behavior detected.
2026-09-15 11:24:38,2641,Google Chrome Helper (Renderer),0.0,0.5462646484375,80,HIGH,Suspicious process behavior detected.
2026-09-15 11:24:38,2672,Google Chrome Helper (Renderer),5.5,3.8022994995117188,80,HIGH,Suspicious process behavior detected.
2026-09-15 11:24:38,2826,Code,1.7,1.6300201416015625,80,HIGH,Suspicious process behavior detected.
2026-09-15 11:24:38,2833,Code Helper,2.2,1.0232925415039062,80,HIGH,Suspicious process behavior detected.
2026-09-15 11:24:38,2835,Code Helper (Renderer),1.6,3.7870407104492188,80,HIGH,Suspicious process behavior detected.
2026-09-15 11:24:38,2852,Code Helper,0.0,0.5331039428710938,80,HIGH,Suspicious process behavior detected.
2026-09-15 11:24:38,2878,Code Helper,0.1,0.26912689208984375,80,HIGH,Suspicious process behavior detected.
2026-09-15 11:24:38,2913,Code Helper,0.4,0.6277084350585938,80,HIGH,Suspicious process behavior detected.
2026-09-15 11:24:38,3033,Code Helper,0.2,0.31871795654296875,80,HIGH,Suspicious process behavior detected.
2026-09-15 11:24:38,3034,Code Helper (Plugin),0.2,0.74462890625,80,HIGH,Suspicious process behavior detected.
2026-09-15 11:24:38,4194,Code Helper (Plugin),0.0,0.6715774536132812,80,HIGH,Suspicious process behavior detected.
2026-09-15 11:24:38,8323,Google Chrome Helper (Renderer),0.0,0.69732666015625,80,HIGH,Suspicious process behavior detected.
2026-09-15 11:24:38,8324,Google Chrome Helper (Renderer),0.0,0.49686431884765625,80,HIGH,Suspicious process behavior detected.
2026-09-15 11:24:38,8328,Google Chrome Helper (Renderer),0.0,0.47817230224609375,80,HIGH,Suspicious process behavior detected.
2026-09-15 11:24:38,13774,Google Chrome Helper (Renderer),0.0,0.4756927490234375,80,HIGH,Suspicious process behavior detected.
2026-09-15 11:24:38,13781,Google Chrome Helper (Renderer),0.0,1.03302001953125,80,HIGH,Suspicious process behavior detected.
2026-09-15 11:24:38,13795,com.apple.appkit.xpc.openAndSavePanelService,0.1,0.27923583984375,80,HIGH,Suspicious process behavior detected.
2026-09-15 11:24:38,15256,Code Helper (Renderer),0.3,0.9021759033203125,80,HIGH,Suspicious process behavior detected.
2026-09-15 11:24:38,16276,python3.12,0.4,0.1651763916015625,80,HIGH,Suspicious process behavior detected.
2026-09-15 11:24:38,16445,python3.12,1.9,0.15411376953125,80,HIGH,Suspicious process behavior detected.
2026-09-15 11:24:38,16597,python3.12,41.8,0.8707046508789062,80,HIGH,Suspicious process behavior detected.
2026-09-15 11:24:38,16631,ServiceExtension,0.0,0.8220672607421875,80,HIGH,Suspicious process behavior detected.
2026-09-15 11:24:38,16689,mdworker_shared,0.1,0.20694732666015625,80,HIGH,Suspicious process behavior detected.
2026-09-15 11:24:45,560,ControlCenter,0.7,0.35610198974609375,80,HIGH,Suspicious process behavior detected.
2026-09-15 11:24:45,564,Finder,0.1,0.31375885009765625,80,HIGH,Suspicious process behavior detected.
2026-09-15 11:24:45,568,AXVisualSupportAgent,1.8,0.1529693603515625,80,HIGH,Suspicious process behavior detected.
2026-09-15 11:24:45,602,fileproviderd,0.2,0.13980865478515625,80,HIGH,Suspicious process behavior detected.
2026-09-15 11:24:45,730,Spotify,0.3,0.9517669677734375,80,HIGH,Suspicious process behavior detected.
2026-09-15 11:24:45,748,Spotify Helper,0.1,0.2696990966796875,80,HIGH,Suspicious process behavior detected.
2026-09-15 11:24:45,755,Grammarly Desktop,0.5,0.4657745361328125,80,HIGH,Suspicious process behavior detected.
2026-09-15 11:24:45,913,app_inkwell,2.9,0.26702880859375,80,HIGH,Suspicious process behavior detected.
2026-09-15 11:24:45,916,com.apple.WebKit.WebContent,0.0,0.714874267578125,80,HIGH,Suspicious process behavior detected.
2026-09-15 11:24:45,930,com.apple.WebKit.WebContent,0.7,0.25348663330078125,80,HIGH,Suspicious process behavior detected.
2026-09-15 11:24:45,931,com.apple.WebKit.WebContent,1.7,0.5605697631835938,80,HIGH,Suspicious process behavior detected.
2026-09-15 11:24:45,932,com.apple.WebKit.WebContent,0.1,0.8314132690429688,80,HIGH,Suspicious process behavior detected.
2026-09-15 11:24:45,957,Google Chrome,6.7,2.2464752197265625,80,HIGH,Suspicious process behavior detected.
2026-09-15 11:24:45,963,Google Chrome Helper,1.2,0.7646560668945312,80,HIGH,Suspicious process behavior detected.
2026-09-15 11:24:45,964,Google Chrome Helper,0.4,0.6605148315429688,80,HIGH,Suspicious process behavior detected.
2026-09-15 11:24:45,2641,Google Chrome Helper (Renderer),0.0,0.5462646484375,80,HIGH,Suspicious process behavior detected.
2026-09-15 11:24:45,2672,Google Chrome Helper (Renderer),8.4,6.573486328125,80,HIGH,Suspicious process behavior detected.
2026-09-15 11:24:45,2826,Code,4.8,1.8808364868164062,80,HIGH,Suspicious process behavior detected.
2026-09-15 11:24:45,2833,Code Helper,2.5,1.0690689086914062,80,HIGH,Suspicious process behavior detected.
2026-09-15 11:24:45,2834,Code Helper,0.4,0.33512115478515625,80,HIGH,Suspicious process behavior detected.
2026-09-15 11:24:45,2835,Code Helper (Renderer),1.9,3.8949966430664062,80,HIGH,Suspicious process behavior detected.
2026-09-15 11:24:45,2852,Code Helper,0.0,0.4756927490234375,80,HIGH,Suspicious process behavior detected.
2026-09-15 11:24:45,2913,Code Helper,0.6,0.6055831909179688,80,HIGH,Suspicious process behavior detected.
2026-09-15 11:24:45,3033,Code Helper,0.1,0.31585693359375,80,HIGH,Suspicious process behavior detected.
2026-09-15 11:24:45,3034,Code Helper (Plugin),0.2,0.7081985473632812,80,HIGH,Suspicious process behavior detected.
2026-09-15 11:24:45,4194,Code Helper (Plugin),0.0,0.6452560424804688,80,HIGH,Suspicious process behavior detected.
2026-09-15 11:24:45,8323,Google Chrome Helper (Renderer),0.0,0.6122589111328125,80,HIGH,Suspicious process behavior detected.
2026-09-15 11:24:45,13774,Google Chrome Helper (Renderer),0.2,0.439453125,80,HIGH,Suspicious process behavior detected.
2026-09-15 11:24:45,13781,Google Chrome Helper (Renderer),0.0,1.0351181030273438,80,HIGH,Suspicious process behavior detected.
2026-09-15 11:24:45,13795,com.apple.appkit.xpc.openAndSavePanelService,0.1,0.279998779296875,80,HIGH,Suspicious process behavior detected.
2026-09-15 11:24:45,15256,Code Helper (Renderer),0.5,0.8916854858398438,80,HIGH,Suspicious process behavior detected.
2026-09-15 11:24:45,15313,screencaptureui,0.7,0.21419525146484375,80,HIGH,Suspicious process behavior detected.
2026-09-15 11:24:45,16597,python3.12,42.3,0.856781005859375,80,HIGH,Suspicious process behavior detected.
2026-09-15 11:24:45,16631,ServiceExtension,0.7,0.8344650268554688,80,HIGH,Suspicious process behavior detected.
2026-09-15 11:24:45,16689,mdworker_shared,0.1,0.20904541015625,80,HIGH,Suspicious process behavior detected.
2026-09-15 11:24:51,376,loginwindow,0.3,0.11196136474609375,80,HIGH,Suspicious process behavior detected.
2026-09-15 11:24:51,543,distnoted,0.2,0.04367828369140625,80,HIGH,Suspicious process behavior detected.
2026-09-15 11:24:51,544,cfprefsd,0.2,0.0423431396484375,80,HIGH,Suspicious process behavior detected.
2026-09-15 11:24:51,553,WindowManager,1.7,0.2269744873046875,80,HIGH,Suspicious process behavior detected.
2026-09-15 11:24:51,557,universalaccessd,0.2,0.06847381591796875,80,HIGH,Suspicious process behavior detected.
2026-09-15 11:24:51,559,Dock,1.3,0.17566680908203125,80,HIGH,Suspicious process behavior detected.
2026-09-15 11:24:51,560,ControlCenter,0.5,0.35266876220703125,80,HIGH,Suspicious process behavior detected.
2026-09-15 11:24:51,562,SystemUIServer,0.2,0.0858306884765625,80,HIGH,Suspicious process behavior detected.
2026-09-15 11:24:51,564,Finder,0.8,0.2758026123046875,80,HIGH,Suspicious process behavior detected.
2026-09-15 11:24:51,568,AXVisualSupportAgent,3.0,0.1438140869140625,80,HIGH,Suspicious process behavior detected.
2026-09-15 11:24:51,580,trustd,0.5,0.0774383544921875,80,HIGH,Suspicious process behavior detected.
2026-09-15 11:24:51,596,callservicesd,0.3,0.10776519775390625,80,HIGH,Suspicious process behavior detected.
2026-09-15 11:24:51,602,fileproviderd,0.2,0.139617919921875,80,HIGH,Suspicious process behavior detected.
2026-09-15 11:24:51,608,ViewBridgeAuxiliary,0.1,0.06656646728515625,80,HIGH,Suspicious process behavior detected.
2026-09-15 11:24:51,643,useractivityd,0.1,0.06427764892578125,80,HIGH,Suspicious process behavior detected.
2026-09-15 11:24:51,646,NotificationCenter,0.4,0.13561248779296875,80,HIGH,Suspicious process behavior detected.
2026-09-15 11:24:51,666,ContextStoreAgent,2.4,0.10242462158203125,80,HIGH,Suspicious process behavior detected.
2026-09-15 11:24:51,668,BiomeAgent,2.6,0.0843048095703125,80,HIGH,Suspicious process behavior detected.
2026-09-15 11:24:51,680,AirPlayUIAgent,0.1,0.07343292236328125,80,HIGH,Suspicious process behavior detected.
2026-09-15 11:24:51,685,diagnostics_agent,0.1,0.0713348388671875,80,HIGH,Suspicious process behavior detected.
2026-09-15 11:24:51,686,TextInputMenuAgent,0.2,0.1071929931640625,80,HIGH,Suspicious process behavior detected.
2026-09-15 11:24:51,688,Grammarly Desktop Helper,0.2,0.0537872314453125,80,HIGH,Suspicious process behavior detected.
2026-09-15 11:24:51,707,WiFiAgent,0.2,0.1110076904296875,80,HIGH,Suspicious process behavior detected.
2026-09-15 11:24:51,713,Spotlight,1.3,0.1331329345703125,80,HIGH,Suspicious process behavior detected.
2026-09-15 11:24:51,714,CursorUIViewService,0.3,0.09307861328125,80,HIGH,Suspicious process behavior detected.
2026-09-15 11:24:51,716,PAH_Extension,0.3,0.0759124755859375,80,HIGH,Suspicious process behavior detected.
2026-09-15 11:24:51,717,OneDrive,0.2,0.2704620361328125,80,HIGH,Suspicious process behavior detected.
2026-09-15 11:24:51,718,corespotlightd,0.2,0.13523101806640625,80,HIGH,Suspicious process behavior detected.
2026-09-15 11:24:51,722,duetexpertd,0.1,0.2483367919921875,80,HIGH,Suspicious process behavior detected.
2026-09-15 11:24:51,730,Spotify,0.3,0.925445556640625,80,HIGH,Suspicious process behavior detected.
2026-09-15 11:24:51,755,Grammarly Desktop,2.3,0.411224365234375,80,HIGH,Suspicious process behavior detected.
2026-09-15 11:24:51,857,Grammarly Desktop Update Service,0.1,0.067901611328125,80,HIGH,Suspicious process behavior detected.
2026-09-15 11:24:52,898,OneDrive Sync Service,0.2,0.15773773193359375,80,HIGH,Suspicious process behavior detected.
2026-09-15 11:24:52,913,app_inkwell,10.0,0.260162353515625,80,HIGH,Suspicious process behavior detected.
2026-09-15 11:24:52,916,com.apple.WebKit.WebContent,6.2,0.5636215209960938,80,HIGH,Suspicious process behavior detected.
2026-09-15 11:24:52,918,com.apple.WebKit.GPU,0.2,0.09212493896484375,80,HIGH,Suspicious process behavior detected.
2026-09-15 11:24:52,919,com.apple.WebKit.Networking,6.1,0.1964569091796875,80,HIGH,Suspicious process behavior detected.
2026-09-15 11:24:52,930,com.apple.WebKit.WebContent,2.2,0.249481201171875,80,HIGH,Suspicious process behavior detected.
2026-09-15 11:24:52,931,com.apple.WebKit.WebContent,5.3,0.5344390869140625,80,HIGH,Suspicious process behavior detected.
2026-09-15 11:24:52,932,com.apple.WebKit.WebContent,0.5,0.30670166015625,80,HIGH,Suspicious process behavior detected.
2026-09-15 11:24:52,957,Google Chrome,2.7,2.178955078125,80,HIGH,Suspicious process behavior detected.
2026-09-15 11:24:52,963,Google Chrome Helper,3.9,0.786590576171875,80,HIGH,Suspicious process behavior detected.
2026-09-15 11:24:52,964,Google Chrome Helper,0.2,0.6692886352539062,80,HIGH,Suspicious process behavior detected.
2026-09-15 11:24:52,2095,com.apple.WebKit.WebContent,0.1,0.2384185791015625,80,HIGH,Suspicious process behavior detected.
2026-09-15 11:24:52,2096,com.apple.WebKit.WebContent,0.3,0.2826690673828125,80,HIGH,Suspicious process behavior detected.
2026-09-15 11:24:52,2641,Google Chrome Helper (Renderer),0.0,0.5060195922851562,80,HIGH,Suspicious process behavior detected.
2026-09-15 11:24:52,2672,Google Chrome Helper (Renderer),9.0,6.69708251953125,80,HIGH,Suspicious process behavior detected.
2026-09-15 11:24:52,2826,Code,10.3,2.0061492919921875,80,HIGH,Suspicious process behavior detected.
2026-09-15 11:24:52,2833,Code Helper,4.0,1.1707305908203125,80,HIGH,Suspicious process behavior detected.
2026-09-15 11:24:52,2835,Code Helper (Renderer),6.5,3.879547119140625,80,HIGH,Suspicious process behavior detected.
2026-09-15 11:24:52,2852,Code Helper,0.2,0.46634674072265625,80,HIGH,Suspicious process behavior detected.
2026-09-15 11:24:52,2913,Code Helper,0.7,0.6132125854492188,80,HIGH,Suspicious process behavior detected.
2026-09-15 11:24:52,3033,Code Helper,0.2,0.31604766845703125,80,HIGH,Suspicious process behavior detected.
2026-09-15 11:24:52,3034,Code Helper (Plugin),0.6,0.7320404052734375,80,HIGH,Suspicious process behavior detected.
2026-09-15 11:24:52,3045,Code Helper (Plugin),0.1,0.2285003662109375,80,HIGH,Suspicious process behavior detected.
2026-09-15 11:24:52,4194,Code Helper (Plugin),0.3,0.649261474609375,80,HIGH,Suspicious process behavior detected.
2026-09-15 11:24:52,8323,Google Chrome Helper (Renderer),0.4,0.609588623046875,80,HIGH,Suspicious process behavior detected.
2026-09-15 11:24:52,8324,Google Chrome Helper (Renderer),0.2,0.43468475341796875,80,HIGH,Suspicious process behavior detected.
2026-09-15 11:24:52,8325,Google Chrome Helper (Renderer),0.2,0.25730133056640625,80,HIGH,Suspicious process behavior detected.
2026-09-15 11:24:52,8328,Google Chrome Helper (Renderer),0.3,0.3345489501953125,80,HIGH,Suspicious process behavior detected.
2026-09-15 11:24:52,9572,proactived,0.2,0.09403228759765625,80,HIGH,Suspicious process behavior detected.
2026-09-15 11:24:52,9982,contentlinkingd,0.1,0.060272216796875,80,HIGH,Suspicious process behavior detected.
2026-09-15 11:24:52,10204,CoreServicesUIAgent,0.2,0.1125335693359375,80,HIGH,Suspicious process behavior detected.
2026-09-15 11:24:52,13037,CoreLocationAgent,0.2,0.10395050048828125,80,HIGH,Suspicious process behavior detected.
2026-09-15 11:24:52,13781,Google Chrome Helper (Renderer),0.0,1.0354995727539062,80,HIGH,Suspicious process behavior detected.
2026-09-15 11:24:52,13795,com.apple.appkit.xpc.openAndSavePanelService,0.3,0.244903564453125,80,HIGH,Suspicious process behavior detected.
2026-09-15 11:24:52,14241,SoftwareUpdateNotificationManager,0.1,0.1476287841796875,80,HIGH,Suspicious process behavior detected.
2026-09-15 11:24:52,14245,nsattributedstringagent,0.1,0.21839141845703125,80,HIGH,Suspicious process behavior detected.
2026-09-15 11:24:52,14397,Siri,0.2,0.1251220703125,80,HIGH,Suspicious process behavior detected.
2026-09-15 11:24:52,14505,SiriNCService,0.1,0.12454986572265625,80,HIGH,Suspicious process behavior detected.
2026-09-15 11:24:52,15256,Code Helper (Renderer),0.7,0.897216796875,80,HIGH,Suspicious process behavior detected.
2026-09-15 11:24:52,15313,screencaptureui,2.1,0.2124786376953125,80,HIGH,Suspicious process behavior detected.
2026-09-15 11:24:52,16276,python3.12,0.5,0.17528533935546875,80,HIGH,Suspicious process behavior detected.
2026-09-15 11:24:52,16597,python3.12,42.6,0.8707046508789062,80,HIGH,Suspicious process behavior detected.
2026-09-15 11:24:52,16631,ServiceExtension,0.0,0.8565902709960938,80,HIGH,Suspicious process behavior detected.
2026-09-15 11:24:52,16680,mdworker_shared,0.1,0.21190643310546875,80,HIGH,Suspicious process behavior detected.
2026-09-15 11:24:52,16689,mdworker_shared,0.1,0.2109527587890625,80,HIGH,Suspicious process behavior detected.
2026-09-15 11:24:58,376,loginwindow,0.3,0.14324188232421875,80,HIGH,Suspicious process behavior detected.
2026-09-15 11:24:58,543,distnoted,0.2,0.04711151123046875,80,HIGH,Suspicious process behavior detected.
2026-09-15 11:24:58,544,cfprefsd,0.1,0.0530242919921875,80,HIGH,Suspicious process behavior detected.
2026-09-15 11:24:58,553,WindowManager,1.7,0.26798248291015625,80,HIGH,Suspicious process behavior detected.
2026-09-15 11:24:58,557,universalaccessd,0.2,0.09937286376953125,80,HIGH,Suspicious process behavior detected.
2026-09-15 11:24:58,559,Dock,2.1,0.156402587890625,80,HIGH,Suspicious process behavior detected.
2026-09-15 11:24:58,560,ControlCenter,0.7,0.3612518310546875,80,HIGH,Suspicious process behavior detected.
2026-09-15 11:24:58,562,SystemUIServer,0.2,0.11844635009765625,80,HIGH,Suspicious process behavior detected.
2026-09-15 11:24:58,564,Finder,0.4,0.32825469970703125,80,HIGH,Suspicious process behavior detected.
2026-09-15 11:24:58,568,AXVisualSupportAgent,2.6,0.15850067138671875,80,HIGH,Suspicious process behavior detected.
2026-09-15 11:24:58,580,trustd,0.3,0.1194000244140625,80,HIGH,Suspicious process behavior detected.
2026-09-15 11:24:58,583,WallpaperAgent,0.2,0.12054443359375,80,HIGH,Suspicious process behavior detected.
2026-09-15 11:24:58,596,callservicesd,0.2,0.13217926025390625,80,HIGH,Suspicious process behavior detected.
2026-09-15 11:24:58,602,fileproviderd,0.2,0.141143798828125,80,HIGH,Suspicious process behavior detected.
2026-09-15 11:24:58,644,com.apple.dock.extra,0.2,0.13484954833984375,80,HIGH,Suspicious process behavior detected.
2026-09-15 11:24:58,646,NotificationCenter,0.3,0.18596649169921875,80,HIGH,Suspicious process behavior detected.
2026-09-15 11:24:58,666,ContextStoreAgent,2.4,0.17795562744140625,80,HIGH,Suspicious process behavior detected.
2026-09-15 11:24:58,668,BiomeAgent,2.6,0.14190673828125,80,HIGH,Suspicious process behavior detected.
2026-09-15 11:24:58,686,TextInputMenuAgent,0.3,0.1430511474609375,80,HIGH,Suspicious process behavior detected.
2026-09-15 11:24:58,688,Grammarly Desktop Helper,0.1,0.079345703125,80,HIGH,Suspicious process behavior detected.
2026-09-15 11:24:58,707,WiFiAgent,0.2,0.147247314453125,80,HIGH,Suspicious process behavior detected.
2026-09-15 11:24:58,709,nsurlsessiond,0.1,0.12454986572265625,80,HIGH,Suspicious process behavior detected.
2026-09-15 11:24:58,713,Spotlight,1.1,0.2960205078125,80,HIGH,Suspicious process behavior detected.
2026-09-15 11:24:58,714,CursorUIViewService,0.3,0.17223358154296875,80,HIGH,Suspicious process behavior detected.
2026-09-15 11:24:58,716,PAH_Extension,0.2,0.1110076904296875,80,HIGH,Suspicious process behavior detected.
2026-09-15 11:24:58,717,OneDrive,0.3,0.496673583984375,80,HIGH,Suspicious process behavior detected.
2026-09-15 11:24:58,718,corespotlightd,0.2,0.17604827880859375,80,HIGH,Suspicious process behavior detected.
2026-09-15 11:24:58,722,duetexpertd,0.1,0.27980804443359375,80,HIGH,Suspicious process behavior detected.
2026-09-15 11:24:58,730,Spotify,0.9,0.7577896118164062,80,HIGH,Suspicious process behavior detected.
2026-09-15 11:24:58,747,Spotify Helper,0.1,0.16269683837890625,80,HIGH,Suspicious process behavior detected.
2026-09-15 11:24:58,748,Spotify Helper,0.1,0.26264190673828125,80,HIGH,Suspicious process behavior detected.
2026-09-15 11:24:58,755,Grammarly Desktop,3.4,0.44574737548828125,80,HIGH,Suspicious process behavior detected.
2026-09-15 11:24:58,898,OneDrive Sync Service,0.1,0.1781463623046875,80,HIGH,Suspicious process behavior detected.
2026-09-15 11:24:58,913,app_inkwell,7.2,0.2674102783203125,80,HIGH,Suspicious process behavior detected.
2026-09-15 11:24:58,916,com.apple.WebKit.WebContent,5.8,0.5018234252929688,80,HIGH,Suspicious process behavior detected.
2026-09-15 11:24:58,918,com.apple.WebKit.GPU,0.1,0.13751983642578125,80,HIGH,Suspicious process behavior detected.
2026-09-15 11:24:58,919,com.apple.WebKit.Networking,5.8,0.14820098876953125,80,HIGH,Suspicious process behavior detected.
2026-09-15 11:24:58,930,com.apple.WebKit.WebContent,0.8,0.15354156494140625,80,HIGH,Suspicious process behavior detected.
2026-09-15 11:24:58,931,com.apple.WebKit.WebContent,2.4,0.661468505859375,80,HIGH,Suspicious process behavior detected.
2026-09-15 11:24:58,932,com.apple.WebKit.WebContent,1.1,0.3170013427734375,80,HIGH,Suspicious process behavior detected.
2026-09-15 11:24:58,957,Google Chrome,9.5,2.0658493041992188,80,HIGH,Suspicious process behavior detected.
2026-09-15 11:24:58,963,Google Chrome Helper,6.4,0.6925582885742188,80,HIGH,Suspicious process behavior detected.
2026-09-15 11:24:58,964,Google Chrome Helper,0.3,0.6193161010742188,80,HIGH,Suspicious process behavior detected.
2026-09-15 11:24:58,2095,com.apple.WebKit.WebContent,0.3,0.1102447509765625,80,HIGH,Suspicious process behavior detected.
2026-09-15 11:24:58,2096,com.apple.WebKit.WebContent,0.7,0.24471282958984375,80,HIGH,Suspicious process behavior detected.
2026-09-15 11:24:58,2641,Google Chrome Helper (Renderer),0.0,0.49991607666015625,80,HIGH,Suspicious process behavior detected.
2026-09-15 11:24:58,2672,Google Chrome Helper (Renderer),17.9,3.1019210815429688,80,HIGH,Suspicious process behavior detected.
2026-09-15 11:24:58,2826,Code,6.2,1.5209197998046875,80,HIGH,Suspicious process behavior detected.
2026-09-15 11:24:58,2833,Code Helper,4.0,1.0822296142578125,80,HIGH,Suspicious process behavior detected.
2026-09-15 11:24:58,2834,Code Helper,0.2,0.3406524658203125,80,HIGH,Suspicious process behavior detected.
2026-09-15 11:24:58,2835,Code Helper (Renderer),4.2,5.608367919921875,80,HIGH,Suspicious process behavior detected.
2026-09-15 11:24:58,2852,Code Helper,0.2,1.0740280151367188,80,HIGH,Suspicious process behavior detected.
2026-09-15 11:24:58,2913,Code Helper,0.5,0.5437850952148438,80,HIGH,Suspicious process behavior detected.
2026-09-15 11:24:58,3033,Code Helper,0.2,0.30384063720703125,80,HIGH,Suspicious process behavior detected.
2026-09-15 11:24:58,3034,Code Helper (Plugin),0.4,2.3305892944335938,80,HIGH,Suspicious process behavior detected.
2026-09-15 11:24:58,3045,Code Helper (Plugin),0.1,0.23403167724609375,80,HIGH,Suspicious process behavior detected.
2026-09-15 11:24:58,4194,Code Helper (Plugin),0.5,1.24053955078125,80,HIGH,Suspicious process behavior detected.
2026-09-15 11:24:58,8323,Google Chrome Helper (Renderer),0.4,0.6521224975585938,80,HIGH,Suspicious process behavior detected.
2026-09-15 11:24:58,8324,Google Chrome Helper (Renderer),0.1,0.479888916015625,80,HIGH,Suspicious process behavior detected.
2026-09-15 11:24:58,8325,Google Chrome Helper (Renderer),0.1,0.3040313720703125,80,HIGH,Suspicious process behavior detected.
2026-09-15 11:24:58,8328,Google Chrome Helper (Renderer),0.2,0.3936767578125,80,HIGH,Suspicious process behavior detected.
2026-09-15 11:24:58,8666,Google Chrome Helper (Renderer),0.1,0.157928466796875,80,HIGH,Suspicious process behavior detected.
2026-09-15 11:24:59,9572,proactived,0.3,0.128936767578125,80,HIGH,Suspicious process behavior detected.
2026-09-15 11:24:59,13037,CoreLocationAgent,0.1,0.130462646484375,80,HIGH,Suspicious process behavior detected.
2026-09-15 11:24:59,13781,Google Chrome Helper (Renderer),0.0,0.7574081420898438,80,HIGH,Suspicious process behavior detected.
2026-09-15 11:24:59,13795,com.apple.appkit.xpc.openAndSavePanelService,0.3,0.278472900390625,80,HIGH,Suspicious process behavior detected.
2026-09-15 11:24:59,14241,SoftwareUpdateNotificationManager,0.1,0.176239013671875,80,HIGH,Suspicious process behavior detected.
2026-09-15 11:24:59,14245,nsattributedstringagent,0.1,0.24280548095703125,80,HIGH,Suspicious process behavior detected.
2026-09-15 11:24:59,14397,Siri,0.1,0.16994476318359375,80,HIGH,Suspicious process behavior detected.
2026-09-15 11:24:59,14505,SiriNCService,0.1,0.1590728759765625,80,HIGH,Suspicious process behavior detected.
2026-09-15 11:24:59,15256,Code Helper (Renderer),0.3,0.9073257446289062,80,HIGH,Suspicious process behavior detected.
2026-09-15 11:24:59,15313,screencaptureui,1.7,0.21514892578125,80,HIGH,Suspicious process behavior detected.
2026-09-15 11:24:59,16276,python3.12,0.7,0.15926361083984375,80,HIGH,Suspicious process behavior detected.
2026-09-15 11:24:59,16445,python3.12,2.2,0.09365081787109375,80,HIGH,Suspicious process behavior detected.
2026-09-15 11:24:59,16597,python3.12,42.8,0.8630752563476562,80,HIGH,Suspicious process behavior detected.
2026-09-15 11:24:59,16631,ServiceExtension,0.0,0.8281707763671875,80,HIGH,Suspicious process behavior detected.
2026-09-15 11:24:59,16680,mdworker_shared,0.3,0.30231475830078125,80,HIGH,Suspicious process behavior detected.
2026-09-15 11:24:59,16689,mdworker_shared,0.3,0.20885467529296875,80,HIGH,Suspicious process behavior detected.
2026-09-15 11:25:05,544,cfprefsd,0.3,0.04558563232421875,80,HIGH,Suspicious process behavior detected.
2026-09-15 11:25:05,560,ControlCenter,0.3,0.35114288330078125,80,HIGH,Suspicious process behavior detected.
2026-09-15 11:25:05,564,Finder,0.2,0.3116607666015625,80,HIGH,Suspicious process behavior detected.
2026-09-15 11:25:05,568,AXVisualSupportAgent,1.1,0.14324188232421875,80,HIGH,Suspicious process behavior detected.
2026-09-15 11:25:05,717,OneDrive,0.1,0.37136077880859375,80,HIGH,Suspicious process behavior detected.
2026-09-15 11:25:05,730,Spotify,0.3,0.8632659912109375,80,HIGH,Suspicious process behavior detected.
2026-09-15 11:25:05,755,Grammarly Desktop,0.7,0.5327224731445312,80,HIGH,Suspicious process behavior detected.
2026-09-15 11:25:05,913,app_inkwell,2.1,0.257110595703125,80,HIGH,Suspicious process behavior detected.
2026-09-15 11:25:05,916,com.apple.WebKit.WebContent,0.0,0.4848480224609375,80,HIGH,Suspicious process behavior detected.
2026-09-15 11:25:05,931,com.apple.WebKit.WebContent,0.0,0.5214691162109375,80,HIGH,Suspicious process behavior detected.
2026-09-15 11:25:05,932,com.apple.WebKit.WebContent,0.1,0.28667449951171875,80,HIGH,Suspicious process behavior detected.
2026-09-15 11:25:05,957,Google Chrome,0.7,2.0267486572265625,80,HIGH,Suspicious process behavior detected.
2026-09-15 11:25:05,963,Google Chrome Helper,0.0,0.7366180419921875,80,HIGH,Suspicious process behavior detected.
2026-09-15 11:25:05,964,Google Chrome Helper,0.1,0.5985260009765625,80,HIGH,Suspicious process behavior detected.
2026-09-15 11:25:05,2641,Google Chrome Helper (Renderer),0.0,0.49495697021484375,80,HIGH,Suspicious process behavior detected.
2026-09-15 11:25:05,2672,Google Chrome Helper (Renderer),0.2,5.15594482421875,80,HIGH,Suspicious process behavior detected.
2026-09-15 11:25:05,2826,Code,5.7,1.5161514282226562,80,HIGH,Suspicious process behavior detected.
2026-09-15 11:25:05,2833,Code Helper,3.4,1.0540008544921875,80,HIGH,Suspicious process behavior detected.
2026-09-15 11:25:05,2834,Code Helper,0.1,0.3337860107421875,80,HIGH,Suspicious process behavior detected.
2026-09-15 11:25:05,2835,Code Helper (Renderer),13.7,4.980278015136719,80,HIGH,Suspicious process behavior detected.
2026-09-15 11:25:05,2852,Code Helper,3.1,0.9555816650390625,80,HIGH,Suspicious process behavior detected.
2026-09-15 11:25:05,2913,Code Helper,0.5,0.53558349609375,80,HIGH,Suspicious process behavior detected.
2026-09-15 11:25:05,3033,Code Helper,0.1,0.29926300048828125,80,HIGH,Suspicious process behavior detected.
2026-09-15 11:25:05,3034,Code Helper (Plugin),4.2,1.8938064575195312,80,HIGH,Suspicious process behavior detected.
2026-09-15 11:25:05,4194,Code Helper (Plugin),1.1,1.1135101318359375,80,HIGH,Suspicious process behavior detected.
2026-09-15 11:25:05,8323,Google Chrome Helper (Renderer),0.0,0.7257461547851562,80,HIGH,Suspicious process behavior detected.
2026-09-15 11:25:05,8324,Google Chrome Helper (Renderer),0.0,0.5146026611328125,80,HIGH,Suspicious process behavior detected.
2026-09-15 11:25:05,8328,Google Chrome Helper (Renderer),0.0,0.5037307739257812,80,HIGH,Suspicious process behavior detected.
2026-09-15 11:25:05,8410,routined,0.8,0.11749267578125,80,HIGH,Suspicious process behavior detected.
2026-09-15 11:25:05,13774,Google Chrome Helper (Renderer),0.1,0.39768218994140625,80,HIGH,Suspicious process behavior detected.
2026-09-15 11:25:05,13781,Google Chrome Helper (Renderer),0.0,0.7555007934570312,80,HIGH,Suspicious process behavior detected.
2026-09-15 11:25:05,13795,com.apple.appkit.xpc.openAndSavePanelService,0.1,0.2750396728515625,80,HIGH,Suspicious process behavior detected.
2026-09-15 11:25:06,15256,Code Helper (Renderer),0.0,0.8127212524414062,80,HIGH,Suspicious process behavior detected.
2026-09-15 11:25:06,15313,screencaptureui,0.8,0.19073486328125,80,HIGH,Suspicious process behavior detected.
2026-09-15 11:25:06,16597,python3.12,42.7,0.5308151245117188,80,HIGH,Suspicious process behavior detected.
2026-09-15 11:25:06,16620,zsh,0.1,0.03070831298828125,80,HIGH,Suspicious process behavior detected.
2026-09-15 11:25:06,16631,ServiceExtension,0.0,0.7471084594726562,80,HIGH,Suspicious process behavior detected.
2026-09-15 11:25:06,16680,mdworker_shared,0.1,0.20961761474609375,80,HIGH,Suspicious process behavior detected.
2026-09-15 11:25:06,16689,mdworker_shared,0.1,0.20503997802734375,80,HIGH,Suspicious process behavior detected.
2026-09-15 11:25:12,543,distnoted,0.1,0.04634857177734375,80,HIGH,Suspicious process behavior detected.
2026-09-15 11:25:12,560,ControlCenter,0.4,0.36983489990234375,80,HIGH,Suspicious process behavior detected.
2026-09-15 11:25:12,568,AXVisualSupportAgent,2.5,0.16117095947265625,80,HIGH,Suspicious process behavior detected.
2026-09-15 11:25:12,722,duetexpertd,0.1,0.21076202392578125,80,HIGH,Suspicious process behavior detected.
2026-09-15 11:25:12,730,Spotify,0.2,0.6273269653320312,80,HIGH,Suspicious process behavior detected.
2026-09-15 11:25:12,755,Grammarly Desktop,2.8,0.5228042602539062,80,HIGH,Suspicious process behavior detected.
2026-09-15 11:25:12,913,app_inkwell,0.8,0.26531219482421875,80,HIGH,Suspicious process behavior detected.
2026-09-15 11:25:12,916,com.apple.WebKit.WebContent,2.9,2.1791458129882812,80,HIGH,Suspicious process behavior detected.
2026-09-15 11:25:12,919,com.apple.WebKit.Networking,2.8,0.19321441650390625,80,HIGH,Suspicious process behavior detected.
2026-09-15 11:25:12,932,com.apple.WebKit.WebContent,0.1,0.36869049072265625,80,HIGH,Suspicious process behavior detected.
2026-09-15 11:25:12,957,Google Chrome,10.0,2.1917343139648438,80,HIGH,Suspicious process behavior detected.
2026-09-15 11:25:12,963,Google Chrome Helper,28.0,0.968170166015625,80,HIGH,Suspicious process behavior detected.
2026-09-15 11:25:12,964,Google Chrome Helper,0.4,0.6315231323242188,80,HIGH,Suspicious process behavior detected.
2026-09-15 11:25:12,2641,Google Chrome Helper (Renderer),0.0,0.499725341796875,80,HIGH,Suspicious process behavior detected.
2026-09-15 11:25:12,2672,Google Chrome Helper (Renderer),26.6,3.83758544921875,80,HIGH,Suspicious process behavior detected.
2026-09-15 11:25:12,2826,Code,0.1,1.6454696655273438,80,HIGH,Suspicious process behavior detected.
2026-09-15 11:25:12,2833,Code Helper,0.1,0.8861541748046875,80,HIGH,Suspicious process behavior detected.
2026-09-15 11:25:12,2835,Code Helper (Renderer),0.5,2.9071807861328125,80,HIGH,Suspicious process behavior detected.
2026-09-15 11:25:12,2852,Code Helper,0.0,0.714111328125,80,HIGH,Suspicious process behavior detected.
2026-09-15 11:25:12,2913,Code Helper,0.8,0.5338668823242188,80,HIGH,Suspicious process behavior detected.
2026-09-15 11:25:12,3033,Code Helper,0.2,0.30307769775390625,80,HIGH,Suspicious process behavior detected.
2026-09-15 11:25:12,3034,Code Helper (Plugin),0.4,1.0309219360351562,80,HIGH,Suspicious process behavior detected.
2026-09-15 11:25:12,4194,Code Helper (Plugin),0.1,0.792694091796875,80,HIGH,Suspicious process behavior detected.
2026-09-15 11:25:12,8323,Google Chrome Helper (Renderer),0.3,0.6259918212890625,80,HIGH,Suspicious process behavior detected.
2026-09-15 11:25:12,8324,Google Chrome Helper (Renderer),0.2,0.45642852783203125,80,HIGH,Suspicious process behavior detected.
2026-09-15 11:25:12,8325,Google Chrome Helper (Renderer),0.2,0.28400421142578125,80,HIGH,Suspicious process behavior detected.
2026-09-15 11:25:12,8328,Google Chrome Helper (Renderer),0.4,0.3612518310546875,80,HIGH,Suspicious process behavior detected.
2026-09-15 11:25:12,13781,Google Chrome Helper (Renderer),0.0,0.757598876953125,80,HIGH,Suspicious process behavior detected.
2026-09-15 11:25:12,15256,Code Helper (Renderer),0.1,0.8859634399414062,80,HIGH,Suspicious process behavior detected.
2026-09-15 11:25:12,16276,python3.12,0.4,0.15773773193359375,80,HIGH,Suspicious process behavior detected.
2026-09-15 11:25:12,16597,python3.12,42.3,0.858306884765625,80,HIGH,Suspicious process behavior detected.
2026-09-15 11:25:12,16631,ServiceExtension,0.1,0.5489349365234375,80,HIGH,Suspicious process behavior detected.
2026-09-15 11:25:19,560,ControlCenter,0.7,0.36869049072265625,80,HIGH,Suspicious process behavior detected.
2026-09-15 11:25:19,568,AXVisualSupportAgent,2.1,0.1659393310546875,80,HIGH,Suspicious process behavior detected.
2026-09-15 11:25:19,602,fileproviderd,0.2,0.13942718505859375,80,HIGH,Suspicious process behavior detected.
2026-09-15 11:25:19,730,Spotify,0.4,0.6717681884765625,80,HIGH,Suspicious process behavior detected.
2026-09-15 11:25:19,755,Grammarly Desktop,1.9,0.5079269409179688,80,HIGH,Suspicious process behavior detected.
2026-09-15 11:25:19,913,app_inkwell,0.8,0.274658203125,80,HIGH,Suspicious process behavior detected.
2026-09-15 11:25:19,916,com.apple.WebKit.WebContent,8.4,2.0929336547851562,80,HIGH,Suspicious process behavior detected.
2026-09-15 11:25:19,919,com.apple.WebKit.Networking,8.6,0.1857757568359375,80,HIGH,Suspicious process behavior detected.
2026-09-15 11:25:19,931,com.apple.WebKit.WebContent,0.5,0.32787322998046875,80,HIGH,Suspicious process behavior detected.
2026-09-15 11:25:19,932,com.apple.WebKit.WebContent,0.5,0.34885406494140625,80,HIGH,Suspicious process behavior detected.
2026-09-15 11:25:19,957,Google Chrome,6.1,2.18048095703125,80,HIGH,Suspicious process behavior detected.
2026-09-15 11:25:19,963,Google Chrome Helper,25.7,1.0524749755859375,80,HIGH,Suspicious process behavior detected.
2026-09-15 11:25:19,964,Google Chrome Helper,0.5,0.6378173828125,80,HIGH,Suspicious process behavior detected.
2026-09-15 11:25:19,2096,com.apple.WebKit.WebContent,0.4,0.263214111328125,80,HIGH,Suspicious process behavior detected.
2026-09-15 11:25:19,2641,Google Chrome Helper (Renderer),0.0,0.499725341796875,80,HIGH,Suspicious process behavior detected.
2026-09-15 11:25:19,2672,Google Chrome Helper (Renderer),17.5,3.989410400390625,80,HIGH,Suspicious process behavior detected.
2026-09-15 11:25:19,2826,Code,0.1,1.6420364379882812,80,HIGH,Suspicious process behavior detected.
2026-09-15 11:25:19,2833,Code Helper,0.1,0.8831024169921875,80,HIGH,Suspicious process behavior detected.
2026-09-15 11:25:19,2835,Code Helper (Renderer),0.6,4.997825622558594,80,HIGH,Suspicious process behavior detected.
2026-09-15 11:25:19,2852,Code Helper,0.0,0.69122314453125,80,HIGH,Suspicious process behavior detected.
2026-09-15 11:25:19,2913,Code Helper,0.6,0.5353927612304688,80,HIGH,Suspicious process behavior detected.
2026-09-15 11:25:19,3033,Code Helper,0.2,0.30956268310546875,80,HIGH,Suspicious process behavior detected.
2026-09-15 11:25:19,3034,Code Helper (Plugin),0.3,0.748443603515625,80,HIGH,Suspicious process behavior detected.
2026-09-15 11:25:19,4194,Code Helper (Plugin),0.1,0.6565093994140625,80,HIGH,Suspicious process behavior detected.
2026-09-15 11:25:19,8323,Google Chrome Helper (Renderer),0.0,0.705718994140625,80,HIGH,Suspicious process behavior detected.
2026-09-15 11:25:19,8324,Google Chrome Helper (Renderer),0.0,0.5001068115234375,80,HIGH,Suspicious process behavior detected.
2026-09-15 11:25:19,8328,Google Chrome Helper (Renderer),0.0,0.4817962646484375,80,HIGH,Suspicious process behavior detected.
2026-09-15 11:25:19,13781,Google Chrome Helper (Renderer),0.0,0.757598876953125,80,HIGH,Suspicious process behavior detected.
2026-09-15 11:25:19,13795,com.apple.appkit.xpc.openAndSavePanelService,0.1,0.28076171875,80,HIGH,Suspicious process behavior detected.
2026-09-15 11:25:19,15256,Code Helper (Renderer),0.2,0.8893966674804688,80,HIGH,Suspicious process behavior detected.
2026-09-15 11:25:19,16276,python3.12,1.3,0.1636505126953125,80,HIGH,Suspicious process behavior detected.
2026-09-15 11:25:19,16445,python3.12,1.7,0.14858245849609375,80,HIGH,Suspicious process behavior detected.
2026-09-15 11:25:19,16597,python3.12,43.1,0.8646011352539062,80,HIGH,Suspicious process behavior detected.
2026-09-15 11:25:19,16631,ServiceExtension,0.0,0.5632400512695312,80,HIGH,Suspicious process behavior detected.
2026-09-15 11:25:25,544,cfprefsd,0.4,0.0469207763671875,80,HIGH,Suspicious process behavior detected.
2026-09-15 11:25:25,560,ControlCenter,0.4,0.36029815673828125,80,HIGH,Suspicious process behavior detected.
2026-09-15 11:25:25,567,lsd,0.1,0.07781982421875,80,HIGH,Suspicious process behavior detected.
2026-09-15 11:25:25,568,AXVisualSupportAgent,3.0,0.152587890625,80,HIGH,Suspicious process behavior detected.
2026-09-15 11:25:26,717,OneDrive,0.1,0.4116058349609375,80,HIGH,Suspicious process behavior detected.
2026-09-15 11:25:26,730,Spotify,0.3,0.6750106811523438,80,HIGH,Suspicious process behavior detected.
2026-09-15 11:25:26,755,Grammarly Desktop,2.0,0.4787445068359375,80,HIGH,Suspicious process behavior detected.
2026-09-15 11:25:26,913,app_inkwell,5.7,0.2651214599609375,80,HIGH,Suspicious process behavior detected.
2026-09-15 11:25:26,916,com.apple.WebKit.WebContent,5.1,2.1335601806640625,80,HIGH,Suspicious process behavior detected.
2026-09-15 11:25:26,919,com.apple.WebKit.Networking,5.2,0.19550323486328125,80,HIGH,Suspicious process behavior detected.
2026-09-15 11:25:26,930,com.apple.WebKit.WebContent,3.2,0.11730194091796875,80,HIGH,Suspicious process behavior detected.
2026-09-15 11:25:26,931,com.apple.WebKit.WebContent,0.3,0.33664703369140625,80,HIGH,Suspicious process behavior detected.
2026-09-15 11:25:26,932,com.apple.WebKit.WebContent,0.5,0.356292724609375,80,HIGH,Suspicious process behavior detected.
2026-09-15 11:25:26,957,Google Chrome,13.2,2.1554946899414062,80,HIGH,Suspicious process behavior detected.
2026-09-15 11:25:26,963,Google Chrome Helper,10.9,1.1079788208007812,80,HIGH,Suspicious process behavior detected.
2026-09-15 11:25:26,964,Google Chrome Helper,0.2,0.63629150390625,80,HIGH,Suspicious process behavior detected.
2026-09-15 11:25:26,2096,com.apple.WebKit.WebContent,0.3,0.2758026123046875,80,HIGH,Suspicious process behavior detected.
2026-09-15 11:25:26,2641,Google Chrome Helper (Renderer),0.1,0.499725341796875,80,HIGH,Suspicious process behavior detected.
2026-09-15 11:25:26,2672,Google Chrome Helper (Renderer),19.9,3.667449951171875,80,HIGH,Suspicious process behavior detected.
2026-09-15 11:25:26,2826,Code,1.1,1.45111083984375,80,HIGH,Suspicious process behavior detected.
2026-09-15 11:25:26,2833,Code Helper,2.2,0.8531570434570312,80,HIGH,Suspicious process behavior detected.
2026-09-15 11:25:26,2835,Code Helper (Renderer),0.5,4.802131652832031,80,HIGH,Suspicious process behavior detected.
2026-09-15 11:25:26,2852,Code Helper,0.0,0.688934326171875,80,HIGH,Suspicious process behavior detected.
2026-09-15 11:25:26,2913,Code Helper,0.7,0.5460739135742188,80,HIGH,Suspicious process behavior detected.
2026-09-15 11:25:26,3033,Code Helper,0.1,0.32634735107421875,80,HIGH,Suspicious process behavior detected.
2026-09-15 11:25:26,3034,Code Helper (Plugin),0.1,0.7534027099609375,80,HIGH,Suspicious process behavior detected.
2026-09-15 11:25:26,4194,Code Helper (Plugin),0.0,0.769805908203125,80,HIGH,Suspicious process behavior detected.
2026-09-15 11:25:26,8323,Google Chrome Helper (Renderer),0.0,0.6761550903320312,80,HIGH,Suspicious process behavior detected.
2026-09-15 11:25:26,8324,Google Chrome Helper (Renderer),0.0,0.5002975463867188,80,HIGH,Suspicious process behavior detected.
2026-09-15 11:25:26,8328,Google Chrome Helper (Renderer),0.0,0.479888916015625,80,HIGH,Suspicious process behavior detected.
2026-09-15 11:25:26,13774,Google Chrome Helper (Renderer),0.3,0.40130615234375,80,HIGH,Suspicious process behavior detected.
2026-09-15 11:25:26,13781,Google Chrome Helper (Renderer),0.0,0.757598876953125,80,HIGH,Suspicious process behavior detected.
2026-09-15 11:25:26,15256,Code Helper (Renderer),0.3,0.8937835693359375,80,HIGH,Suspicious process behavior detected.
2026-09-15 11:25:26,15313,screencaptureui,1.9,0.17757415771484375,80,HIGH,Suspicious process behavior detected.
2026-09-15 11:25:26,16597,python3.12,42.8,0.8724212646484375,80,HIGH,Suspicious process behavior detected.
2026-09-15 11:25:26,16631,ServiceExtension,0.0,0.563812255859375,80,HIGH,Suspicious process behavior detected.
2026-09-15 11:25:26,16680,mdworker_shared,0.1,0.21076202392578125,80,HIGH,Suspicious process behavior detected.
2026-09-15 11:25:26,16689,mdworker_shared,0.1,0.20809173583984375,80,HIGH,Suspicious process behavior detected.
2026-09-15 11:25:26,16830,mdworker_shared,0.2,0.08983612060546875,80,HIGH,Suspicious process behavior detected.
2026-09-15 11:25:32,543,distnoted,0.1,0.04367828369140625,80,HIGH,Suspicious process behavior detected.
2026-09-15 11:25:32,560,ControlCenter,0.2,0.36067962646484375,80,HIGH,Suspicious process behavior detected.
2026-09-15 11:25:32,568,AXVisualSupportAgent,3.4,0.15354156494140625,80,HIGH,Suspicious process behavior detected.
2026-09-15 11:25:32,730,Spotify,1.7,0.8157730102539062,80,HIGH,Suspicious process behavior detected.
2026-09-15 11:25:32,748,Spotify Helper,0.1,0.2899169921875,80,HIGH,Suspicious process behavior detected.
2026-09-15 11:25:32,755,Grammarly Desktop,2.7,0.4566192626953125,80,HIGH,Suspicious process behavior detected.
2026-09-15 11:25:32,768,Spotify Helper (Renderer),0.0,0.8426666259765625,80,HIGH,Suspicious process behavior detected.
2026-09-15 11:25:32,913,app_inkwell,0.1,0.27065277099609375,80,HIGH,Suspicious process behavior detected.
2026-09-15 11:25:32,916,com.apple.WebKit.WebContent,0.0,1.8764495849609375,80,HIGH,Suspicious process behavior detected.
2026-09-15 11:25:32,930,com.apple.WebKit.WebContent,0.0,0.7947921752929688,80,HIGH,Suspicious process behavior detected.
2026-09-15 11:25:32,932,com.apple.WebKit.WebContent,0.1,0.3662109375,80,HIGH,Suspicious process behavior detected.
2026-09-15 11:25:32,957,Google Chrome,9.8,2.044677734375,80,HIGH,Suspicious process behavior detected.
2026-09-15 11:25:32,963,Google Chrome Helper,27.0,1.0332107543945312,80,HIGH,Suspicious process behavior detected.
2026-09-15 11:25:32,964,Google Chrome Helper,0.7,0.6374359130859375,80,HIGH,Suspicious process behavior detected.
2026-09-15 11:25:32,2641,Google Chrome Helper (Renderer),0.0,0.5460739135742188,80,HIGH,Suspicious process behavior detected.
2026-09-15 11:25:32,2672,Google Chrome Helper (Renderer),27.4,3.5120010375976562,80,HIGH,Suspicious process behavior detected.
2026-09-15 11:25:32,2826,Code,0.2,1.6096115112304688,80,HIGH,Suspicious process behavior detected.
2026-09-15 11:25:32,2833,Code Helper,0.3,0.8485794067382812,80,HIGH,Suspicious process behavior detected.
2026-09-15 11:25:32,2835,Code Helper (Renderer),37.6,4.706001281738281,80,HIGH,Suspicious process behavior detected.
2026-09-15 11:25:32,2852,Code Helper,0.0,0.6864547729492188,80,HIGH,Suspicious process behavior detected.
2026-09-15 11:25:32,2878,Code Helper,0.1,0.25882720947265625,80,HIGH,Suspicious process behavior detected.
2026-09-15 11:25:32,2913,Code Helper,0.7,0.553131103515625,80,HIGH,Suspicious process behavior detected.
2026-09-15 11:25:32,3033,Code Helper,0.2,0.32138824462890625,80,HIGH,Suspicious process behavior detected.
2026-09-15 11:25:32,3034,Code Helper (Plugin),0.4,0.7501602172851562,80,HIGH,Suspicious process behavior detected.
2026-09-15 11:25:32,3045,Code Helper (Plugin),0.1,0.22945404052734375,80,HIGH,Suspicious process behavior detected.
2026-09-15 11:25:33,4194,Code Helper (Plugin),0.3,0.7720947265625,80,HIGH,Suspicious process behavior detected.
2026-09-15 11:25:33,8323,Google Chrome Helper (Renderer),0.0,0.6944656372070312,80,HIGH,Suspicious process behavior detected.
2026-09-15 11:25:33,8324,Google Chrome Helper (Renderer),0.0,0.49800872802734375,80,HIGH,Suspicious process behavior detected.
2026-09-15 11:25:33,8328,Google Chrome Helper (Renderer),0.0,0.476837158203125,80,HIGH,Suspicious process behavior detected.
2026-09-15 11:25:33,13781,Google Chrome Helper (Renderer),0.0,1.0013580322265625,80,HIGH,Suspicious process behavior detected.
2026-09-15 11:25:33,13795,com.apple.appkit.xpc.openAndSavePanelService,0.1,0.2437591552734375,80,HIGH,Suspicious process behavior detected.
2026-09-15 11:25:33,15256,Code Helper (Renderer),0.0,0.8905410766601562,80,HIGH,Suspicious process behavior detected.
2026-09-15 11:25:33,16276,python3.12,0.4,0.1750946044921875,80,HIGH,Suspicious process behavior detected.
2026-09-15 11:25:33,16597,python3.12,42.1,0.8785247802734375,80,HIGH,Suspicious process behavior detected.
2026-09-15 11:25:33,16631,ServiceExtension,0.0,0.5670547485351562,80,HIGH,Suspicious process behavior detected.
2026-09-15 11:25:39,560,ControlCenter,0.3,0.36106109619140625,80,HIGH,Suspicious process behavior detected.
2026-09-15 11:25:39,564,Finder,0.1,0.2704620361328125,80,HIGH,Suspicious process behavior detected.
2026-09-15 11:25:39,568,AXVisualSupportAgent,2.3,0.15468597412109375,80,HIGH,Suspicious process behavior detected.
2026-09-15 11:25:39,602,fileproviderd,0.2,0.14019012451171875,80,HIGH,Suspicious process behavior detected.
2026-09-15 11:25:39,730,Spotify,0.1,1.0438919067382812,80,HIGH,Suspicious process behavior detected.
2026-09-15 11:25:39,755,Grammarly Desktop,1.8,0.4505157470703125,80,HIGH,Suspicious process behavior detected.
2026-09-15 11:25:39,768,Spotify Helper (Renderer),0.0,0.8426666259765625,80,HIGH,Suspicious process behavior detected.
2026-09-15 11:25:39,913,app_inkwell,0.4,0.27523040771484375,80,HIGH,Suspicious process behavior detected.
2026-09-15 11:25:39,916,com.apple.WebKit.WebContent,0.4,1.22222900390625,80,HIGH,Suspicious process behavior detected.
2026-09-15 11:25:39,919,com.apple.WebKit.Networking,0.2,0.20275115966796875,80,HIGH,Suspicious process behavior detected.
2026-09-15 11:25:39,930,com.apple.WebKit.WebContent,0.1,0.82244873046875,80,HIGH,Suspicious process behavior detected.
2026-09-15 11:25:39,932,com.apple.WebKit.WebContent,0.1,0.3871917724609375,80,HIGH,Suspicious process behavior detected.
2026-09-15 11:25:39,957,Google Chrome,8.3,2.0727157592773438,80,HIGH,Suspicious process behavior detected.
2026-09-15 11:25:39,963,Google Chrome Helper,15.8,1.0328292846679688,80,HIGH,Suspicious process behavior detected.
2026-09-15 11:25:39,964,Google Chrome Helper,0.7,0.7017135620117188,80,HIGH,Suspicious process behavior detected.
2026-09-15 11:25:39,966,Google Chrome Helper,0.1,0.18634796142578125,80,HIGH,Suspicious process behavior detected.
2026-09-15 11:25:39,2641,Google Chrome Helper (Renderer),0.0,0.5460739135742188,80,HIGH,Suspicious process behavior detected.
2026-09-15 11:25:39,2672,Google Chrome Helper (Renderer),19.2,3.6090850830078125,80,HIGH,Suspicious process behavior detected.
2026-09-15 11:25:39,2826,Code,0.6,1.6202926635742188,80,HIGH,Suspicious process behavior detected.
2026-09-15 11:25:39,2833,Code Helper,1.1,0.8546829223632812,80,HIGH,Suspicious process behavior detected.
2026-09-15 11:25:39,2834,Code Helper,0.2,0.3330230712890625,80,HIGH,Suspicious process behavior detected.
2026-09-15 11:25:39,2835,Code Helper (Renderer),0.9,4.803657531738281,80,HIGH,Suspicious process behavior detected.
2026-09-15 11:25:39,2852,Code Helper,0.0,0.6895065307617188,80,HIGH,Suspicious process behavior detected.
2026-09-15 11:25:39,2913,Code Helper,0.9,0.56610107421875,80,HIGH,Suspicious process behavior detected.
2026-09-15 11:25:39,3033,Code Helper,0.1,0.32138824462890625,80,HIGH,Suspicious process behavior detected.
2026-09-15 11:25:39,3034,Code Helper (Plugin),0.6,0.7568359375,80,HIGH,Suspicious process behavior detected.
2026-09-15 11:25:39,4194,Code Helper (Plugin),0.2,0.7787704467773438,80,HIGH,Suspicious process behavior detected.
2026-09-15 11:25:39,8323,Google Chrome Helper (Renderer),0.0,0.6944656372070312,80,HIGH,Suspicious process behavior detected.
2026-09-15 11:25:39,8324,Google Chrome Helper (Renderer),0.0,0.49800872802734375,80,HIGH,Suspicious process behavior detected.
2026-09-15 11:25:39,8328,Google Chrome Helper (Renderer),0.0,0.47702789306640625,80,HIGH,Suspicious process behavior detected.
2026-09-15 11:25:40,13781,Google Chrome Helper (Renderer),0.0,1.0026931762695312,80,HIGH,Suspicious process behavior detected.
2026-09-15 11:25:40,13795,com.apple.appkit.xpc.openAndSavePanelService,0.1,0.24394989013671875,80,HIGH,Suspicious process behavior detected.
2026-09-15 11:25:40,15256,Code Helper (Renderer),0.2,0.896453857421875,80,HIGH,Suspicious process behavior detected.
2026-09-15 11:25:40,16276,python3.12,1.4,0.1766204833984375,80,HIGH,Suspicious process behavior detected.
2026-09-15 11:25:40,16597,python3.12,42.6,0.87890625,80,HIGH,Suspicious process behavior detected.
2026-09-15 11:25:40,16631,ServiceExtension,0.5,0.5672454833984375,80,HIGH,Suspicious process behavior detected.
2026-09-15 11:25:46,560,ControlCenter,0.4,0.36144256591796875,80,HIGH,Suspicious process behavior detected.
2026-09-15 11:25:46,568,AXVisualSupportAgent,3.2,0.15506744384765625,80,HIGH,Suspicious process behavior detected.
2026-09-15 11:25:46,602,fileproviderd,0.2,0.14019012451171875,80,HIGH,Suspicious process behavior detected.
2026-09-15 11:25:46,730,Spotify,0.1,1.1167526245117188,80,HIGH,Suspicious process behavior detected.
2026-09-15 11:25:46,755,Grammarly Desktop,3.0,0.45604705810546875,80,HIGH,Suspicious process behavior detected.
2026-09-15 11:25:46,768,Spotify Helper (Renderer),0.0,0.8426666259765625,80,HIGH,Suspicious process behavior detected.
2026-09-15 11:25:46,916,com.apple.WebKit.WebContent,0.0,1.1137008666992188,80,HIGH,Suspicious process behavior detected.
2026-09-15 11:25:46,930,com.apple.WebKit.WebContent,0.0,0.8218765258789062,80,HIGH,Suspicious process behavior detected.
2026-09-15 11:25:46,932,com.apple.WebKit.WebContent,0.1,0.3864288330078125,80,HIGH,Suspicious process behavior detected.
2026-09-15 11:25:46,957,Google Chrome,11.5,2.0727157592773438,80,HIGH,Suspicious process behavior detected.
2026-09-15 11:25:46,963,Google Chrome Helper,25.3,1.0335922241210938,80,HIGH,Suspicious process behavior detected.
2026-09-15 11:25:46,964,Google Chrome Helper,0.4,0.7030487060546875,80,HIGH,Suspicious process behavior detected.
2026-09-15 11:25:46,2095,com.apple.WebKit.WebContent,0.3,0.443267822265625,80,HIGH,Suspicious process behavior detected.
2026-09-15 11:25:46,2641,Google Chrome Helper (Renderer),0.0,0.5460739135742188,80,HIGH,Suspicious process behavior detected.
2026-09-15 11:25:46,2672,Google Chrome Helper (Renderer),25.7,3.8341522216796875,80,HIGH,Suspicious process behavior detected.
2026-09-15 11:25:46,2826,Code,1.0,1.5230178833007812,80,HIGH,Suspicious process behavior detected.
2026-09-15 11:25:46,2833,Code Helper,1.8,0.708770751953125,80,HIGH,Suspicious process behavior detected.
2026-09-15 11:25:46,2835,Code Helper (Renderer),37.7,4.868888854980469,80,HIGH,Suspicious process behavior detected.
2026-09-15 11:25:46,2852,Code Helper,0.0,0.6895065307617188,80,HIGH,Suspicious process behavior detected.
2026-09-15 11:25:46,2913,Code Helper,0.5,0.5786895751953125,80,HIGH,Suspicious process behavior detected.
2026-09-15 11:25:46,3033,Code Helper,0.1,0.32176971435546875,80,HIGH,Suspicious process behavior detected.
2026-09-15 11:25:46,3034,Code Helper (Plugin),0.1,0.7680892944335938,80,HIGH,Suspicious process behavior detected.
2026-09-15 11:25:46,4194,Code Helper (Plugin),0.0,0.7890701293945312,80,HIGH,Suspicious process behavior detected.
2026-09-15 11:25:46,8323,Google Chrome Helper (Renderer),0.0,0.6944656372070312,80,HIGH,Suspicious process behavior detected.
2026-09-15 11:25:46,8324,Google Chrome Helper (Renderer),0.0,0.49800872802734375,80,HIGH,Suspicious process behavior detected.
2026-09-15 11:25:46,8328,Google Chrome Helper (Renderer),0.0,0.47702789306640625,80,HIGH,Suspicious process behavior detected.
2026-09-15 11:25:46,13781,Google Chrome Helper (Renderer),0.0,1.0036468505859375,80,HIGH,Suspicious process behavior detected.
2026-09-15 11:25:46,15256,Code Helper (Renderer),0.2,0.9012222290039062,80,HIGH,Suspicious process behavior detected.
2026-09-15 11:25:46,16597,python3.12,42.1,0.8890151977539062,80,HIGH,Suspicious process behavior detected.
2026-09-15 11:25:46,16631,ServiceExtension,0.0,0.5849838256835938,80,HIGH,Suspicious process behavior detected.
2026-09-15 11:25:46,16689,mdworker_shared,0.2,0.21152496337890625,80,HIGH,Suspicious process behavior detected.
2026-09-15 11:25:46,17022,mdworker_shared,0.2,0.1773834228515625,80,HIGH,Suspicious process behavior detected.
2026-09-15 11:25:53,553,WindowManager,0.3,0.1537322998046875,80,HIGH,Suspicious process behavior detected.
2026-09-15 11:25:53,557,universalaccessd,0.2,0.06866455078125,80,HIGH,Suspicious process behavior detected.
2026-09-15 11:25:53,560,ControlCenter,0.6,0.36182403564453125,80,HIGH,Suspicious process behavior detected.
2026-09-15 11:25:53,568,AXVisualSupportAgent,1.5,0.1560211181640625,80,HIGH,Suspicious process behavior detected.
2026-09-15 11:25:53,602,fileproviderd,0.2,0.14019012451171875,80,HIGH,Suspicious process behavior detected.
2026-09-15 11:25:53,730,Spotify,0.2,1.1167526245117188,80,HIGH,Suspicious process behavior detected.
2026-09-15 11:25:53,747,Spotify Helper,0.1,0.18520355224609375,80,HIGH,Suspicious process behavior detected.
2026-09-15 11:25:53,748,Spotify Helper,0.1,0.31871795654296875,80,HIGH,Suspicious process behavior detected.
2026-09-15 11:25:53,755,Grammarly Desktop,1.9,0.457000732421875,80,HIGH,Suspicious process behavior detected.
2026-09-15 11:25:53,768,Spotify Helper (Renderer),0.0,0.8432388305664062,80,HIGH,Suspicious process behavior detected.
2026-09-15 11:25:53,913,app_inkwell,2.7,0.27637481689453125,80,HIGH,Suspicious process behavior detected.
2026-09-15 11:25:53,916,com.apple.WebKit.WebContent,7.0,0.6814956665039062,80,HIGH,Suspicious process behavior detected.
2026-09-15 11:25:53,919,com.apple.WebKit.Networking,7.2,0.20313262939453125,80,HIGH,Suspicious process behavior detected.
2026-09-15 11:25:53,930,com.apple.WebKit.WebContent,0.1,0.8153915405273438,80,HIGH,Suspicious process behavior detected.
2026-09-15 11:25:53,931,com.apple.WebKit.WebContent,0.4,0.35400390625,80,HIGH,Suspicious process behavior detected.
2026-09-15 11:25:53,932,com.apple.WebKit.WebContent,0.6,0.3749847412109375,80,HIGH,Suspicious process behavior detected.
2026-09-15 11:25:53,957,Google Chrome,7.6,2.077484130859375,80,HIGH,Suspicious process behavior detected.
2026-09-15 11:25:53,963,Google Chrome Helper,4.6,0.9807586669921875,80,HIGH,Suspicious process behavior detected.
2026-09-15 11:25:53,964,Google Chrome Helper,0.1,0.7183074951171875,80,HIGH,Suspicious process behavior detected.
2026-09-15 11:25:53,2095,com.apple.WebKit.WebContent,0.1,0.46234130859375,80,HIGH,Suspicious process behavior detected.
2026-09-15 11:25:53,2096,com.apple.WebKit.WebContent,0.4,0.296783447265625,80,HIGH,Suspicious process behavior detected.
2026-09-15 11:25:53,2641,Google Chrome Helper (Renderer),0.0,0.5460739135742188,80,HIGH,Suspicious process behavior detected.
2026-09-15 11:25:53,2672,Google Chrome Helper (Renderer),54.1,3.9426803588867188,90,HIGH,Suspicious process behavior detected.
2026-09-15 11:25:53,2826,Code,0.3,1.4364242553710938,80,HIGH,Suspicious process behavior detected.
2026-09-15 11:25:53,2833,Code Helper,0.1,0.8563995361328125,80,HIGH,Suspicious process behavior detected.
2026-09-15 11:25:53,2835,Code Helper (Renderer),0.6,4.834747314453125,80,HIGH,Suspicious process behavior detected.
2026-09-15 11:25:53,2852,Code Helper,0.0,0.6895065307617188,80,HIGH,Suspicious process behavior detected.
2026-09-15 11:25:53,2913,Code Helper,0.5,0.5819320678710938,80,HIGH,Suspicious process behavior detected.
2026-09-15 11:25:53,3033,Code Helper,0.2,0.3265380859375,80,HIGH,Suspicious process behavior detected.
2026-09-15 11:25:53,3034,Code Helper (Plugin),0.2,0.7694244384765625,80,HIGH,Suspicious process behavior detected.
2026-09-15 11:25:53,4194,Code Helper (Plugin),0.1,0.7932662963867188,80,HIGH,Suspicious process behavior detected.
2026-09-15 11:25:53,8323,Google Chrome Helper (Renderer),0.1,0.6944656372070312,80,HIGH,Suspicious process behavior detected.
2026-09-15 11:25:53,8324,Google Chrome Helper (Renderer),0.0,0.49800872802734375,80,HIGH,Suspicious process behavior detected.
2026-09-15 11:25:53,8325,Google Chrome Helper (Renderer),0.1,0.32405853271484375,80,HIGH,Suspicious process behavior detected.
2026-09-15 11:25:53,8328,Google Chrome Helper (Renderer),0.0,0.47702789306640625,80,HIGH,Suspicious process behavior detected.
2026-09-15 11:25:53,13781,Google Chrome Helper (Renderer),0.0,1.0036468505859375,80,HIGH,Suspicious process behavior detected.
2026-09-15 11:25:53,13795,com.apple.appkit.xpc.openAndSavePanelService,0.1,0.24433135986328125,80,HIGH,Suspicious process behavior detected.
2026-09-15 11:25:53,15256,Code Helper (Renderer),0.1,0.897216796875,80,HIGH,Suspicious process behavior detected.
2026-09-15 11:25:53,15313,screencaptureui,0.6,0.2105712890625,80,HIGH,Suspicious process behavior detected.
2026-09-15 11:25:53,16276,python3.12,0.2,0.18291473388671875,80,HIGH,Suspicious process behavior detected.
2026-09-15 11:25:53,16597,python3.12,42.8,0.8899688720703125,80,HIGH,Suspicious process behavior detected.
2026-09-15 11:25:53,16631,ServiceExtension,0.0,0.5853652954101562,80,HIGH,Suspicious process behavior detected.
2026-09-15 11:25:59,560,ControlCenter,0.3,0.360870361328125,80,HIGH,Suspicious process behavior detected.
2026-09-15 11:25:59,564,Finder,0.1,0.27313232421875,80,HIGH,Suspicious process behavior detected.
2026-09-15 11:25:59,568,AXVisualSupportAgent,3.1,0.15125274658203125,80,HIGH,Suspicious process behavior detected.
2026-09-15 11:26:00,644,com.apple.dock.extra,1.2,0.12359619140625,80,HIGH,Suspicious process behavior detected.
2026-09-15 11:26:00,730,Spotify,0.3,1.1171340942382812,80,HIGH,Suspicious process behavior detected.
2026-09-15 11:26:00,755,Grammarly Desktop,3.1,0.47130584716796875,80,HIGH,Suspicious process behavior detected.
2026-09-15 11:26:00,768,Spotify Helper (Renderer),0.0,0.8436203002929688,80,HIGH,Suspicious process behavior detected.
2026-09-15 11:26:00,916,com.apple.WebKit.WebContent,0.0,0.7890701293945312,80,HIGH,Suspicious process behavior detected.
2026-09-15 11:26:00,930,com.apple.WebKit.WebContent,0.0,0.8090972900390625,80,HIGH,Suspicious process behavior detected.
2026-09-15 11:26:00,932,com.apple.WebKit.WebContent,0.1,0.3879547119140625,80,HIGH,Suspicious process behavior detected.
2026-09-15 11:26:00,957,Google Chrome,12.5,2.1574020385742188,80,HIGH,Suspicious process behavior detected.
2026-09-15 11:26:00,963,Google Chrome Helper,23.1,0.9492874145507812,80,HIGH,Suspicious process behavior detected.
2026-09-15 11:26:00,964,Google Chrome Helper,0.7,0.714111328125,80,HIGH,Suspicious process behavior detected.
2026-09-15 11:26:00,2641,Google Chrome Helper (Renderer),0.0,0.5460739135742188,80,HIGH,Suspicious process behavior detected.
2026-09-15 11:26:00,2672,Google Chrome Helper (Renderer),26.0,7.163238525390625,80,HIGH,Suspicious process behavior detected.
2026-09-15 11:26:00,2826,Code,0.7,1.5146255493164062,80,HIGH,Suspicious process behavior detected.
2026-09-15 11:26:00,2833,Code Helper,1.5,0.7020950317382812,80,HIGH,Suspicious process behavior detected.
2026-09-15 11:26:00,2834,Code Helper,0.2,0.3383636474609375,80,HIGH,Suspicious process behavior detected.
2026-09-15 11:26:00,2835,Code Helper (Renderer),0.6,3.7384033203125,80,HIGH,Suspicious process behavior detected.
2026-09-15 11:26:00,2852,Code Helper,0.0,0.6513595581054688,80,HIGH,Suspicious process behavior detected.
2026-09-15 11:26:00,2913,Code Helper,0.9,0.5710601806640625,80,HIGH,Suspicious process behavior detected.
2026-09-15 11:26:00,3033,Code Helper,0.1,0.321197509765625,80,HIGH,Suspicious process behavior detected.
2026-09-15 11:26:00,3034,Code Helper (Plugin),0.2,0.7537841796875,80,HIGH,Suspicious process behavior detected.
2026-09-15 11:26:00,4194,Code Helper (Plugin),0.0,0.7719039916992188,80,HIGH,Suspicious process behavior detected.
2026-09-15 11:26:00,8323,Google Chrome Helper (Renderer),0.0,0.5704879760742188,80,HIGH,Suspicious process behavior detected.
2026-09-15 11:26:00,13781,Google Chrome Helper (Renderer),0.0,1.0036468505859375,80,HIGH,Suspicious process behavior detected.
2026-09-15 11:26:00,15256,Code Helper (Renderer),0.3,0.8974075317382812,80,HIGH,Suspicious process behavior detected.
2026-09-15 11:26:00,16276,python3.12,1.4,0.177001953125,80,HIGH,Suspicious process behavior detected.
2026-09-15 11:26:00,16597,python3.12,42.7,0.87432861328125,80,HIGH,Suspicious process behavior detected.
2026-09-15 11:26:00,16631,ServiceExtension,0.0,0.5649566650390625,80,HIGH,Suspicious process behavior detected.
2026-09-15 11:26:00,17022,mdworker_shared,0.1,0.2079010009765625,80,HIGH,Suspicious process behavior detected.
2026-09-15 11:26:06,543,distnoted,0.1,0.04367828369140625,80,HIGH,Suspicious process behavior detected.
2026-09-15 11:26:06,560,ControlCenter,0.5,0.35991668701171875,80,HIGH,Suspicious process behavior detected.
2026-09-15 11:26:06,564,Finder,0.3,0.26397705078125,80,HIGH,Suspicious process behavior detected.
2026-09-15 11:26:06,568,AXVisualSupportAgent,2.8,0.15087127685546875,80,HIGH,Suspicious process behavior detected.
2026-09-15 11:26:06,602,fileproviderd,0.2,0.1399993896484375,80,HIGH,Suspicious process behavior detected.
2026-09-15 11:26:06,609,identityservicesd,0.2,0.20275115966796875,80,HIGH,Suspicious process behavior detected.
2026-09-15 11:26:06,730,Spotify,0.1,1.1217117309570312,80,HIGH,Suspicious process behavior detected.
2026-09-15 11:26:06,755,Grammarly Desktop,2.4,0.49839019775390625,80,HIGH,Suspicious process behavior detected.
2026-09-15 11:26:06,768,Spotify Helper (Renderer),0.0,0.8436203002929688,80,HIGH,Suspicious process behavior detected.
2026-09-15 11:26:06,916,com.apple.WebKit.WebContent,0.1,0.7749557495117188,80,HIGH,Suspicious process behavior detected.
2026-09-15 11:26:06,919,com.apple.WebKit.Networking,0.4,0.2101898193359375,80,HIGH,Suspicious process behavior detected.
2026-09-15 11:26:06,930,com.apple.WebKit.WebContent,0.0,0.7999420166015625,80,HIGH,Suspicious process behavior detected.
2026-09-15 11:26:06,932,com.apple.WebKit.WebContent,0.1,0.3833770751953125,80,HIGH,Suspicious process behavior detected.
2026-09-15 11:26:06,957,Google Chrome,9.8,2.1493911743164062,80,HIGH,Suspicious process behavior detected.
2026-09-15 11:26:06,963,Google Chrome Helper,16.3,1.0004043579101562,80,HIGH,Suspicious process behavior detected.
2026-09-15 11:26:06,964,Google Chrome Helper,0.7,0.714874267578125,80,HIGH,Suspicious process behavior detected.
2026-09-15 11:26:07,2641,Google Chrome Helper (Renderer),0.0,0.5460739135742188,80,HIGH,Suspicious process behavior detected.
2026-09-15 11:26:07,2672,Google Chrome Helper (Renderer),17.8,7.178688049316406,80,HIGH,Suspicious process behavior detected.
2026-09-15 11:26:07,2826,Code,0.0,1.5748977661132812,80,HIGH,Suspicious process behavior detected.
2026-09-15 11:26:07,2833,Code Helper,0.3,0.85296630859375,80,HIGH,Suspicious process behavior detected.
2026-09-15 11:26:07,2835,Code Helper (Renderer),0.3,3.6434173583984375,80,HIGH,Suspicious process behavior detected.
2026-09-15 11:26:07,2913,Code Helper,0.6,0.5725860595703125,80,HIGH,Suspicious process behavior detected.
2026-09-15 11:26:07,3033,Code Helper,0.1,0.31185150146484375,80,HIGH,Suspicious process behavior detected.
2026-09-15 11:26:07,3034,Code Helper (Plugin),0.2,0.7604598999023438,80,HIGH,Suspicious process behavior detected.
2026-09-15 11:26:07,4194,Code Helper (Plugin),0.0,0.7654190063476562,80,HIGH,Suspicious process behavior detected.
2026-09-15 11:26:07,8323,Google Chrome Helper (Renderer),0.0,0.5704879760742188,80,HIGH,Suspicious process behavior detected.
2026-09-15 11:26:07,13781,Google Chrome Helper (Renderer),0.0,1.0038375854492188,80,HIGH,Suspicious process behavior detected.
2026-09-15 11:26:07,13795,com.apple.appkit.xpc.openAndSavePanelService,0.1,0.255584716796875,80,HIGH,Suspicious process behavior detected.
2026-09-15 11:26:07,15256,Code Helper (Renderer),0.0,0.89569091796875,80,HIGH,Suspicious process behavior detected.
2026-09-15 11:26:07,16276,python3.12,0.4,0.1750946044921875,80,HIGH,Suspicious process behavior detected.
2026-09-15 11:26:07,16597,python3.12,41.7,0.8775711059570312,80,HIGH,Suspicious process behavior detected.
2026-09-15 11:26:07,16631,ServiceExtension,0.1,0.5659103393554688,80,HIGH,Suspicious process behavior detected.
2026-09-15 11:26:13,553,WindowManager,1.2,0.19359588623046875,80,HIGH,Suspicious process behavior detected.
2026-09-15 11:26:13,560,ControlCenter,0.3,0.360107421875,80,HIGH,Suspicious process behavior detected.
2026-09-15 11:26:13,568,AXVisualSupportAgent,1.4,0.1529693603515625,80,HIGH,Suspicious process behavior detected.
2026-09-15 11:26:13,608,ViewBridgeAuxiliary,0.2,0.06656646728515625,80,HIGH,Suspicious process behavior detected.
2026-09-15 11:26:13,686,TextInputMenuAgent,0.2,0.10700225830078125,80,HIGH,Suspicious process behavior detected.
2026-09-15 11:26:13,714,CursorUIViewService,1.5,0.09307861328125,80,HIGH,Suspicious process behavior detected.
2026-09-15 11:26:13,716,PAH_Extension,0.2,0.075531005859375,80,HIGH,Suspicious process behavior detected.
2026-09-15 11:26:13,730,Spotify,0.2,1.1224746704101562,80,HIGH,Suspicious process behavior detected.
2026-09-15 11:26:13,755,Grammarly Desktop,1.2,0.5197525024414062,80,HIGH,Suspicious process behavior detected.
2026-09-15 11:26:13,768,Spotify Helper (Renderer),0.0,0.7715225219726562,80,HIGH,Suspicious process behavior detected.
2026-09-15 11:26:13,913,app_inkwell,3.2,0.27618408203125,80,HIGH,Suspicious process behavior detected.
2026-09-15 11:26:13,916,com.apple.WebKit.WebContent,0.0,0.7976531982421875,80,HIGH,Suspicious process behavior detected.
2026-09-15 11:26:13,930,com.apple.WebKit.WebContent,0.6,0.8098602294921875,80,HIGH,Suspicious process behavior detected.
2026-09-15 11:26:13,931,com.apple.WebKit.WebContent,3.4,1.2195587158203125,80,HIGH,Suspicious process behavior detected.
2026-09-15 11:26:13,932,com.apple.WebKit.WebContent,0.1,0.38909912109375,80,HIGH,Suspicious process behavior detected.
2026-09-15 11:26:13,957,Google Chrome,4.6,2.1610260009765625,80,HIGH,Suspicious process behavior detected.
2026-09-15 11:26:13,963,Google Chrome Helper,1.8,0.9706497192382812,80,HIGH,Suspicious process behavior detected.
2026-09-15 11:26:13,964,Google Chrome Helper,0.4,0.7175445556640625,80,HIGH,Suspicious process behavior detected.
2026-09-15 11:26:13,2641,Google Chrome Helper (Renderer),0.0,0.5460739135742188,80,HIGH,Suspicious process behavior detected.
2026-09-15 11:26:13,2672,Google Chrome Helper (Renderer),78.8,7.282066345214844,90,HIGH,Suspicious process behavior detected.
2026-09-15 11:26:13,2826,Code,0.6,1.470184326171875,80,HIGH,Suspicious process behavior detected.
2026-09-15 11:26:13,2833,Code Helper,1.1,0.8481979370117188,80,HIGH,Suspicious process behavior detected.
2026-09-15 11:26:13,2835,Code Helper (Renderer),0.5,3.6600112915039062,80,HIGH,Suspicious process behavior detected.
2026-09-15 11:26:13,2852,Code Helper,0.1,0.46062469482421875,80,HIGH,Suspicious process behavior detected.
2026-09-15 11:26:13,2913,Code Helper,0.4,0.5800247192382812,80,HIGH,Suspicious process behavior detected.
2026-09-15 11:26:13,3033,Code Helper,0.2,0.31147003173828125,80,HIGH,Suspicious process behavior detected.
2026-09-15 11:26:13,3034,Code Helper (Plugin),0.2,0.762939453125,80,HIGH,Suspicious process behavior detected.
2026-09-15 11:26:13,4194,Code Helper (Plugin),0.1,0.7568359375,80,HIGH,Suspicious process behavior detected.
2026-09-15 11:26:13,8323,Google Chrome Helper (Renderer),0.1,0.576019287109375,80,HIGH,Suspicious process behavior detected.
2026-09-15 11:26:13,9049,tccd,1.7,0.09975433349609375,80,HIGH,Suspicious process behavior detected.
2026-09-15 11:26:14,13781,Google Chrome Helper (Renderer),0.0,1.0038375854492188,80,HIGH,Suspicious process behavior detected.
2026-09-15 11:26:14,14603,siriactionsd,0.2,0.1392364501953125,80,HIGH,Suspicious process behavior detected.
2026-09-15 11:26:14,15256,Code Helper (Renderer),0.1,0.9000778198242188,80,HIGH,Suspicious process behavior detected.
2026-09-15 11:26:14,15313,screencaptureui,0.7,0.21152496337890625,80,HIGH,Suspicious process behavior detected.
2026-09-15 11:26:14,16597,python3.12,44.4,0.8813858032226562,80,HIGH,Suspicious process behavior detected.
2026-09-15 11:26:14,16631,ServiceExtension,0.0,0.566864013671875,80,HIGH,Suspicious process behavior detected.
2026-09-15 11:26:20,560,ControlCenter,2.8,0.5281448364257812,80,HIGH,Suspicious process behavior detected.
2026-09-15 11:26:20,564,Finder,0.1,0.29926300048828125,80,HIGH,Suspicious process behavior detected.
2026-09-15 11:26:20,568,AXVisualSupportAgent,0.1,0.1346588134765625,80,HIGH,Suspicious process behavior detected.
2026-09-15 11:26:20,615,corespeechd,6.0,0.3093719482421875,80,HIGH,Suspicious process behavior detected.
2026-09-15 11:26:20,730,Spotify,0.1,0.6662368774414062,80,HIGH,Suspicious process behavior detected.
2026-09-15 11:26:20,755,Grammarly Desktop,0.3,0.4405975341796875,80,HIGH,Suspicious process behavior detected.
2026-09-15 11:26:20,916,com.apple.WebKit.WebContent,0.1,0.3665924072265625,80,HIGH,Suspicious process behavior detected.
2026-09-15 11:26:20,919,com.apple.WebKit.Networking,0.4,0.13408660888671875,80,HIGH,Suspicious process behavior detected.
2026-09-15 11:26:20,931,com.apple.WebKit.WebContent,0.0,0.9717941284179688,80,HIGH,Suspicious process behavior detected.
2026-09-15 11:26:20,957,Google Chrome,1.2,2.2083282470703125,80,HIGH,Suspicious process behavior detected.
2026-09-15 11:26:20,963,Google Chrome Helper,16.9,0.8852005004882812,80,HIGH,Suspicious process behavior detected.
2026-09-15 11:26:20,964,Google Chrome Helper,0.0,0.5815505981445312,80,HIGH,Suspicious process behavior detected.
2026-09-15 11:26:20,1015,Google Chrome Helper,7.7,0.3292083740234375,80,HIGH,Suspicious process behavior detected.
2026-09-15 11:26:20,2641,Google Chrome Helper (Renderer),0.0,0.499725341796875,80,HIGH,Suspicious process behavior detected.
2026-09-15 11:26:20,2672,Google Chrome Helper (Renderer),62.9,10.117340087890625,90,HIGH,Suspicious process behavior detected.
2026-09-15 11:26:20,2826,Code,4.0,1.287841796875,80,HIGH,Suspicious process behavior detected.
2026-09-15 11:26:20,2833,Code Helper,2.0,0.7631301879882812,80,HIGH,Suspicious process behavior detected.
2026-09-15 11:26:20,2834,Code Helper,0.2,0.32939910888671875,80,HIGH,Suspicious process behavior detected.
2026-09-15 11:26:20,2835,Code Helper (Renderer),1.4,3.4423828125,80,HIGH,Suspicious process behavior detected.
2026-09-15 11:26:20,2913,Code Helper,1.7,0.521087646484375,80,HIGH,Suspicious process behavior detected.
2026-09-15 11:26:20,3033,Code Helper,0.1,0.30670166015625,80,HIGH,Suspicious process behavior detected.
2026-09-15 11:26:20,3034,Code Helper (Plugin),0.4,0.685882568359375,80,HIGH,Suspicious process behavior detected.
2026-09-15 11:26:20,4194,Code Helper (Plugin),0.0,0.6183624267578125,80,HIGH,Suspicious process behavior detected.
2026-09-15 11:26:20,8323,Google Chrome Helper (Renderer),0.0,0.5575180053710938,80,HIGH,Suspicious process behavior detected.
2026-09-15 11:26:20,8666,Google Chrome Helper (Renderer),0.1,0.14858245849609375,80,HIGH,Suspicious process behavior detected.
2026-09-15 11:26:21,13781,Google Chrome Helper (Renderer),0.0,0.7587432861328125,80,HIGH,Suspicious process behavior detected.
2026-09-15 11:26:21,15256,Code Helper (Renderer),0.4,0.88958740234375,80,HIGH,Suspicious process behavior detected.
2026-09-15 11:26:21,16276,python3.12,0.1,0.16307830810546875,80,HIGH,Suspicious process behavior detected.
2026-09-15 11:26:21,16597,python3.12,42.4,0.5510330200195312,80,HIGH,Suspicious process behavior detected.
2026-09-15 11:26:21,16631,ServiceExtension,0.0,0.5550384521484375,80,HIGH,Suspicious process behavior detected.
2026-09-15 11:26:21,16689,mdworker_shared,0.1,0.20599365234375,80,HIGH,Suspicious process behavior detected.
2026-09-15 11:26:21,17022,mdworker_shared,0.1,0.19245147705078125,80,HIGH,Suspicious process behavior detected.
2026-09-15 11:26:27,543,distnoted,0.1,0.04787445068359375,80,HIGH,Suspicious process behavior detected.
2026-09-15 11:26:27,560,ControlCenter,0.3,0.5300521850585938,80,HIGH,Suspicious process behavior detected.
2026-09-15 11:26:27,568,AXVisualSupportAgent,0.1,0.12645721435546875,80,HIGH,Suspicious process behavior detected.
2026-09-15 11:26:27,615,corespeechd,6.2,0.30994415283203125,80,HIGH,Suspicious process behavior detected.
2026-09-15 11:26:27,717,OneDrive,0.2,0.36678314208984375,80,HIGH,Suspicious process behavior detected.
2026-09-15 11:26:27,730,Spotify,0.2,0.9519577026367188,80,HIGH,Suspicious process behavior detected.
2026-09-15 11:26:27,755,Grammarly Desktop,0.4,0.452423095703125,80,HIGH,Suspicious process behavior detected.
2026-09-15 11:26:27,768,Spotify Helper (Renderer),0.0,0.6639480590820312,80,HIGH,Suspicious process behavior detected.
2026-09-15 11:26:27,931,com.apple.WebKit.WebContent,0.0,0.9714126586914062,80,HIGH,Suspicious process behavior detected.
2026-09-15 11:26:27,957,Google Chrome,1.2,2.2542953491210938,80,HIGH,Suspicious process behavior detected.
2026-09-15 11:26:27,963,Google Chrome Helper,15.7,0.8775711059570312,80,HIGH,Suspicious process behavior detected.
2026-09-15 11:26:27,964,Google Chrome Helper,0.0,0.5847930908203125,80,HIGH,Suspicious process behavior detected.
2026-09-15 11:26:27,1015,Google Chrome Helper,7.1,0.33111572265625,80,HIGH,Suspicious process behavior detected.
2026-09-15 11:26:27,2641,Google Chrome Helper (Renderer),0.0,0.5399703979492188,80,HIGH,Suspicious process behavior detected.
2026-09-15 11:26:27,2672,Google Chrome Helper (Renderer),87.0,7.8582763671875,90,HIGH,Suspicious process behavior detected.
2026-09-15 11:26:27,2826,Code,0.5,1.3965606689453125,80,HIGH,Suspicious process behavior detected.
2026-09-15 11:26:27,2833,Code Helper,0.7,0.8302688598632812,80,HIGH,Suspicious process behavior detected.
2026-09-15 11:26:27,2835,Code Helper (Renderer),0.7,3.5831451416015625,80,HIGH,Suspicious process behavior detected.
2026-09-15 11:26:27,2878,Code Helper,0.1,0.25691986083984375,80,HIGH,Suspicious process behavior detected.
2026-09-15 11:26:27,2913,Code Helper,0.8,0.6036758422851562,80,HIGH,Suspicious process behavior detected.
2026-09-15 11:26:27,3033,Code Helper,0.1,0.30803680419921875,80,HIGH,Suspicious process behavior detected.
2026-09-15 11:26:27,3034,Code Helper (Plugin),0.2,0.6969451904296875,80,HIGH,Suspicious process behavior detected.
2026-09-15 11:26:27,4194,Code Helper (Plugin),0.0,0.6256103515625,80,HIGH,Suspicious process behavior detected.
2026-09-15 11:26:27,8323,Google Chrome Helper (Renderer),0.0,0.5586624145507812,80,HIGH,Suspicious process behavior detected.
2026-09-15 11:26:27,8410,routined,0.7,0.1132965087890625,80,HIGH,Suspicious process behavior detected.
2026-09-15 11:26:27,13781,Google Chrome Helper (Renderer),0.1,0.7587432861328125,80,HIGH,Suspicious process behavior detected.
2026-09-15 11:26:28,15256,Code Helper (Renderer),0.1,0.899505615234375,80,HIGH,Suspicious process behavior detected.
2026-09-15 11:26:28,16276,python3.12,0.4,0.17185211181640625,80,HIGH,Suspicious process behavior detected.
2026-09-15 11:26:28,16597,python3.12,42.3,0.858306884765625,80,HIGH,Suspicious process behavior detected.
2026-09-15 11:26:28,16631,ServiceExtension,0.0,0.5558013916015625,80,HIGH,Suspicious process behavior detected.
2026-09-15 11:26:34,560,ControlCenter,2.0,0.46749114990234375,80,HIGH,Suspicious process behavior detected.
2026-09-15 11:26:34,564,Finder,0.1,0.305938720703125,80,HIGH,Suspicious process behavior detected.
2026-09-15 11:26:34,568,AXVisualSupportAgent,0.2,0.1483917236328125,80,HIGH,Suspicious process behavior detected.
2026-09-15 11:26:34,587,com.apple.hiservices-xpcservice,0.2,0.03795623779296875,80,HIGH,Suspicious process behavior detected.
2026-09-15 11:26:34,730,Spotify,0.2,0.9368896484375,80,HIGH,Suspicious process behavior detected.
2026-09-15 11:26:34,747,Spotify Helper,0.1,0.1476287841796875,80,HIGH,Suspicious process behavior detected.
2026-09-15 11:26:34,755,Grammarly Desktop,4.9,0.8249282836914062,80,HIGH,Suspicious process behavior detected.
2026-09-15 11:26:34,776,com.apple.WebKit.Networking,0.6,0.1873016357421875,80,HIGH,Suspicious process behavior detected.
2026-09-15 11:26:34,913,app_inkwell,3.2,0.31795501708984375,80,HIGH,Suspicious process behavior detected.
2026-09-15 11:26:34,916,com.apple.WebKit.WebContent,36.8,1.9762039184570312,80,HIGH,Suspicious process behavior detected.
2026-09-15 11:26:34,919,com.apple.WebKit.Networking,37.4,0.2651214599609375,80,HIGH,Suspicious process behavior detected.
2026-09-15 11:26:34,930,com.apple.WebKit.WebContent,0.3,0.46329498291015625,80,HIGH,Suspicious process behavior detected.
2026-09-15 11:26:34,931,com.apple.WebKit.WebContent,0.4,0.8085250854492188,80,HIGH,Suspicious process behavior detected.
2026-09-15 11:26:34,932,com.apple.WebKit.WebContent,3.2,1.1203765869140625,80,HIGH,Suspicious process behavior detected.
2026-09-15 11:26:34,957,Google Chrome,6.6,2.1305084228515625,80,HIGH,Suspicious process behavior detected.
2026-09-15 11:26:34,963,Google Chrome Helper,2.3,0.8470535278320312,80,HIGH,Suspicious process behavior detected.
2026-09-15 11:26:34,964,Google Chrome Helper,0.9,0.5289077758789062,80,HIGH,Suspicious process behavior detected.
2026-09-15 11:26:34,966,Google Chrome Helper,0.1,0.15869140625,80,HIGH,Suspicious process behavior detected.
2026-09-15 11:26:34,2095,com.apple.WebKit.WebContent,0.4,0.6008148193359375,80,HIGH,Suspicious process behavior detected.
2026-09-15 11:26:34,2096,com.apple.WebKit.WebContent,0.3,0.9128570556640625,80,HIGH,Suspicious process behavior detected.
2026-09-15 11:26:34,2641,Google Chrome Helper (Renderer),0.0,0.49495697021484375,80,HIGH,Suspicious process behavior detected.
2026-09-15 11:26:34,2672,Google Chrome Helper (Renderer),16.2,4.506683349609375,80,HIGH,Suspicious process behavior detected.
2026-09-15 11:26:34,2826,Code,0.9,1.1777877807617188,80,HIGH,Suspicious process behavior detected.
2026-09-15 11:26:34,2833,Code Helper,2.0,0.7982254028320312,80,HIGH,Suspicious process behavior detected.
2026-09-15 11:26:34,2835,Code Helper (Renderer),1.0,3.37371826171875,80,HIGH,Suspicious process behavior detected.
2026-09-15 11:26:34,2852,Code Helper,0.1,0.4230499267578125,80,HIGH,Suspicious process behavior detected.
2026-09-15 11:26:34,2913,Code Helper,0.3,0.5113601684570312,80,HIGH,Suspicious process behavior detected.
2026-09-15 11:26:34,3033,Code Helper,0.1,0.293731689453125,80,HIGH,Suspicious process behavior detected.
2026-09-15 11:26:34,3034,Code Helper (Plugin),0.2,0.6496429443359375,80,HIGH,Suspicious process behavior detected.
2026-09-15 11:26:34,4194,Code Helper (Plugin),0.0,0.6031036376953125,80,HIGH,Suspicious process behavior detected.
2026-09-15 11:26:34,8323,Google Chrome Helper (Renderer),0.1,0.5556106567382812,80,HIGH,Suspicious process behavior detected.
2026-09-15 11:26:34,8324,Google Chrome Helper (Renderer),0.1,0.4520416259765625,80,HIGH,Suspicious process behavior detected.
2026-09-15 11:26:34,8325,Google Chrome Helper (Renderer),0.1,0.29430389404296875,80,HIGH,Suspicious process behavior detected.
2026-09-15 11:26:34,8328,Google Chrome Helper (Renderer),0.1,0.3551483154296875,80,HIGH,Suspicious process behavior detected.
2026-09-15 11:26:34,9681,AppleSpell,0.3,0.14133453369140625,80,HIGH,Suspicious process behavior detected.
2026-09-15 11:26:34,13781,Google Chrome Helper (Renderer),0.0,0.9410858154296875,80,HIGH,Suspicious process behavior detected.
2026-09-15 11:26:34,13795,com.apple.appkit.xpc.openAndSavePanelService,0.1,0.2716064453125,80,HIGH,Suspicious process behavior detected.
2026-09-15 11:26:34,14397,Siri,0.3,0.15354156494140625,80,HIGH,Suspicious process behavior detected.
2026-09-15 11:26:34,14505,SiriNCService,0.1,0.1537322998046875,80,HIGH,Suspicious process behavior detected.
2026-09-15 11:26:34,15256,Code Helper (Renderer),0.5,0.8502960205078125,80,HIGH,Suspicious process behavior detected.
2026-09-15 11:26:34,16597,python3.12,43.4,0.5344390869140625,80,HIGH,Suspicious process behavior detected.
2026-09-15 11:26:34,16631,ServiceExtension,0.1,0.52032470703125,80,HIGH,Suspicious process behavior detected.
2026-09-15 11:26:34,17075,mdworker_shared,0.2,0.17375946044921875,80,HIGH,Suspicious process behavior detected.
2026-09-15 11:26:34,17076,com.apple.WebKit.WebContent,1.4,0.9119033813476562,80,HIGH,Suspicious process behavior detected.
2026-09-15 11:26:34,17079,com.apple.WebKit.WebContent,0.1,0.29964447021484375,80,HIGH,Suspicious process behavior detected.
2026-09-15 11:26:41,560,ControlCenter,2.2,0.4192352294921875,80,HIGH,Suspicious process behavior detected.
2026-09-15 11:26:41,568,AXVisualSupportAgent,0.1,0.13637542724609375,80,HIGH,Suspicious process behavior detected.
2026-09-15 11:26:41,587,com.apple.hiservices-xpcservice,0.1,0.042724609375,80,HIGH,Suspicious process behavior detected.
2026-09-15 11:26:41,602,fileproviderd,0.2,0.13942718505859375,80,HIGH,Suspicious process behavior detected.
2026-09-15 11:26:41,608,ViewBridgeAuxiliary,0.1,0.08029937744140625,80,HIGH,Suspicious process behavior detected.
2026-09-15 11:26:41,730,Spotify,0.2,0.9258270263671875,80,HIGH,Suspicious process behavior detected.
2026-09-15 11:26:41,755,Grammarly Desktop,4.9,0.7801055908203125,80,HIGH,Suspicious process behavior detected.
2026-09-15 11:26:41,913,app_inkwell,3.7,0.30689239501953125,80,HIGH,Suspicious process behavior detected.
2026-09-15 11:26:41,916,com.apple.WebKit.WebContent,48.5,2.8661727905273438,80,HIGH,Suspicious process behavior detected.
2026-09-15 11:26:41,919,com.apple.WebKit.Networking,50.1,0.23517608642578125,90,HIGH,Suspicious process behavior detected.
2026-09-15 11:26:41,930,com.apple.WebKit.WebContent,0.7,0.20694732666015625,80,HIGH,Suspicious process behavior detected.
2026-09-15 11:26:41,931,com.apple.WebKit.WebContent,0.7,0.278472900390625,80,HIGH,Suspicious process behavior detected.
2026-09-15 11:26:41,932,com.apple.WebKit.WebContent,4.5,0.9515762329101562,80,HIGH,Suspicious process behavior detected.
2026-09-15 11:26:41,957,Google Chrome,5.7,2.0814895629882812,80,HIGH,Suspicious process behavior detected.
2026-09-15 11:26:41,963,Google Chrome Helper,1.9,0.8365631103515625,80,HIGH,Suspicious process behavior detected.
2026-09-15 11:26:41,964,Google Chrome Helper,0.5,0.6395339965820312,80,HIGH,Suspicious process behavior detected.
2026-09-15 11:26:41,2095,com.apple.WebKit.WebContent,0.7,0.35991668701171875,80,HIGH,Suspicious process behavior detected.
2026-09-15 11:26:41,2096,com.apple.WebKit.WebContent,0.7,0.52337646484375,80,HIGH,Suspicious process behavior detected.
2026-09-15 11:26:41,2641,Google Chrome Helper (Renderer),0.0,0.499725341796875,80,HIGH,Suspicious process behavior detected.
2026-09-15 11:26:41,2672,Google Chrome Helper (Renderer),8.1,6.937408447265625,80,HIGH,Suspicious process behavior detected.
2026-09-15 11:26:41,2826,Code,0.1,1.3729095458984375,80,HIGH,Suspicious process behavior detected.
2026-09-15 11:26:41,2833,Code Helper,0.2,0.8327484130859375,80,HIGH,Suspicious process behavior detected.
2026-09-15 11:26:41,2835,Code Helper (Renderer),0.5,3.5131454467773438,80,HIGH,Suspicious process behavior detected.
2026-09-15 11:26:41,2852,Code Helper,0.0,0.4825592041015625,80,HIGH,Suspicious process behavior detected.
2026-09-15 11:26:41,2913,Code Helper,0.6,0.5327224731445312,80,HIGH,Suspicious process behavior detected.
2026-09-15 11:26:41,3033,Code Helper,0.2,0.31261444091796875,80,HIGH,Suspicious process behavior detected.
2026-09-15 11:26:41,3034,Code Helper (Plugin),0.2,0.7251739501953125,80,HIGH,Suspicious process behavior detected.
2026-09-15 11:26:41,4194,Code Helper (Plugin),0.1,0.6151199340820312,80,HIGH,Suspicious process behavior detected.
2026-09-15 11:26:41,8323,Google Chrome Helper (Renderer),0.1,0.5023956298828125,80,HIGH,Suspicious process behavior detected.
2026-09-15 11:26:41,8325,Google Chrome Helper (Renderer),0.1,0.3032684326171875,80,HIGH,Suspicious process behavior detected.
2026-09-15 11:26:41,13781,Google Chrome Helper (Renderer),0.0,0.7869720458984375,80,HIGH,Suspicious process behavior detected.
2026-09-15 11:26:41,13795,com.apple.appkit.xpc.openAndSavePanelService,0.1,0.25653839111328125,80,HIGH,Suspicious process behavior detected.
2026-09-15 11:26:41,14397,Siri,0.3,0.16498565673828125,80,HIGH,Suspicious process behavior detected.
2026-09-15 11:26:41,14505,SiriNCService,0.1,0.15411376953125,80,HIGH,Suspicious process behavior detected.
2026-09-15 11:26:41,15256,Code Helper (Renderer),0.1,0.89569091796875,80,HIGH,Suspicious process behavior detected.
2026-09-15 11:26:41,16276,python3.12,0.3,0.1590728759765625,80,HIGH,Suspicious process behavior detected.
2026-09-15 11:26:41,16597,python3.12,44.9,0.8607864379882812,80,HIGH,Suspicious process behavior detected.
2026-09-15 11:26:41,16631,ServiceExtension,0.0,0.5407333374023438,80,HIGH,Suspicious process behavior detected.
2026-09-15 11:26:41,16689,mdworker_shared,0.1,0.20160675048828125,80,HIGH,Suspicious process behavior detected.
2026-09-15 11:26:41,17075,mdworker_shared,0.1,0.191497802734375,80,HIGH,Suspicious process behavior detected.
2026-09-15 11:26:42,17076,com.apple.WebKit.WebContent,0.0,0.7177352905273438,80,HIGH,Suspicious process behavior detected.
2026-09-15 11:26:48,560,ControlCenter,0.4,0.41675567626953125,80,HIGH,Suspicious process behavior detected.
2026-09-15 11:26:48,568,AXVisualSupportAgent,0.1,0.13275146484375,80,HIGH,Suspicious process behavior detected.
2026-09-15 11:26:48,587,com.apple.hiservices-xpcservice,0.1,0.04215240478515625,80,HIGH,Suspicious process behavior detected.
2026-09-15 11:26:48,730,Spotify,0.1,0.9397506713867188,80,HIGH,Suspicious process behavior detected.
2026-09-15 11:26:48,755,Grammarly Desktop,3.0,0.7795333862304688,80,HIGH,Suspicious process behavior detected.
2026-09-15 11:26:48,913,app_inkwell,2.7,0.3116607666015625,80,HIGH,Suspicious process behavior detected.
2026-09-15 11:26:48,916,com.apple.WebKit.WebContent,33.5,2.9882431030273438,80,HIGH,Suspicious process behavior detected.
2026-09-15 11:26:48,919,com.apple.WebKit.Networking,35.4,0.24318695068359375,80,HIGH,Suspicious process behavior detected.
2026-09-15 11:26:48,930,com.apple.WebKit.WebContent,0.3,0.33779144287109375,80,HIGH,Suspicious process behavior detected.
2026-09-15 11:26:48,931,com.apple.WebKit.WebContent,0.3,0.43888092041015625,80,HIGH,Suspicious process behavior detected.
2026-09-15 11:26:48,932,com.apple.WebKit.WebContent,3.5,0.8798599243164062,80,HIGH,Suspicious process behavior detected.
2026-09-15 11:26:48,957,Google Chrome,5.7,2.1366119384765625,80,HIGH,Suspicious process behavior detected.
2026-09-15 11:26:48,963,Google Chrome Helper,1.8,0.8398056030273438,80,HIGH,Suspicious process behavior detected.
2026-09-15 11:26:48,964,Google Chrome Helper,0.1,0.6731033325195312,80,HIGH,Suspicious process behavior detected.
2026-09-15 11:26:48,1015,Google Chrome Helper,0.1,0.29888153076171875,80,HIGH,Suspicious process behavior detected.
2026-09-15 11:26:48,2095,com.apple.WebKit.WebContent,0.3,0.5121231079101562,80,HIGH,Suspicious process behavior detected.
2026-09-15 11:26:48,2096,com.apple.WebKit.WebContent,0.3,0.4444122314453125,80,HIGH,Suspicious process behavior detected.
2026-09-15 11:26:48,2641,Google Chrome Helper (Renderer),0.0,0.499725341796875,80,HIGH,Suspicious process behavior detected.
2026-09-15 11:26:48,2672,Google Chrome Helper (Renderer),5.8,7.026481628417969,80,HIGH,Suspicious process behavior detected.
2026-09-15 11:26:48,2826,Code,3.2,1.3324737548828125,80,HIGH,Suspicious process behavior detected.
2026-09-15 11:26:48,2833,Code Helper,1.6,0.8289337158203125,80,HIGH,Suspicious process behavior detected.
2026-09-15 11:26:48,2835,Code Helper (Renderer),39.1,3.363800048828125,80,HIGH,Suspicious process behavior detected.
2026-09-15 11:26:48,2852,Code Helper,0.0,0.4825592041015625,80,HIGH,Suspicious process behavior detected.
2026-09-15 11:26:48,2913,Code Helper,0.3,0.5697250366210938,80,HIGH,Suspicious process behavior detected.
2026-09-15 11:26:48,3033,Code Helper,0.1,0.31337738037109375,80,HIGH,Suspicious process behavior detected.
2026-09-15 11:26:48,3034,Code Helper (Plugin),0.1,0.71868896484375,80,HIGH,Suspicious process behavior detected.
2026-09-15 11:26:48,4194,Code Helper (Plugin),0.0,0.7272720336914062,80,HIGH,Suspicious process behavior detected.
2026-09-15 11:26:48,8323,Google Chrome Helper (Renderer),0.0,0.504302978515625,80,HIGH,Suspicious process behavior detected.
2026-09-15 11:26:48,8325,Google Chrome Helper (Renderer),0.1,0.308990478515625,80,HIGH,Suspicious process behavior detected.
2026-09-15 11:26:48,9909,com.apple.geod,0.1,0.07610321044921875,80,HIGH,Suspicious process behavior detected.
2026-09-15 11:26:48,13781,Google Chrome Helper (Renderer),0.0,0.788116455078125,80,HIGH,Suspicious process behavior detected.
2026-09-15 11:26:48,14397,Siri,0.1,0.1628875732421875,80,HIGH,Suspicious process behavior detected.
2026-09-15 11:26:48,15256,Code Helper (Renderer),0.2,0.9002685546875,80,HIGH,Suspicious process behavior detected.
2026-09-15 11:26:48,16276,python3.12,0.7,0.16574859619140625,80,HIGH,Suspicious process behavior detected.
2026-09-15 11:26:48,16445,python3.12,0.6,0.15468597412109375,80,HIGH,Suspicious process behavior detected.
2026-09-15 11:26:48,16597,python3.12,42.2,0.8739471435546875,80,HIGH,Suspicious process behavior detected.
2026-09-15 11:26:48,16631,ServiceExtension,0.0,0.5619049072265625,80,HIGH,Suspicious process behavior detected.
2026-09-15 11:26:48,17076,com.apple.WebKit.WebContent,0.0,0.6929397583007812,80,HIGH,Suspicious process behavior detected.
2026-09-15 11:26:54,544,cfprefsd,0.6,0.03566741943359375,80,HIGH,Suspicious process behavior detected.
2026-09-15 11:26:54,549,UserEventAgent,0.8,0.0789642333984375,80,HIGH,Suspicious process behavior detected.
2026-09-15 11:26:54,560,ControlCenter,0.2,0.433349609375,80,HIGH,Suspicious process behavior detected.
2026-09-15 11:26:54,564,Finder,0.2,0.2773284912109375,80,HIGH,Suspicious process behavior detected.
2026-09-15 11:26:54,575,rapportd,0.5,0.1232147216796875,80,HIGH,Suspicious process behavior detected.
2026-09-15 11:26:54,587,com.apple.hiservices-xpcservice,0.2,0.042724609375,80,HIGH,Suspicious process behavior detected.
2026-09-15 11:26:54,608,ViewBridgeAuxiliary,0.1,0.080108642578125,80,HIGH,Suspicious process behavior detected.
2026-09-15 11:26:54,616,assistantd,0.1,0.1529693603515625,80,HIGH,Suspicious process behavior detected.
2026-09-15 11:26:55,722,duetexpertd,0.4,0.19817352294921875,80,HIGH,Suspicious process behavior detected.
2026-09-15 11:26:55,730,Spotify,0.1,0.736236572265625,80,HIGH,Suspicious process behavior detected.
2026-09-15 11:26:55,733,homed,1.0,0.101470947265625,80,HIGH,Suspicious process behavior detected.
2026-09-15 11:26:55,755,Grammarly Desktop,5.2,0.7604598999023438,80,HIGH,Suspicious process behavior detected.
2026-09-15 11:26:55,913,app_inkwell,4.3,0.30460357666015625,80,HIGH,Suspicious process behavior detected.
2026-09-15 11:26:55,916,com.apple.WebKit.WebContent,56.0,2.9397964477539062,90,HIGH,Suspicious process behavior detected.
2026-09-15 11:26:55,919,com.apple.WebKit.Networking,58.6,0.2162933349609375,90,HIGH,Suspicious process behavior detected.
2026-09-15 11:26:55,930,com.apple.WebKit.WebContent,0.4,0.32958984375,80,HIGH,Suspicious process behavior detected.
2026-09-15 11:26:55,931,com.apple.WebKit.WebContent,0.4,0.4405975341796875,80,HIGH,Suspicious process behavior detected.
2026-09-15 11:26:55,932,com.apple.WebKit.WebContent,5.3,1.2205123901367188,80,HIGH,Suspicious process behavior detected.
2026-09-15 11:26:55,957,Google Chrome,9.3,2.1280288696289062,80,HIGH,Suspicious process behavior detected.
2026-09-15 11:26:55,963,Google Chrome Helper,2.4,0.8356094360351562,80,HIGH,Suspicious process behavior detected.
2026-09-15 11:26:55,964,Google Chrome Helper,0.3,0.6975173950195312,80,HIGH,Suspicious process behavior detected.
2026-09-15 11:26:55,2095,com.apple.WebKit.WebContent,0.4,0.3902435302734375,80,HIGH,Suspicious process behavior detected.
2026-09-15 11:26:55,2096,com.apple.WebKit.WebContent,0.4,0.445556640625,80,HIGH,Suspicious process behavior detected.
2026-09-15 11:26:55,2641,Google Chrome Helper (Renderer),0.0,0.499725341796875,80,HIGH,Suspicious process behavior detected.
2026-09-15 11:26:55,2672,Google Chrome Helper (Renderer),9.6,6.969642639160156,80,HIGH,Suspicious process behavior detected.
2026-09-15 11:26:55,2826,Code,0.1,1.4612197875976562,80,HIGH,Suspicious process behavior detected.
2026-09-15 11:26:55,2833,Code Helper,0.1,0.823974609375,80,HIGH,Suspicious process behavior detected.
2026-09-15 11:26:55,2834,Code Helper,0.2,0.33740997314453125,80,HIGH,Suspicious process behavior detected.
2026-09-15 11:26:55,2835,Code Helper (Renderer),0.2,3.55224609375,80,HIGH,Suspicious process behavior detected.
2026-09-15 11:26:55,2852,Code Helper,0.0,0.482177734375,80,HIGH,Suspicious process behavior detected.
2026-09-15 11:26:55,2913,Code Helper,0.4,0.5666732788085938,80,HIGH,Suspicious process behavior detected.
2026-09-15 11:26:55,3033,Code Helper,0.1,0.31299591064453125,80,HIGH,Suspicious process behavior detected.
2026-09-15 11:26:55,3034,Code Helper (Plugin),0.1,0.7230758666992188,80,HIGH,Suspicious process behavior detected.
2026-09-15 11:26:55,4194,Code Helper (Plugin),0.0,0.7291793823242188,80,HIGH,Suspicious process behavior detected.
2026-09-15 11:26:55,8323,Google Chrome Helper (Renderer),0.1,0.5044937133789062,80,HIGH,Suspicious process behavior detected.
2026-09-15 11:26:55,8325,Google Chrome Helper (Renderer),0.1,0.30956268310546875,80,HIGH,Suspicious process behavior detected.
2026-09-15 11:26:55,8328,Google Chrome Helper (Renderer),0.1,0.36449432373046875,80,HIGH,Suspicious process behavior detected.
2026-09-15 11:26:55,9681,AppleSpell,0.1,0.1983642578125,80,HIGH,Suspicious process behavior detected.
2026-09-15 11:26:55,9682,keyboardservicesd,0.4,0.074005126953125,80,HIGH,Suspicious process behavior detected.
2026-09-15 11:26:55,13774,Google Chrome Helper (Renderer),0.1,0.43773651123046875,80,HIGH,Suspicious process behavior detected.
2026-09-15 11:26:55,13781,Google Chrome Helper (Renderer),0.0,0.788116455078125,80,HIGH,Suspicious process behavior detected.
2026-09-15 11:26:55,14397,Siri,0.4,0.16269683837890625,80,HIGH,Suspicious process behavior detected.
2026-09-15 11:26:55,14505,SiriNCService,0.1,0.14476776123046875,80,HIGH,Suspicious process behavior detected.
2026-09-15 11:26:55,15256,Code Helper (Renderer),0.2,0.8958816528320312,80,HIGH,Suspicious process behavior detected.
2026-09-15 11:26:55,16276,python3.12,0.5,0.1720428466796875,80,HIGH,Suspicious process behavior detected.
2026-09-15 11:26:55,16597,python3.12,45.1,0.8785247802734375,80,HIGH,Suspicious process behavior detected.
2026-09-15 11:26:55,16631,ServiceExtension,0.0,0.5575180053710938,80,HIGH,Suspicious process behavior detected.
2026-09-15 11:26:55,16689,mdworker_shared,0.1,0.20580291748046875,80,HIGH,Suspicious process behavior detected.
2026-09-15 11:26:55,17075,mdworker_shared,0.1,0.19550323486328125,80,HIGH,Suspicious process behavior detected.
2026-09-15 11:26:55,17076,com.apple.WebKit.WebContent,0.0,0.6633758544921875,80,HIGH,Suspicious process behavior detected.
2026-09-15 11:27:01,560,ControlCenter,0.4,0.395965576171875,80,HIGH,Suspicious process behavior detected.
2026-09-15 11:27:01,568,AXVisualSupportAgent,0.2,0.12226104736328125,80,HIGH,Suspicious process behavior detected.
2026-09-15 11:27:01,587,com.apple.hiservices-xpcservice,0.3,0.04215240478515625,80,HIGH,Suspicious process behavior detected.
2026-09-15 11:27:02,608,ViewBridgeAuxiliary,0.1,0.07648468017578125,80,HIGH,Suspicious process behavior detected.
2026-09-15 11:27:02,717,OneDrive,0.1,0.3063201904296875,80,HIGH,Suspicious process behavior detected.
2026-09-15 11:27:02,730,Spotify,0.3,0.867462158203125,80,HIGH,Suspicious process behavior detected.
2026-09-15 11:27:02,747,Spotify Helper,0.1,0.1689910888671875,80,HIGH,Suspicious process behavior detected.
2026-09-15 11:27:02,748,Spotify Helper,0.1,0.29544830322265625,80,HIGH,Suspicious process behavior detected.
2026-09-15 11:27:02,755,Grammarly Desktop,5.9,0.7184982299804688,80,HIGH,Suspicious process behavior detected.
2026-09-15 11:27:02,857,Grammarly Desktop Update Service,0.1,0.06427764892578125,80,HIGH,Suspicious process behavior detected.
2026-09-15 11:27:02,913,app_inkwell,5.1,0.30841827392578125,80,HIGH,Suspicious process behavior detected.
2026-09-15 11:27:02,916,com.apple.WebKit.WebContent,67.5,2.8276443481445312,90,HIGH,Suspicious process behavior detected.
2026-09-15 11:27:02,919,com.apple.WebKit.Networking,71.6,0.19054412841796875,90,HIGH,Suspicious process behavior detected.
2026-09-15 11:27:02,930,com.apple.WebKit.WebContent,0.5,0.3936767578125,80,HIGH,Suspicious process behavior detected.
2026-09-15 11:27:02,931,com.apple.WebKit.WebContent,0.5,0.27179718017578125,80,HIGH,Suspicious process behavior detected.
2026-09-15 11:27:02,932,com.apple.WebKit.WebContent,6.9,1.1610031127929688,80,HIGH,Suspicious process behavior detected.
2026-09-15 11:27:02,957,Google Chrome,11.0,2.1108627319335938,80,HIGH,Suspicious process behavior detected.
2026-09-15 11:27:02,963,Google Chrome Helper,3.6,0.8646011352539062,80,HIGH,Suspicious process behavior detected.
2026-09-15 11:27:02,964,Google Chrome Helper,0.5,0.5899429321289062,80,HIGH,Suspicious process behavior detected.
2026-09-15 11:27:02,2095,com.apple.WebKit.WebContent,0.5,0.507354736328125,80,HIGH,Suspicious process behavior detected.
2026-09-15 11:27:02,2096,com.apple.WebKit.WebContent,0.5,0.25653839111328125,80,HIGH,Suspicious process behavior detected.
2026-09-15 11:27:02,2641,Google Chrome Helper (Renderer),0.0,0.499725341796875,80,HIGH,Suspicious process behavior detected.
2026-09-15 11:27:02,2672,Google Chrome Helper (Renderer),11.7,6.801414489746094,80,HIGH,Suspicious process behavior detected.
2026-09-15 11:27:02,2826,Code,0.9,1.35955810546875,80,HIGH,Suspicious process behavior detected.
2026-09-15 11:27:02,2833,Code Helper,1.5,0.6681442260742188,80,HIGH,Suspicious process behavior detected.
2026-09-15 11:27:02,2835,Code Helper (Renderer),0.6,2.8932571411132812,80,HIGH,Suspicious process behavior detected.
2026-09-15 11:27:02,2913,Code Helper,0.3,0.5331039428710938,80,HIGH,Suspicious process behavior detected.
2026-09-15 11:27:02,3033,Code Helper,0.1,0.30307769775390625,80,HIGH,Suspicious process behavior detected.
2026-09-15 11:27:02,3034,Code Helper (Plugin),0.2,0.6864547729492188,80,HIGH,Suspicious process behavior detected.
2026-09-15 11:27:02,4194,Code Helper (Plugin),0.2,0.6145477294921875,80,HIGH,Suspicious process behavior detected.
2026-09-15 11:27:02,8323,Google Chrome Helper (Renderer),0.2,0.5708694458007812,80,HIGH,Suspicious process behavior detected.
2026-09-15 11:27:02,8324,Google Chrome Helper (Renderer),0.1,0.45833587646484375,80,HIGH,Suspicious process behavior detected.
2026-09-15 11:27:02,8325,Google Chrome Helper (Renderer),0.2,0.3070831298828125,80,HIGH,Suspicious process behavior detected.
2026-09-15 11:27:02,8328,Google Chrome Helper (Renderer),0.1,0.3559112548828125,80,HIGH,Suspicious process behavior detected.
2026-09-15 11:27:02,9681,AppleSpell,0.1,0.2124786376953125,80,HIGH,Suspicious process behavior detected.
2026-09-15 11:27:02,13781,Google Chrome Helper (Renderer),0.0,0.7577896118164062,80,HIGH,Suspicious process behavior detected.
2026-09-15 11:27:02,14397,Siri,0.5,0.162506103515625,80,HIGH,Suspicious process behavior detected.
2026-09-15 11:27:02,14505,SiriNCService,0.2,0.1438140869140625,80,HIGH,Suspicious process behavior detected.
2026-09-15 11:27:02,15256,Code Helper (Renderer),0.2,0.8945465087890625,80,HIGH,Suspicious process behavior detected.
2026-09-15 11:27:02,16597,python3.12,45.2,0.8487701416015625,80,HIGH,Suspicious process behavior detected.
2026-09-15 11:27:02,16631,ServiceExtension,0.0,0.5388259887695312,80,HIGH,Suspicious process behavior detected.
2026-09-15 11:27:02,16689,mdworker_shared,0.2,0.1827239990234375,80,HIGH,Suspicious process behavior detected.
2026-09-15 11:27:02,17075,mdworker_shared,0.1,0.20198822021484375,80,HIGH,Suspicious process behavior detected.
2026-09-15 11:27:08,560,ControlCenter,0.3,0.40111541748046875,80,HIGH,Suspicious process behavior detected.
2026-09-15 11:27:08,564,Finder,0.1,0.3093719482421875,80,HIGH,Suspicious process behavior detected.
2026-09-15 11:27:09,587,com.apple.hiservices-xpcservice,0.1,0.042724609375,80,HIGH,Suspicious process behavior detected.
2026-09-15 11:27:09,608,ViewBridgeAuxiliary,0.1,0.07648468017578125,80,HIGH,Suspicious process behavior detected.
2026-09-15 11:27:09,730,Spotify,0.2,0.9874343872070312,80,HIGH,Suspicious process behavior detected.
2026-09-15 11:27:09,748,Spotify Helper,0.2,0.278472900390625,80,HIGH,Suspicious process behavior detected.
2026-09-15 11:27:09,755,Grammarly Desktop,4.7,0.7226943969726562,80,HIGH,Suspicious process behavior detected.
2026-09-15 11:27:09,913,app_inkwell,3.0,0.3070831298828125,80,HIGH,Suspicious process behavior detected.
2026-09-15 11:27:09,916,com.apple.WebKit.WebContent,39.5,2.7772903442382812,80,HIGH,Suspicious process behavior detected.
2026-09-15 11:27:09,919,com.apple.WebKit.Networking,40.9,0.1811981201171875,80,HIGH,Suspicious process behavior detected.
2026-09-15 11:27:09,930,com.apple.WebKit.WebContent,0.3,0.395965576171875,80,HIGH,Suspicious process behavior detected.
2026-09-15 11:27:09,931,com.apple.WebKit.WebContent,0.3,0.28095245361328125,80,HIGH,Suspicious process behavior detected.
2026-09-15 11:27:09,932,com.apple.WebKit.WebContent,4.0,1.0036468505859375,80,HIGH,Suspicious process behavior detected.
2026-09-15 11:27:09,957,Google Chrome,6.4,2.272796630859375,80,HIGH,Suspicious process behavior detected.
2026-09-15 11:27:09,963,Google Chrome Helper,2.0,0.830841064453125,80,HIGH,Suspicious process behavior detected.
2026-09-15 11:27:09,964,Google Chrome Helper,0.7,0.5945205688476562,80,HIGH,Suspicious process behavior detected.
2026-09-15 11:27:09,2095,com.apple.WebKit.WebContent,0.4,0.48313140869140625,80,HIGH,Suspicious process behavior detected.
2026-09-15 11:27:09,2096,com.apple.WebKit.WebContent,0.3,0.27523040771484375,80,HIGH,Suspicious process behavior detected.
2026-09-15 11:27:09,2641,Google Chrome Helper (Renderer),0.0,0.499725341796875,80,HIGH,Suspicious process behavior detected.
2026-09-15 11:27:09,2672,Google Chrome Helper (Renderer),8.5,6.927680969238281,80,HIGH,Suspicious process behavior detected.
2026-09-15 11:27:09,2826,Code,0.1,1.3593673706054688,80,HIGH,Suspicious process behavior detected.
2026-09-15 11:27:09,2833,Code Helper,0.2,0.81329345703125,80,HIGH,Suspicious process behavior detected.
2026-09-15 11:27:09,2835,Code Helper (Renderer),0.8,3.4891128540039062,80,HIGH,Suspicious process behavior detected.
2026-09-15 11:27:09,2913,Code Helper,0.3,0.5340576171875,80,HIGH,Suspicious process behavior detected.
2026-09-15 11:27:09,3033,Code Helper,0.2,0.30193328857421875,80,HIGH,Suspicious process behavior detected.
2026-09-15 11:27:09,3034,Code Helper (Plugin),0.3,0.6811141967773438,80,HIGH,Suspicious process behavior detected.
2026-09-15 11:27:09,4194,Code Helper (Plugin),0.1,0.6155014038085938,80,HIGH,Suspicious process behavior detected.
2026-09-15 11:27:09,8323,Google Chrome Helper (Renderer),0.1,0.5657196044921875,80,HIGH,Suspicious process behavior detected.
2026-09-15 11:27:09,8325,Google Chrome Helper (Renderer),0.1,0.30727386474609375,80,HIGH,Suspicious process behavior detected.
2026-09-15 11:27:09,9681,AppleSpell,0.1,0.21209716796875,80,HIGH,Suspicious process behavior detected.
2026-09-15 11:27:09,13781,Google Chrome Helper (Renderer),0.0,0.7577896118164062,80,HIGH,Suspicious process behavior detected.
2026-09-15 11:27:09,13795,com.apple.appkit.xpc.openAndSavePanelService,0.1,0.28553009033203125,80,HIGH,Suspicious process behavior detected.
2026-09-15 11:27:09,14397,Siri,0.3,0.162506103515625,80,HIGH,Suspicious process behavior detected.
2026-09-15 11:27:09,15256,Code Helper (Renderer),0.2,0.8932113647460938,80,HIGH,Suspicious process behavior detected.
2026-09-15 11:27:09,16276,python3.12,0.2,0.16384124755859375,80,HIGH,Suspicious process behavior detected.
2026-09-15 11:27:09,16445,python3.12,1.2,0.150299072265625,80,HIGH,Suspicious process behavior detected.
2026-09-15 11:27:09,16597,python3.12,44.1,0.853729248046875,80,HIGH,Suspicious process behavior detected.
2026-09-15 11:27:09,16631,ServiceExtension,0.0,0.537872314453125,80,HIGH,Suspicious process behavior detected.
2026-09-15 11:27:16,560,ControlCenter,0.6,0.402069091796875,80,HIGH,Suspicious process behavior detected.
2026-09-15 11:27:16,587,com.apple.hiservices-xpcservice,0.1,0.04215240478515625,80,HIGH,Suspicious process behavior detected.
2026-09-15 11:27:16,602,fileproviderd,0.2,0.139617919921875,80,HIGH,Suspicious process behavior detected.
2026-09-15 11:27:16,730,Spotify,0.2,0.8708953857421875,80,HIGH,Suspicious process behavior detected.
2026-09-15 11:27:16,755,Grammarly Desktop,2.4,0.7341384887695312,80,HIGH,Suspicious process behavior detected.
2026-09-15 11:27:16,913,app_inkwell,1.7,0.2979278564453125,80,HIGH,Suspicious process behavior detected.
2026-09-15 11:27:16,916,com.apple.WebKit.WebContent,18.9,2.5575637817382812,80,HIGH,Suspicious process behavior detected.
2026-09-15 11:27:16,919,com.apple.WebKit.Networking,19.9,0.19626617431640625,80,HIGH,Suspicious process behavior detected.
2026-09-15 11:27:16,930,com.apple.WebKit.WebContent,0.2,0.3810882568359375,80,HIGH,Suspicious process behavior detected.
2026-09-15 11:27:16,931,com.apple.WebKit.WebContent,0.2,0.3971099853515625,80,HIGH,Suspicious process behavior detected.
2026-09-15 11:27:16,932,com.apple.WebKit.WebContent,2.2,0.9326934814453125,80,HIGH,Suspicious process behavior detected.
2026-09-15 11:27:16,957,Google Chrome,2.6,2.2974014282226562,80,HIGH,Suspicious process behavior detected.
2026-09-15 11:27:16,963,Google Chrome Helper,1.8,0.8245468139648438,80,HIGH,Suspicious process behavior detected.
2026-09-15 11:27:16,964,Google Chrome Helper,0.2,0.6277084350585938,80,HIGH,Suspicious process behavior detected.
2026-09-15 11:27:16,2095,com.apple.WebKit.WebContent,0.2,0.30918121337890625,80,HIGH,Suspicious process behavior detected.
2026-09-15 11:27:16,2096,com.apple.WebKit.WebContent,0.2,0.37384033203125,80,HIGH,Suspicious process behavior detected.
2026-09-15 11:27:16,2641,Google Chrome Helper (Renderer),0.0,0.499725341796875,80,HIGH,Suspicious process behavior detected.
2026-09-15 11:27:16,2672,Google Chrome Helper (Renderer),40.9,6.927299499511719,80,HIGH,Suspicious process behavior detected.
2026-09-15 11:27:16,2826,Code,2.3,1.2674331665039062,80,HIGH,Suspicious process behavior detected.
2026-09-15 11:27:16,2833,Code Helper,1.1,0.8113861083984375,80,HIGH,Suspicious process behavior detected.
2026-09-15 11:27:16,2835,Code Helper (Renderer),0.5,3.5543441772460938,80,HIGH,Suspicious process behavior detected.
2026-09-15 11:27:16,2878,Code Helper,0.1,0.2620697021484375,80,HIGH,Suspicious process behavior detected.
2026-09-15 11:27:16,2913,Code Helper,0.5,0.5344390869140625,80,HIGH,Suspicious process behavior detected.
2026-09-15 11:27:16,3033,Code Helper,0.1,0.30269622802734375,80,HIGH,Suspicious process behavior detected.
2026-09-15 11:27:16,3034,Code Helper (Plugin),0.2,0.68359375,80,HIGH,Suspicious process behavior detected.
2026-09-15 11:27:16,4194,Code Helper (Plugin),0.0,0.6204605102539062,80,HIGH,Suspicious process behavior detected.
2026-09-15 11:27:16,8323,Google Chrome Helper (Renderer),0.1,0.5710601806640625,80,HIGH,Suspicious process behavior detected.
2026-09-15 11:27:16,8325,Google Chrome Helper (Renderer),0.1,0.30689239501953125,80,HIGH,Suspicious process behavior detected.
2026-09-15 11:27:16,9681,AppleSpell,0.1,0.2124786376953125,80,HIGH,Suspicious process behavior detected.
2026-09-15 11:27:16,13781,Google Chrome Helper (Renderer),0.0,0.7581710815429688,80,HIGH,Suspicious process behavior detected.
2026-09-15 11:27:16,14397,Siri,0.3,0.162506103515625,80,HIGH,Suspicious process behavior detected.
2026-09-15 11:27:16,15256,Code Helper (Renderer),0.2,0.872802734375,80,HIGH,Suspicious process behavior detected.
2026-09-15 11:27:16,16276,python3.12,1.2,0.15964508056640625,80,HIGH,Suspicious process behavior detected.
2026-09-15 11:27:16,16597,python3.12,44.6,0.8556365966796875,80,HIGH,Suspicious process behavior detected.
2026-09-15 11:27:16,16631,ServiceExtension,0.0,0.5487442016601562,80,HIGH,Suspicious process behavior detected.
2026-09-15 11:27:16,16689,mdworker_shared,0.1,0.20847320556640625,80,HIGH,Suspicious process behavior detected.
2026-09-15 11:27:16,17022,mdworker_shared,0.1,0.19073486328125,80,HIGH,Suspicious process behavior detected.
2026-09-15 11:27:23,560,ControlCenter,0.5,0.43392181396484375,80,HIGH,Suspicious process behavior detected.
2026-09-15 11:27:23,568,AXVisualSupportAgent,0.2,0.1216888427734375,80,HIGH,Suspicious process behavior detected.
2026-09-15 11:27:23,587,com.apple.hiservices-xpcservice,0.3,0.041961669921875,80,HIGH,Suspicious process behavior detected.
2026-09-15 11:27:23,600,fontd,1.6,0.09593963623046875,80,HIGH,Suspicious process behavior detected.
2026-09-15 11:27:23,602,fileproviderd,0.2,0.1392364501953125,80,HIGH,Suspicious process behavior detected.
2026-09-15 11:27:23,608,ViewBridgeAuxiliary,0.1,0.0759124755859375,80,HIGH,Suspicious process behavior detected.
2026-09-15 11:27:23,730,Spotify,0.2,0.6618499755859375,80,HIGH,Suspicious process behavior detected.
2026-09-15 11:27:23,747,Spotify Helper,0.5,0.15411376953125,80,HIGH,Suspicious process behavior detected.
2026-09-15 11:27:23,755,Grammarly Desktop,5.1,0.7162094116210938,80,HIGH,Suspicious process behavior detected.
2026-09-15 11:27:23,913,app_inkwell,4.4,0.2895355224609375,80,HIGH,Suspicious process behavior detected.
2026-09-15 11:27:23,916,com.apple.WebKit.WebContent,56.1,2.37579345703125,90,HIGH,Suspicious process behavior detected.
2026-09-15 11:27:23,919,com.apple.WebKit.Networking,59.2,0.1636505126953125,90,HIGH,Suspicious process behavior detected.
2026-09-15 11:27:23,930,com.apple.WebKit.WebContent,0.4,0.3475189208984375,80,HIGH,Suspicious process behavior detected.
2026-09-15 11:27:23,931,com.apple.WebKit.WebContent,0.4,0.331878662109375,80,HIGH,Suspicious process behavior detected.
2026-09-15 11:27:23,932,com.apple.WebKit.WebContent,6.1,0.9450912475585938,80,HIGH,Suspicious process behavior detected.
2026-09-15 11:27:23,957,Google Chrome,12.0,2.1793365478515625,80,HIGH,Suspicious process behavior detected.
2026-09-15 11:27:23,963,Google Chrome Helper,2.3,0.8209228515625,80,HIGH,Suspicious process behavior detected.
2026-09-15 11:27:23,964,Google Chrome Helper,0.8,0.5613327026367188,80,HIGH,Suspicious process behavior detected.
2026-09-15 11:27:23,966,Google Chrome Helper,0.1,0.17032623291015625,80,HIGH,Suspicious process behavior detected.
2026-09-15 11:27:23,2095,com.apple.WebKit.WebContent,0.4,0.8516311645507812,80,HIGH,Suspicious process behavior detected.
2026-09-15 11:27:23,2096,com.apple.WebKit.WebContent,0.4,0.68511962890625,80,HIGH,Suspicious process behavior detected.
2026-09-15 11:27:23,2641,Google Chrome Helper (Renderer),0.0,0.47779083251953125,80,HIGH,Suspicious process behavior detected.
2026-09-15 11:27:23,2672,Google Chrome Helper (Renderer),8.5,6.592559814453125,80,HIGH,Suspicious process behavior detected.
2026-09-15 11:27:23,2826,Code,0.1,1.33514404296875,80,HIGH,Suspicious process behavior detected.
2026-09-15 11:27:23,2833,Code Helper,0.1,0.81329345703125,80,HIGH,Suspicious process behavior detected.
2026-09-15 11:27:23,2835,Code Helper (Renderer),0.2,3.4702301025390625,80,HIGH,Suspicious process behavior detected.
2026-09-15 11:27:23,2878,Code Helper,0.1,0.2376556396484375,80,HIGH,Suspicious process behavior detected.
2026-09-15 11:27:23,2913,Code Helper,0.4,0.5304336547851562,80,HIGH,Suspicious process behavior detected.
2026-09-15 11:27:23,3033,Code Helper,0.2,0.30422210693359375,80,HIGH,Suspicious process behavior detected.
2026-09-15 11:27:23,3034,Code Helper (Plugin),0.2,0.6649017333984375,80,HIGH,Suspicious process behavior detected.
2026-09-15 11:27:23,4194,Code Helper (Plugin),0.0,0.6124496459960938,80,HIGH,Suspicious process behavior detected.
2026-09-15 11:27:23,8323,Google Chrome Helper (Renderer),0.1,0.54931640625,80,HIGH,Suspicious process behavior detected.
2026-09-15 11:27:23,8324,Google Chrome Helper (Renderer),0.1,0.44612884521484375,80,HIGH,Suspicious process behavior detected.
2026-09-15 11:27:23,8325,Google Chrome Helper (Renderer),0.2,0.30059814453125,80,HIGH,Suspicious process behavior detected.
2026-09-15 11:27:23,8328,Google Chrome Helper (Renderer),0.1,0.3429412841796875,80,HIGH,Suspicious process behavior detected.
2026-09-15 11:27:23,9681,AppleSpell,0.2,0.16765594482421875,80,HIGH,Suspicious process behavior detected.
2026-09-15 11:27:23,13781,Google Chrome Helper (Renderer),0.0,0.7381439208984375,80,HIGH,Suspicious process behavior detected.
2026-09-15 11:27:23,13795,com.apple.appkit.xpc.openAndSavePanelService,0.1,0.2384185791015625,80,HIGH,Suspicious process behavior detected.
2026-09-15 11:27:23,14397,Siri,0.4,0.1621246337890625,80,HIGH,Suspicious process behavior detected.
2026-09-15 11:27:23,15256,Code Helper (Renderer),0.2,0.8543014526367188,80,HIGH,Suspicious process behavior detected.
2026-09-15 11:27:23,16276,python3.12,0.4,0.147247314453125,80,HIGH,Suspicious process behavior detected.
2026-09-15 11:27:23,16597,python3.12,44.2,0.5359649658203125,80,HIGH,Suspicious process behavior detected.
2026-09-15 11:27:23,16689,mdworker_shared,0.6,0.20961761474609375,80,HIGH,Suspicious process behavior detected.
2026-09-15 11:27:23,17022,mdworker_shared,0.6,0.19512176513671875,80,HIGH,Suspicious process behavior detected.
2026-09-15 11:27:23,17127,Google Chrome Helper (Renderer),0.9,1.3998031616210938,80,HIGH,Suspicious process behavior detected.
2026-09-15 11:27:30,560,ControlCenter,0.4,0.43697357177734375,80,HIGH,Suspicious process behavior detected.
2026-09-15 11:27:30,564,Finder,0.1,0.23517608642578125,80,HIGH,Suspicious process behavior detected.
2026-09-15 11:27:30,587,com.apple.hiservices-xpcservice,0.2,0.04215240478515625,80,HIGH,Suspicious process behavior detected.
2026-09-15 11:27:30,608,ViewBridgeAuxiliary,0.1,0.07648468017578125,80,HIGH,Suspicious process behavior detected.
2026-09-15 11:27:30,717,OneDrive,0.1,0.37708282470703125,80,HIGH,Suspicious process behavior detected.
2026-09-15 11:27:30,730,Spotify,0.3,0.7678985595703125,80,HIGH,Suspicious process behavior detected.
2026-09-15 11:27:30,747,Spotify Helper,0.2,0.2101898193359375,80,HIGH,Suspicious process behavior detected.
2026-09-15 11:27:30,755,Grammarly Desktop,5.5,0.7955551147460938,80,HIGH,Suspicious process behavior detected.
2026-09-15 11:27:30,768,Spotify Helper (Renderer),0.3,0.400543212890625,80,HIGH,Suspicious process behavior detected.
2026-09-15 11:27:30,913,app_inkwell,3.7,0.36182403564453125,80,HIGH,Suspicious process behavior detected.
2026-09-15 11:27:30,916,com.apple.WebKit.WebContent,50.2,2.7225494384765625,90,HIGH,Suspicious process behavior detected.
2026-09-15 11:27:30,919,com.apple.WebKit.Networking,51.2,0.17490386962890625,90,HIGH,Suspicious process behavior detected.
2026-09-15 11:27:30,930,com.apple.WebKit.WebContent,0.4,0.4062652587890625,80,HIGH,Suspicious process behavior detected.
2026-09-15 11:27:30,931,com.apple.WebKit.WebContent,0.3,0.328826904296875,80,HIGH,Suspicious process behavior detected.
2026-09-15 11:27:30,932,com.apple.WebKit.WebContent,4.4,1.1486053466796875,80,HIGH,Suspicious process behavior detected.
2026-09-15 11:27:30,957,Google Chrome,7.9,2.45361328125,80,HIGH,Suspicious process behavior detected.
2026-09-15 11:27:30,963,Google Chrome Helper,2.0,0.8121490478515625,80,HIGH,Suspicious process behavior detected.
2026-09-15 11:27:30,964,Google Chrome Helper,0.3,0.6689071655273438,80,HIGH,Suspicious process behavior detected.
2026-09-15 11:27:30,966,Google Chrome Helper,0.1,0.1850128173828125,80,HIGH,Suspicious process behavior detected.
2026-09-15 11:27:30,2095,com.apple.WebKit.WebContent,0.3,0.8512496948242188,80,HIGH,Suspicious process behavior detected.
2026-09-15 11:27:30,2096,com.apple.WebKit.WebContent,0.3,0.6683349609375,80,HIGH,Suspicious process behavior detected.
2026-09-15 11:27:30,2641,Google Chrome Helper (Renderer),0.0,0.5279541015625,80,HIGH,Suspicious process behavior detected.
2026-09-15 11:27:30,2672,Google Chrome Helper (Renderer),7.7,3.9150238037109375,80,HIGH,Suspicious process behavior detected.
2026-09-15 11:27:30,2826,Code,0.8,1.358795166015625,80,HIGH,Suspicious process behavior detected.
2026-09-15 11:27:30,2833,Code Helper,1.2,0.815582275390625,80,HIGH,Suspicious process behavior detected.
2026-09-15 11:27:30,2834,Code Helper,0.2,0.3284454345703125,80,HIGH,Suspicious process behavior detected.
2026-09-15 11:27:30,2835,Code Helper (Renderer),0.7,3.5663604736328125,80,HIGH,Suspicious process behavior detected.
2026-09-15 11:27:30,2913,Code Helper,0.5,0.537872314453125,80,HIGH,Suspicious process behavior detected.
2026-09-15 11:27:30,3033,Code Helper,0.1,0.305938720703125,80,HIGH,Suspicious process behavior detected.
2026-09-15 11:27:30,3034,Code Helper (Plugin),0.3,0.6780624389648438,80,HIGH,Suspicious process behavior detected.
2026-09-15 11:27:30,4194,Code Helper (Plugin),0.2,0.7120132446289062,80,HIGH,Suspicious process behavior detected.
2026-09-15 11:27:30,8323,Google Chrome Helper (Renderer),0.1,0.5535125732421875,80,HIGH,Suspicious process behavior detected.
2026-09-15 11:27:30,8325,Google Chrome Helper (Renderer),0.1,0.3025054931640625,80,HIGH,Suspicious process behavior detected.
2026-09-15 11:27:30,9681,AppleSpell,0.7,0.19683837890625,80,HIGH,Suspicious process behavior detected.
2026-09-15 11:27:30,13774,Google Chrome Helper (Renderer),0.1,0.5262374877929688,80,HIGH,Suspicious process behavior detected.
2026-09-15 11:27:30,13781,Google Chrome Helper (Renderer),0.7,0.879669189453125,80,HIGH,Suspicious process behavior detected.
2026-09-15 11:27:30,13795,com.apple.appkit.xpc.openAndSavePanelService,0.1,0.24623870849609375,80,HIGH,Suspicious process behavior detected.
2026-09-15 11:27:30,14397,Siri,0.3,0.162506103515625,80,HIGH,Suspicious process behavior detected.
2026-09-15 11:27:30,15256,Code Helper (Renderer),0.3,0.89569091796875,80,HIGH,Suspicious process behavior detected.
2026-09-15 11:27:30,16597,python3.12,44.1,0.859832763671875,80,HIGH,Suspicious process behavior detected.
2026-09-15 11:27:30,17075,mdworker_shared,0.2,0.19817352294921875,80,HIGH,Suspicious process behavior detected.
2026-09-15 11:27:30,17127,Google Chrome Helper (Renderer),0.1,1.3164520263671875,80,HIGH,Suspicious process behavior detected.
2026-09-15 11:27:30,17132,Google Chrome Helper (Renderer),0.0,1.9792556762695312,80,HIGH,Suspicious process behavior detected.
2026-09-15 11:27:36,543,distnoted,0.1,0.04367828369140625,80,HIGH,Suspicious process behavior detected.
2026-09-15 11:27:36,560,ControlCenter,0.3,0.437164306640625,80,HIGH,Suspicious process behavior detected.
2026-09-15 11:27:36,575,rapportd,0.2,0.0988006591796875,80,HIGH,Suspicious process behavior detected.
2026-09-15 11:27:36,587,com.apple.hiservices-xpcservice,0.2,0.04215240478515625,80,HIGH,Suspicious process behavior detected.
2026-09-15 11:27:37,608,ViewBridgeAuxiliary,0.1,0.07648468017578125,80,HIGH,Suspicious process behavior detected.
2026-09-15 11:27:37,609,identityservicesd,0.1,0.1251220703125,80,HIGH,Suspicious process behavior detected.
2026-09-15 11:27:37,730,Spotify,0.1,0.9796142578125,80,HIGH,Suspicious process behavior detected.
2026-09-15 11:27:37,747,Spotify Helper,0.1,0.2079010009765625,80,HIGH,Suspicious process behavior detected.
2026-09-15 11:27:37,755,Grammarly Desktop,6.0,0.8176803588867188,80,HIGH,Suspicious process behavior detected.
2026-09-15 11:27:37,768,Spotify Helper (Renderer),0.0,0.4749298095703125,80,HIGH,Suspicious process behavior detected.
2026-09-15 11:27:37,913,app_inkwell,5.2,0.36468505859375,80,HIGH,Suspicious process behavior detected.
2026-09-15 11:27:37,916,com.apple.WebKit.WebContent,68.2,2.895355224609375,90,HIGH,Suspicious process behavior detected.
2026-09-15 11:27:37,919,com.apple.WebKit.Networking,73.6,0.17452239990234375,90,HIGH,Suspicious process behavior detected.
2026-09-15 11:27:37,930,com.apple.WebKit.WebContent,0.5,0.28553009033203125,80,HIGH,Suspicious process behavior detected.
2026-09-15 11:27:37,931,com.apple.WebKit.WebContent,0.5,0.3612518310546875,80,HIGH,Suspicious process behavior detected.
2026-09-15 11:27:37,932,com.apple.WebKit.WebContent,7.3,1.1739730834960938,80,HIGH,Suspicious process behavior detected.
2026-09-15 11:27:37,957,Google Chrome,10.1,2.4435043334960938,80,HIGH,Suspicious process behavior detected.
2026-09-15 11:27:37,963,Google Chrome Helper,2.0,0.812530517578125,80,HIGH,Suspicious process behavior detected.
2026-09-15 11:27:37,964,Google Chrome Helper,0.3,0.693511962890625,80,HIGH,Suspicious process behavior detected.
2026-09-15 11:27:37,2095,com.apple.WebKit.WebContent,0.6,0.8161544799804688,80,HIGH,Suspicious process behavior detected.
2026-09-15 11:27:37,2096,com.apple.WebKit.WebContent,0.6,0.6711959838867188,80,HIGH,Suspicious process behavior detected.
2026-09-15 11:27:37,2641,Google Chrome Helper (Renderer),0.0,0.5279541015625,80,HIGH,Suspicious process behavior detected.
2026-09-15 11:27:37,2672,Google Chrome Helper (Renderer),8.3,3.3090591430664062,80,HIGH,Suspicious process behavior detected.
2026-09-15 11:27:37,2826,Code,0.1,1.363372802734375,80,HIGH,Suspicious process behavior detected.
2026-09-15 11:27:37,2833,Code Helper,0.1,0.8531570434570312,80,HIGH,Suspicious process behavior detected.
2026-09-15 11:27:37,2835,Code Helper (Renderer),0.4,3.5671234130859375,80,HIGH,Suspicious process behavior detected.
2026-09-15 11:27:37,2852,Code Helper,0.0,0.48580169677734375,80,HIGH,Suspicious process behavior detected.
2026-09-15 11:27:37,2913,Code Helper,0.3,0.5426406860351562,80,HIGH,Suspicious process behavior detected.
2026-09-15 11:27:37,3033,Code Helper,0.1,0.3082275390625,80,HIGH,Suspicious process behavior detected.
2026-09-15 11:27:37,3034,Code Helper (Plugin),0.1,0.6834030151367188,80,HIGH,Suspicious process behavior detected.
2026-09-15 11:27:37,4194,Code Helper (Plugin),0.0,0.7249832153320312,80,HIGH,Suspicious process behavior detected.
2026-09-15 11:27:37,8323,Google Chrome Helper (Renderer),0.1,0.48198699951171875,80,HIGH,Suspicious process behavior detected.
2026-09-15 11:27:37,8325,Google Chrome Helper (Renderer),0.1,0.3032684326171875,80,HIGH,Suspicious process behavior detected.
2026-09-15 11:27:37,9681,AppleSpell,0.1,0.27713775634765625,80,HIGH,Suspicious process behavior detected.
2026-09-15 11:27:37,13774,Google Chrome Helper (Renderer),0.0,0.5313873291015625,80,HIGH,Suspicious process behavior detected.
2026-09-15 11:27:37,13781,Google Chrome Helper (Renderer),0.0,1.03607177734375,80,HIGH,Suspicious process behavior detected.
2026-09-15 11:27:37,14397,Siri,0.3,0.162506103515625,80,HIGH,Suspicious process behavior detected.
2026-09-15 11:27:37,15256,Code Helper (Renderer),0.1,0.9008407592773438,80,HIGH,Suspicious process behavior detected.
2026-09-15 11:27:37,16276,python3.12,0.8,0.1682281494140625,80,HIGH,Suspicious process behavior detected.
2026-09-15 11:27:37,16597,python3.12,44.2,0.8699417114257812,80,HIGH,Suspicious process behavior detected.
2026-09-15 11:27:37,17127,Google Chrome Helper (Renderer),0.0,1.2769699096679688,80,HIGH,Suspicious process behavior detected.
2026-09-15 11:27:37,17132,Google Chrome Helper (Renderer),0.0,1.5382766723632812,80,HIGH,Suspicious process behavior detected.
2026-09-15 11:27:43,553,WindowManager,1.2,0.23250579833984375,80,HIGH,Suspicious process behavior detected.
2026-09-15 11:27:43,560,ControlCenter,0.3,0.3917694091796875,80,HIGH,Suspicious process behavior detected.
2026-09-15 11:27:43,564,Finder,0.1,0.21800994873046875,80,HIGH,Suspicious process behavior detected.
2026-09-15 11:27:43,568,AXVisualSupportAgent,2.7,0.128173828125,80,HIGH,Suspicious process behavior detected.
2026-09-15 11:27:43,580,trustd,0.7,0.06694793701171875,80,HIGH,Suspicious process behavior detected.
2026-09-15 11:27:44,717,OneDrive,0.1,0.3444671630859375,80,HIGH,Suspicious process behavior detected.
2026-09-15 11:27:44,730,Spotify,0.4,0.8691787719726562,80,HIGH,Suspicious process behavior detected.
2026-09-15 11:27:44,747,Spotify Helper,0.3,0.1552581787109375,80,HIGH,Suspicious process behavior detected.
2026-09-15 11:27:44,748,Spotify Helper,0.1,0.2349853515625,80,HIGH,Suspicious process behavior detected.
2026-09-15 11:27:44,755,Grammarly Desktop,11.9,0.7965087890625,80,HIGH,Suspicious process behavior detected.
2026-09-15 11:27:44,913,app_inkwell,7.1,0.33359527587890625,80,HIGH,Suspicious process behavior detected.
2026-09-15 11:27:44,916,com.apple.WebKit.WebContent,4.3,2.7299880981445312,80,HIGH,Suspicious process behavior detected.
2026-09-15 11:27:44,919,com.apple.WebKit.Networking,3.9,0.17681121826171875,80,HIGH,Suspicious process behavior detected.
2026-09-15 11:27:44,930,com.apple.WebKit.WebContent,0.1,0.389862060546875,80,HIGH,Suspicious process behavior detected.
2026-09-15 11:27:44,931,com.apple.WebKit.WebContent,0.1,0.5212783813476562,80,HIGH,Suspicious process behavior detected.
2026-09-15 11:27:44,932,com.apple.WebKit.WebContent,0.4,0.7635116577148438,80,HIGH,Suspicious process behavior detected.
2026-09-15 11:27:44,957,Google Chrome,12.8,2.1196365356445312,80,HIGH,Suspicious process behavior detected.
2026-09-15 11:27:44,963,Google Chrome Helper,2.2,0.8710861206054688,80,HIGH,Suspicious process behavior detected.
2026-09-15 11:27:44,964,Google Chrome Helper,0.2,0.5496978759765625,80,HIGH,Suspicious process behavior detected.
2026-09-15 11:27:44,1015,Google Chrome Helper,0.1,0.2597808837890625,80,HIGH,Suspicious process behavior detected.
2026-09-15 11:27:44,2095,com.apple.WebKit.WebContent,0.1,0.5041122436523438,80,HIGH,Suspicious process behavior detected.
2026-09-15 11:27:44,2096,com.apple.WebKit.WebContent,0.1,0.59356689453125,80,HIGH,Suspicious process behavior detected.
2026-09-15 11:27:44,2641,Google Chrome Helper (Renderer),0.0,0.484466552734375,80,HIGH,Suspicious process behavior detected.
2026-09-15 11:27:44,2672,Google Chrome Helper (Renderer),11.4,6.8492889404296875,80,HIGH,Suspicious process behavior detected.
2026-09-15 11:27:44,2826,Code,3.5,1.2102127075195312,80,HIGH,Suspicious process behavior detected.
2026-09-15 11:27:44,2833,Code Helper,2.8,0.7190704345703125,80,HIGH,Suspicious process behavior detected.
2026-09-15 11:27:44,2834,Code Helper,0.1,0.30765533447265625,80,HIGH,Suspicious process behavior detected.
2026-09-15 11:27:44,2835,Code Helper (Renderer),0.8,3.380584716796875,80,HIGH,Suspicious process behavior detected.
2026-09-15 11:27:44,2852,Code Helper,0.0,0.5544662475585938,80,HIGH,Suspicious process behavior detected.
2026-09-15 11:27:44,2913,Code Helper,0.4,0.5319595336914062,80,HIGH,Suspicious process behavior detected.
2026-09-15 11:27:44,3033,Code Helper,0.1,0.298309326171875,80,HIGH,Suspicious process behavior detected.
2026-09-15 11:27:44,3034,Code Helper (Plugin),0.2,0.6282806396484375,80,HIGH,Suspicious process behavior detected.
2026-09-15 11:27:44,8323,Google Chrome Helper (Renderer),0.0,0.5540847778320312,80,HIGH,Suspicious process behavior detected.
2026-09-15 11:27:44,9947,networkserviceproxy,0.2,0.0995635986328125,80,HIGH,Suspicious process behavior detected.
2026-09-15 11:27:44,10211,Code Helper (Plugin),0.1,0.23403167724609375,80,HIGH,Suspicious process behavior detected.
2026-09-15 11:27:44,13781,Google Chrome Helper (Renderer),0.0,0.9613037109375,80,HIGH,Suspicious process behavior detected.
2026-09-15 11:27:44,13795,com.apple.appkit.xpc.openAndSavePanelService,0.1,0.22792816162109375,80,HIGH,Suspicious process behavior detected.
2026-09-15 11:27:44,15256,Code Helper (Renderer),0.5,0.8543014526367188,80,HIGH,Suspicious process behavior detected.
2026-09-15 11:27:44,15313,screencaptureui,1.9,0.20599365234375,80,HIGH,Suspicious process behavior detected.
2026-09-15 11:27:44,16276,python3.12,0.4,0.14190673828125,80,HIGH,Suspicious process behavior detected.
2026-09-15 11:27:44,16597,python3.12,43.1,0.542449951171875,80,HIGH,Suspicious process behavior detected.
2026-09-15 11:27:44,17075,mdworker_shared,0.1,0.19397735595703125,80,HIGH,Suspicious process behavior detected.
2026-09-15 11:27:44,17127,Google Chrome Helper (Renderer),0.0,1.107025146484375,80,HIGH,Suspicious process behavior detected.
2026-09-15 11:27:44,17132,Google Chrome Helper (Renderer),0.0,1.4818191528320312,80,HIGH,Suspicious process behavior detected.
2026-09-15 11:27:50,553,WindowManager,2.4,0.25424957275390625,80,HIGH,Suspicious process behavior detected.
2026-09-15 11:27:50,560,ControlCenter,0.3,0.39196014404296875,80,HIGH,Suspicious process behavior detected.
2026-09-15 11:27:50,568,AXVisualSupportAgent,1.7,0.1544952392578125,80,HIGH,Suspicious process behavior detected.
2026-09-15 11:27:50,730,Spotify,0.2,0.6259918212890625,80,HIGH,Suspicious process behavior detected.
2026-09-15 11:27:50,747,Spotify Helper,0.2,0.177001953125,80,HIGH,Suspicious process behavior detected.
2026-09-15 11:27:50,755,Grammarly Desktop,8.7,0.9325027465820312,80,HIGH,Suspicious process behavior detected.
2026-09-15 11:27:50,913,app_inkwell,5.8,0.29144287109375,80,HIGH,Suspicious process behavior detected.
2026-09-15 11:27:50,916,com.apple.WebKit.WebContent,32.2,2.6287078857421875,80,HIGH,Suspicious process behavior detected.
2026-09-15 11:27:50,919,com.apple.WebKit.Networking,32.3,0.170135498046875,80,HIGH,Suspicious process behavior detected.
2026-09-15 11:27:50,930,com.apple.WebKit.WebContent,0.5,0.334930419921875,80,HIGH,Suspicious process behavior detected.
2026-09-15 11:27:50,931,com.apple.WebKit.WebContent,0.2,0.37822723388671875,80,HIGH,Suspicious process behavior detected.
2026-09-15 11:27:50,932,com.apple.WebKit.WebContent,2.8,0.9159088134765625,80,HIGH,Suspicious process behavior detected.
2026-09-15 11:27:50,957,Google Chrome,11.3,2.30560302734375,80,HIGH,Suspicious process behavior detected.
2026-09-15 11:27:50,963,Google Chrome Helper,3.2,0.849151611328125,80,HIGH,Suspicious process behavior detected.
2026-09-15 11:27:50,964,Google Chrome Helper,0.2,0.6963729858398438,80,HIGH,Suspicious process behavior detected.
2026-09-15 11:27:51,2095,com.apple.WebKit.WebContent,0.2,0.2902984619140625,80,HIGH,Suspicious process behavior detected.
2026-09-15 11:27:51,2096,com.apple.WebKit.WebContent,0.3,0.29888153076171875,80,HIGH,Suspicious process behavior detected.
2026-09-15 11:27:51,2641,Google Chrome Helper (Renderer),0.0,0.4810333251953125,80,HIGH,Suspicious process behavior detected.
2026-09-15 11:27:51,2672,Google Chrome Helper (Renderer),19.1,6.087303161621094,80,HIGH,Suspicious process behavior detected.
2026-09-15 11:27:51,2826,Code,0.0,1.3517379760742188,80,HIGH,Suspicious process behavior detected.
2026-09-15 11:27:51,2833,Code Helper,0.2,0.8157730102539062,80,HIGH,Suspicious process behavior detected.
2026-09-15 11:27:51,2835,Code Helper (Renderer),0.2,3.8305282592773438,80,HIGH,Suspicious process behavior detected.
2026-09-15 11:27:51,2913,Code Helper,0.8,0.52490234375,80,HIGH,Suspicious process behavior detected.
2026-09-15 11:27:51,3033,Code Helper,0.1,0.30231475830078125,80,HIGH,Suspicious process behavior detected.
2026-09-15 11:27:51,3034,Code Helper (Plugin),0.2,0.6601333618164062,80,HIGH,Suspicious process behavior detected.
2026-09-15 11:27:51,4194,Code Helper (Plugin),0.0,0.6105422973632812,80,HIGH,Suspicious process behavior detected.
2026-09-15 11:27:51,8323,Google Chrome Helper (Renderer),0.1,0.5504608154296875,80,HIGH,Suspicious process behavior detected.
2026-09-15 11:27:51,8666,Google Chrome Helper (Renderer),0.1,0.1575469970703125,80,HIGH,Suspicious process behavior detected.
2026-09-15 11:27:51,13774,Google Chrome Helper (Renderer),0.1,0.4138946533203125,80,HIGH,Suspicious process behavior detected.
2026-09-15 11:27:51,13781,Google Chrome Helper (Renderer),0.1,0.7398605346679688,80,HIGH,Suspicious process behavior detected.
2026-09-15 11:27:51,13795,com.apple.appkit.xpc.openAndSavePanelService,0.1,0.24547576904296875,80,HIGH,Suspicious process behavior detected.
2026-09-15 11:27:51,15256,Code Helper (Renderer),0.0,0.8983612060546875,80,HIGH,Suspicious process behavior detected.
2026-09-15 11:27:51,15313,screencaptureui,1.8,0.212860107421875,80,HIGH,Suspicious process behavior detected.
2026-09-15 11:27:51,16597,python3.12,42.6,0.859832763671875,80,HIGH,Suspicious process behavior detected.
2026-09-15 11:27:51,17022,mdworker_shared,0.2,0.1674652099609375,80,HIGH,Suspicious process behavior detected.
2026-09-15 11:27:51,17075,mdworker_shared,0.1,0.1972198486328125,80,HIGH,Suspicious process behavior detected.
2026-09-15 11:27:51,17127,Google Chrome Helper (Renderer),0.7,1.097869873046875,80,HIGH,Suspicious process behavior detected.
2026-09-15 11:27:51,17132,Google Chrome Helper (Renderer),0.0,1.2819290161132812,80,HIGH,Suspicious process behavior detected.
2026-09-15 11:27:57,543,distnoted,0.1,0.04367828369140625,80,HIGH,Suspicious process behavior detected.
2026-09-15 11:27:57,544,cfprefsd,0.3,0.0255584716796875,80,HIGH,Suspicious process behavior detected.
2026-09-15 11:27:57,553,WindowManager,1.0,0.261688232421875,80,HIGH,Suspicious process behavior detected.
2026-09-15 11:27:57,560,ControlCenter,0.4,0.392913818359375,80,HIGH,Suspicious process behavior detected.
2026-09-15 11:27:57,567,lsd,0.2,0.0759124755859375,80,HIGH,Suspicious process behavior detected.
2026-09-15 11:27:57,568,AXVisualSupportAgent,2.9,0.1491546630859375,80,HIGH,Suspicious process behavior detected.
2026-09-15 11:27:57,730,Spotify,0.7,0.696563720703125,80,HIGH,Suspicious process behavior detected.
2026-09-15 11:27:57,755,Grammarly Desktop,11.7,0.989532470703125,80,HIGH,Suspicious process behavior detected.
2026-09-15 11:27:57,913,app_inkwell,9.8,0.39501190185546875,80,HIGH,Suspicious process behavior detected.
2026-09-15 11:27:57,916,com.apple.WebKit.WebContent,5.4,2.94952392578125,80,HIGH,Suspicious process behavior detected.
2026-09-15 11:27:57,918,com.apple.WebKit.GPU,0.9,0.09059906005859375,80,HIGH,Suspicious process behavior detected.
2026-09-15 11:27:57,919,com.apple.WebKit.Networking,5.9,0.22182464599609375,80,HIGH,Suspicious process behavior detected.
2026-09-15 11:27:57,930,com.apple.WebKit.WebContent,2.1,0.41408538818359375,80,HIGH,Suspicious process behavior detected.
2026-09-15 11:27:57,931,com.apple.WebKit.WebContent,6.6,0.40912628173828125,80,HIGH,Suspicious process behavior detected.
2026-09-15 11:27:57,932,com.apple.WebKit.WebContent,0.4,1.0042190551757812,80,HIGH,Suspicious process behavior detected.
2026-09-15 11:27:57,957,Google Chrome,14.4,2.32086181640625,80,HIGH,Suspicious process behavior detected.
2026-09-15 11:27:57,963,Google Chrome Helper,2.2,0.8319854736328125,80,HIGH,Suspicious process behavior detected.
2026-09-15 11:27:57,964,Google Chrome Helper,0.1,0.7246017456054688,80,HIGH,Suspicious process behavior detected.
2026-09-15 11:27:57,2095,com.apple.WebKit.WebContent,0.1,0.2758026123046875,80,HIGH,Suspicious process behavior detected.
2026-09-15 11:27:57,2096,com.apple.WebKit.WebContent,0.1,0.29582977294921875,80,HIGH,Suspicious process behavior detected.
2026-09-15 11:27:57,2641,Google Chrome Helper (Renderer),0.0,0.4810333251953125,80,HIGH,Suspicious process behavior detected.
2026-09-15 11:27:57,2672,Google Chrome Helper (Renderer),14.5,4.454803466796875,80,HIGH,Suspicious process behavior detected.
2026-09-15 11:27:57,2826,Code,1.0,1.4190673828125,80,HIGH,Suspicious process behavior detected.
2026-09-15 11:27:57,2833,Code Helper,2.4,0.8180618286132812,80,HIGH,Suspicious process behavior detected.
2026-09-15 11:27:57,2835,Code Helper (Renderer),0.9,3.873443603515625,80,HIGH,Suspicious process behavior detected.
2026-09-15 11:27:57,2913,Code Helper,0.6,0.528717041015625,80,HIGH,Suspicious process behavior detected.
2026-09-15 11:27:57,3033,Code Helper,0.2,0.30364990234375,80,HIGH,Suspicious process behavior detected.
2026-09-15 11:27:57,3034,Code Helper (Plugin),0.3,0.6925582885742188,80,HIGH,Suspicious process behavior detected.
2026-09-15 11:27:57,4194,Code Helper (Plugin),0.4,0.653076171875,80,HIGH,Suspicious process behavior detected.
2026-09-15 11:27:57,8323,Google Chrome Helper (Renderer),0.0,0.5567550659179688,80,HIGH,Suspicious process behavior detected.
2026-09-15 11:27:58,13781,Google Chrome Helper (Renderer),0.0,0.7398605346679688,80,HIGH,Suspicious process behavior detected.
2026-09-15 11:27:58,13795,com.apple.appkit.xpc.openAndSavePanelService,0.1,0.24623870849609375,80,HIGH,Suspicious process behavior detected.
2026-09-15 11:27:58,15256,Code Helper (Renderer),0.3,0.891876220703125,80,HIGH,Suspicious process behavior detected.
2026-09-15 11:27:58,15313,screencaptureui,3.0,0.21038055419921875,80,HIGH,Suspicious process behavior detected.
2026-09-15 11:27:58,16276,python3.12,0.2,0.16021728515625,80,HIGH,Suspicious process behavior detected.
2026-09-15 11:27:58,16597,python3.12,42.5,0.846099853515625,80,HIGH,Suspicious process behavior detected.
2026-09-15 11:27:58,16689,mdworker_shared,0.2,0.18253326416015625,80,HIGH,Suspicious process behavior detected.
2026-09-15 11:27:58,17022,mdworker_shared,0.1,0.19512176513671875,80,HIGH,Suspicious process behavior detected.
2026-09-15 11:27:58,17075,mdworker_shared,0.1,0.17833709716796875,80,HIGH,Suspicious process behavior detected.
2026-09-15 11:27:58,17127,Google Chrome Helper (Renderer),0.0,1.26190185546875,80,HIGH,Suspicious process behavior detected.
2026-09-15 11:27:58,17132,Google Chrome Helper (Renderer),0.0,1.4108657836914062,80,HIGH,Suspicious process behavior detected.
2026-09-15 11:28:04,560,ControlCenter,0.4,0.3940582275390625,80,HIGH,Suspicious process behavior detected.
2026-09-15 11:28:04,568,AXVisualSupportAgent,0.1,0.14667510986328125,80,HIGH,Suspicious process behavior detected.
2026-09-15 11:28:04,602,fileproviderd,0.2,0.13980865478515625,80,HIGH,Suspicious process behavior detected.
2026-09-15 11:28:04,730,Spotify,0.5,0.9464263916015625,80,HIGH,Suspicious process behavior detected.
2026-09-15 11:28:04,748,Spotify Helper,0.1,0.2899169921875,80,HIGH,Suspicious process behavior detected.
2026-09-15 11:28:04,755,Grammarly Desktop,0.2,0.9790420532226562,80,HIGH,Suspicious process behavior detected.
2026-09-15 11:28:04,916,com.apple.WebKit.WebContent,0.1,2.1350860595703125,80,HIGH,Suspicious process behavior detected.
2026-09-15 11:28:04,919,com.apple.WebKit.Networking,0.1,0.21381378173828125,80,HIGH,Suspicious process behavior detected.
2026-09-15 11:28:04,931,com.apple.WebKit.WebContent,0.0,0.7007598876953125,80,HIGH,Suspicious process behavior detected.
2026-09-15 11:28:04,932,com.apple.WebKit.WebContent,0.1,0.9731292724609375,80,HIGH,Suspicious process behavior detected.
2026-09-15 11:28:04,957,Google Chrome,0.6,2.2489547729492188,80,HIGH,Suspicious process behavior detected.
2026-09-15 11:28:04,963,Google Chrome Helper,1.8,0.7848739624023438,80,HIGH,Suspicious process behavior detected.
2026-09-15 11:28:04,964,Google Chrome Helper,0.4,0.6994247436523438,80,HIGH,Suspicious process behavior detected.
2026-09-15 11:28:04,2096,com.apple.WebKit.WebContent,0.0,0.52642822265625,80,HIGH,Suspicious process behavior detected.
2026-09-15 11:28:04,2641,Google Chrome Helper (Renderer),0.0,0.4810333251953125,80,HIGH,Suspicious process behavior detected.
2026-09-15 11:28:04,2672,Google Chrome Helper (Renderer),6.0,4.1439056396484375,80,HIGH,Suspicious process behavior detected.
2026-09-15 11:28:04,2826,Code,1.3,1.3233184814453125,80,HIGH,Suspicious process behavior detected.
2026-09-15 11:28:04,2833,Code Helper,2.3,0.8241653442382812,80,HIGH,Suspicious process behavior detected.
2026-09-15 11:28:04,2834,Code Helper,0.1,0.34198760986328125,80,HIGH,Suspicious process behavior detected.
2026-09-15 11:28:04,2835,Code Helper (Renderer),14.6,3.9773941040039062,80,HIGH,Suspicious process behavior detected.
2026-09-15 11:28:04,2913,Code Helper,0.3,0.5380630493164062,80,HIGH,Suspicious process behavior detected.
2026-09-15 11:28:04,3033,Code Helper,0.1,0.3055572509765625,80,HIGH,Suspicious process behavior detected.
2026-09-15 11:28:04,3034,Code Helper (Plugin),0.2,0.710296630859375,80,HIGH,Suspicious process behavior detected.
2026-09-15 11:28:04,4194,Code Helper (Plugin),0.0,0.695037841796875,80,HIGH,Suspicious process behavior detected.
2026-09-15 11:28:04,8323,Google Chrome Helper (Renderer),0.0,0.5523681640625,80,HIGH,Suspicious process behavior detected.
2026-09-15 11:28:04,13781,Google Chrome Helper (Renderer),0.0,0.7398605346679688,80,HIGH,Suspicious process behavior detected.
2026-09-15 11:28:04,13795,com.apple.appkit.xpc.openAndSavePanelService,0.1,0.24433135986328125,80,HIGH,Suspicious process behavior detected.
2026-09-15 11:28:05,15256,Code Helper (Renderer),0.4,0.8981704711914062,80,HIGH,Suspicious process behavior detected.
2026-09-15 11:28:05,16276,python3.12,1.1,0.1613616943359375,80,HIGH,Suspicious process behavior detected.
2026-09-15 11:28:05,16597,python3.12,42.6,0.8604049682617188,80,HIGH,Suspicious process behavior detected.
2026-09-15 11:28:05,17127,Google Chrome Helper (Renderer),0.0,1.2599945068359375,80,HIGH,Suspicious process behavior detected.
2026-09-15 11:28:05,17132,Google Chrome Helper (Renderer),0.0,1.4059066772460938,80,HIGH,Suspicious process behavior detected.
2026-09-15 11:28:05,17166,mdworker_shared,0.1,0.2574920654296875,80,HIGH,Suspicious process behavior detected.
2026-09-15 11:28:11,376,loginwindow,1.6,0.1148223876953125,80,HIGH,Suspicious process behavior detected.
2026-09-15 11:28:11,543,distnoted,0.2,0.042724609375,80,HIGH,Suspicious process behavior detected.
2026-09-15 11:28:11,544,cfprefsd,0.3,0.0492095947265625,80,HIGH,Suspicious process behavior detected.
2026-09-15 11:28:11,553,WindowManager,3.6,0.26531219482421875,80,HIGH,Suspicious process behavior detected.
2026-09-15 11:28:11,559,Dock,1.6,0.14896392822265625,80,HIGH,Suspicious process behavior detected.
2026-09-15 11:28:11,560,ControlCenter,0.5,0.39501190185546875,80,HIGH,Suspicious process behavior detected.
2026-09-15 11:28:11,562,SystemUIServer,0.2,0.08544921875,80,HIGH,Suspicious process behavior detected.
2026-09-15 11:28:11,564,Finder,0.6,0.23403167724609375,80,HIGH,Suspicious process behavior detected.
2026-09-15 11:28:11,568,AXVisualSupportAgent,1.7,0.140380859375,80,HIGH,Suspicious process behavior detected.
2026-09-15 11:28:11,580,trustd,0.5,0.11310577392578125,80,HIGH,Suspicious process behavior detected.
2026-09-15 11:28:11,583,WallpaperAgent,0.2,0.09212493896484375,80,HIGH,Suspicious process behavior detected.
2026-09-15 11:28:11,587,com.apple.hiservices-xpcservice,0.1,0.02651214599609375,80,HIGH,Suspicious process behavior detected.
2026-09-15 11:28:11,596,callservicesd,0.2,0.1220703125,80,HIGH,Suspicious process behavior detected.
2026-09-15 11:28:11,600,fontd,0.2,0.04825592041015625,80,HIGH,Suspicious process behavior detected.
2026-09-15 11:28:11,602,fileproviderd,0.3,0.13980865478515625,80,HIGH,Suspicious process behavior detected.
2026-09-15 11:28:11,608,ViewBridgeAuxiliary,0.3,0.06542205810546875,80,HIGH,Suspicious process behavior detected.
2026-09-15 11:28:11,643,useractivityd,0.1,0.07381439208984375,80,HIGH,Suspicious process behavior detected.
2026-09-15 11:28:11,644,com.apple.dock.extra,0.1,0.1705169677734375,80,HIGH,Suspicious process behavior detected.
2026-09-15 11:28:11,646,NotificationCenter,0.4,0.125885009765625,80,HIGH,Suspicious process behavior detected.
2026-09-15 11:28:11,666,ContextStoreAgent,2.2,0.10089874267578125,80,HIGH,Suspicious process behavior detected.
2026-09-15 11:28:11,668,BiomeAgent,2.0,0.0804901123046875,80,HIGH,Suspicious process behavior detected.
2026-09-15 11:28:11,680,AirPlayUIAgent,0.2,0.0728607177734375,80,HIGH,Suspicious process behavior detected.
2026-09-15 11:28:11,685,diagnostics_agent,0.1,0.070953369140625,80,HIGH,Suspicious process behavior detected.
2026-09-15 11:28:11,686,TextInputMenuAgent,0.2,0.1064300537109375,80,HIGH,Suspicious process behavior detected.
2026-09-15 11:28:11,688,Grammarly Desktop Helper,0.3,0.054931640625,80,HIGH,Suspicious process behavior detected.
2026-09-15 11:28:11,707,WiFiAgent,0.2,0.11272430419921875,80,HIGH,Suspicious process behavior detected.
2026-09-15 11:28:11,713,Spotlight,1.3,0.12912750244140625,80,HIGH,Suspicious process behavior detected.
2026-09-15 11:28:11,714,CursorUIViewService,1.5,0.0919342041015625,80,HIGH,Suspicious process behavior detected.
2026-09-15 11:28:11,716,PAH_Extension,0.2,0.0751495361328125,80,HIGH,Suspicious process behavior detected.
2026-09-15 11:28:11,717,OneDrive,0.2,0.34027099609375,80,HIGH,Suspicious process behavior detected.
2026-09-15 11:28:11,718,corespotlightd,0.2,0.131988525390625,80,HIGH,Suspicious process behavior detected.
2026-09-15 11:28:11,722,duetexpertd,0.2,0.19168853759765625,80,HIGH,Suspicious process behavior detected.
2026-09-15 11:28:11,730,Spotify,0.4,1.01165771484375,80,HIGH,Suspicious process behavior detected.
2026-09-15 11:28:11,755,Grammarly Desktop,5.4,0.9954452514648438,80,HIGH,Suspicious process behavior detected.
2026-09-15 11:28:11,772,com.apple.WebKit.GPU,0.2,0.05054473876953125,80,HIGH,Suspicious process behavior detected.
2026-09-15 11:28:11,776,com.apple.WebKit.Networking,0.2,0.098419189453125,80,HIGH,Suspicious process behavior detected.
2026-09-15 11:28:11,898,OneDrive Sync Service,0.1,0.156402587890625,80,HIGH,Suspicious process behavior detected.
2026-09-15 11:28:11,913,app_inkwell,3.6,0.34942626953125,80,HIGH,Suspicious process behavior detected.
2026-09-15 11:28:11,916,com.apple.WebKit.WebContent,28.0,1.573944091796875,80,HIGH,Suspicious process behavior detected.
2026-09-15 11:28:11,919,com.apple.WebKit.Networking,21.5,0.206756591796875,80,HIGH,Suspicious process behavior detected.
2026-09-15 11:28:11,930,com.apple.WebKit.WebContent,1.6,0.37441253662109375,80,HIGH,Suspicious process behavior detected.
2026-09-15 11:28:11,931,com.apple.WebKit.WebContent,1.5,0.7068634033203125,80,HIGH,Suspicious process behavior detected.
2026-09-15 11:28:11,932,com.apple.WebKit.WebContent,1.8,0.93994140625,80,HIGH,Suspicious process behavior detected.
2026-09-15 11:28:11,957,Google Chrome,6.9,2.313232421875,80,HIGH,Suspicious process behavior detected.
2026-09-15 11:28:11,963,Google Chrome Helper,4.1,0.7814407348632812,80,HIGH,Suspicious process behavior detected.
2026-09-15 11:28:11,964,Google Chrome Helper,0.1,0.7062911987304688,80,HIGH,Suspicious process behavior detected.
2026-09-15 11:28:11,966,Google Chrome Helper,0.1,0.17223358154296875,80,HIGH,Suspicious process behavior detected.
2026-09-15 11:28:11,2095,com.apple.WebKit.WebContent,0.8,0.22220611572265625,80,HIGH,Suspicious process behavior detected.
2026-09-15 11:28:11,2096,com.apple.WebKit.WebContent,0.9,0.556182861328125,80,HIGH,Suspicious process behavior detected.
2026-09-15 11:28:11,2641,Google Chrome Helper (Renderer),0.0,0.4810333251953125,80,HIGH,Suspicious process behavior detected.
2026-09-15 11:28:11,2672,Google Chrome Helper (Renderer),8.6,4.038810729980469,80,HIGH,Suspicious process behavior detected.
2026-09-15 11:28:11,2826,Code,9.5,1.3248443603515625,80,HIGH,Suspicious process behavior detected.
2026-09-15 11:28:11,2833,Code Helper,4.5,0.8172988891601562,80,HIGH,Suspicious process behavior detected.
2026-09-15 11:28:11,2835,Code Helper (Renderer),6.4,3.841400146484375,80,HIGH,Suspicious process behavior detected.
2026-09-15 11:28:11,2852,Code Helper,0.4,0.44002532958984375,80,HIGH,Suspicious process behavior detected.
2026-09-15 11:28:11,2913,Code Helper,0.4,0.6265640258789062,80,HIGH,Suspicious process behavior detected.
2026-09-15 11:28:11,3033,Code Helper,0.2,0.30612945556640625,80,HIGH,Suspicious process behavior detected.
2026-09-15 11:28:11,3034,Code Helper (Plugin),0.8,0.7211685180664062,80,HIGH,Suspicious process behavior detected.
2026-09-15 11:28:11,4194,Code Helper (Plugin),0.4,0.804901123046875,80,HIGH,Suspicious process behavior detected.
2026-09-15 11:28:11,8323,Google Chrome Helper (Renderer),0.2,0.5523681640625,80,HIGH,Suspicious process behavior detected.
2026-09-15 11:28:11,8324,Google Chrome Helper (Renderer),0.1,0.4425048828125,80,HIGH,Suspicious process behavior detected.
2026-09-15 11:28:11,8325,Google Chrome Helper (Renderer),0.1,0.2918243408203125,80,HIGH,Suspicious process behavior detected.
2026-09-15 11:28:11,8328,Google Chrome Helper (Renderer),0.2,0.3536224365234375,80,HIGH,Suspicious process behavior detected.
2026-09-15 11:28:11,8351,Google Chrome Helper,0.1,0.12874603271484375,80,HIGH,Suspicious process behavior detected.
2026-09-15 11:28:11,9572,proactived,0.2,0.09307861328125,80,HIGH,Suspicious process behavior detected.
2026-09-15 11:28:11,9649,suggestd,0.1,0.16345977783203125,80,HIGH,Suspicious process behavior detected.
2026-09-15 11:28:11,9847,UIKitSystem,0.2,0.173187255859375,80,HIGH,Suspicious process behavior detected.
2026-09-15 11:28:11,9982,contentlinkingd,0.1,0.05970001220703125,80,HIGH,Suspicious process behavior detected.
2026-09-15 11:28:11,13036,CommCenter,0.5,0.0888824462890625,80,HIGH,Suspicious process behavior detected.
2026-09-15 11:28:11,13781,Google Chrome Helper (Renderer),0.1,0.7398605346679688,80,HIGH,Suspicious process behavior detected.
2026-09-15 11:28:11,13795,com.apple.appkit.xpc.openAndSavePanelService,0.4,0.2445220947265625,80,HIGH,Suspicious process behavior detected.
2026-09-15 11:28:11,14245,nsattributedstringagent,0.1,0.21648406982421875,80,HIGH,Suspicious process behavior detected.
2026-09-15 11:28:11,14603,siriactionsd,0.1,0.13523101806640625,80,HIGH,Suspicious process behavior detected.
2026-09-15 11:28:11,15256,Code Helper (Renderer),0.2,0.8937835693359375,80,HIGH,Suspicious process behavior detected.
2026-09-15 11:28:11,15313,screencaptureui,0.7,0.20961761474609375,80,HIGH,Suspicious process behavior detected.
2026-09-15 11:28:11,16597,python3.12,42.5,0.8731842041015625,80,HIGH,Suspicious process behavior detected.
2026-09-15 11:28:11,17022,mdworker_shared,0.1,0.194549560546875,80,HIGH,Suspicious process behavior detected.
2026-09-15 11:28:11,17055,ControlCenterHelper,0.1,0.16269683837890625,80,HIGH,Suspicious process behavior detected.
2026-09-15 11:28:11,17127,Google Chrome Helper (Renderer),0.0,1.2250900268554688,80,HIGH,Suspicious process behavior detected.
2026-09-15 11:28:11,17132,Google Chrome Helper (Renderer),0.0,1.293182373046875,80,HIGH,Suspicious process behavior detected.
2026-09-15 11:28:11,17166,mdworker_shared,0.1,0.23517608642578125,80,HIGH,Suspicious process behavior detected.
2026-09-15 11:28:18,560,ControlCenter,0.5,0.400543212890625,80,HIGH,Suspicious process behavior detected.
2026-09-15 11:28:18,564,Finder,0.2,0.3173828125,80,HIGH,Suspicious process behavior detected.
2026-09-15 11:28:18,568,AXVisualSupportAgent,0.2,0.1438140869140625,80,HIGH,Suspicious process behavior detected.
2026-09-15 11:28:18,587,com.apple.hiservices-xpcservice,0.3,0.04253387451171875,80,HIGH,Suspicious process behavior detected.
2026-09-15 11:28:18,602,fileproviderd,0.2,0.13561248779296875,80,HIGH,Suspicious process behavior detected.
2026-09-15 11:28:18,608,ViewBridgeAuxiliary,0.1,0.078582763671875,80,HIGH,Suspicious process behavior detected.
2026-09-15 11:28:18,615,corespeechd,0.6,0.12569427490234375,80,HIGH,Suspicious process behavior detected.
2026-09-15 11:28:18,718,corespotlightd,0.1,0.131988525390625,80,HIGH,Suspicious process behavior detected.
2026-09-15 11:28:18,730,Spotify,0.5,0.6792068481445312,80,HIGH,Suspicious process behavior detected.
2026-09-15 11:28:18,747,Spotify Helper,0.1,0.1659393310546875,80,HIGH,Suspicious process behavior detected.
2026-09-15 11:28:18,755,Grammarly Desktop,7.2,0.9714126586914062,80,HIGH,Suspicious process behavior detected.
2026-09-15 11:28:18,913,app_inkwell,5.2,0.2880096435546875,80,HIGH,Suspicious process behavior detected.
2026-09-15 11:28:18,916,com.apple.WebKit.WebContent,68.6,1.4368057250976562,90,HIGH,Suspicious process behavior detected.
2026-09-15 11:28:18,919,com.apple.WebKit.Networking,72.9,0.1811981201171875,90,HIGH,Suspicious process behavior detected.
2026-09-15 11:28:18,930,com.apple.WebKit.WebContent,0.5,0.392913818359375,80,HIGH,Suspicious process behavior detected.
2026-09-15 11:28:18,931,com.apple.WebKit.WebContent,0.6,0.4329681396484375,80,HIGH,Suspicious process behavior detected.
2026-09-15 11:28:18,932,com.apple.WebKit.WebContent,7.0,0.7406234741210938,80,HIGH,Suspicious process behavior detected.
2026-09-15 11:28:18,957,Google Chrome,13.9,2.2735595703125,80,HIGH,Suspicious process behavior detected.
2026-09-15 11:28:18,963,Google Chrome Helper,2.0,0.8749008178710938,80,HIGH,Suspicious process behavior detected.
2026-09-15 11:28:18,964,Google Chrome Helper,0.8,0.6341934204101562,80,HIGH,Suspicious process behavior detected.
2026-09-15 11:28:18,2095,com.apple.WebKit.WebContent,0.9,0.313568115234375,80,HIGH,Suspicious process behavior detected.
2026-09-15 11:28:18,2096,com.apple.WebKit.WebContent,0.5,0.3551483154296875,80,HIGH,Suspicious process behavior detected.
2026-09-15 11:28:18,2641,Google Chrome Helper (Renderer),0.0,0.48065185546875,80,HIGH,Suspicious process behavior detected.
2026-09-15 11:28:18,2672,Google Chrome Helper (Renderer),10.4,6.9591522216796875,80,HIGH,Suspicious process behavior detected.
2026-09-15 11:28:18,2826,Code,0.1,1.4080047607421875,80,HIGH,Suspicious process behavior detected.
2026-09-15 11:28:18,2833,Code Helper,0.1,0.8062362670898438,80,HIGH,Suspicious process behavior detected.
2026-09-15 11:28:18,2835,Code Helper (Renderer),0.6,1.6283035278320312,80,HIGH,Suspicious process behavior detected.
2026-09-15 11:28:18,2852,Code Helper,0.0,1.0358810424804688,80,HIGH,Suspicious process behavior detected.
2026-09-15 11:28:18,2913,Code Helper,0.3,0.47206878662109375,80,HIGH,Suspicious process behavior detected.
2026-09-15 11:28:18,3033,Code Helper,0.2,0.2742767333984375,80,HIGH,Suspicious process behavior detected.
2026-09-15 11:28:18,3034,Code Helper (Plugin),0.2,0.6038665771484375,80,HIGH,Suspicious process behavior detected.
2026-09-15 11:28:18,4194,Code Helper (Plugin),0.0,0.5859375,80,HIGH,Suspicious process behavior detected.
2026-09-15 11:28:18,8323,Google Chrome Helper (Renderer),0.1,0.655364990234375,80,HIGH,Suspicious process behavior detected.
2026-09-15 11:28:18,8324,Google Chrome Helper (Renderer),0.1,0.4459381103515625,80,HIGH,Suspicious process behavior detected.
2026-09-15 11:28:18,8325,Google Chrome Helper (Renderer),0.2,0.29582977294921875,80,HIGH,Suspicious process behavior detected.
2026-09-15 11:28:18,8328,Google Chrome Helper (Renderer),0.1,0.3448486328125,80,HIGH,Suspicious process behavior detected.
2026-09-15 11:28:18,9909,com.apple.geod,0.1,0.07228851318359375,80,HIGH,Suspicious process behavior detected.
2026-09-15 11:28:18,13781,Google Chrome Helper (Renderer),0.0,0.7328033447265625,80,HIGH,Suspicious process behavior detected.
2026-09-15 11:28:18,13795,com.apple.appkit.xpc.openAndSavePanelService,0.1,0.28095245361328125,80,HIGH,Suspicious process behavior detected.
2026-09-15 11:28:18,14397,Siri,0.4,0.16937255859375,80,HIGH,Suspicious process behavior detected.
2026-09-15 11:28:18,14505,SiriNCService,0.1,0.16002655029296875,80,HIGH,Suspicious process behavior detected.
2026-09-15 11:28:18,15256,Code Helper (Renderer),0.1,0.8502960205078125,80,HIGH,Suspicious process behavior detected.
2026-09-15 11:28:18,16276,python3.12,0.4,0.151824951171875,80,HIGH,Suspicious process behavior detected.
2026-09-15 11:28:18,16445,python3.12,0.9,0.0885009765625,80,HIGH,Suspicious process behavior detected.
2026-09-15 11:28:18,16597,python3.12,44.3,0.4314422607421875,80,HIGH,Suspicious process behavior detected.
2026-09-15 11:28:18,16631,ServiceExtension,0.1,0.31871795654296875,80,HIGH,Suspicious process behavior detected.
2026-09-15 11:28:18,17127,Google Chrome Helper (Renderer),0.0,1.0957717895507812,80,HIGH,Suspicious process behavior detected.
2026-09-15 11:28:18,17132,Google Chrome Helper (Renderer),1.2,1.1531829833984375,80,HIGH,Suspicious process behavior detected.
2026-09-15 11:28:18,17185,com.apple.WebKit.WebContent,0.0,0.7585525512695312,80,HIGH,Suspicious process behavior detected.
2026-09-15 11:28:25,544,cfprefsd,0.3,0.03032684326171875,80,HIGH,Suspicious process behavior detected.
2026-09-15 11:28:25,560,ControlCenter,0.4,0.3993988037109375,80,HIGH,Suspicious process behavior detected.
2026-09-15 11:28:25,564,Finder,0.3,0.267791748046875,80,HIGH,Suspicious process behavior detected.
2026-09-15 11:28:25,568,AXVisualSupportAgent,0.1,0.12683868408203125,80,HIGH,Suspicious process behavior detected.
2026-09-15 11:28:25,587,com.apple.hiservices-xpcservice,0.1,0.04215240478515625,80,HIGH,Suspicious process behavior detected.
2026-09-15 11:28:25,602,fileproviderd,0.2,0.13580322265625,80,HIGH,Suspicious process behavior detected.
2026-09-15 11:28:25,713,Spotlight,0.1,0.152587890625,80,HIGH,Suspicious process behavior detected.
2026-09-15 11:28:25,730,Spotify,0.3,0.6870269775390625,80,HIGH,Suspicious process behavior detected.
2026-09-15 11:28:25,755,Grammarly Desktop,3.0,0.8880615234375,80,HIGH,Suspicious process behavior detected.
2026-09-15 11:28:25,913,app_inkwell,2.0,0.2964019775390625,80,HIGH,Suspicious process behavior detected.
2026-09-15 11:28:25,916,com.apple.WebKit.WebContent,24.2,1.6695022583007812,80,HIGH,Suspicious process behavior detected.
2026-09-15 11:28:25,919,com.apple.WebKit.Networking,25.4,0.24204254150390625,80,HIGH,Suspicious process behavior detected.
2026-09-15 11:28:25,930,com.apple.WebKit.WebContent,0.2,0.39615631103515625,80,HIGH,Suspicious process behavior detected.
2026-09-15 11:28:25,931,com.apple.WebKit.WebContent,0.2,0.45948028564453125,80,HIGH,Suspicious process behavior detected.
2026-09-15 11:28:25,932,com.apple.WebKit.WebContent,3.0,1.590728759765625,80,HIGH,Suspicious process behavior detected.
2026-09-15 11:28:25,957,Google Chrome,5.1,2.33917236328125,80,HIGH,Suspicious process behavior detected.
2026-09-15 11:28:25,963,Google Chrome Helper,2.3,0.867462158203125,80,HIGH,Suspicious process behavior detected.
2026-09-15 11:28:25,964,Google Chrome Helper,0.5,0.6567001342773438,80,HIGH,Suspicious process behavior detected.
2026-09-15 11:28:25,2095,com.apple.WebKit.WebContent,0.2,0.5308151245117188,80,HIGH,Suspicious process behavior detected.
2026-09-15 11:28:25,2096,com.apple.WebKit.WebContent,0.2,0.41904449462890625,80,HIGH,Suspicious process behavior detected.
2026-09-15 11:28:25,2641,Google Chrome Helper (Renderer),0.1,0.48065185546875,80,HIGH,Suspicious process behavior detected.
2026-09-15 11:28:25,2672,Google Chrome Helper (Renderer),6.5,6.793975830078125,80,HIGH,Suspicious process behavior detected.
2026-09-15 11:28:25,2826,Code,1.4,1.349639892578125,80,HIGH,Suspicious process behavior detected.
2026-09-15 11:28:25,2833,Code Helper,2.3,0.8159637451171875,80,HIGH,Suspicious process behavior detected.
2026-09-15 11:28:25,2834,Code Helper,0.4,0.330352783203125,80,HIGH,Suspicious process behavior detected.
2026-09-15 11:28:25,2835,Code Helper (Renderer),0.7,1.98822021484375,80,HIGH,Suspicious process behavior detected.
2026-09-15 11:28:25,2852,Code Helper,0.0,0.9979248046875,80,HIGH,Suspicious process behavior detected.
2026-09-15 11:28:25,2913,Code Helper,0.4,0.516510009765625,80,HIGH,Suspicious process behavior detected.
2026-09-15 11:28:25,3033,Code Helper,0.1,0.31642913818359375,80,HIGH,Suspicious process behavior detected.
2026-09-15 11:28:25,3034,Code Helper (Plugin),0.2,0.6242752075195312,80,HIGH,Suspicious process behavior detected.
2026-09-15 11:28:25,4194,Code Helper (Plugin),0.0,0.6452560424804688,80,HIGH,Suspicious process behavior detected.
2026-09-15 11:28:25,8323,Google Chrome Helper (Renderer),0.1,0.7261276245117188,80,HIGH,Suspicious process behavior detected.
2026-09-15 11:28:25,8324,Google Chrome Helper (Renderer),0.0,0.48770904541015625,80,HIGH,Suspicious process behavior detected.
2026-09-15 11:28:25,8325,Google Chrome Helper (Renderer),0.1,0.3406524658203125,80,HIGH,Suspicious process behavior detected.
2026-09-15 11:28:25,8410,routined,0.4,0.19321441650390625,80,HIGH,Suspicious process behavior detected.
2026-09-15 11:28:25,13774,Google Chrome Helper (Renderer),0.3,0.400543212890625,80,HIGH,Suspicious process behavior detected.
2026-09-15 11:28:25,13781,Google Chrome Helper (Renderer),0.0,0.7350921630859375,80,HIGH,Suspicious process behavior detected.
2026-09-15 11:28:25,13795,com.apple.appkit.xpc.openAndSavePanelService,0.1,0.24871826171875,80,HIGH,Suspicious process behavior detected.
2026-09-15 11:28:25,14397,Siri,0.2,0.1598358154296875,80,HIGH,Suspicious process behavior detected.
2026-09-15 11:28:25,14505,SiriNCService,0.1,0.14438629150390625,80,HIGH,Suspicious process behavior detected.
2026-09-15 11:28:25,15256,Code Helper (Renderer),0.4,0.85601806640625,80,HIGH,Suspicious process behavior detected.
2026-09-15 11:28:25,16276,python3.12,0.8,0.15811920166015625,80,HIGH,Suspicious process behavior detected.
2026-09-15 11:28:25,16597,python3.12,43.8,0.7654190063476562,80,HIGH,Suspicious process behavior detected.
2026-09-15 11:28:25,17022,mdworker_shared,0.1,0.19245147705078125,80,HIGH,Suspicious process behavior detected.
2026-09-15 11:28:25,17132,Google Chrome Helper (Renderer),0.0,1.4337539672851562,80,HIGH,Suspicious process behavior detected.
2026-09-15 11:28:25,17166,mdworker_shared,0.2,0.191497802734375,80,HIGH,Suspicious process behavior detected.
2026-09-15 11:28:25,17185,com.apple.WebKit.WebContent,0.0,0.7345199584960938,80,HIGH,Suspicious process behavior detected.
2026-09-15 11:28:31,543,distnoted,0.1,0.042724609375,80,HIGH,Suspicious process behavior detected.
2026-09-15 11:28:32,560,ControlCenter,0.5,0.4093170166015625,80,HIGH,Suspicious process behavior detected.
2026-09-15 11:28:32,568,AXVisualSupportAgent,0.2,0.1224517822265625,80,HIGH,Suspicious process behavior detected.
2026-09-15 11:28:32,587,com.apple.hiservices-xpcservice,0.2,0.04177093505859375,80,HIGH,Suspicious process behavior detected.
2026-09-15 11:28:32,602,fileproviderd,0.1,0.1361846923828125,80,HIGH,Suspicious process behavior detected.
2026-09-15 11:28:32,608,ViewBridgeAuxiliary,0.1,0.07991790771484375,80,HIGH,Suspicious process behavior detected.
2026-09-15 11:28:32,730,Spotify,0.1,0.7541656494140625,80,HIGH,Suspicious process behavior detected.
2026-09-15 11:28:32,755,Grammarly Desktop,5.7,0.8670806884765625,80,HIGH,Suspicious process behavior detected.
2026-09-15 11:28:32,913,app_inkwell,4.3,0.2895355224609375,80,HIGH,Suspicious process behavior detected.
2026-09-15 11:28:32,916,com.apple.WebKit.WebContent,55.8,2.8568267822265625,90,HIGH,Suspicious process behavior detected.
2026-09-15 11:28:32,919,com.apple.WebKit.Networking,60.1,0.21228790283203125,90,HIGH,Suspicious process behavior detected.
2026-09-15 11:28:32,930,com.apple.WebKit.WebContent,0.4,0.27408599853515625,80,HIGH,Suspicious process behavior detected.
2026-09-15 11:28:32,931,com.apple.WebKit.WebContent,0.4,0.27179718017578125,80,HIGH,Suspicious process behavior detected.
2026-09-15 11:28:32,932,com.apple.WebKit.WebContent,6.1,1.514434814453125,80,HIGH,Suspicious process behavior detected.
2026-09-15 11:28:32,957,Google Chrome,9.8,2.4272918701171875,80,HIGH,Suspicious process behavior detected.
2026-09-15 11:28:32,963,Google Chrome Helper,1.8,0.8684158325195312,80,HIGH,Suspicious process behavior detected.
2026-09-15 11:28:32,964,Google Chrome Helper,0.5,0.678253173828125,80,HIGH,Suspicious process behavior detected.
2026-09-15 11:28:32,2095,com.apple.WebKit.WebContent,0.4,0.47092437744140625,80,HIGH,Suspicious process behavior detected.
2026-09-15 11:28:32,2096,com.apple.WebKit.WebContent,1.0,0.290679931640625,80,HIGH,Suspicious process behavior detected.
2026-09-15 11:28:32,2641,Google Chrome Helper (Renderer),0.0,0.5273818969726562,80,HIGH,Suspicious process behavior detected.
2026-09-15 11:28:32,2672,Google Chrome Helper (Renderer),14.0,6.8637847900390625,80,HIGH,Suspicious process behavior detected.
2026-09-15 11:28:32,2826,Code,0.0,1.2874603271484375,80,HIGH,Suspicious process behavior detected.
2026-09-15 11:28:32,2833,Code Helper,0.1,0.8047103881835938,80,HIGH,Suspicious process behavior detected.
2026-09-15 11:28:32,2835,Code Helper (Renderer),0.3,2.0986557006835938,80,HIGH,Suspicious process behavior detected.
2026-09-15 11:28:32,2852,Code Helper,0.0,0.9735107421875,80,HIGH,Suspicious process behavior detected.
2026-09-15 11:28:32,2913,Code Helper,0.3,0.5329132080078125,80,HIGH,Suspicious process behavior detected.
2026-09-15 11:28:32,3033,Code Helper,0.1,0.3143310546875,80,HIGH,Suspicious process behavior detected.
2026-09-15 11:28:32,3034,Code Helper (Plugin),0.2,0.626373291015625,80,HIGH,Suspicious process behavior detected.
2026-09-15 11:28:32,4194,Code Helper (Plugin),0.0,0.6450653076171875,80,HIGH,Suspicious process behavior detected.
2026-09-15 11:28:32,8323,Google Chrome Helper (Renderer),0.1,0.6567001342773438,80,HIGH,Suspicious process behavior detected.
2026-09-15 11:28:32,8324,Google Chrome Helper (Renderer),0.0,0.48885345458984375,80,HIGH,Suspicious process behavior detected.
2026-09-15 11:28:32,8325,Google Chrome Helper (Renderer),0.1,0.34046173095703125,80,HIGH,Suspicious process behavior detected.
2026-09-15 11:28:32,9681,AppleSpell,0.1,0.21457672119140625,80,HIGH,Suspicious process behavior detected.
2026-09-15 11:28:32,13781,Google Chrome Helper (Renderer),0.0,0.9790420532226562,80,HIGH,Suspicious process behavior detected.
2026-09-15 11:28:32,14397,Siri,0.4,0.15964508056640625,80,HIGH,Suspicious process behavior detected.
2026-09-15 11:28:32,15256,Code Helper (Renderer),0.1,0.8546829223632812,80,HIGH,Suspicious process behavior detected.
2026-09-15 11:28:32,16276,python3.12,0.4,0.16498565673828125,80,HIGH,Suspicious process behavior detected.
2026-09-15 11:28:32,16597,python3.12,44.8,0.7757186889648438,80,HIGH,Suspicious process behavior detected.
2026-09-15 11:28:32,17132,Google Chrome Helper (Renderer),0.1,1.4110565185546875,80,HIGH,Suspicious process behavior detected.
2026-09-15 11:28:32,17185,com.apple.WebKit.WebContent,0.0,0.6671905517578125,80,HIGH,Suspicious process behavior detected.
2026-09-15 11:28:38,376,loginwindow,1.2,0.11310577392578125,80,HIGH,Suspicious process behavior detected.
2026-09-15 11:28:38,543,distnoted,0.5,0.04367828369140625,80,HIGH,Suspicious process behavior detected.
2026-09-15 11:28:38,544,cfprefsd,0.1,0.0270843505859375,80,HIGH,Suspicious process behavior detected.
2026-09-15 11:28:38,553,WindowManager,2.8,0.23136138916015625,80,HIGH,Suspicious process behavior detected.
2026-09-15 11:28:38,557,universalaccessd,0.1,0.0682830810546875,80,HIGH,Suspicious process behavior detected.
2026-09-15 11:28:39,559,Dock,0.2,0.11119842529296875,80,HIGH,Suspicious process behavior detected.
2026-09-15 11:28:39,560,ControlCenter,0.4,0.3925323486328125,80,HIGH,Suspicious process behavior detected.
2026-09-15 11:28:39,564,Finder,1.0,0.23097991943359375,80,HIGH,Suspicious process behavior detected.
2026-09-15 11:28:39,568,AXVisualSupportAgent,0.8,0.1392364501953125,80,HIGH,Suspicious process behavior detected.
2026-09-15 11:28:39,600,fontd,0.1,0.04825592041015625,80,HIGH,Suspicious process behavior detected.
2026-09-15 11:28:39,602,fileproviderd,0.1,0.13580322265625,80,HIGH,Suspicious process behavior detected.
2026-09-15 11:28:39,608,ViewBridgeAuxiliary,0.1,0.0759124755859375,80,HIGH,Suspicious process behavior detected.
2026-09-15 11:28:39,685,diagnostics_agent,0.1,0.07076263427734375,80,HIGH,Suspicious process behavior detected.
2026-09-15 11:28:39,688,Grammarly Desktop Helper,0.2,0.05512237548828125,80,HIGH,Suspicious process behavior detected.
2026-09-15 11:28:39,716,PAH_Extension,0.1,0.07572174072265625,80,HIGH,Suspicious process behavior detected.
2026-09-15 11:28:39,730,Spotify,0.3,0.9466171264648438,80,HIGH,Suspicious process behavior detected.
2026-09-15 11:28:39,755,Grammarly Desktop,3.2,0.833892822265625,80,HIGH,Suspicious process behavior detected.
2026-09-15 11:28:39,772,com.apple.WebKit.GPU,0.2,0.0507354736328125,80,HIGH,Suspicious process behavior detected.
2026-09-15 11:28:39,776,com.apple.WebKit.Networking,0.2,0.121307373046875,80,HIGH,Suspicious process behavior detected.
2026-09-15 11:28:39,913,app_inkwell,3.1,0.29087066650390625,80,HIGH,Suspicious process behavior detected.
2026-09-15 11:28:39,916,com.apple.WebKit.WebContent,11.9,1.5760421752929688,80,HIGH,Suspicious process behavior detected.
2026-09-15 11:28:39,918,com.apple.WebKit.GPU,1.1,0.0896453857421875,80,HIGH,Suspicious process behavior detected.
2026-09-15 11:28:39,919,com.apple.WebKit.Networking,12.0,0.22144317626953125,80,HIGH,Suspicious process behavior detected.
2026-09-15 11:28:39,930,com.apple.WebKit.WebContent,0.8,0.33359527587890625,80,HIGH,Suspicious process behavior detected.
2026-09-15 11:28:39,931,com.apple.WebKit.WebContent,3.4,0.344085693359375,80,HIGH,Suspicious process behavior detected.
2026-09-15 11:28:39,932,com.apple.WebKit.WebContent,1.1,0.9195327758789062,80,HIGH,Suspicious process behavior detected.
2026-09-15 11:28:39,957,Google Chrome,7.5,2.3193359375,80,HIGH,Suspicious process behavior detected.
2026-09-15 11:28:39,963,Google Chrome Helper,8.4,0.9372711181640625,80,HIGH,Suspicious process behavior detected.
2026-09-15 11:28:39,964,Google Chrome Helper,0.3,0.675201416015625,80,HIGH,Suspicious process behavior detected.
2026-09-15 11:28:39,2095,com.apple.WebKit.WebContent,0.5,0.400543212890625,80,HIGH,Suspicious process behavior detected.
2026-09-15 11:28:39,2096,com.apple.WebKit.WebContent,0.6,0.30689239501953125,80,HIGH,Suspicious process behavior detected.
2026-09-15 11:28:39,2641,Google Chrome Helper (Renderer),0.0,0.48084259033203125,80,HIGH,Suspicious process behavior detected.
2026-09-15 11:28:39,2672,Google Chrome Helper (Renderer),23.4,6.4006805419921875,80,HIGH,Suspicious process behavior detected.
2026-09-15 11:28:39,2826,Code,6.8,1.2622833251953125,80,HIGH,Suspicious process behavior detected.
2026-09-15 11:28:39,2833,Code Helper,2.6,0.7844924926757812,80,HIGH,Suspicious process behavior detected.
2026-09-15 11:28:39,2835,Code Helper (Renderer),1.0,3.3176422119140625,80,HIGH,Suspicious process behavior detected.
2026-09-15 11:28:39,2852,Code Helper,0.0,0.58441162109375,80,HIGH,Suspicious process behavior detected.
2026-09-15 11:28:39,2913,Code Helper,0.3,0.5121231079101562,80,HIGH,Suspicious process behavior detected.
2026-09-15 11:28:39,3033,Code Helper,0.1,0.29754638671875,80,HIGH,Suspicious process behavior detected.
2026-09-15 11:28:39,3034,Code Helper (Plugin),0.2,2.00042724609375,80,HIGH,Suspicious process behavior detected.
2026-09-15 11:28:39,4194,Code Helper (Plugin),0.0,0.597381591796875,80,HIGH,Suspicious process behavior detected.
2026-09-15 11:28:39,8323,Google Chrome Helper (Renderer),0.0,0.550079345703125,80,HIGH,Suspicious process behavior detected.
2026-09-15 11:28:39,8666,Google Chrome Helper (Renderer),0.1,0.12569427490234375,80,HIGH,Suspicious process behavior detected.
2026-09-15 11:28:39,9847,UIKitSystem,0.2,0.1720428466796875,80,HIGH,Suspicious process behavior detected.
2026-09-15 11:28:39,9982,contentlinkingd,0.1,0.06008148193359375,80,HIGH,Suspicious process behavior detected.
2026-09-15 11:28:39,13781,Google Chrome Helper (Renderer),0.1,0.7329940795898438,80,HIGH,Suspicious process behavior detected.
2026-09-15 11:28:39,13795,com.apple.appkit.xpc.openAndSavePanelService,0.1,0.2391815185546875,80,HIGH,Suspicious process behavior detected.
2026-09-15 11:28:39,14603,siriactionsd,0.1,0.1316070556640625,80,HIGH,Suspicious process behavior detected.
2026-09-15 11:28:39,15256,Code Helper (Renderer),0.6,0.849151611328125,80,HIGH,Suspicious process behavior detected.
2026-09-15 11:28:39,15313,screencaptureui,0.5,0.2025604248046875,80,HIGH,Suspicious process behavior detected.
2026-09-15 11:28:39,16445,python3.12,1.5,0.08907318115234375,80,HIGH,Suspicious process behavior detected.
2026-09-15 11:28:39,16597,python3.12,42.5,1.5848159790039062,80,HIGH,Suspicious process behavior detected.
2026-09-15 11:28:39,16631,ServiceExtension,0.2,0.3002166748046875,80,HIGH,Suspicious process behavior detected.
2026-09-15 11:28:39,16689,mdworker_shared,0.1,0.16536712646484375,80,HIGH,Suspicious process behavior detected.
2026-09-15 11:28:39,17022,mdworker_shared,0.7,0.1972198486328125,80,HIGH,Suspicious process behavior detected.
2026-09-15 11:28:39,17075,mdworker_shared,0.1,0.16689300537109375,80,HIGH,Suspicious process behavior detected.
2026-09-15 11:28:39,17132,Google Chrome Helper (Renderer),0.0,1.203155517578125,80,HIGH,Suspicious process behavior detected.
2026-09-15 11:28:39,17166,mdworker_shared,0.1,0.19054412841796875,80,HIGH,Suspicious process behavior detected.
2026-09-15 11:28:45,560,ControlCenter,0.2,0.395965576171875,80,HIGH,Suspicious process behavior detected.
2026-09-15 11:28:45,564,Finder,0.1,0.31795501708984375,80,HIGH,Suspicious process behavior detected.
2026-09-15 11:28:45,568,AXVisualSupportAgent,1.4,0.150299072265625,80,HIGH,Suspicious process behavior detected.
2026-09-15 11:28:45,602,fileproviderd,0.1,0.13599395751953125,80,HIGH,Suspicious process behavior detected.
2026-09-15 11:28:45,730,Spotify,0.5,0.7329940795898438,80,HIGH,Suspicious process behavior detected.
2026-09-15 11:28:45,755,Grammarly Desktop,1.0,0.913238525390625,80,HIGH,Suspicious process behavior detected.
2026-09-15 11:28:46,913,app_inkwell,0.7,0.3063201904296875,80,HIGH,Suspicious process behavior detected.
2026-09-15 11:28:46,916,com.apple.WebKit.WebContent,5.8,1.5432357788085938,80,HIGH,Suspicious process behavior detected.
2026-09-15 11:28:46,919,com.apple.WebKit.Networking,5.6,0.2094268798828125,80,HIGH,Suspicious process behavior detected.
2026-09-15 11:28:46,930,com.apple.WebKit.WebContent,0.1,0.40378570556640625,80,HIGH,Suspicious process behavior detected.
2026-09-15 11:28:46,931,com.apple.WebKit.WebContent,0.4,0.6078720092773438,80,HIGH,Suspicious process behavior detected.
2026-09-15 11:28:46,932,com.apple.WebKit.WebContent,0.4,0.9561538696289062,80,HIGH,Suspicious process behavior detected.
2026-09-15 11:28:46,957,Google Chrome,2.8,2.5899887084960938,80,HIGH,Suspicious process behavior detected.
2026-09-15 11:28:46,963,Google Chrome Helper,4.7,0.928497314453125,80,HIGH,Suspicious process behavior detected.
2026-09-15 11:28:46,964,Google Chrome Helper,0.2,0.6753921508789062,80,HIGH,Suspicious process behavior detected.
2026-09-15 11:28:46,2095,com.apple.WebKit.WebContent,0.1,0.4726409912109375,80,HIGH,Suspicious process behavior detected.
2026-09-15 11:28:46,2096,com.apple.WebKit.WebContent,0.3,0.35686492919921875,80,HIGH,Suspicious process behavior detected.
2026-09-15 11:28:46,2641,Google Chrome Helper (Renderer),0.0,0.48084259033203125,80,HIGH,Suspicious process behavior detected.
2026-09-15 11:28:46,2672,Google Chrome Helper (Renderer),99.5,7.602119445800781,90,HIGH,Suspicious process behavior detected.
2026-09-15 11:28:46,2826,Code,0.0,1.273345947265625,80,HIGH,Suspicious process behavior detected.
2026-09-15 11:28:46,2833,Code Helper,0.1,0.814056396484375,80,HIGH,Suspicious process behavior detected.
2026-09-15 11:28:46,2835,Code Helper (Renderer),0.3,1.9155502319335938,80,HIGH,Suspicious process behavior detected.
2026-09-15 11:28:46,2852,Code Helper,0.0,0.6877899169921875,80,HIGH,Suspicious process behavior detected.
2026-09-15 11:28:46,2913,Code Helper,0.5,0.5334854125976562,80,HIGH,Suspicious process behavior detected.
2026-09-15 11:28:46,3033,Code Helper,0.1,0.299072265625,80,HIGH,Suspicious process behavior detected.
2026-09-15 11:28:46,3034,Code Helper (Plugin),0.2,1.8634796142578125,80,HIGH,Suspicious process behavior detected.
2026-09-15 11:28:46,4194,Code Helper (Plugin),0.0,0.6025314331054688,80,HIGH,Suspicious process behavior detected.
2026-09-15 11:28:46,8323,Google Chrome Helper (Renderer),0.0,0.5565643310546875,80,HIGH,Suspicious process behavior detected.
2026-09-15 11:28:46,13774,Google Chrome Helper (Renderer),0.1,0.40035247802734375,80,HIGH,Suspicious process behavior detected.
2026-09-15 11:28:46,13781,Google Chrome Helper (Renderer),0.0,0.7661819458007812,80,HIGH,Suspicious process behavior detected.
2026-09-15 11:28:46,15256,Code Helper (Renderer),0.1,0.852203369140625,80,HIGH,Suspicious process behavior detected.
2026-09-15 11:28:46,16276,python3.12,0.1,0.1567840576171875,80,HIGH,Suspicious process behavior detected.
2026-09-15 11:28:46,16597,python3.12,43.1,0.7717132568359375,80,HIGH,Suspicious process behavior detected.
2026-09-15 11:28:46,16631,ServiceExtension,0.3,0.31795501708984375,80,HIGH,Suspicious process behavior detected.
2026-09-15 11:28:46,16689,mdworker_shared,0.2,0.1987457275390625,80,HIGH,Suspicious process behavior detected.
2026-09-15 11:28:46,17022,mdworker_shared,0.1,0.21724700927734375,80,HIGH,Suspicious process behavior detected.
2026-09-15 11:28:46,17132,Google Chrome Helper (Renderer),0.0,1.1943817138671875,80,HIGH,Suspicious process behavior detected.
2026-09-15 11:28:52,549,UserEventAgent,0.2,0.07801055908203125,80,HIGH,Suspicious process behavior detected.
2026-09-15 11:28:52,553,WindowManager,0.2,0.14438629150390625,80,HIGH,Suspicious process behavior detected.
2026-09-15 11:28:52,560,ControlCenter,0.3,0.38814544677734375,80,HIGH,Suspicious process behavior detected.
2026-09-15 11:28:52,567,lsd,0.1,0.07381439208984375,80,HIGH,Suspicious process behavior detected.
2026-09-15 11:28:52,568,AXVisualSupportAgent,2.7,0.15583038330078125,80,HIGH,Suspicious process behavior detected.
2026-09-15 11:28:52,580,trustd,0.3,0.07648468017578125,80,HIGH,Suspicious process behavior detected.
2026-09-15 11:28:52,590,containermanagerd,0.8,0.04291534423828125,80,HIGH,Suspicious process behavior detected.
2026-09-15 11:28:52,602,fileproviderd,0.1,0.13580322265625,80,HIGH,Suspicious process behavior detected.
2026-09-15 11:28:52,642,neagent,0.1,0.0782012939453125,80,HIGH,Suspicious process behavior detected.
2026-09-15 11:28:52,646,NotificationCenter,1.1,0.1247406005859375,80,HIGH,Suspicious process behavior detected.
2026-09-15 11:28:52,730,Spotify,0.1,0.6412506103515625,80,HIGH,Suspicious process behavior detected.
2026-09-15 11:28:52,747,Spotify Helper,0.1,0.1659393310546875,80,HIGH,Suspicious process behavior detected.
2026-09-15 11:28:52,755,Grammarly Desktop,1.9,0.7608413696289062,80,HIGH,Suspicious process behavior detected.
2026-09-15 11:28:52,913,app_inkwell,1.9,0.2826690673828125,80,HIGH,Suspicious process behavior detected.
2026-09-15 11:28:52,916,com.apple.WebKit.WebContent,5.2,2.3553848266601562,80,HIGH,Suspicious process behavior detected.
2026-09-15 11:28:52,919,com.apple.WebKit.Networking,5.7,0.191497802734375,80,HIGH,Suspicious process behavior detected.
2026-09-15 11:28:52,930,com.apple.WebKit.WebContent,0.1,0.20351409912109375,80,HIGH,Suspicious process behavior detected.
2026-09-15 11:28:53,931,com.apple.WebKit.WebContent,0.3,0.50506591796875,80,HIGH,Suspicious process behavior detected.
2026-09-15 11:28:53,932,com.apple.WebKit.WebContent,0.7,0.4779815673828125,80,HIGH,Suspicious process behavior detected.
2026-09-15 11:28:53,957,Google Chrome,5.9,2.5403976440429688,80,HIGH,Suspicious process behavior detected.
2026-09-15 11:28:53,963,Google Chrome Helper,6.4,0.930023193359375,80,HIGH,Suspicious process behavior detected.
2026-09-15 11:28:53,964,Google Chrome Helper,0.1,0.6755828857421875,80,HIGH,Suspicious process behavior detected.
2026-09-15 11:28:53,2095,com.apple.WebKit.WebContent,0.1,0.21152496337890625,80,HIGH,Suspicious process behavior detected.
2026-09-15 11:28:53,2096,com.apple.WebKit.WebContent,0.3,0.34694671630859375,80,HIGH,Suspicious process behavior detected.
2026-09-15 11:28:53,2641,Google Chrome Helper (Renderer),0.0,0.48084259033203125,80,HIGH,Suspicious process behavior detected.
2026-09-15 11:28:53,2672,Google Chrome Helper (Renderer),120.2,8.206367492675781,90,HIGH,Suspicious process behavior detected.
2026-09-15 11:28:53,2826,Code,0.6,1.2212753295898438,80,HIGH,Suspicious process behavior detected.
2026-09-15 11:28:53,2833,Code Helper,1.2,0.8113861083984375,80,HIGH,Suspicious process behavior detected.
2026-09-15 11:28:53,2835,Code Helper (Renderer),0.5,3.4479141235351562,80,HIGH,Suspicious process behavior detected.
2026-09-15 11:28:53,2852,Code Helper,0.0,0.6439208984375,80,HIGH,Suspicious process behavior detected.
2026-09-15 11:28:53,2913,Code Helper,0.4,0.5365371704101562,80,HIGH,Suspicious process behavior detected.
2026-09-15 11:28:53,3033,Code Helper,0.2,0.29850006103515625,80,HIGH,Suspicious process behavior detected.
2026-09-15 11:28:53,3034,Code Helper (Plugin),0.1,0.7177352905273438,80,HIGH,Suspicious process behavior detected.
2026-09-15 11:28:53,4194,Code Helper (Plugin),0.0,0.7059097290039062,80,HIGH,Suspicious process behavior detected.
2026-09-15 11:28:53,8323,Google Chrome Helper (Renderer),0.0,0.5285263061523438,80,HIGH,Suspicious process behavior detected.
2026-09-15 11:28:53,8326,chronod,2.9,0.11997222900390625,80,HIGH,Suspicious process behavior detected.
2026-09-15 11:28:53,8337,WeatherWidget,13.2,0.3040313720703125,80,HIGH,Suspicious process behavior detected.
2026-09-15 11:28:53,9847,UIKitSystem,0.1,0.20351409912109375,80,HIGH,Suspicious process behavior detected.
2026-09-15 11:28:53,9946,extensionkitservice,0.3,0.072479248046875,80,HIGH,Suspicious process behavior detected.
2026-09-15 11:28:53,9947,networkserviceproxy,0.5,0.1049041748046875,80,HIGH,Suspicious process behavior detected.
2026-09-15 11:28:53,13781,Google Chrome Helper (Renderer),0.0,0.73394775390625,80,HIGH,Suspicious process behavior detected.
2026-09-15 11:28:53,15256,Code Helper (Renderer),0.1,0.8535385131835938,80,HIGH,Suspicious process behavior detected.
2026-09-15 11:28:53,15313,screencaptureui,0.3,0.20313262939453125,80,HIGH,Suspicious process behavior detected.
2026-09-15 11:28:53,16276,python3.12,1.1,0.15716552734375,80,HIGH,Suspicious process behavior detected.
2026-09-15 11:28:53,16597,python3.12,43.1,0.7661819458007812,80,HIGH,Suspicious process behavior detected.
2026-09-15 11:28:59,560,ControlCenter,0.3,0.38623809814453125,80,HIGH,Suspicious process behavior detected.
2026-09-15 11:28:59,564,Finder,0.1,0.243377685546875,80,HIGH,Suspicious process behavior detected.
2026-09-15 11:28:59,568,AXVisualSupportAgent,1.2,0.14858245849609375,80,HIGH,Suspicious process behavior detected.
2026-09-15 11:28:59,602,fileproviderd,0.1,0.1361846923828125,80,HIGH,Suspicious process behavior detected.
2026-09-15 11:28:59,730,Spotify,0.2,0.7528305053710938,80,HIGH,Suspicious process behavior detected.
2026-09-15 11:28:59,755,Grammarly Desktop,0.8,0.6988525390625,80,HIGH,Suspicious process behavior detected.
2026-09-15 11:28:59,913,app_inkwell,2.7,0.27313232421875,80,HIGH,Suspicious process behavior detected.
2026-09-15 11:28:59,916,com.apple.WebKit.WebContent,0.1,0.6994247436523438,80,HIGH,Suspicious process behavior detected.
2026-09-15 11:28:59,931,com.apple.WebKit.WebContent,0.0,0.5580902099609375,80,HIGH,Suspicious process behavior detected.
2026-09-15 11:28:59,932,com.apple.WebKit.WebContent,0.1,0.3681182861328125,80,HIGH,Suspicious process behavior detected.
2026-09-15 11:28:59,957,Google Chrome,2.9,2.4913787841796875,80,HIGH,Suspicious process behavior detected.
2026-09-15 11:28:59,963,Google Chrome Helper,4.8,0.8878707885742188,80,HIGH,Suspicious process behavior detected.
2026-09-15 11:28:59,964,Google Chrome Helper,0.1,0.6208419799804688,80,HIGH,Suspicious process behavior detected.
2026-09-15 11:28:59,2096,com.apple.WebKit.WebContent,0.0,0.548553466796875,80,HIGH,Suspicious process behavior detected.
2026-09-15 11:28:59,2641,Google Chrome Helper (Renderer),0.0,0.48084259033203125,80,HIGH,Suspicious process behavior detected.
2026-09-15 11:28:59,2672,Google Chrome Helper (Renderer),104.1,8.633041381835938,90,HIGH,Suspicious process behavior detected.
2026-09-15 11:28:59,2826,Code,2.2,1.55029296875,80,HIGH,Suspicious process behavior detected.
2026-09-15 11:28:59,2833,Code Helper,0.3,0.7946014404296875,80,HIGH,Suspicious process behavior detected.
2026-09-15 11:28:59,2834,Code Helper,0.4,0.32444000244140625,80,HIGH,Suspicious process behavior detected.
2026-09-15 11:28:59,2835,Code Helper (Renderer),0.8,2.1631240844726562,80,HIGH,Suspicious process behavior detected.
2026-09-15 11:28:59,2913,Code Helper,0.3,0.5109786987304688,80,HIGH,Suspicious process behavior detected.
2026-09-15 11:28:59,3033,Code Helper,0.2,0.30155181884765625,80,HIGH,Suspicious process behavior detected.
2026-09-15 11:28:59,3034,Code Helper (Plugin),0.3,0.6866455078125,80,HIGH,Suspicious process behavior detected.
2026-09-15 11:28:59,4194,Code Helper (Plugin),0.1,0.7877349853515625,80,HIGH,Suspicious process behavior detected.
2026-09-15 11:28:59,8323,Google Chrome Helper (Renderer),0.0,0.5533218383789062,80,HIGH,Suspicious process behavior detected.
2026-09-15 11:28:59,8337,WeatherWidget,0.0,0.534820556640625,80,HIGH,Suspicious process behavior detected.
2026-09-15 11:29:00,13781,Google Chrome Helper (Renderer),0.0,0.7349014282226562,80,HIGH,Suspicious process behavior detected.
2026-09-15 11:29:00,15256,Code Helper (Renderer),0.2,0.8525848388671875,80,HIGH,Suspicious process behavior detected.
2026-09-15 11:29:00,15313,screencaptureui,0.9,0.2025604248046875,80,HIGH,Suspicious process behavior detected.
2026-09-15 11:29:00,16445,python3.12,1.2,0.09632110595703125,80,HIGH,Suspicious process behavior detected.
2026-09-15 11:29:00,16597,python3.12,43.6,0.7577896118164062,80,HIGH,Suspicious process behavior detected.
2026-09-15 11:29:06,560,ControlCenter,0.3,0.384521484375,80,HIGH,Suspicious process behavior detected.
2026-09-15 11:29:06,568,AXVisualSupportAgent,1.5,0.1094818115234375,80,HIGH,Suspicious process behavior detected.
2026-09-15 11:29:06,602,fileproviderd,0.1,0.1354217529296875,80,HIGH,Suspicious process behavior detected.
2026-09-15 11:29:06,730,Spotify,0.1,0.80718994140625,80,HIGH,Suspicious process behavior detected.
2026-09-15 11:29:06,755,Grammarly Desktop,1.4,0.632476806640625,80,HIGH,Suspicious process behavior detected.
2026-09-15 11:29:06,913,app_inkwell,0.7,0.16956329345703125,80,HIGH,Suspicious process behavior detected.
2026-09-15 11:29:06,916,com.apple.WebKit.WebContent,4.0,0.1605987548828125,80,HIGH,Suspicious process behavior detected.
2026-09-15 11:29:06,919,com.apple.WebKit.Networking,4.2,0.11425018310546875,80,HIGH,Suspicious process behavior detected.
2026-09-15 11:29:06,930,com.apple.WebKit.WebContent,0.1,0.06275177001953125,80,HIGH,Suspicious process behavior detected.
2026-09-15 11:29:06,931,com.apple.WebKit.WebContent,0.4,0.14629364013671875,80,HIGH,Suspicious process behavior detected.
2026-09-15 11:29:06,932,com.apple.WebKit.WebContent,0.5,0.159454345703125,80,HIGH,Suspicious process behavior detected.
2026-09-15 11:29:06,957,Google Chrome,3.5,2.105712890625,80,HIGH,Suspicious process behavior detected.
2026-09-15 11:29:06,963,Google Chrome Helper,7.0,0.7740020751953125,80,HIGH,Suspicious process behavior detected.
2026-09-15 11:29:06,964,Google Chrome Helper,0.3,0.6500244140625,80,HIGH,Suspicious process behavior detected.
2026-09-15 11:29:06,2095,com.apple.WebKit.WebContent,0.2,0.067901611328125,80,HIGH,Suspicious process behavior detected.
2026-09-15 11:29:06,2096,com.apple.WebKit.WebContent,0.4,0.17719268798828125,80,HIGH,Suspicious process behavior detected.
2026-09-15 11:29:06,2641,Google Chrome Helper (Renderer),0.0,0.47607421875,80,HIGH,Suspicious process behavior detected.
2026-09-15 11:29:06,2672,Google Chrome Helper (Renderer),104.6,12.537765502929688,90,HIGH,Suspicious process behavior detected.
2026-09-15 11:29:06,2826,Code,2.8,1.204681396484375,80,HIGH,Suspicious process behavior detected.
2026-09-15 11:29:06,2833,Code Helper,1.4,0.777435302734375,80,HIGH,Suspicious process behavior detected.
2026-09-15 11:29:06,2835,Code Helper (Renderer),1.1,3.2985687255859375,80,HIGH,Suspicious process behavior detected.
2026-09-15 11:29:06,2878,Code Helper,0.1,0.2216339111328125,80,HIGH,Suspicious process behavior detected.
2026-09-15 11:29:06,2913,Code Helper,0.3,0.5002975463867188,80,HIGH,Suspicious process behavior detected.
2026-09-15 11:29:06,3033,Code Helper,0.3,0.2666473388671875,80,HIGH,Suspicious process behavior detected.
2026-09-15 11:29:06,3034,Code Helper (Plugin),0.6,0.592803955078125,80,HIGH,Suspicious process behavior detected.
2026-09-15 11:29:06,4194,Code Helper (Plugin),0.2,0.6072998046875,80,HIGH,Suspicious process behavior detected.
2026-09-15 11:29:06,8323,Google Chrome Helper (Renderer),0.0,0.5376815795898438,80,HIGH,Suspicious process behavior detected.
2026-09-15 11:29:07,13781,Google Chrome Helper (Renderer),0.0,0.7328033447265625,80,HIGH,Suspicious process behavior detected.
2026-09-15 11:29:07,15256,Code Helper (Renderer),0.2,0.8485794067382812,80,HIGH,Suspicious process behavior detected.
2026-09-15 11:29:07,16276,python3.12,0.4,0.14629364013671875,80,HIGH,Suspicious process behavior detected.
2026-09-15 11:29:07,16597,python3.12,44.5,0.4329681396484375,80,HIGH,Suspicious process behavior detected.
2026-09-15 11:29:07,17243,mdworker_shared,0.1,0.1934051513671875,80,HIGH,Suspicious process behavior detected.
2026-09-15 11:29:07,17244,mdworker_shared,0.2,0.12664794921875,80,HIGH,Suspicious process behavior detected.
2026-09-15 11:29:13,560,ControlCenter,0.3,0.36869049072265625,80,HIGH,Suspicious process behavior detected.
2026-09-15 11:29:13,564,Finder,0.1,0.22830963134765625,80,HIGH,Suspicious process behavior detected.
2026-09-15 11:29:13,568,AXVisualSupportAgent,2.3,0.1453399658203125,80,HIGH,Suspicious process behavior detected.
2026-09-15 11:29:13,602,fileproviderd,0.1,0.13580322265625,80,HIGH,Suspicious process behavior detected.
2026-09-15 11:29:13,713,Spotlight,1.6,0.12874603271484375,80,HIGH,Suspicious process behavior detected.
2026-09-15 11:29:13,730,Spotify,0.6,0.531768798828125,80,HIGH,Suspicious process behavior detected.
2026-09-15 11:29:13,747,Spotify Helper,0.1,0.15048980712890625,80,HIGH,Suspicious process behavior detected.
2026-09-15 11:29:13,748,Spotify Helper,0.1,0.2460479736328125,80,HIGH,Suspicious process behavior detected.
2026-09-15 11:29:13,755,Grammarly Desktop,1.7,0.7318496704101562,80,HIGH,Suspicious process behavior detected.
2026-09-15 11:29:13,913,app_inkwell,0.5,0.25386810302734375,80,HIGH,Suspicious process behavior detected.
2026-09-15 11:29:13,916,com.apple.WebKit.WebContent,4.6,0.53558349609375,80,HIGH,Suspicious process behavior detected.
2026-09-15 11:29:13,919,com.apple.WebKit.Networking,4.8,0.1506805419921875,80,HIGH,Suspicious process behavior detected.
2026-09-15 11:29:13,931,com.apple.WebKit.WebContent,0.2,0.30193328857421875,80,HIGH,Suspicious process behavior detected.
2026-09-15 11:29:13,932,com.apple.WebKit.WebContent,0.3,0.29659271240234375,80,HIGH,Suspicious process behavior detected.
2026-09-15 11:29:13,957,Google Chrome,3.7,2.1989822387695312,80,HIGH,Suspicious process behavior detected.
2026-09-15 11:29:13,963,Google Chrome Helper,7.3,0.8447647094726562,80,HIGH,Suspicious process behavior detected.
2026-09-15 11:29:13,964,Google Chrome Helper,0.5,0.5680084228515625,80,HIGH,Suspicious process behavior detected.
2026-09-15 11:29:13,2096,com.apple.WebKit.WebContent,0.2,0.27637481689453125,80,HIGH,Suspicious process behavior detected.
2026-09-15 11:29:13,2641,Google Chrome Helper (Renderer),0.0,0.47607421875,80,HIGH,Suspicious process behavior detected.
2026-09-15 11:29:13,2672,Google Chrome Helper (Renderer),104.7,14.34478759765625,90,HIGH,Suspicious process behavior detected.
2026-09-15 11:29:13,2826,Code,2.8,1.3011932373046875,80,HIGH,Suspicious process behavior detected.
2026-09-15 11:29:13,2833,Code Helper,1.9,0.623321533203125,80,HIGH,Suspicious process behavior detected.
2026-09-15 11:29:13,2834,Code Helper,0.1,0.32520294189453125,80,HIGH,Suspicious process behavior detected.
2026-09-15 11:29:13,2835,Code Helper (Renderer),1.2,1.422882080078125,80,HIGH,Suspicious process behavior detected.
2026-09-15 11:29:13,2852,Code Helper,0.1,0.43811798095703125,80,HIGH,Suspicious process behavior detected.
2026-09-15 11:29:13,2913,Code Helper,0.3,0.5138397216796875,80,HIGH,Suspicious process behavior detected.
2026-09-15 11:29:13,3033,Code Helper,0.3,0.2445220947265625,80,HIGH,Suspicious process behavior detected.
2026-09-15 11:29:13,3034,Code Helper (Plugin),0.3,0.5754470825195312,80,HIGH,Suspicious process behavior detected.
2026-09-15 11:29:13,13781,Google Chrome Helper (Renderer),0.0,0.7349014282226562,80,HIGH,Suspicious process behavior detected.
2026-09-15 11:29:14,15256,Code Helper (Renderer),0.4,0.8533477783203125,80,HIGH,Suspicious process behavior detected.
2026-09-15 11:29:14,16276,python3.12,0.7,0.131988525390625,80,HIGH,Suspicious process behavior detected.
2026-09-15 11:29:14,16597,python3.12,43.9,0.4467010498046875,80,HIGH,Suspicious process behavior detected.
2026-09-15 11:29:20,553,WindowManager,0.1,0.1373291015625,80,HIGH,Suspicious process behavior detected.
2026-09-15 11:29:20,560,ControlCenter,0.6,0.3658294677734375,80,HIGH,Suspicious process behavior detected.
2026-09-15 11:29:20,564,Finder,0.1,0.23403167724609375,80,HIGH,Suspicious process behavior detected.
2026-09-15 11:29:20,568,AXVisualSupportAgent,1.1,0.13942718505859375,80,HIGH,Suspicious process behavior detected.
2026-09-15 11:29:20,602,fileproviderd,0.2,0.13561248779296875,80,HIGH,Suspicious process behavior detected.
2026-09-15 11:29:20,722,duetexpertd,0.1,0.18939971923828125,80,HIGH,Suspicious process behavior detected.
2026-09-15 11:29:20,730,Spotify,0.4,0.54168701171875,80,HIGH,Suspicious process behavior detected.
2026-09-15 11:29:20,755,Grammarly Desktop,1.2,0.65155029296875,80,HIGH,Suspicious process behavior detected.
2026-09-15 11:29:20,913,app_inkwell,0.6,0.24700164794921875,80,HIGH,Suspicious process behavior detected.
2026-09-15 11:29:20,916,com.apple.WebKit.WebContent,3.5,0.5533218383789062,80,HIGH,Suspicious process behavior detected.
2026-09-15 11:29:20,919,com.apple.WebKit.Networking,3.6,0.15583038330078125,80,HIGH,Suspicious process behavior detected.
2026-09-15 11:29:20,930,com.apple.WebKit.WebContent,0.2,0.23174285888671875,80,HIGH,Suspicious process behavior detected.
2026-09-15 11:29:20,931,com.apple.WebKit.WebContent,0.5,0.30765533447265625,80,HIGH,Suspicious process behavior detected.
2026-09-15 11:29:20,932,com.apple.WebKit.WebContent,0.6,0.31337738037109375,80,HIGH,Suspicious process behavior detected.
2026-09-15 11:29:20,957,Google Chrome,3.2,2.269744873046875,80,HIGH,Suspicious process behavior detected.
2026-09-15 11:29:20,963,Google Chrome Helper,6.4,0.847625732421875,80,HIGH,Suspicious process behavior detected.
2026-09-15 11:29:20,964,Google Chrome Helper,0.3,0.5422592163085938,80,HIGH,Suspicious process behavior detected.
2026-09-15 11:29:20,2095,com.apple.WebKit.WebContent,0.2,0.235748291015625,80,HIGH,Suspicious process behavior detected.
2026-09-15 11:29:20,2096,com.apple.WebKit.WebContent,0.5,0.2902984619140625,80,HIGH,Suspicious process behavior detected.
2026-09-15 11:29:20,2641,Google Chrome Helper (Renderer),0.0,0.48084259033203125,80,HIGH,Suspicious process behavior detected.
2026-09-15 11:29:20,2672,Google Chrome Helper (Renderer),143.1,9.601211547851562,90,HIGH,Suspicious process behavior detected.
2026-09-15 11:29:20,2826,Code,1.1,1.13677978515625,80,HIGH,Suspicious process behavior detected.
2026-09-15 11:29:20,2833,Code Helper,1.5,0.76904296875,80,HIGH,Suspicious process behavior detected.
2026-09-15 11:29:20,2834,Code Helper,0.3,0.30002593994140625,80,HIGH,Suspicious process behavior detected.
2026-09-15 11:29:20,2835,Code Helper (Renderer),1.5,3.30810546875,80,HIGH,Suspicious process behavior detected.
2026-09-15 11:29:20,2913,Code Helper,0.6,0.5064010620117188,80,HIGH,Suspicious process behavior detected.
2026-09-15 11:29:20,3033,Code Helper,0.1,0.2925872802734375,80,HIGH,Suspicious process behavior detected.
2026-09-15 11:29:20,3034,Code Helper (Plugin),0.5,0.6208419799804688,80,HIGH,Suspicious process behavior detected.
2026-09-15 11:29:20,3045,Code Helper (Plugin),0.1,0.19245147705078125,80,HIGH,Suspicious process behavior detected.
2026-09-15 11:29:20,4194,Code Helper (Plugin),0.7,0.38356781005859375,80,HIGH,Suspicious process behavior detected.
2026-09-15 11:29:20,8666,Google Chrome Helper (Renderer),0.1,0.14801025390625,80,HIGH,Suspicious process behavior detected.
2026-09-15 11:29:20,13774,Google Chrome Helper (Renderer),0.1,0.4001617431640625,80,HIGH,Suspicious process behavior detected.
2026-09-15 11:29:20,13781,Google Chrome Helper (Renderer),0.0,0.7219314575195312,80,HIGH,Suspicious process behavior detected.
2026-09-15 11:29:21,15256,Code Helper (Renderer),0.7,0.8050918579101562,80,HIGH,Suspicious process behavior detected.
2026-09-15 11:29:21,16276,python3.12,0.6,0.099945068359375,80,HIGH,Suspicious process behavior detected.
2026-09-15 11:29:21,16597,python3.12,44.4,0.43468475341796875,80,HIGH,Suspicious process behavior detected.
2026-09-15 11:29:21,16631,ServiceExtension,0.1,0.32596588134765625,80,HIGH,Suspicious process behavior detected.
2026-09-15 11:29:21,17243,mdworker_shared,0.1,0.19245147705078125,80,HIGH,Suspicious process behavior detected.
2026-09-15 11:29:21,17244,mdworker_shared,0.1,0.19130706787109375,80,HIGH,Suspicious process behavior detected.
2026-09-15 11:29:27,543,distnoted,0.1,0.042724609375,80,HIGH,Suspicious process behavior detected.
2026-09-15 11:29:27,560,ControlCenter,0.3,0.37136077880859375,80,HIGH,Suspicious process behavior detected.
2026-09-15 11:29:27,564,Finder,0.1,0.234222412109375,80,HIGH,Suspicious process behavior detected.
2026-09-15 11:29:27,568,AXVisualSupportAgent,0.3,0.13027191162109375,80,HIGH,Suspicious process behavior detected.
2026-09-15 11:29:27,602,fileproviderd,0.1,0.13637542724609375,80,HIGH,Suspicious process behavior detected.
2026-09-15 11:29:27,717,OneDrive,0.1,0.2582550048828125,80,HIGH,Suspicious process behavior detected.
2026-09-15 11:29:27,730,Spotify,0.3,0.6397247314453125,80,HIGH,Suspicious process behavior detected.
2026-09-15 11:29:27,755,Grammarly Desktop,0.5,0.6807327270507812,80,HIGH,Suspicious process behavior detected.
2026-09-15 11:29:27,913,app_inkwell,0.5,0.25920867919921875,80,HIGH,Suspicious process behavior detected.
2026-09-15 11:29:27,916,com.apple.WebKit.WebContent,3.9,0.601959228515625,80,HIGH,Suspicious process behavior detected.
2026-09-15 11:29:27,919,com.apple.WebKit.Networking,4.3,0.15888214111328125,80,HIGH,Suspicious process behavior detected.
2026-09-15 11:29:27,930,com.apple.WebKit.WebContent,0.2,0.1220703125,80,HIGH,Suspicious process behavior detected.
2026-09-15 11:29:27,931,com.apple.WebKit.WebContent,0.7,0.3154754638671875,80,HIGH,Suspicious process behavior detected.
2026-09-15 11:29:27,932,com.apple.WebKit.WebContent,0.8,0.3513336181640625,80,HIGH,Suspicious process behavior detected.
2026-09-15 11:29:27,957,Google Chrome,2.7,2.4288177490234375,80,HIGH,Suspicious process behavior detected.
2026-09-15 11:29:27,963,Google Chrome Helper,5.4,0.8234024047851562,80,HIGH,Suspicious process behavior detected.
2026-09-15 11:29:27,964,Google Chrome Helper,0.1,0.583648681640625,80,HIGH,Suspicious process behavior detected.
2026-09-15 11:29:27,1015,Google Chrome Helper,0.1,0.23975372314453125,80,HIGH,Suspicious process behavior detected.
2026-09-15 11:29:27,2095,com.apple.WebKit.WebContent,0.2,0.12683868408203125,80,HIGH,Suspicious process behavior detected.
2026-09-15 11:29:27,2096,com.apple.WebKit.WebContent,0.7,0.27828216552734375,80,HIGH,Suspicious process behavior detected.
2026-09-15 11:29:27,2641,Google Chrome Helper (Renderer),0.0,0.521087646484375,80,HIGH,Suspicious process behavior detected.
2026-09-15 11:29:27,2672,Google Chrome Helper (Renderer),137.2,11.786270141601562,90,HIGH,Suspicious process behavior detected.
2026-09-15 11:29:27,2826,Code,2.6,1.1999130249023438,80,HIGH,Suspicious process behavior detected.
2026-09-15 11:29:27,2833,Code Helper,1.8,0.6320953369140625,80,HIGH,Suspicious process behavior detected.
2026-09-15 11:29:27,2835,Code Helper (Renderer),0.8,1.6445159912109375,80,HIGH,Suspicious process behavior detected.
2026-09-15 11:29:27,2878,Code Helper,0.1,0.238800048828125,80,HIGH,Suspicious process behavior detected.
2026-09-15 11:29:27,2913,Code Helper,0.4,0.5163192749023438,80,HIGH,Suspicious process behavior detected.
2026-09-15 11:29:27,3033,Code Helper,0.2,0.30078887939453125,80,HIGH,Suspicious process behavior detected.
2026-09-15 11:29:27,3034,Code Helper (Plugin),0.3,0.6641387939453125,80,HIGH,Suspicious process behavior detected.
2026-09-15 11:29:27,4194,Code Helper (Plugin),0.0,0.59356689453125,80,HIGH,Suspicious process behavior detected.
2026-09-15 11:29:27,8666,Google Chrome Helper (Renderer),0.1,0.1651763916015625,80,HIGH,Suspicious process behavior detected.
2026-09-15 11:29:27,13781,Google Chrome Helper (Renderer),0.2,0.7328033447265625,80,HIGH,Suspicious process behavior detected.
2026-09-15 11:29:27,15256,Code Helper (Renderer),0.2,0.8512496948242188,80,HIGH,Suspicious process behavior detected.
2026-09-15 11:29:27,16597,python3.12,44.2,0.7526397705078125,80,HIGH,Suspicious process behavior detected.
2026-09-15 11:29:28,16631,ServiceExtension,0.1,0.32501220703125,80,HIGH,Suspicious process behavior detected.
2026-09-15 11:29:34,560,ControlCenter,0.3,0.3726959228515625,80,HIGH,Suspicious process behavior detected.
2026-09-15 11:29:34,568,AXVisualSupportAgent,2.3,0.12969970703125,80,HIGH,Suspicious process behavior detected.
2026-09-15 11:29:34,602,fileproviderd,0.1,0.13599395751953125,80,HIGH,Suspicious process behavior detected.
2026-09-15 11:29:34,730,Spotify,0.3,0.9489059448242188,80,HIGH,Suspicious process behavior detected.
2026-09-15 11:29:34,747,Spotify Helper,0.2,0.1590728759765625,80,HIGH,Suspicious process behavior detected.
2026-09-15 11:29:34,755,Grammarly Desktop,1.8,0.676727294921875,80,HIGH,Suspicious process behavior detected.
2026-09-15 11:29:34,768,Spotify Helper (Renderer),0.0,0.5865097045898438,80,HIGH,Suspicious process behavior detected.
2026-09-15 11:29:34,932,com.apple.WebKit.WebContent,0.1,0.6475448608398438,80,HIGH,Suspicious process behavior detected.
2026-09-15 11:29:34,957,Google Chrome,4.0,2.2674560546875,80,HIGH,Suspicious process behavior detected.
2026-09-15 11:29:34,963,Google Chrome Helper,7.4,0.8373260498046875,80,HIGH,Suspicious process behavior detected.
2026-09-15 11:29:34,964,Google Chrome Helper,0.3,0.60272216796875,80,HIGH,Suspicious process behavior detected.
2026-09-15 11:29:34,2641,Google Chrome Helper (Renderer),0.0,0.5071640014648438,80,HIGH,Suspicious process behavior detected.
2026-09-15 11:29:34,2672,Google Chrome Helper (Renderer),104.9,11.283111572265625,90,HIGH,Suspicious process behavior detected.
2026-09-15 11:29:34,2826,Code,0.1,1.2090682983398438,80,HIGH,Suspicious process behavior detected.
2026-09-15 11:29:34,2833,Code Helper,0.0,0.7867813110351562,80,HIGH,Suspicious process behavior detected.
2026-09-15 11:29:34,2835,Code Helper (Renderer),0.7,1.5405654907226562,80,HIGH,Suspicious process behavior detected.
2026-09-15 11:29:34,2852,Code Helper,0.1,0.43888092041015625,80,HIGH,Suspicious process behavior detected.
2026-09-15 11:29:34,2913,Code Helper,0.3,0.5094528198242188,80,HIGH,Suspicious process behavior detected.
2026-09-15 11:29:34,3033,Code Helper,0.3,0.2605438232421875,80,HIGH,Suspicious process behavior detected.
2026-09-15 11:29:34,3034,Code Helper (Plugin),0.4,0.9857177734375,80,HIGH,Suspicious process behavior detected.
2026-09-15 11:29:34,4194,Code Helper (Plugin),0.4,0.588226318359375,80,HIGH,Suspicious process behavior detected.
2026-09-15 11:29:34,13781,Google Chrome Helper (Renderer),0.0,0.9187698364257812,80,HIGH,Suspicious process behavior detected.
2026-09-15 11:29:34,15256,Code Helper (Renderer),0.2,0.87890625,80,HIGH,Suspicious process behavior detected.
2026-09-15 11:29:34,16276,python3.12,0.4,0.15716552734375,80,HIGH,Suspicious process behavior detected.
2026-09-15 11:29:34,16597,python3.12,44.5,0.4337310791015625,80,HIGH,Suspicious process behavior detected.
2026-09-15 11:29:34,16631,ServiceExtension,0.1,0.2887725830078125,80,HIGH,Suspicious process behavior detected.
2026-09-15 11:29:34,17244,mdworker_shared,0.1,0.19378662109375,80,HIGH,Suspicious process behavior detected.
2026-09-15 11:29:41,553,WindowManager,0.1,0.13713836669921875,80,HIGH,Suspicious process behavior detected.
2026-09-15 11:29:41,557,universalaccessd,0.1,0.06809234619140625,80,HIGH,Suspicious process behavior detected.
2026-09-15 11:29:41,560,ControlCenter,0.4,0.3662109375,80,HIGH,Suspicious process behavior detected.
2026-09-15 11:29:41,568,AXVisualSupportAgent,2.8,0.1453399658203125,80,HIGH,Suspicious process behavior detected.
2026-09-15 11:29:41,602,fileproviderd,0.1,0.13561248779296875,80,HIGH,Suspicious process behavior detected.
2026-09-15 11:29:41,717,OneDrive,0.1,0.2513885498046875,80,HIGH,Suspicious process behavior detected.
2026-09-15 11:29:41,730,Spotify,0.4,0.5847930908203125,80,HIGH,Suspicious process behavior detected.
2026-09-15 11:29:41,748,Spotify Helper,0.1,0.235748291015625,80,HIGH,Suspicious process behavior detected.
2026-09-15 11:29:41,755,Grammarly Desktop,1.0,0.6982803344726562,80,HIGH,Suspicious process behavior detected.
2026-09-15 11:29:41,913,app_inkwell,2.3,0.24776458740234375,80,HIGH,Suspicious process behavior detected.
2026-09-15 11:29:41,916,com.apple.WebKit.WebContent,17.0,0.44231414794921875,80,HIGH,Suspicious process behavior detected.
2026-09-15 11:29:41,919,com.apple.WebKit.Networking,17.8,0.1598358154296875,80,HIGH,Suspicious process behavior detected.
2026-09-15 11:29:41,930,com.apple.WebKit.WebContent,0.2,0.10623931884765625,80,HIGH,Suspicious process behavior detected.
2026-09-15 11:29:41,931,com.apple.WebKit.WebContent,0.6,0.2841949462890625,80,HIGH,Suspicious process behavior detected.
2026-09-15 11:29:41,932,com.apple.WebKit.WebContent,1.6,0.28247833251953125,80,HIGH,Suspicious process behavior detected.
2026-09-15 11:29:41,957,Google Chrome,4.7,2.3244857788085938,80,HIGH,Suspicious process behavior detected.
2026-09-15 11:29:41,963,Google Chrome Helper,4.8,0.8457183837890625,80,HIGH,Suspicious process behavior detected.
2026-09-15 11:29:41,964,Google Chrome Helper,0.1,0.5947113037109375,80,HIGH,Suspicious process behavior detected.
2026-09-15 11:29:41,2095,com.apple.WebKit.WebContent,0.2,0.11348724365234375,80,HIGH,Suspicious process behavior detected.
2026-09-15 11:29:41,2096,com.apple.WebKit.WebContent,0.8,0.26378631591796875,80,HIGH,Suspicious process behavior detected.
2026-09-15 11:29:41,2641,Google Chrome Helper (Renderer),0.0,0.48084259033203125,80,HIGH,Suspicious process behavior detected.
2026-09-15 11:29:41,2672,Google Chrome Helper (Renderer),105.1,11.981773376464844,90,HIGH,Suspicious process behavior detected.
2026-09-15 11:29:41,2826,Code,2.6,1.2712478637695312,80,HIGH,Suspicious process behavior detected.
2026-09-15 11:29:41,2833,Code Helper,1.8,0.725555419921875,80,HIGH,Suspicious process behavior detected.
2026-09-15 11:29:41,2835,Code Helper (Renderer),0.5,1.6239166259765625,80,HIGH,Suspicious process behavior detected.
2026-09-15 11:29:41,2913,Code Helper,0.6,0.4673004150390625,80,HIGH,Suspicious process behavior detected.
2026-09-15 11:29:41,3033,Code Helper,0.1,0.29773712158203125,80,HIGH,Suspicious process behavior detected.
2026-09-15 11:29:41,3034,Code Helper (Plugin),0.2,0.6969451904296875,80,HIGH,Suspicious process behavior detected.
2026-09-15 11:29:41,4194,Code Helper (Plugin),0.0,0.5950927734375,80,HIGH,Suspicious process behavior detected.
2026-09-15 11:29:41,13774,Google Chrome Helper (Renderer),0.1,0.3726959228515625,80,HIGH,Suspicious process behavior detected.
2026-09-15 11:29:41,13781,Google Chrome Helper (Renderer),0.0,0.7642745971679688,80,HIGH,Suspicious process behavior detected.
2026-09-15 11:29:41,15256,Code Helper (Renderer),0.2,0.853729248046875,80,HIGH,Suspicious process behavior detected.
2026-09-15 11:29:41,16276,python3.12,0.9,0.1514434814453125,80,HIGH,Suspicious process behavior detected.
2026-09-15 11:29:41,16597,python3.12,43.5,0.4314422607421875,80,HIGH,Suspicious process behavior detected.
2026-09-15 11:29:41,17243,mdworker_shared,0.2,0.1674652099609375,80,HIGH,Suspicious process behavior detected.
2026-09-15 11:29:41,17244,mdworker_shared,0.2,0.1903533935546875,80,HIGH,Suspicious process behavior detected.
2026-09-15 11:29:47,560,ControlCenter,0.3,0.37078857421875,80,HIGH,Suspicious process behavior detected.
2026-09-15 11:29:47,568,AXVisualSupportAgent,1.2,0.140380859375,80,HIGH,Suspicious process behavior detected.
2026-09-15 11:29:47,602,fileproviderd,0.1,0.13561248779296875,80,HIGH,Suspicious process behavior detected.
2026-09-15 11:29:48,730,Spotify,0.3,0.5762100219726562,80,HIGH,Suspicious process behavior detected.
2026-09-15 11:29:48,747,Spotify Helper,0.1,0.15544891357421875,80,HIGH,Suspicious process behavior detected.
2026-09-15 11:29:48,748,Spotify Helper,0.1,0.2117156982421875,80,HIGH,Suspicious process behavior detected.
2026-09-15 11:29:48,755,Grammarly Desktop,0.9,0.6345748901367188,80,HIGH,Suspicious process behavior detected.
2026-09-15 11:29:48,913,app_inkwell,3.0,0.261688232421875,80,HIGH,Suspicious process behavior detected.
2026-09-15 11:29:48,916,com.apple.WebKit.WebContent,11.6,0.6086349487304688,80,HIGH,Suspicious process behavior detected.
2026-09-15 11:29:48,919,com.apple.WebKit.Networking,11.9,0.1537322998046875,80,HIGH,Suspicious process behavior detected.
2026-09-15 11:29:48,930,com.apple.WebKit.WebContent,0.4,0.240325927734375,80,HIGH,Suspicious process behavior detected.
2026-09-15 11:29:48,931,com.apple.WebKit.WebContent,1.5,0.4192352294921875,80,HIGH,Suspicious process behavior detected.
2026-09-15 11:29:48,932,com.apple.WebKit.WebContent,0.9,0.3597259521484375,80,HIGH,Suspicious process behavior detected.
2026-09-15 11:29:48,957,Google Chrome,3.0,2.3717880249023438,80,HIGH,Suspicious process behavior detected.
2026-09-15 11:29:48,963,Google Chrome Helper,6.0,0.85601806640625,80,HIGH,Suspicious process behavior detected.
2026-09-15 11:29:48,964,Google Chrome Helper,0.1,0.6412506103515625,80,HIGH,Suspicious process behavior detected.
2026-09-15 11:29:48,1015,Google Chrome Helper,0.1,0.240325927734375,80,HIGH,Suspicious process behavior detected.
2026-09-15 11:29:48,2095,com.apple.WebKit.WebContent,0.1,0.24261474609375,80,HIGH,Suspicious process behavior detected.
2026-09-15 11:29:48,2096,com.apple.WebKit.WebContent,0.4,0.28667449951171875,80,HIGH,Suspicious process behavior detected.
2026-09-15 11:29:48,2641,Google Chrome Helper (Renderer),0.0,0.48084259033203125,80,HIGH,Suspicious process behavior detected.
2026-09-15 11:29:48,2672,Google Chrome Helper (Renderer),105.2,13.367843627929688,90,HIGH,Suspicious process behavior detected.
2026-09-15 11:29:48,2826,Code,0.1,1.1667251586914062,80,HIGH,Suspicious process behavior detected.
2026-09-15 11:29:48,2833,Code Helper,0.2,0.7038116455078125,80,HIGH,Suspicious process behavior detected.
2026-09-15 11:29:48,2834,Code Helper,0.1,0.31261444091796875,80,HIGH,Suspicious process behavior detected.
2026-09-15 11:29:48,2835,Code Helper (Renderer),0.3,1.505279541015625,80,HIGH,Suspicious process behavior detected.
2026-09-15 11:29:48,2913,Code Helper,0.5,0.46215057373046875,80,HIGH,Suspicious process behavior detected.
2026-09-15 11:29:48,3033,Code Helper,0.2,0.2956390380859375,80,HIGH,Suspicious process behavior detected.
2026-09-15 11:29:48,3034,Code Helper (Plugin),0.2,0.6170272827148438,80,HIGH,Suspicious process behavior detected.
2026-09-15 11:29:48,4194,Code Helper (Plugin),0.0,0.5926132202148438,80,HIGH,Suspicious process behavior detected.
2026-09-15 11:29:48,9909,com.apple.geod,0.1,0.06694793701171875,80,HIGH,Suspicious process behavior detected.
2026-09-15 11:29:48,13781,Google Chrome Helper (Renderer),0.0,0.7329940795898438,80,HIGH,Suspicious process behavior detected.
2026-09-15 11:29:48,15256,Code Helper (Renderer),0.1,0.8497238159179688,80,HIGH,Suspicious process behavior detected.
2026-09-15 11:29:48,15313,screencaptureui,0.5,0.200653076171875,80,HIGH,Suspicious process behavior detected.
2026-09-15 11:29:48,16597,python3.12,44.5,0.4352569580078125,80,HIGH,Suspicious process behavior detected.
2026-09-15 11:29:48,17243,mdworker_shared,0.1,0.1941680908203125,80,HIGH,Suspicious process behavior detected.
2026-09-15 11:29:54,560,ControlCenter,0.3,0.37059783935546875,80,HIGH,Suspicious process behavior detected.
2026-09-15 11:29:54,564,Finder,0.1,0.2216339111328125,80,HIGH,Suspicious process behavior detected.
2026-09-15 11:29:54,568,AXVisualSupportAgent,2.1,0.139617919921875,80,HIGH,Suspicious process behavior detected.
2026-09-15 11:29:54,602,fileproviderd,0.1,0.13561248779296875,80,HIGH,Suspicious process behavior detected.
2026-09-15 11:29:54,722,duetexpertd,0.1,0.18863677978515625,80,HIGH,Suspicious process behavior detected.
2026-09-15 11:29:54,730,Spotify,0.2,0.545501708984375,80,HIGH,Suspicious process behavior detected.
2026-09-15 11:29:55,755,Grammarly Desktop,1.6,0.667572021484375,80,HIGH,Suspicious process behavior detected.
2026-09-15 11:29:55,913,app_inkwell,2.1,0.21953582763671875,80,HIGH,Suspicious process behavior detected.
2026-09-15 11:29:55,916,com.apple.WebKit.WebContent,4.7,0.45909881591796875,80,HIGH,Suspicious process behavior detected.
2026-09-15 11:29:55,919,com.apple.WebKit.Networking,4.4,0.14019012451171875,80,HIGH,Suspicious process behavior detected.
2026-09-15 11:29:55,930,com.apple.WebKit.WebContent,0.2,0.08087158203125,80,HIGH,Suspicious process behavior detected.
2026-09-15 11:29:55,931,com.apple.WebKit.WebContent,0.8,0.46176910400390625,80,HIGH,Suspicious process behavior detected.
2026-09-15 11:29:55,932,com.apple.WebKit.WebContent,0.8,0.286102294921875,80,HIGH,Suspicious process behavior detected.
2026-09-15 11:29:55,957,Google Chrome,7.0,2.3113250732421875,80,HIGH,Suspicious process behavior detected.
2026-09-15 11:29:55,963,Google Chrome Helper,5.6,0.8998870849609375,80,HIGH,Suspicious process behavior detected.
2026-09-15 11:29:55,964,Google Chrome Helper,0.6,0.5970001220703125,80,HIGH,Suspicious process behavior detected.
2026-09-15 11:29:55,2095,com.apple.WebKit.WebContent,0.2,0.11157989501953125,80,HIGH,Suspicious process behavior detected.
2026-09-15 11:29:55,2096,com.apple.WebKit.WebContent,0.7,0.25634765625,80,HIGH,Suspicious process behavior detected.
2026-09-15 11:29:55,2641,Google Chrome Helper (Renderer),0.0,0.47607421875,80,HIGH,Suspicious process behavior detected.
2026-09-15 11:29:55,2672,Google Chrome Helper (Renderer),117.8,10.067367553710938,90,HIGH,Suspicious process behavior detected.
2026-09-15 11:29:55,2826,Code,3.5,1.1157989501953125,80,HIGH,Suspicious process behavior detected.
2026-09-15 11:29:55,2833,Code Helper,2.1,0.7204055786132812,80,HIGH,Suspicious process behavior detected.
2026-09-15 11:29:55,2834,Code Helper,0.4,0.29888153076171875,80,HIGH,Suspicious process behavior detected.
2026-09-15 11:29:55,2835,Code Helper (Renderer),1.7,3.3311843872070312,80,HIGH,Suspicious process behavior detected.
2026-09-15 11:29:55,2878,Code Helper,0.1,0.24242401123046875,80,HIGH,Suspicious process behavior detected.
2026-09-15 11:29:55,2913,Code Helper,0.3,0.5586624145507812,80,HIGH,Suspicious process behavior detected.
2026-09-15 11:29:55,3033,Code Helper,0.2,0.29125213623046875,80,HIGH,Suspicious process behavior detected.
2026-09-15 11:29:55,3034,Code Helper (Plugin),0.5,0.67596435546875,80,HIGH,Suspicious process behavior detected.
2026-09-15 11:29:55,3045,Code Helper (Plugin),0.1,0.22296905517578125,80,HIGH,Suspicious process behavior detected.
2026-09-15 11:29:55,4194,Code Helper (Plugin),0.5,0.5889892578125,80,HIGH,Suspicious process behavior detected.
2026-09-15 11:29:55,8323,Google Chrome Helper (Renderer),0.0,0.5464553833007812,80,HIGH,Suspicious process behavior detected.
2026-09-15 11:29:55,13774,Google Chrome Helper (Renderer),0.2,0.39691925048828125,80,HIGH,Suspicious process behavior detected.
2026-09-15 11:29:55,13781,Google Chrome Helper (Renderer),0.0,0.7329940795898438,80,HIGH,Suspicious process behavior detected.
2026-09-15 11:29:55,13795,com.apple.appkit.xpc.openAndSavePanelService,0.1,0.22144317626953125,80,HIGH,Suspicious process behavior detected.
2026-09-15 11:29:55,15256,Code Helper (Renderer),0.8,0.8056640625,80,HIGH,Suspicious process behavior detected.
2026-09-15 11:29:55,15313,screencaptureui,1.2,0.17185211181640625,80,HIGH,Suspicious process behavior detected.
2026-09-15 11:29:55,16276,python3.12,0.4,0.14858245849609375,80,HIGH,Suspicious process behavior detected.
2026-09-15 11:29:55,16597,python3.12,43.1,0.43354034423828125,80,HIGH,Suspicious process behavior detected.
2026-09-15 11:30:01,560,ControlCenter,0.4,0.4131317138671875,80,HIGH,Suspicious process behavior detected.
2026-09-15 11:30:01,568,AXVisualSupportAgent,2.0,0.14801025390625,80,HIGH,Suspicious process behavior detected.
2026-09-15 11:30:01,580,trustd,0.1,0.066375732421875,80,HIGH,Suspicious process behavior detected.
2026-09-15 11:30:01,602,fileproviderd,0.1,0.136566162109375,80,HIGH,Suspicious process behavior detected.
2026-09-15 11:30:01,730,Spotify,2.2,0.7238388061523438,80,HIGH,Suspicious process behavior detected.
2026-09-15 11:30:01,747,Spotify Helper,0.1,0.1617431640625,80,HIGH,Suspicious process behavior detected.
2026-09-15 11:30:01,755,Grammarly Desktop,1.7,0.7581710815429688,80,HIGH,Suspicious process behavior detected.
2026-09-15 11:30:01,913,app_inkwell,0.7,0.2780914306640625,80,HIGH,Suspicious process behavior detected.
2026-09-15 11:30:01,916,com.apple.WebKit.WebContent,6.8,1.340484619140625,80,HIGH,Suspicious process behavior detected.
2026-09-15 11:30:01,919,com.apple.WebKit.Networking,6.8,0.211334228515625,80,HIGH,Suspicious process behavior detected.
2026-09-15 11:30:01,930,com.apple.WebKit.WebContent,0.1,0.32939910888671875,80,HIGH,Suspicious process behavior detected.
2026-09-15 11:30:01,931,com.apple.WebKit.WebContent,0.3,0.4245758056640625,80,HIGH,Suspicious process behavior detected.
2026-09-15 11:30:01,932,com.apple.WebKit.WebContent,0.4,0.7219314575195312,80,HIGH,Suspicious process behavior detected.
2026-09-15 11:30:01,957,Google Chrome,6.9,2.3710250854492188,80,HIGH,Suspicious process behavior detected.
2026-09-15 11:30:01,963,Google Chrome Helper,18.2,0.8512496948242188,80,HIGH,Suspicious process behavior detected.
2026-09-15 11:30:01,964,Google Chrome Helper,0.2,0.6433486938476562,80,HIGH,Suspicious process behavior detected.
2026-09-15 11:30:01,2095,com.apple.WebKit.WebContent,0.1,0.5405426025390625,80,HIGH,Suspicious process behavior detected.
2026-09-15 11:30:01,2096,com.apple.WebKit.WebContent,0.3,0.5887985229492188,80,HIGH,Suspicious process behavior detected.
2026-09-15 11:30:01,2641,Google Chrome Helper (Renderer),0.0,0.48084259033203125,80,HIGH,Suspicious process behavior detected.
2026-09-15 11:30:01,2672,Google Chrome Helper (Renderer),21.0,9.508895874023438,80,HIGH,Suspicious process behavior detected.
2026-09-15 11:30:01,2826,Code,0.1,1.4797210693359375,80,HIGH,Suspicious process behavior detected.
2026-09-15 11:30:01,2833,Code Helper,0.3,0.7923126220703125,80,HIGH,Suspicious process behavior detected.
2026-09-15 11:30:01,2835,Code Helper (Renderer),0.6,1.6759872436523438,80,HIGH,Suspicious process behavior detected.
2026-09-15 11:30:01,2913,Code Helper,0.3,0.5092620849609375,80,HIGH,Suspicious process behavior detected.
2026-09-15 11:30:01,3033,Code Helper,0.1,0.30364990234375,80,HIGH,Suspicious process behavior detected.
2026-09-15 11:30:01,3034,Code Helper (Plugin),0.2,0.732421875,80,HIGH,Suspicious process behavior detected.
2026-09-15 11:30:01,4194,Code Helper (Plugin),0.0,0.597381591796875,80,HIGH,Suspicious process behavior detected.
2026-09-15 11:30:01,8323,Google Chrome Helper (Renderer),0.0,0.5458831787109375,80,HIGH,Suspicious process behavior detected.
2026-09-15 11:30:02,9909,com.apple.geod,0.1,0.067138671875,80,HIGH,Suspicious process behavior detected.
2026-09-15 11:30:02,13781,Google Chrome Helper (Renderer),0.0,0.7350921630859375,80,HIGH,Suspicious process behavior detected.
2026-09-15 11:30:02,15256,Code Helper (Renderer),0.0,0.8604049682617188,80,HIGH,Suspicious process behavior detected.
2026-09-15 11:30:02,16276,python3.12,1.3,0.15163421630859375,80,HIGH,Suspicious process behavior detected.
2026-09-15 11:30:02,16597,python3.12,43.3,0.7608413696289062,80,HIGH,Suspicious process behavior detected.
2026-09-15 11:30:02,17243,mdworker_shared,0.1,0.2025604248046875,80,HIGH,Suspicious process behavior detected.
2026-09-15 11:30:02,17244,mdworker_shared,0.1,0.194549560546875,80,HIGH,Suspicious process behavior detected.
2026-09-15 11:30:08,553,WindowManager,0.3,0.1949310302734375,80,HIGH,Suspicious process behavior detected.
2026-09-15 11:30:08,560,ControlCenter,0.3,0.4169464111328125,80,HIGH,Suspicious process behavior detected.
2026-09-15 11:30:08,564,Finder,0.1,0.26454925537109375,80,HIGH,Suspicious process behavior detected.
2026-09-15 11:30:08,568,AXVisualSupportAgent,0.9,0.14781951904296875,80,HIGH,Suspicious process behavior detected.
2026-09-15 11:30:08,602,fileproviderd,0.1,0.136566162109375,80,HIGH,Suspicious process behavior detected.
2026-09-15 11:30:08,730,Spotify,0.3,0.9763717651367188,80,HIGH,Suspicious process behavior detected.
2026-09-15 11:30:08,747,Spotify Helper,0.1,0.16994476318359375,80,HIGH,Suspicious process behavior detected.
2026-09-15 11:30:08,748,Spotify Helper,0.2,0.29087066650390625,80,HIGH,Suspicious process behavior detected.
2026-09-15 11:30:08,755,Grammarly Desktop,0.7,0.7715225219726562,80,HIGH,Suspicious process behavior detected.
2026-09-15 11:30:08,913,app_inkwell,2.5,0.26988983154296875,80,HIGH,Suspicious process behavior detected.
2026-09-15 11:30:08,916,com.apple.WebKit.WebContent,14.0,2.4629592895507812,80,HIGH,Suspicious process behavior detected.
2026-09-15 11:30:08,919,com.apple.WebKit.Networking,14.3,0.212860107421875,80,HIGH,Suspicious process behavior detected.
2026-09-15 11:30:08,930,com.apple.WebKit.WebContent,0.1,0.32024383544921875,80,HIGH,Suspicious process behavior detected.
2026-09-15 11:30:08,931,com.apple.WebKit.WebContent,0.5,0.40874481201171875,80,HIGH,Suspicious process behavior detected.
2026-09-15 11:30:08,932,com.apple.WebKit.WebContent,1.1,0.7177352905273438,80,HIGH,Suspicious process behavior detected.
2026-09-15 11:30:08,957,Google Chrome,3.2,2.349853515625,80,HIGH,Suspicious process behavior detected.
2026-09-15 11:30:08,963,Google Chrome Helper,2.5,1.0202407836914062,80,HIGH,Suspicious process behavior detected.
2026-09-15 11:30:08,964,Google Chrome Helper,0.4,0.6526947021484375,80,HIGH,Suspicious process behavior detected.
2026-09-15 11:30:08,2095,com.apple.WebKit.WebContent,0.2,0.5262374877929688,80,HIGH,Suspicious process behavior detected.
2026-09-15 11:30:08,2096,com.apple.WebKit.WebContent,0.5,0.5706787109375,80,HIGH,Suspicious process behavior detected.
2026-09-15 11:30:08,2641,Google Chrome Helper (Renderer),0.0,0.48084259033203125,80,HIGH,Suspicious process behavior detected.
2026-09-15 11:30:08,2672,Google Chrome Helper (Renderer),72.0,8.909225463867188,90,HIGH,Suspicious process behavior detected.
2026-09-15 11:30:08,2826,Code,2.6,1.2304306030273438,80,HIGH,Suspicious process behavior detected.
2026-09-15 11:30:08,2833,Code Helper,0.8,0.7274627685546875,80,HIGH,Suspicious process behavior detected.
2026-09-15 11:30:08,2835,Code Helper (Renderer),20.0,1.6504287719726562,80,HIGH,Suspicious process behavior detected.
2026-09-15 11:30:08,2852,Code Helper,0.1,0.43773651123046875,80,HIGH,Suspicious process behavior detected.
2026-09-15 11:30:08,2878,Code Helper,0.1,0.238800048828125,80,HIGH,Suspicious process behavior detected.
2026-09-15 11:30:08,2913,Code Helper,0.2,0.5205154418945312,80,HIGH,Suspicious process behavior detected.
2026-09-15 11:30:08,3033,Code Helper,0.2,0.29125213623046875,80,HIGH,Suspicious process behavior detected.
2026-09-15 11:30:08,3034,Code Helper (Plugin),0.3,0.6893157958984375,80,HIGH,Suspicious process behavior detected.
2026-09-15 11:30:08,3045,Code Helper (Plugin),0.1,0.205230712890625,80,HIGH,Suspicious process behavior detected.
2026-09-15 11:30:08,4194,Code Helper (Plugin),0.0,0.588226318359375,80,HIGH,Suspicious process behavior detected.
2026-09-15 11:30:08,8323,Google Chrome Helper (Renderer),0.1,0.5359649658203125,80,HIGH,Suspicious process behavior detected.
2026-09-15 11:30:09,13781,Google Chrome Helper (Renderer),0.0,0.7219314575195312,80,HIGH,Suspicious process behavior detected.
2026-09-15 11:30:09,13795,com.apple.appkit.xpc.openAndSavePanelService,0.1,0.226593017578125,80,HIGH,Suspicious process behavior detected.
2026-09-15 11:30:09,15256,Code Helper (Renderer),0.1,0.8548736572265625,80,HIGH,Suspicious process behavior detected.
2026-09-15 11:30:09,15313,screencaptureui,0.3,0.201416015625,80,HIGH,Suspicious process behavior detected.
2026-09-15 11:30:09,16276,python3.12,0.5,0.15468597412109375,80,HIGH,Suspicious process behavior detected.
2026-09-15 11:30:09,16445,python3.12,0.6,0.1468658447265625,80,HIGH,Suspicious process behavior detected.
2026-09-15 11:30:09,16597,python3.12,43.0,0.44689178466796875,80,HIGH,Suspicious process behavior detected.
2026-09-15 11:30:09,16631,ServiceExtension,0.1,0.3173828125,80,HIGH,Suspicious process behavior detected.
2026-09-15 11:30:09,17310,mdworker_shared,0.1,0.203704833984375,80,HIGH,Suspicious process behavior detected.
2026-09-15 11:30:15,560,ControlCenter,0.5,0.370025634765625,80,HIGH,Suspicious process behavior detected.
2026-09-15 11:30:15,564,Finder,0.1,0.237274169921875,80,HIGH,Suspicious process behavior detected.
2026-09-15 11:30:15,568,AXVisualSupportAgent,0.4,0.14095306396484375,80,HIGH,Suspicious process behavior detected.
2026-09-15 11:30:15,602,fileproviderd,0.1,0.13599395751953125,80,HIGH,Suspicious process behavior detected.
2026-09-15 11:30:15,616,assistantd,0.1,0.12874603271484375,80,HIGH,Suspicious process behavior detected.
2026-09-15 11:30:15,730,Spotify,0.3,0.6093978881835938,80,HIGH,Suspicious process behavior detected.
2026-09-15 11:30:15,755,Grammarly Desktop,0.6,0.7482528686523438,80,HIGH,Suspicious process behavior detected.
2026-09-15 11:30:15,913,app_inkwell,0.7,0.26950836181640625,80,HIGH,Suspicious process behavior detected.
2026-09-15 11:30:15,916,com.apple.WebKit.WebContent,5.6,1.7971038818359375,80,HIGH,Suspicious process behavior detected.
2026-09-15 11:30:15,919,com.apple.WebKit.Networking,5.4,0.19779205322265625,80,HIGH,Suspicious process behavior detected.
2026-09-15 11:30:15,931,com.apple.WebKit.WebContent,0.3,0.3143310546875,80,HIGH,Suspicious process behavior detected.
2026-09-15 11:30:15,932,com.apple.WebKit.WebContent,0.5,0.3631591796875,80,HIGH,Suspicious process behavior detected.
2026-09-15 11:30:15,957,Google Chrome,1.5,2.33612060546875,80,HIGH,Suspicious process behavior detected.
2026-09-15 11:30:15,963,Google Chrome Helper,3.8,0.9593963623046875,80,HIGH,Suspicious process behavior detected.
2026-09-15 11:30:15,964,Google Chrome Helper,0.4,0.6824493408203125,80,HIGH,Suspicious process behavior detected.
2026-09-15 11:30:15,2096,com.apple.WebKit.WebContent,0.3,0.28285980224609375,80,HIGH,Suspicious process behavior detected.
2026-09-15 11:30:15,2641,Google Chrome Helper (Renderer),0.0,0.47607421875,80,HIGH,Suspicious process behavior detected.
2026-09-15 11:30:15,2672,Google Chrome Helper (Renderer),9.2,9.070777893066406,80,HIGH,Suspicious process behavior detected.
2026-09-15 11:30:15,2826,Code,3.8,1.3408660888671875,80,HIGH,Suspicious process behavior detected.
2026-09-15 11:30:15,2833,Code Helper,2.1,0.7822036743164062,80,HIGH,Suspicious process behavior detected.
2026-09-15 11:30:15,2834,Code Helper,0.5,0.30765533447265625,80,HIGH,Suspicious process behavior detected.
2026-09-15 11:30:15,2835,Code Helper (Renderer),1.0,3.4067153930664062,80,HIGH,Suspicious process behavior detected.
2026-09-15 11:30:15,2878,Code Helper,0.1,0.25615692138671875,80,HIGH,Suspicious process behavior detected.
2026-09-15 11:30:15,2913,Code Helper,0.6,0.5174636840820312,80,HIGH,Suspicious process behavior detected.
2026-09-15 11:30:15,3033,Code Helper,0.1,0.298309326171875,80,HIGH,Suspicious process behavior detected.
2026-09-15 11:30:15,3034,Code Helper (Plugin),0.4,0.902557373046875,80,HIGH,Suspicious process behavior detected.
2026-09-15 11:30:15,4194,Code Helper (Plugin),0.1,0.6948471069335938,80,HIGH,Suspicious process behavior detected.
2026-09-15 11:30:15,8323,Google Chrome Helper (Renderer),0.0,0.5376815795898438,80,HIGH,Suspicious process behavior detected.
2026-09-15 11:30:15,13781,Google Chrome Helper (Renderer),0.0,0.7350921630859375,80,HIGH,Suspicious process behavior detected.
2026-09-15 11:30:15,13795,com.apple.appkit.xpc.openAndSavePanelService,0.1,0.240325927734375,80,HIGH,Suspicious process behavior detected.
2026-09-15 11:30:15,15256,Code Helper (Renderer),0.5,0.8497238159179688,80,HIGH,Suspicious process behavior detected.
2026-09-15 11:30:15,16597,python3.12,42.0,0.7602691650390625,80,HIGH,Suspicious process behavior detected.
2026-09-15 11:30:16,17243,mdworker_shared,0.1,0.19435882568359375,80,HIGH,Suspicious process behavior detected.
2026-09-15 11:30:16,17310,mdworker_shared,0.1,0.19588470458984375,80,HIGH,Suspicious process behavior detected.
2026-09-15 11:30:22,543,distnoted,0.1,0.0469207763671875,80,HIGH,Suspicious process behavior detected.
2026-09-15 11:30:22,544,cfprefsd,0.2,0.05550384521484375,80,HIGH,Suspicious process behavior detected.
2026-09-15 11:30:22,560,ControlCenter,0.4,0.376129150390625,80,HIGH,Suspicious process behavior detected.
2026-09-15 11:30:22,564,Finder,0.1,0.27904510498046875,80,HIGH,Suspicious process behavior detected.
2026-09-15 11:30:22,567,lsd,0.1,0.074005126953125,80,HIGH,Suspicious process behavior detected.
2026-09-15 11:30:22,568,AXVisualSupportAgent,2.3,0.1438140869140625,80,HIGH,Suspicious process behavior detected.
2026-09-15 11:30:22,602,fileproviderd,0.2,0.13599395751953125,80,HIGH,Suspicious process behavior detected.
2026-09-15 11:30:22,730,Spotify,0.2,0.6198883056640625,80,HIGH,Suspicious process behavior detected.
2026-09-15 11:30:22,755,Grammarly Desktop,1.9,0.7465362548828125,80,HIGH,Suspicious process behavior detected.
2026-09-15 11:30:22,913,app_inkwell,0.1,0.27866363525390625,80,HIGH,Suspicious process behavior detected.
2026-09-15 11:30:22,916,com.apple.WebKit.WebContent,0.0,0.6870269775390625,80,HIGH,Suspicious process behavior detected.
2026-09-15 11:30:22,932,com.apple.WebKit.WebContent,0.1,0.37250518798828125,80,HIGH,Suspicious process behavior detected.
2026-09-15 11:30:22,957,Google Chrome,7.3,2.17437744140625,80,HIGH,Suspicious process behavior detected.
2026-09-15 11:30:22,963,Google Chrome Helper,17.9,0.9632110595703125,80,HIGH,Suspicious process behavior detected.
2026-09-15 11:30:22,964,Google Chrome Helper,0.4,0.6570816040039062,80,HIGH,Suspicious process behavior detected.
2026-09-15 11:30:22,2641,Google Chrome Helper (Renderer),0.0,0.48084259033203125,80,HIGH,Suspicious process behavior detected.
2026-09-15 11:30:22,2672,Google Chrome Helper (Renderer),22.5,5.433082580566406,80,HIGH,Suspicious process behavior detected.
2026-09-15 11:30:22,2826,Code,0.1,1.4011383056640625,80,HIGH,Suspicious process behavior detected.
2026-09-15 11:30:22,2833,Code Helper,0.0,0.7928848266601562,80,HIGH,Suspicious process behavior detected.
2026-09-15 11:30:22,2835,Code Helper (Renderer),0.4,3.4976959228515625,80,HIGH,Suspicious process behavior detected.
2026-09-15 11:30:22,2913,Code Helper,0.5,0.530242919921875,80,HIGH,Suspicious process behavior detected.
2026-09-15 11:30:22,3033,Code Helper,0.1,0.29888153076171875,80,HIGH,Suspicious process behavior detected.
2026-09-15 11:30:22,3034,Code Helper (Plugin),0.2,0.916290283203125,80,HIGH,Suspicious process behavior detected.
2026-09-15 11:30:22,4194,Code Helper (Plugin),0.0,0.698089599609375,80,HIGH,Suspicious process behavior detected.
2026-09-15 11:30:22,6986,accountsd,0.1,0.17566680908203125,80,HIGH,Suspicious process behavior detected.
2026-09-15 11:30:22,9049,tccd,0.5,0.12416839599609375,80,HIGH,Suspicious process behavior detected.
2026-09-15 11:30:22,9088,contactsd,1.1,0.2094268798828125,80,HIGH,Suspicious process behavior detected.
2026-09-15 11:30:22,13781,Google Chrome Helper (Renderer),0.0,0.7350921630859375,80,HIGH,Suspicious process behavior detected.
2026-09-15 11:30:22,13795,com.apple.appkit.xpc.openAndSavePanelService,0.1,0.24089813232421875,80,HIGH,Suspicious process behavior detected.
2026-09-15 11:30:22,15256,Code Helper (Renderer),0.1,0.8592605590820312,80,HIGH,Suspicious process behavior detected.
2026-09-15 11:30:22,15313,screencaptureui,0.8,0.20122528076171875,80,HIGH,Suspicious process behavior detected.
2026-09-15 11:30:22,16276,python3.12,1.4,0.160980224609375,80,HIGH,Suspicious process behavior detected.
2026-09-15 11:30:22,16597,python3.12,42.5,0.7524490356445312,80,HIGH,Suspicious process behavior detected.
2026-09-15 11:30:22,16631,ServiceExtension,0.1,0.33283233642578125,80,HIGH,Suspicious process behavior detected.
2026-09-15 11:30:22,17244,mdworker_shared,0.2,0.1674652099609375,80,HIGH,Suspicious process behavior detected.
2026-09-15 11:30:22,17310,mdworker_shared,0.2,0.18787384033203125,80,HIGH,Suspicious process behavior detected.
2026-09-15 11:30:22,17321,AddressBookSourceSync,0.1,0.215911865234375,80,HIGH,Suspicious process behavior detected.
2026-09-15 11:30:28,543,distnoted,1.2,0.04825592041015625,80,HIGH,Suspicious process behavior detected.
2026-09-15 11:30:28,544,cfprefsd,0.1,0.054168701171875,80,HIGH,Suspicious process behavior detected.
2026-09-15 11:30:28,553,WindowManager,0.1,0.194549560546875,80,HIGH,Suspicious process behavior detected.
2026-09-15 11:30:28,560,ControlCenter,3.5,0.36907196044921875,80,HIGH,Suspicious process behavior detected.
2026-09-15 11:30:28,564,Finder,3.5,0.2429962158203125,80,HIGH,Suspicious process behavior detected.
2026-09-15 11:30:28,568,AXVisualSupportAgent,3.1,0.14667510986328125,80,HIGH,Suspicious process behavior detected.
2026-09-15 11:30:28,575,rapportd,1.1,0.0965118408203125,80,HIGH,Suspicious process behavior detected.
2026-09-15 11:30:28,578,secd,0.1,0.13179779052734375,80,HIGH,Suspicious process behavior detected.
2026-09-15 11:30:28,580,trustd,4.0,0.1224517822265625,80,HIGH,Suspicious process behavior detected.
2026-09-15 11:30:29,596,callservicesd,2.5,0.103759765625,80,HIGH,Suspicious process behavior detected.
2026-09-15 11:30:29,602,fileproviderd,0.2,0.1361846923828125,80,HIGH,Suspicious process behavior detected.
2026-09-15 11:30:29,609,identityservicesd,1.8,0.12493133544921875,80,HIGH,Suspicious process behavior detected.
2026-09-15 11:30:29,616,assistantd,1.9,0.128936767578125,80,HIGH,Suspicious process behavior detected.
2026-09-15 11:30:29,639,sharingd,2.0,0.101470947265625,80,HIGH,Suspicious process behavior detected.
2026-09-15 11:30:29,650,familycircled,0.3,0.10776519775390625,80,HIGH,Suspicious process behavior detected.
2026-09-15 11:30:29,683,imagent,2.3,0.09326934814453125,80,HIGH,Suspicious process behavior detected.
2026-09-15 11:30:29,699,com.apple.CloudDocs.iCloudDriveFileProvider,0.1,0.0759124755859375,80,HIGH,Suspicious process behavior detected.
2026-09-15 11:30:29,713,Spotlight,3.1,0.12874603271484375,80,HIGH,Suspicious process behavior detected.
2026-09-15 11:30:29,718,corespotlightd,1.9,0.12969970703125,80,HIGH,Suspicious process behavior detected.
2026-09-15 11:30:29,722,duetexpertd,2.3,0.1888275146484375,80,HIGH,Suspicious process behavior detected.
2026-09-15 11:30:29,730,Spotify,0.5,0.6338119506835938,80,HIGH,Suspicious process behavior detected.
2026-09-15 11:30:29,733,homed,3.8,0.10051727294921875,80,HIGH,Suspicious process behavior detected.
2026-09-15 11:30:29,755,Grammarly Desktop,1.3,0.6860733032226562,80,HIGH,Suspicious process behavior detected.
2026-09-15 11:30:29,768,Spotify Helper (Renderer),0.1,0.2742767333984375,80,HIGH,Suspicious process behavior detected.
2026-09-15 11:30:29,792,commerce,0.6,0.08373260498046875,80,HIGH,Suspicious process behavior detected.
2026-09-15 11:30:29,913,app_inkwell,3.0,0.2864837646484375,80,HIGH,Suspicious process behavior detected.
2026-09-15 11:30:29,916,com.apple.WebKit.WebContent,7.2,0.6343841552734375,80,HIGH,Suspicious process behavior detected.
2026-09-15 11:30:29,919,com.apple.WebKit.Networking,6.8,0.160980224609375,80,HIGH,Suspicious process behavior detected.
2026-09-15 11:30:29,926,peopled,2.2,0.08640289306640625,80,HIGH,Suspicious process behavior detected.
2026-09-15 11:30:29,930,com.apple.WebKit.WebContent,0.2,0.13217926025390625,80,HIGH,Suspicious process behavior detected.
2026-09-15 11:30:29,931,com.apple.WebKit.WebContent,0.9,0.5725860595703125,80,HIGH,Suspicious process behavior detected.
2026-09-15 11:30:29,932,com.apple.WebKit.WebContent,1.1,0.34999847412109375,80,HIGH,Suspicious process behavior detected.
2026-09-15 11:30:29,957,Google Chrome,9.5,2.3860931396484375,80,HIGH,Suspicious process behavior detected.
2026-09-15 11:30:29,961,voicebankingd,0.1,0.0659942626953125,80,HIGH,Suspicious process behavior detected.
2026-09-15 11:30:29,963,Google Chrome Helper,2.7,0.96435546875,80,HIGH,Suspicious process behavior detected.
2026-09-15 11:30:29,964,Google Chrome Helper,0.2,0.6036758422851562,80,HIGH,Suspicious process behavior detected.
2026-09-15 11:30:29,1191,storeaccountd,0.1,0.0621795654296875,80,HIGH,Suspicious process behavior detected.
2026-09-15 11:30:29,2095,com.apple.WebKit.WebContent,0.2,0.1312255859375,80,HIGH,Suspicious process behavior detected.
2026-09-15 11:30:29,2096,com.apple.WebKit.WebContent,0.9,0.283050537109375,80,HIGH,Suspicious process behavior detected.
2026-09-15 11:30:29,2641,Google Chrome Helper (Renderer),0.0,0.530242919921875,80,HIGH,Suspicious process behavior detected.
2026-09-15 11:30:29,2672,Google Chrome Helper (Renderer),28.1,8.670806884765625,80,HIGH,Suspicious process behavior detected.
2026-09-15 11:30:29,2826,Code,1.4,1.14898681640625,80,HIGH,Suspicious process behavior detected.
2026-09-15 11:30:29,2833,Code Helper,2.4,0.7863998413085938,80,HIGH,Suspicious process behavior detected.
2026-09-15 11:30:29,2835,Code Helper (Renderer),2.4,3.2739639282226562,80,HIGH,Suspicious process behavior detected.
2026-09-15 11:30:29,2913,Code Helper,0.3,0.5067825317382812,80,HIGH,Suspicious process behavior detected.
2026-09-15 11:30:29,3033,Code Helper,0.2,0.296783447265625,80,HIGH,Suspicious process behavior detected.
2026-09-15 11:30:29,3034,Code Helper (Plugin),0.3,0.6669998168945312,80,HIGH,Suspicious process behavior detected.
2026-09-15 11:30:29,4194,Code Helper (Plugin),0.0,0.5941390991210938,80,HIGH,Suspicious process behavior detected.
2026-09-15 11:30:29,6986,accountsd,22.8,0.18253326416015625,80,HIGH,Suspicious process behavior detected.
2026-09-15 11:30:29,8323,Google Chrome Helper (Renderer),0.0,0.5445480346679688,80,HIGH,Suspicious process behavior detected.
2026-09-15 11:30:29,8326,chronod,0.1,0.12989044189453125,80,HIGH,Suspicious process behavior detected.
2026-09-15 11:30:29,8410,routined,2.3,0.1125335693359375,80,HIGH,Suspicious process behavior detected.
2026-09-15 11:30:29,9049,tccd,10.8,0.1251220703125,80,HIGH,Suspicious process behavior detected.
2026-09-15 11:30:29,9053,cloudd,0.2,0.13065338134765625,80,HIGH,Suspicious process behavior detected.
2026-09-15 11:30:29,9069,searchpartyuseragent,1.6,0.12607574462890625,80,HIGH,Suspicious process behavior detected.
2026-09-15 11:30:29,9086,knowledge-agent,2.8,0.10509490966796875,80,HIGH,Suspicious process behavior detected.
2026-09-15 11:30:29,9088,contactsd,23.9,0.14934539794921875,80,HIGH,Suspicious process behavior detected.
2026-09-15 11:30:29,9095,calaccessd,2.9,0.11806488037109375,80,HIGH,Suspicious process behavior detected.
2026-09-15 11:30:29,9575,akd,0.2,0.20008087158203125,80,HIGH,Suspicious process behavior detected.
2026-09-15 11:30:29,9649,suggestd,6.1,0.12760162353515625,80,HIGH,Suspicious process behavior detected.
2026-09-15 11:30:29,9681,AppleSpell,2.3,0.17452239990234375,80,HIGH,Suspicious process behavior detected.
2026-09-15 11:30:29,9829,transparencyd,2.2,0.11768341064453125,80,HIGH,Suspicious process behavior detected.
2026-09-15 11:30:29,12777,ProtectedCloudKeySyncing,0.1,0.0583648681640625,80,HIGH,Suspicious process behavior detected.
2026-09-15 11:30:29,13036,CommCenter,0.2,0.090789794921875,80,HIGH,Suspicious process behavior detected.
2026-09-15 11:30:29,13716,photoanalysisd,2.5,0.10280609130859375,80,HIGH,Suspicious process behavior detected.
2026-09-15 11:30:29,13717,photolibraryd,0.2,0.090789794921875,80,HIGH,Suspicious process behavior detected.
2026-09-15 11:30:29,13781,Google Chrome Helper (Renderer),0.0,0.787353515625,80,HIGH,Suspicious process behavior detected.
2026-09-15 11:30:29,13795,com.apple.appkit.xpc.openAndSavePanelService,1.1,0.24261474609375,80,HIGH,Suspicious process behavior detected.
2026-09-15 11:30:29,13902,donotdisturbd,1.7,0.116729736328125,80,HIGH,Suspicious process behavior detected.
2026-09-15 11:30:29,13908,findmylocateagent,0.5,0.089263916015625,80,HIGH,Suspicious process behavior detected.
2026-09-15 11:30:29,13911,cdpd,0.1,0.0713348388671875,80,HIGH,Suspicious process behavior detected.
2026-09-15 11:30:29,14187,appstoreagent,0.1,0.1308441162109375,80,HIGH,Suspicious process behavior detected.
2026-09-15 11:30:29,14216,IMDPersistenceAgent,2.5,0.09441375732421875,80,HIGH,Suspicious process behavior detected.
2026-09-15 11:30:29,14233,siriknowledged,2.4,0.115203857421875,80,HIGH,Suspicious process behavior detected.
2026-09-15 11:30:29,14242,siriinferenced,1.1,0.15087127685546875,80,HIGH,Suspicious process behavior detected.
2026-09-15 11:30:29,15256,Code Helper (Renderer),0.5,0.81024169921875,80,HIGH,Suspicious process behavior detected.
2026-09-15 11:30:29,15313,screencaptureui,0.5,0.202178955078125,80,HIGH,Suspicious process behavior detected.
2026-09-15 11:30:29,16276,python3.12,0.4,0.154876708984375,80,HIGH,Suspicious process behavior detected.
2026-09-15 11:30:29,16445,python3.12,0.7,0.09765625,80,HIGH,Suspicious process behavior detected.
2026-09-15 11:30:29,16597,python3.12,43.9,0.7665634155273438,80,HIGH,Suspicious process behavior detected.
2026-09-15 11:30:29,17321,AddressBookSourceSync,4.2,0.27828216552734375,80,HIGH,Suspicious process behavior detected.
2026-09-15 11:30:35,543,distnoted,0.7,0.05245208740234375,80,HIGH,Suspicious process behavior detected.
2026-09-15 11:30:35,544,cfprefsd,0.1,0.0537872314453125,80,HIGH,Suspicious process behavior detected.
2026-09-15 11:30:35,553,WindowManager,2.1,0.24623870849609375,80,HIGH,Suspicious process behavior detected.
2026-09-15 11:30:35,557,universalaccessd,0.1,0.06809234619140625,80,HIGH,Suspicious process behavior detected.
2026-09-15 11:30:35,560,ControlCenter,0.5,0.4138946533203125,80,HIGH,Suspicious process behavior detected.
2026-09-15 11:30:35,564,Finder,0.1,0.3589630126953125,80,HIGH,Suspicious process behavior detected.
2026-09-15 11:30:35,568,AXVisualSupportAgent,2.6,0.15277862548828125,80,HIGH,Suspicious process behavior detected.
2026-09-15 11:30:35,575,rapportd,0.1,0.16326904296875,80,HIGH,Suspicious process behavior detected.
2026-09-15 11:30:35,580,trustd,1.4,0.07572174072265625,80,HIGH,Suspicious process behavior detected.
2026-09-15 11:30:35,602,fileproviderd,0.2,0.13580322265625,80,HIGH,Suspicious process behavior detected.
2026-09-15 11:30:35,639,sharingd,3.0,0.18367767333984375,80,HIGH,Suspicious process behavior detected.
2026-09-15 11:30:35,683,imagent,0.3,0.14896392822265625,80,HIGH,Suspicious process behavior detected.
2026-09-15 11:30:35,713,Spotlight,0.8,0.23136138916015625,80,HIGH,Suspicious process behavior detected.
2026-09-15 11:30:35,717,OneDrive,0.1,0.3047943115234375,80,HIGH,Suspicious process behavior detected.
2026-09-15 11:30:35,718,corespotlightd,0.3,0.1949310302734375,80,HIGH,Suspicious process behavior detected.
2026-09-15 11:30:35,722,duetexpertd,0.2,0.24547576904296875,80,HIGH,Suspicious process behavior detected.
2026-09-15 11:30:35,730,Spotify,0.2,0.8012771606445312,80,HIGH,Suspicious process behavior detected.
2026-09-15 11:30:35,733,homed,0.3,0.22106170654296875,80,HIGH,Suspicious process behavior detected.
2026-09-15 11:30:36,755,Grammarly Desktop,1.5,0.6744384765625,80,HIGH,Suspicious process behavior detected.
2026-09-15 11:30:36,913,app_inkwell,6.7,0.26378631591796875,80,HIGH,Suspicious process behavior detected.
2026-09-15 11:30:36,916,com.apple.WebKit.WebContent,0.0,0.528717041015625,80,HIGH,Suspicious process behavior detected.
2026-09-15 11:30:36,921,Spotify Helper,0.1,0.075531005859375,80,HIGH,Suspicious process behavior detected.
2026-09-15 11:30:36,926,peopled,0.4,0.146484375,80,HIGH,Suspicious process behavior detected.
2026-09-15 11:30:36,932,com.apple.WebKit.WebContent,0.1,0.3414154052734375,80,HIGH,Suspicious process behavior detected.
2026-09-15 11:30:36,957,Google Chrome,13.9,2.6437759399414062,80,HIGH,Suspicious process behavior detected.
2026-09-15 11:30:36,963,Google Chrome Helper,2.6,0.8245468139648438,80,HIGH,Suspicious process behavior detected.
2026-09-15 11:30:36,964,Google Chrome Helper,0.3,0.62103271484375,80,HIGH,Suspicious process behavior detected.
2026-09-15 11:30:36,1015,Google Chrome Helper,0.1,0.23326873779296875,80,HIGH,Suspicious process behavior detected.
2026-09-15 11:30:36,2641,Google Chrome Helper (Renderer),0.0,0.5950927734375,80,HIGH,Suspicious process behavior detected.
2026-09-15 11:30:36,2672,Google Chrome Helper (Renderer),0.3,6.5639495849609375,80,HIGH,Suspicious process behavior detected.
2026-09-15 11:30:36,2826,Code,0.7,1.2441635131835938,80,HIGH,Suspicious process behavior detected.
2026-09-15 11:30:36,2833,Code Helper,0.5,0.6761550903320312,80,HIGH,Suspicious process behavior detected.
2026-09-15 11:30:36,2834,Code Helper,0.1,0.31299591064453125,80,HIGH,Suspicious process behavior detected.
2026-09-15 11:30:36,2835,Code Helper (Renderer),6.0,3.136444091796875,80,HIGH,Suspicious process behavior detected.
2026-09-15 11:30:36,2852,Code Helper,0.0,0.47931671142578125,80,HIGH,Suspicious process behavior detected.
2026-09-15 11:30:36,2913,Code Helper,0.6,0.44422149658203125,80,HIGH,Suspicious process behavior detected.
2026-09-15 11:30:36,3033,Code Helper,0.1,0.293731689453125,80,HIGH,Suspicious process behavior detected.
2026-09-15 11:30:36,3034,Code Helper (Plugin),0.3,0.617218017578125,80,HIGH,Suspicious process behavior detected.
2026-09-15 11:30:36,4194,Code Helper (Plugin),0.0,0.5857467651367188,80,HIGH,Suspicious process behavior detected.
2026-09-15 11:30:36,6986,accountsd,0.5,0.20198822021484375,80,HIGH,Suspicious process behavior detected.
2026-09-15 11:30:36,8323,Google Chrome Helper (Renderer),0.0,0.614166259765625,80,HIGH,Suspicious process behavior detected.
2026-09-15 11:30:36,8324,Google Chrome Helper (Renderer),0.1,0.41446685791015625,80,HIGH,Suspicious process behavior detected.
2026-09-15 11:30:36,8325,Google Chrome Helper (Renderer),0.1,0.25634765625,80,HIGH,Suspicious process behavior detected.
2026-09-15 11:30:36,8328,Google Chrome Helper (Renderer),0.1,0.3265380859375,80,HIGH,Suspicious process behavior detected.
2026-09-15 11:30:36,8410,routined,1.0,0.1880645751953125,80,HIGH,Suspicious process behavior detected.
2026-09-15 11:30:36,8666,Google Chrome Helper (Renderer),0.1,0.12531280517578125,80,HIGH,Suspicious process behavior detected.
2026-09-15 11:30:36,9049,tccd,2.3,0.1323699951171875,80,HIGH,Suspicious process behavior detected.
2026-09-15 11:30:36,9069,searchpartyuseragent,0.3,0.17337799072265625,80,HIGH,Suspicious process behavior detected.
2026-09-15 11:30:36,9086,knowledge-agent,1.1,0.1903533935546875,80,HIGH,Suspicious process behavior detected.
2026-09-15 11:30:36,9088,contactsd,23.6,0.193023681640625,80,HIGH,Suspicious process behavior detected.
2026-09-15 11:30:36,9095,calaccessd,1.6,0.19931793212890625,80,HIGH,Suspicious process behavior detected.
2026-09-15 11:30:36,9575,akd,0.2,0.17070770263671875,80,HIGH,Suspicious process behavior detected.
2026-09-15 11:30:36,9649,suggestd,0.6,0.20885467529296875,80,HIGH,Suspicious process behavior detected.
2026-09-15 11:30:36,9681,AppleSpell,0.5,0.22525787353515625,80,HIGH,Suspicious process behavior detected.
2026-09-15 11:30:36,9829,transparencyd,0.6,0.18939971923828125,80,HIGH,Suspicious process behavior detected.
2026-09-15 11:30:36,13716,photoanalysisd,1.0,0.16689300537109375,80,HIGH,Suspicious process behavior detected.
2026-09-15 11:30:36,13774,Google Chrome Helper (Renderer),0.2,0.3528594970703125,80,HIGH,Suspicious process behavior detected.
2026-09-15 11:30:36,13781,Google Chrome Helper (Renderer),0.1,0.6786346435546875,80,HIGH,Suspicious process behavior detected.
2026-09-15 11:30:36,13795,com.apple.appkit.xpc.openAndSavePanelService,0.3,0.31681060791015625,80,HIGH,Suspicious process behavior detected.
2026-09-15 11:30:36,13902,donotdisturbd,0.5,0.1739501953125,80,HIGH,Suspicious process behavior detected.
2026-09-15 11:30:36,14216,IMDPersistenceAgent,0.8,0.15583038330078125,80,HIGH,Suspicious process behavior detected.
2026-09-15 11:30:36,14233,siriknowledged,3.0,0.17642974853515625,80,HIGH,Suspicious process behavior detected.
2026-09-15 11:30:36,14236,SetStoreUpdateService,0.4,0.0579833984375,80,HIGH,Suspicious process behavior detected.
2026-09-15 11:30:36,14242,siriinferenced,0.4,0.220489501953125,80,HIGH,Suspicious process behavior detected.
2026-09-15 11:30:36,15256,Code Helper (Renderer),0.0,0.8340835571289062,80,HIGH,Suspicious process behavior detected.
2026-09-15 11:30:36,16597,python3.12,42.6,0.4283905029296875,80,HIGH,Suspicious process behavior detected.
2026-09-15 11:30:36,17244,mdworker_shared,0.1,0.17108917236328125,80,HIGH,Suspicious process behavior detected.
2026-09-15 11:30:36,17310,mdworker_shared,0.1,0.18978118896484375,80,HIGH,Suspicious process behavior detected.
2026-09-15 11:30:36,17321,AddressBookSourceSync,5.6,0.1956939697265625,80,HIGH,Suspicious process behavior detected.
2026-09-15 11:30:36,17338,com.apple.iCloudHelper,0.4,0.0789642333984375,80,HIGH,Suspicious process behavior detected.
2026-09-15 11:30:36,17345,Google Chrome Helper (Renderer),1.5,1.7230987548828125,80,HIGH,Suspicious process behavior detected.
2026-09-15 11:30:36,17346,Google Chrome Helper (Renderer),0.2,1.4636993408203125,80,HIGH,Suspicious process behavior detected.
2026-09-15 11:30:42,543,distnoted,0.2,0.04978179931640625,80,HIGH,Suspicious process behavior detected.
2026-09-15 11:30:42,553,WindowManager,0.5,0.2227783203125,80,HIGH,Suspicious process behavior detected.
2026-09-15 11:30:42,560,ControlCenter,0.3,0.45166015625,80,HIGH,Suspicious process behavior detected.
2026-09-15 11:30:42,564,Finder,0.7,0.44193267822265625,80,HIGH,Suspicious process behavior detected.
2026-09-15 11:30:42,568,AXVisualSupportAgent,2.3,0.14209747314453125,80,HIGH,Suspicious process behavior detected.
2026-09-15 11:30:42,600,fontd,0.2,0.0667572021484375,80,HIGH,Suspicious process behavior detected.
2026-09-15 11:30:42,602,fileproviderd,0.1,0.1354217529296875,80,HIGH,Suspicious process behavior detected.
2026-09-15 11:30:42,639,sharingd,1.2,0.2197265625,80,HIGH,Suspicious process behavior detected.
2026-09-15 11:30:42,642,neagent,0.2,0.0804901123046875,80,HIGH,Suspicious process behavior detected.
2026-09-15 11:30:42,713,Spotlight,0.1,0.2674102783203125,80,HIGH,Suspicious process behavior detected.
2026-09-15 11:30:42,730,Spotify,0.1,0.6772994995117188,80,HIGH,Suspicious process behavior detected.
2026-09-15 11:30:42,755,Grammarly Desktop,2.5,0.59051513671875,80,HIGH,Suspicious process behavior detected.
2026-09-15 11:30:42,768,Spotify Helper (Renderer),0.0,0.5369186401367188,80,HIGH,Suspicious process behavior detected.
2026-09-15 11:30:42,913,app_inkwell,6.5,0.205230712890625,80,HIGH,Suspicious process behavior detected.
2026-09-15 11:30:42,916,com.apple.WebKit.WebContent,4.8,0.0629425048828125,80,HIGH,Suspicious process behavior detected.
2026-09-15 11:30:42,919,com.apple.WebKit.Networking,4.6,0.09555816650390625,80,HIGH,Suspicious process behavior detected.
2026-09-15 11:30:42,930,com.apple.WebKit.WebContent,0.3,0.05702972412109375,80,HIGH,Suspicious process behavior detected.
2026-09-15 11:30:42,931,com.apple.WebKit.WebContent,1.1,0.05741119384765625,80,HIGH,Suspicious process behavior detected.
2026-09-15 11:30:42,932,com.apple.WebKit.WebContent,1.1,0.0820159912109375,80,HIGH,Suspicious process behavior detected.
2026-09-15 11:30:42,957,Google Chrome,17.2,3.16162109375,80,HIGH,Suspicious process behavior detected.
2026-09-15 11:30:42,963,Google Chrome Helper,6.2,0.9145736694335938,80,HIGH,Suspicious process behavior detected.
2026-09-15 11:30:42,964,Google Chrome Helper,15.0,0.9096145629882812,80,HIGH,Suspicious process behavior detected.
2026-09-15 11:30:42,966,Google Chrome Helper,0.1,0.22144317626953125,80,HIGH,Suspicious process behavior detected.
2026-09-15 11:30:42,2095,com.apple.WebKit.WebContent,0.2,0.0667572021484375,80,HIGH,Suspicious process behavior detected.
2026-09-15 11:30:42,2096,com.apple.WebKit.WebContent,0.8,0.079345703125,80,HIGH,Suspicious process behavior detected.
2026-09-15 11:30:42,2672,Google Chrome Helper (Renderer),0.2,2.7727127075195312,80,HIGH,Suspicious process behavior detected.
2026-09-15 11:30:42,2826,Code,0.1,1.232147216796875,80,HIGH,Suspicious process behavior detected.
2026-09-15 11:30:42,2833,Code Helper,0.4,0.6927490234375,80,HIGH,Suspicious process behavior detected.
2026-09-15 11:30:42,2834,Code Helper,0.1,0.311279296875,80,HIGH,Suspicious process behavior detected.
2026-09-15 11:30:42,2835,Code Helper (Renderer),3.0,2.996063232421875,80,HIGH,Suspicious process behavior detected.
2026-09-15 11:30:42,2913,Code Helper,0.4,0.4978179931640625,80,HIGH,Suspicious process behavior detected.
2026-09-15 11:30:42,3033,Code Helper,0.2,0.29277801513671875,80,HIGH,Suspicious process behavior detected.
2026-09-15 11:30:42,3034,Code Helper (Plugin),0.2,0.6475448608398438,80,HIGH,Suspicious process behavior detected.
2026-09-15 11:30:43,4194,Code Helper (Plugin),0.1,0.5811691284179688,80,HIGH,Suspicious process behavior detected.
2026-09-15 11:30:43,8323,Google Chrome Helper (Renderer),0.1,0.43277740478515625,80,HIGH,Suspicious process behavior detected.
2026-09-15 11:30:43,9088,contactsd,1.3,0.186920166015625,80,HIGH,Suspicious process behavior detected.
2026-09-15 11:30:43,13781,Google Chrome Helper (Renderer),0.0,0.7246017456054688,80,HIGH,Suspicious process behavior detected.
2026-09-15 11:30:43,13795,com.apple.appkit.xpc.openAndSavePanelService,0.2,0.3528594970703125,80,HIGH,Suspicious process behavior detected.
2026-09-15 11:30:43,13907,amsengagementd,0.1,0.1232147216796875,80,HIGH,Suspicious process behavior detected.
2026-09-15 11:30:43,15256,Code Helper (Renderer),0.1,0.8136749267578125,80,HIGH,Suspicious process behavior detected.
2026-09-15 11:30:43,15313,screencaptureui,3.1,0.2063751220703125,80,HIGH,Suspicious process behavior detected.
2026-09-15 11:30:43,16276,python3.12,0.3,0.13217926025390625,80,HIGH,Suspicious process behavior detected.
2026-09-15 11:30:43,16597,python3.12,44.6,0.21152496337890625,80,HIGH,Suspicious process behavior detected.
2026-09-15 11:30:43,17345,Google Chrome Helper (Renderer),0.0,1.334381103515625,80,HIGH,Suspicious process behavior detected.
2026-09-15 11:30:43,17346,Google Chrome Helper (Renderer),0.0,1.3086318969726562,80,HIGH,Suspicious process behavior detected.
2026-09-15 11:30:43,17354,Google Chrome Helper (Renderer),0.1,1.758575439453125,80,HIGH,Suspicious process behavior detected.
2026-09-15 11:30:43,17363,Google Chrome Helper (Renderer),0.0,1.4629364013671875,80,HIGH,Suspicious process behavior detected.
2026-09-15 11:30:43,17365,mdworker_shared,0.1,0.2040863037109375,80,HIGH,Suspicious process behavior detected.
2026-09-15 11:30:43,17366,mdworker_shared,1.0,0.20465850830078125,80,HIGH,Suspicious process behavior detected.
2026-09-15 11:30:43,17367,mdworker_shared,0.1,0.20122528076171875,80,HIGH,Suspicious process behavior detected.
2026-09-15 11:30:43,17369,mdworker_shared,0.1,0.2307891845703125,80,HIGH,Suspicious process behavior detected.
2026-09-15 11:30:43,17375,Google Chrome Helper (Renderer),57.2,2.618408203125,90,HIGH,Suspicious process behavior detected.
2026-09-15 11:30:43,17376,Google Chrome Helper,0.0,0.5435943603515625,80,HIGH,Suspicious process behavior detected.
2026-09-15 11:30:43,17377,mdworker_shared,0.1,0.19245147705078125,80,HIGH,Suspicious process behavior detected.
2026-09-15 11:30:49,376,loginwindow,0.5,0.212860107421875,80,HIGH,Suspicious process behavior detected.
2026-09-15 11:30:49,544,cfprefsd,0.2,0.0446319580078125,80,HIGH,Suspicious process behavior detected.
2026-09-15 11:30:49,560,ControlCenter,0.3,0.3856658935546875,80,HIGH,Suspicious process behavior detected.
2026-09-15 11:30:49,564,Finder,0.1,0.35991668701171875,80,HIGH,Suspicious process behavior detected.
2026-09-15 11:30:49,567,lsd,0.2,0.09937286376953125,80,HIGH,Suspicious process behavior detected.
2026-09-15 11:30:49,568,AXVisualSupportAgent,0.2,0.1476287841796875,80,HIGH,Suspicious process behavior detected.
2026-09-15 11:30:49,580,trustd,0.1,0.11348724365234375,80,HIGH,Suspicious process behavior detected.
2026-09-15 11:30:49,587,com.apple.hiservices-xpcservice,0.2,0.03795623779296875,80,HIGH,Suspicious process behavior detected.
2026-09-15 11:30:49,600,fontd,0.7,0.11615753173828125,80,HIGH,Suspicious process behavior detected.
2026-09-15 11:30:49,602,fileproviderd,0.1,0.1346588134765625,80,HIGH,Suspicious process behavior detected.
2026-09-15 11:30:49,608,ViewBridgeAuxiliary,0.1,0.09212493896484375,80,HIGH,Suspicious process behavior detected.
2026-09-15 11:30:49,668,BiomeAgent,0.4,0.07724761962890625,80,HIGH,Suspicious process behavior detected.
2026-09-15 11:30:49,683,imagent,0.1,0.10204315185546875,80,HIGH,Suspicious process behavior detected.
2026-09-15 11:30:49,685,diagnostics_agent,0.1,0.09746551513671875,80,HIGH,Suspicious process behavior detected.
2026-09-15 11:30:49,688,Grammarly Desktop Helper,0.1,0.09899139404296875,80,HIGH,Suspicious process behavior detected.
2026-09-15 11:30:49,714,CursorUIViewService,0.1,0.165557861328125,80,HIGH,Suspicious process behavior detected.
2026-09-15 11:30:49,718,corespotlightd,0.0,0.5929946899414062,80,HIGH,Suspicious process behavior detected.
2026-09-15 11:30:49,730,Spotify,0.2,0.426483154296875,80,HIGH,Suspicious process behavior detected.
2026-09-15 11:30:49,755,Grammarly Desktop,7.6,0.902557373046875,80,HIGH,Suspicious process behavior detected.
2026-09-15 11:30:49,772,com.apple.WebKit.GPU,0.1,0.08335113525390625,80,HIGH,Suspicious process behavior detected.
2026-09-15 11:30:49,776,com.apple.WebKit.Networking,0.8,0.13904571533203125,80,HIGH,Suspicious process behavior detected.
2026-09-15 11:30:49,913,app_inkwell,4.7,0.30117034912109375,80,HIGH,Suspicious process behavior detected.
2026-09-15 11:30:49,916,com.apple.WebKit.WebContent,62.2,2.0112991333007812,90,HIGH,Suspicious process behavior detected.
2026-09-15 11:30:49,919,com.apple.WebKit.Networking,66.0,0.2712249755859375,90,HIGH,Suspicious process behavior detected.
2026-09-15 11:30:49,930,com.apple.WebKit.WebContent,0.5,0.42629241943359375,80,HIGH,Suspicious process behavior detected.
2026-09-15 11:30:49,931,com.apple.WebKit.WebContent,0.5,0.4558563232421875,80,HIGH,Suspicious process behavior detected.
2026-09-15 11:30:49,932,com.apple.WebKit.WebContent,6.5,0.9325027465820312,80,HIGH,Suspicious process behavior detected.
2026-09-15 11:30:49,957,Google Chrome,10.0,2.7154922485351562,80,HIGH,Suspicious process behavior detected.
2026-09-15 11:30:49,963,Google Chrome Helper,2.6,0.8205413818359375,80,HIGH,Suspicious process behavior detected.
2026-09-15 11:30:49,964,Google Chrome Helper,1.9,0.693511962890625,80,HIGH,Suspicious process behavior detected.
2026-09-15 11:30:49,2095,com.apple.WebKit.WebContent,2.8,0.48084259033203125,80,HIGH,Suspicious process behavior detected.
2026-09-15 11:30:49,2096,com.apple.WebKit.WebContent,0.6,0.5373001098632812,80,HIGH,Suspicious process behavior detected.
2026-09-15 11:30:49,2641,Google Chrome Helper (Renderer),0.1,0.441741943359375,80,HIGH,Suspicious process behavior detected.
2026-09-15 11:30:49,2672,Google Chrome Helper (Renderer),0.2,1.1737823486328125,80,HIGH,Suspicious process behavior detected.
2026-09-15 11:30:49,2826,Code,0.9,0.9469985961914062,80,HIGH,Suspicious process behavior detected.
2026-09-15 11:30:49,2833,Code Helper,1.8,0.6086349487304688,80,HIGH,Suspicious process behavior detected.
2026-09-15 11:30:49,2834,Code Helper,0.2,0.2964019775390625,80,HIGH,Suspicious process behavior detected.
2026-09-15 11:30:49,2835,Code Helper (Renderer),3.7,3.482818603515625,80,HIGH,Suspicious process behavior detected.
2026-09-15 11:30:49,2913,Code Helper,0.2,0.45928955078125,80,HIGH,Suspicious process behavior detected.
2026-09-15 11:30:49,3033,Code Helper,0.2,0.2552032470703125,80,HIGH,Suspicious process behavior detected.
2026-09-15 11:30:49,3034,Code Helper (Plugin),0.5,0.46634674072265625,80,HIGH,Suspicious process behavior detected.
2026-09-15 11:30:49,3045,Code Helper (Plugin),0.1,0.17642974853515625,80,HIGH,Suspicious process behavior detected.
2026-09-15 11:30:49,4194,Code Helper (Plugin),0.3,0.3467559814453125,80,HIGH,Suspicious process behavior detected.
2026-09-15 11:30:49,8323,Google Chrome Helper (Renderer),0.1,0.39577484130859375,80,HIGH,Suspicious process behavior detected.
2026-09-15 11:30:49,8324,Google Chrome Helper (Renderer),0.1,0.38318634033203125,80,HIGH,Suspicious process behavior detected.
2026-09-15 11:30:50,8325,Google Chrome Helper (Renderer),0.1,0.22869110107421875,80,HIGH,Suspicious process behavior detected.
2026-09-15 11:30:50,8328,Google Chrome Helper (Renderer),0.1,0.29354095458984375,80,HIGH,Suspicious process behavior detected.
2026-09-15 11:30:50,8666,Google Chrome Helper (Renderer),0.1,0.1438140869140625,80,HIGH,Suspicious process behavior detected.
2026-09-15 11:30:50,9069,searchpartyuseragent,0.5,0.10833740234375,80,HIGH,Suspicious process behavior detected.
2026-09-15 11:30:50,9088,contactsd,1.2,0.19817352294921875,80,HIGH,Suspicious process behavior detected.
2026-09-15 11:30:50,9649,suggestd,3.1,0.19817352294921875,80,HIGH,Suspicious process behavior detected.
2026-09-15 11:30:50,9681,AppleSpell,0.5,0.19321441650390625,80,HIGH,Suspicious process behavior detected.
2026-09-15 11:30:50,9847,UIKitSystem,0.1,0.20294189453125,80,HIGH,Suspicious process behavior detected.
2026-09-15 11:30:50,9901,pkd,0.2,0.1270294189453125,80,HIGH,Suspicious process behavior detected.
2026-09-15 11:30:50,10010,AudioComponentRegistrar,0.2,0.0606536865234375,80,HIGH,Suspicious process behavior detected.
2026-09-15 11:30:50,13774,Google Chrome Helper (Renderer),0.1,0.34999847412109375,80,HIGH,Suspicious process behavior detected.
2026-09-15 11:30:50,13781,Google Chrome Helper (Renderer),0.1,0.6780624389648438,80,HIGH,Suspicious process behavior detected.
2026-09-15 11:30:50,13795,com.apple.appkit.xpc.openAndSavePanelService,0.1,0.29048919677734375,80,HIGH,Suspicious process behavior detected.
2026-09-15 11:30:50,14233,siriknowledged,1.1,0.19245147705078125,80,HIGH,Suspicious process behavior detected.
2026-09-15 11:30:50,14236,SetStoreUpdateService,0.5,0.0591278076171875,80,HIGH,Suspicious process behavior detected.
2026-09-15 11:30:50,14397,Siri,0.4,0.1468658447265625,80,HIGH,Suspicious process behavior detected.
2026-09-15 11:30:50,14505,SiriNCService,0.2,0.1422882080078125,80,HIGH,Suspicious process behavior detected.
2026-09-15 11:30:50,15256,Code Helper (Renderer),0.4,0.6404876708984375,80,HIGH,Suspicious process behavior detected.
2026-09-15 11:30:50,16276,python3.12,1.1,0.1018524169921875,80,HIGH,Suspicious process behavior detected.
2026-09-15 11:30:50,16445,python3.12,1.3,0.0652313232421875,80,HIGH,Suspicious process behavior detected.
2026-09-15 11:30:50,16597,python3.12,44.3,0.19855499267578125,80,HIGH,Suspicious process behavior detected.
2026-09-15 11:30:50,17345,Google Chrome Helper (Renderer),0.1,1.245880126953125,80,HIGH,Suspicious process behavior detected.
2026-09-15 11:30:50,17346,Google Chrome Helper (Renderer),0.1,1.1926651000976562,80,HIGH,Suspicious process behavior detected.
2026-09-15 11:30:50,17352,mdworker_shared,0.2,0.09002685546875,80,HIGH,Suspicious process behavior detected.
2026-09-15 11:30:50,17354,Google Chrome Helper (Renderer),0.2,1.4007568359375,80,HIGH,Suspicious process behavior detected.
2026-09-15 11:30:50,17356,mdworker_shared,0.1,0.1682281494140625,80,HIGH,Suspicious process behavior detected.
2026-09-15 11:30:50,17357,mdworker_shared,0.2,0.1682281494140625,80,HIGH,Suspicious process behavior detected.
2026-09-15 11:30:50,17361,mdworker_shared,0.1,0.1682281494140625,80,HIGH,Suspicious process behavior detected.
2026-09-15 11:30:50,17362,mdworker_shared,0.2,0.1682281494140625,80,HIGH,Suspicious process behavior detected.
2026-09-15 11:30:50,17363,Google Chrome Helper (Renderer),0.2,1.1531829833984375,80,HIGH,Suspicious process behavior detected.
2026-09-15 11:30:50,17375,Google Chrome Helper (Renderer),9.8,4.376411437988281,80,HIGH,Suspicious process behavior detected.
2026-09-15 11:30:50,17376,Google Chrome Helper,0.0,0.5096435546875,80,HIGH,Suspicious process behavior detected.
2026-09-15 11:30:50,17391,com.apple.WebKit.WebContent,5.5,0.26378631591796875,80,HIGH,Suspicious process behavior detected.
2026-09-15 11:30:56,544,cfprefsd,0.2,0.05970001220703125,80,HIGH,Suspicious process behavior detected.
2026-09-15 11:30:56,560,ControlCenter,0.2,0.37326812744140625,80,HIGH,Suspicious process behavior detected.
2026-09-15 11:30:56,568,AXVisualSupportAgent,0.2,0.1277923583984375,80,HIGH,Suspicious process behavior detected.
2026-09-15 11:30:56,587,com.apple.hiservices-xpcservice,0.2,0.0423431396484375,80,HIGH,Suspicious process behavior detected.
2026-09-15 11:30:56,596,callservicesd,0.1,0.12149810791015625,80,HIGH,Suspicious process behavior detected.
2026-09-15 11:30:56,602,fileproviderd,0.1,0.13580322265625,80,HIGH,Suspicious process behavior detected.
2026-09-15 11:30:56,608,ViewBridgeAuxiliary,0.1,0.0812530517578125,80,HIGH,Suspicious process behavior detected.
2026-09-15 11:30:56,683,imagent,0.1,0.164031982421875,80,HIGH,Suspicious process behavior detected.
2026-09-15 11:30:56,718,corespotlightd,0.0,0.799560546875,80,HIGH,Suspicious process behavior detected.
2026-09-15 11:30:56,730,Spotify,0.5,0.48503875732421875,80,HIGH,Suspicious process behavior detected.
2026-09-15 11:30:56,755,Grammarly Desktop,4.3,0.8161544799804688,80,HIGH,Suspicious process behavior detected.
2026-09-15 11:30:56,913,app_inkwell,3.9,0.304412841796875,80,HIGH,Suspicious process behavior detected.
2026-09-15 11:30:56,916,com.apple.WebKit.WebContent,56.2,2.9569625854492188,90,HIGH,Suspicious process behavior detected.
2026-09-15 11:30:56,919,com.apple.WebKit.Networking,59.2,0.2307891845703125,90,HIGH,Suspicious process behavior detected.
2026-09-15 11:30:56,930,com.apple.WebKit.WebContent,0.4,0.2777099609375,80,HIGH,Suspicious process behavior detected.
2026-09-15 11:30:56,931,com.apple.WebKit.WebContent,0.4,0.28476715087890625,80,HIGH,Suspicious process behavior detected.
2026-09-15 11:30:56,932,com.apple.WebKit.WebContent,4.6,1.5445709228515625,80,HIGH,Suspicious process behavior detected.
2026-09-15 11:30:56,957,Google Chrome,10.2,2.6826858520507812,80,HIGH,Suspicious process behavior detected.
2026-09-15 11:30:56,963,Google Chrome Helper,2.9,0.84228515625,80,HIGH,Suspicious process behavior detected.
2026-09-15 11:30:57,964,Google Chrome Helper,1.5,0.7823944091796875,80,HIGH,Suspicious process behavior detected.
2026-09-15 11:30:57,1015,Google Chrome Helper,0.1,0.238037109375,80,HIGH,Suspicious process behavior detected.
2026-09-15 11:30:57,2095,com.apple.WebKit.WebContent,0.4,0.70037841796875,80,HIGH,Suspicious process behavior detected.
2026-09-15 11:30:57,2096,com.apple.WebKit.WebContent,0.4,0.39348602294921875,80,HIGH,Suspicious process behavior detected.
2026-09-15 11:30:57,2641,Google Chrome Helper (Renderer),0.0,0.478363037109375,80,HIGH,Suspicious process behavior detected.
2026-09-15 11:30:57,2672,Google Chrome Helper (Renderer),0.2,1.5468597412109375,80,HIGH,Suspicious process behavior detected.
2026-09-15 11:30:57,2826,Code,0.1,1.3759613037109375,80,HIGH,Suspicious process behavior detected.
2026-09-15 11:30:57,2833,Code Helper,0.1,0.728607177734375,80,HIGH,Suspicious process behavior detected.
2026-09-15 11:30:57,2835,Code Helper (Renderer),2.5,3.2161712646484375,80,HIGH,Suspicious process behavior detected.
2026-09-15 11:30:57,2913,Code Helper,0.2,0.506591796875,80,HIGH,Suspicious process behavior detected.
2026-09-15 11:30:57,3033,Code Helper,0.2,0.293731689453125,80,HIGH,Suspicious process behavior detected.
2026-09-15 11:30:57,3034,Code Helper (Plugin),0.2,0.63934326171875,80,HIGH,Suspicious process behavior detected.
2026-09-15 11:30:57,4194,Code Helper (Plugin),0.0,0.6591796875,80,HIGH,Suspicious process behavior detected.
2026-09-15 11:30:57,9069,searchpartyuseragent,0.1,0.16307830810546875,80,HIGH,Suspicious process behavior detected.
2026-09-15 11:30:57,9681,AppleSpell,0.1,0.20084381103515625,80,HIGH,Suspicious process behavior detected.
2026-09-15 11:30:57,13781,Google Chrome Helper (Renderer),0.0,0.7040023803710938,80,HIGH,Suspicious process behavior detected.
2026-09-15 11:30:57,13795,com.apple.appkit.xpc.openAndSavePanelService,0.1,0.25997161865234375,80,HIGH,Suspicious process behavior detected.
2026-09-15 11:30:57,14242,siriinferenced,0.1,0.156402587890625,80,HIGH,Suspicious process behavior detected.
2026-09-15 11:30:57,14397,Siri,0.3,0.15811920166015625,80,HIGH,Suspicious process behavior detected.
2026-09-15 11:30:57,14505,SiriNCService,0.1,0.13790130615234375,80,HIGH,Suspicious process behavior detected.
2026-09-15 11:30:57,15256,Code Helper (Renderer),0.0,0.74615478515625,80,HIGH,Suspicious process behavior detected.
2026-09-15 11:30:57,15313,screencaptureui,0.3,0.16994476318359375,80,HIGH,Suspicious process behavior detected.
2026-09-15 11:30:57,16597,python3.12,45.2,0.5252838134765625,80,HIGH,Suspicious process behavior detected.
2026-09-15 11:30:57,17345,Google Chrome Helper (Renderer),0.0,1.3158798217773438,80,HIGH,Suspicious process behavior detected.
2026-09-15 11:30:57,17346,Google Chrome Helper (Renderer),0.0,1.2224197387695312,80,HIGH,Suspicious process behavior detected.
2026-09-15 11:30:57,17354,Google Chrome Helper (Renderer),0.1,1.2889862060546875,80,HIGH,Suspicious process behavior detected.
2026-09-15 11:30:57,17358,mdworker_shared,0.1,0.18520355224609375,80,HIGH,Suspicious process behavior detected.
2026-09-15 11:30:57,17363,Google Chrome Helper (Renderer),0.0,1.2346267700195312,80,HIGH,Suspicious process behavior detected.
2026-09-15 11:30:57,17371,mdworker_shared,0.1,0.10318756103515625,80,HIGH,Suspicious process behavior detected.
2026-09-15 11:30:57,17375,Google Chrome Helper (Renderer),15.7,4.768943786621094,80,HIGH,Suspicious process behavior detected.
2026-09-15 11:30:57,17376,Google Chrome Helper,0.0,0.5258560180664062,80,HIGH,Suspicious process behavior detected.
2026-09-15 11:30:57,17391,com.apple.WebKit.WebContent,0.0,0.6862640380859375,80,HIGH,Suspicious process behavior detected.
2026-09-15 11:31:03,376,loginwindow,0.1,0.20160675048828125,80,HIGH,Suspicious process behavior detected.
2026-09-15 11:31:03,553,WindowManager,1.7,0.247955322265625,80,HIGH,Suspicious process behavior detected.
2026-09-15 11:31:03,557,universalaccessd,0.1,0.0843048095703125,80,HIGH,Suspicious process behavior detected.
2026-09-15 11:31:03,559,Dock,1.7,0.18863677978515625,80,HIGH,Suspicious process behavior detected.
2026-09-15 11:31:03,560,ControlCenter,0.6,0.363922119140625,80,HIGH,Suspicious process behavior detected.
2026-09-15 11:31:03,562,SystemUIServer,0.1,0.08640289306640625,80,HIGH,Suspicious process behavior detected.
2026-09-15 11:31:03,564,Finder,0.4,0.27751922607421875,80,HIGH,Suspicious process behavior detected.
2026-09-15 11:31:03,568,AXVisualSupportAgent,2.0,0.15087127685546875,80,HIGH,Suspicious process behavior detected.
2026-09-15 11:31:03,583,WallpaperAgent,0.1,0.11539459228515625,80,HIGH,Suspicious process behavior detected.
2026-09-15 11:31:03,602,fileproviderd,0.2,0.1346588134765625,80,HIGH,Suspicious process behavior detected.
2026-09-15 11:31:03,608,ViewBridgeAuxiliary,0.2,0.07953643798828125,80,HIGH,Suspicious process behavior detected.
2026-09-15 11:31:03,639,sharingd,0.1,0.1499176025390625,80,HIGH,Suspicious process behavior detected.
2026-09-15 11:31:03,646,NotificationCenter,0.4,0.13713836669921875,80,HIGH,Suspicious process behavior detected.
2026-09-15 11:31:03,680,AirPlayUIAgent,0.1,0.07381439208984375,80,HIGH,Suspicious process behavior detected.
2026-09-15 11:31:03,686,TextInputMenuAgent,0.1,0.144195556640625,80,HIGH,Suspicious process behavior detected.
2026-09-15 11:31:03,688,Grammarly Desktop Helper,0.1,0.09059906005859375,80,HIGH,Suspicious process behavior detected.
2026-09-15 11:31:03,707,WiFiAgent,0.1,0.1125335693359375,80,HIGH,Suspicious process behavior detected.
2026-09-15 11:31:03,713,Spotlight,0.4,0.1491546630859375,80,HIGH,Suspicious process behavior detected.
2026-09-15 11:31:03,714,CursorUIViewService,1.3,0.128173828125,80,HIGH,Suspicious process behavior detected.
2026-09-15 11:31:03,716,PAH_Extension,0.1,0.09975433349609375,80,HIGH,Suspicious process behavior detected.
2026-09-15 11:31:03,717,OneDrive,0.4,0.2727508544921875,80,HIGH,Suspicious process behavior detected.
2026-09-15 11:31:03,718,corespotlightd,0.0,0.574493408203125,80,HIGH,Suspicious process behavior detected.
2026-09-15 11:31:03,730,Spotify,0.4,0.77667236328125,80,HIGH,Suspicious process behavior detected.
2026-09-15 11:31:03,747,Spotify Helper,0.1,0.14190673828125,80,HIGH,Suspicious process behavior detected.
2026-09-15 11:31:03,748,Spotify Helper,0.1,0.17604827880859375,80,HIGH,Suspicious process behavior detected.
2026-09-15 11:31:03,755,Grammarly Desktop,1.7,0.8790969848632812,80,HIGH,Suspicious process behavior detected.
2026-09-15 11:31:03,898,OneDrive Sync Service,0.2,0.148773193359375,80,HIGH,Suspicious process behavior detected.
2026-09-15 11:31:03,913,app_inkwell,3.7,0.3017425537109375,80,HIGH,Suspicious process behavior detected.
2026-09-15 11:31:03,916,com.apple.WebKit.WebContent,9.0,1.0648727416992188,80,HIGH,Suspicious process behavior detected.
2026-09-15 11:31:03,918,com.apple.WebKit.GPU,0.5,0.15411376953125,80,HIGH,Suspicious process behavior detected.
2026-09-15 11:31:04,919,com.apple.WebKit.Networking,11.0,0.18825531005859375,80,HIGH,Suspicious process behavior detected.
2026-09-15 11:31:04,930,com.apple.WebKit.WebContent,0.7,0.41065216064453125,80,HIGH,Suspicious process behavior detected.
2026-09-15 11:31:04,931,com.apple.WebKit.WebContent,3.6,0.649261474609375,80,HIGH,Suspicious process behavior detected.
2026-09-15 11:31:04,932,com.apple.WebKit.WebContent,0.5,0.6166458129882812,80,HIGH,Suspicious process behavior detected.
2026-09-15 11:31:04,957,Google Chrome,6.7,2.7441024780273438,80,HIGH,Suspicious process behavior detected.
2026-09-15 11:31:04,963,Google Chrome Helper,18.2,0.9433746337890625,80,HIGH,Suspicious process behavior detected.
2026-09-15 11:31:04,964,Google Chrome Helper,1.0,0.7940292358398438,80,HIGH,Suspicious process behavior detected.
2026-09-15 11:31:04,1015,Google Chrome Helper,0.1,0.2025604248046875,80,HIGH,Suspicious process behavior detected.
2026-09-15 11:31:04,2095,com.apple.WebKit.WebContent,0.1,0.5069732666015625,80,HIGH,Suspicious process behavior detected.
2026-09-15 11:31:04,2096,com.apple.WebKit.WebContent,0.3,0.3284454345703125,80,HIGH,Suspicious process behavior detected.
2026-09-15 11:31:04,2672,Google Chrome Helper (Renderer),0.9,1.2027740478515625,80,HIGH,Suspicious process behavior detected.
2026-09-15 11:31:04,2826,Code,1.2,1.192474365234375,80,HIGH,Suspicious process behavior detected.
2026-09-15 11:31:04,2833,Code Helper,3.9,0.716400146484375,80,HIGH,Suspicious process behavior detected.
2026-09-15 11:31:04,2834,Code Helper,0.3,0.30269622802734375,80,HIGH,Suspicious process behavior detected.
2026-09-15 11:31:04,2835,Code Helper (Renderer),2.9,3.7273406982421875,80,HIGH,Suspicious process behavior detected.
2026-09-15 11:31:04,2878,Code Helper,0.2,0.1987457275390625,80,HIGH,Suspicious process behavior detected.
2026-09-15 11:31:04,2913,Code Helper,0.3,0.4962921142578125,80,HIGH,Suspicious process behavior detected.
2026-09-15 11:31:04,3033,Code Helper,0.3,0.28972625732421875,80,HIGH,Suspicious process behavior detected.
2026-09-15 11:31:04,3034,Code Helper (Plugin),0.4,0.6183624267578125,80,HIGH,Suspicious process behavior detected.
2026-09-15 11:31:04,3045,Code Helper (Plugin),0.1,0.2201080322265625,80,HIGH,Suspicious process behavior detected.
2026-09-15 11:31:04,4194,Code Helper (Plugin),0.4,0.566864013671875,80,HIGH,Suspicious process behavior detected.
2026-09-15 11:31:04,8351,Google Chrome Helper,0.1,0.12950897216796875,80,HIGH,Suspicious process behavior detected.
2026-09-15 11:31:04,9000,PowerChime,0.1,0.09517669677734375,80,HIGH,Suspicious process behavior detected.
2026-09-15 11:31:04,10490,talagentd,0.2,0.0858306884765625,80,HIGH,Suspicious process behavior detected.
2026-09-15 11:31:04,13037,CoreLocationAgent,0.1,0.10166168212890625,80,HIGH,Suspicious process behavior detected.
2026-09-15 11:31:04,13781,Google Chrome Helper (Renderer),0.0,0.6780624389648438,80,HIGH,Suspicious process behavior detected.
2026-09-15 11:31:04,13795,com.apple.appkit.xpc.openAndSavePanelService,0.2,0.26226043701171875,80,HIGH,Suspicious process behavior detected.
2026-09-15 11:31:04,14241,SoftwareUpdateNotificationManager,0.1,0.13751983642578125,80,HIGH,Suspicious process behavior detected.
2026-09-15 11:31:04,14245,nsattributedstringagent,0.1,0.20313262939453125,80,HIGH,Suspicious process behavior detected.
2026-09-15 11:31:04,14368,Keychain Circle Notification,0.1,0.11272430419921875,80,HIGH,Suspicious process behavior detected.
2026-09-15 11:31:04,14397,Siri,0.1,0.1312255859375,80,HIGH,Suspicious process behavior detected.
2026-09-15 11:31:04,14505,SiriNCService,0.1,0.1224517822265625,80,HIGH,Suspicious process behavior detected.
2026-09-15 11:31:04,15256,Code Helper (Renderer),0.5,0.745391845703125,80,HIGH,Suspicious process behavior detected.
2026-09-15 11:31:04,15313,screencaptureui,0.1,0.2017974853515625,80,HIGH,Suspicious process behavior detected.
2026-09-15 11:31:04,16597,python3.12,43.9,0.5214691162109375,80,HIGH,Suspicious process behavior detected.
2026-09-15 11:31:04,16631,ServiceExtension,0.1,0.26683807373046875,80,HIGH,Suspicious process behavior detected.
2026-09-15 11:31:04,17345,Google Chrome Helper (Renderer),2.7,1.2475967407226562,80,HIGH,Suspicious process behavior detected.
2026-09-15 11:31:04,17346,Google Chrome Helper (Renderer),0.3,1.17034912109375,80,HIGH,Suspicious process behavior detected.
2026-09-15 11:31:04,17354,Google Chrome Helper (Renderer),0.0,1.3027191162109375,80,HIGH,Suspicious process behavior detected.
2026-09-15 11:31:04,17363,Google Chrome Helper (Renderer),0.2,1.192474365234375,80,HIGH,Suspicious process behavior detected.
2026-09-15 11:31:04,17375,Google Chrome Helper (Renderer),9.6,5.300712585449219,80,HIGH,Suspicious process behavior detected.
2026-09-15 11:31:04,17376,Google Chrome Helper,0.0,0.5146026611328125,80,HIGH,Suspicious process behavior detected.
2026-09-15 11:31:10,544,cfprefsd,0.1,0.05664825439453125,80,HIGH,Suspicious process behavior detected.
2026-09-15 11:31:10,553,WindowManager,0.5,0.2899169921875,80,HIGH,Suspicious process behavior detected.
2026-09-15 11:31:10,560,ControlCenter,1.1,0.36907196044921875,80,HIGH,Suspicious process behavior detected.
2026-09-15 11:31:10,564,Finder,0.1,0.3757476806640625,80,HIGH,Suspicious process behavior detected.
2026-09-15 11:31:10,568,AXVisualSupportAgent,1.4,0.16155242919921875,80,HIGH,Suspicious process behavior detected.
2026-09-15 11:31:10,602,fileproviderd,0.1,0.135040283203125,80,HIGH,Suspicious process behavior detected.
2026-09-15 11:31:10,608,ViewBridgeAuxiliary,0.1,0.0823974609375,80,HIGH,Suspicious process behavior detected.
2026-09-15 11:31:10,646,NotificationCenter,0.3,0.2712249755859375,80,HIGH,Suspicious process behavior detected.
2026-09-15 11:31:10,668,BiomeAgent,0.9,0.13675689697265625,80,HIGH,Suspicious process behavior detected.
2026-09-15 11:31:10,718,corespotlightd,0.0,0.5584716796875,80,HIGH,Suspicious process behavior detected.
2026-09-15 11:31:10,722,duetexpertd,20.2,0.18863677978515625,80,HIGH,Suspicious process behavior detected.
2026-09-15 11:31:10,730,Spotify,0.4,0.5533218383789062,80,HIGH,Suspicious process behavior detected.
2026-09-15 11:31:10,755,Grammarly Desktop,1.2,0.7036209106445312,80,HIGH,Suspicious process behavior detected.
2026-09-15 11:31:10,913,app_inkwell,4.5,0.270843505859375,80,HIGH,Suspicious process behavior detected.
2026-09-15 11:31:10,916,com.apple.WebKit.WebContent,11.4,0.5689620971679688,80,HIGH,Suspicious process behavior detected.
2026-09-15 11:31:10,918,com.apple.WebKit.GPU,0.6,0.13637542724609375,80,HIGH,Suspicious process behavior detected.
2026-09-15 11:31:10,919,com.apple.WebKit.Networking,6.2,0.19092559814453125,80,HIGH,Suspicious process behavior detected.
2026-09-15 11:31:10,930,com.apple.WebKit.WebContent,0.5,0.244903564453125,80,HIGH,Suspicious process behavior detected.
2026-09-15 11:31:10,931,com.apple.WebKit.WebContent,2.9,0.6305694580078125,80,HIGH,Suspicious process behavior detected.
2026-09-15 11:31:10,932,com.apple.WebKit.WebContent,0.5,0.8512496948242188,80,HIGH,Suspicious process behavior detected.
2026-09-15 11:31:10,957,Google Chrome,2.0,2.6752471923828125,80,HIGH,Suspicious process behavior detected.
2026-09-15 11:31:10,963,Google Chrome Helper,1.8,0.8104324340820312,80,HIGH,Suspicious process behavior detected.
2026-09-15 11:31:10,964,Google Chrome Helper,0.1,0.788116455078125,80,HIGH,Suspicious process behavior detected.
2026-09-15 11:31:10,966,Google Chrome Helper,0.1,0.196075439453125,80,HIGH,Suspicious process behavior detected.
2026-09-15 11:31:10,2095,com.apple.WebKit.WebContent,0.2,0.131988525390625,80,HIGH,Suspicious process behavior detected.
2026-09-15 11:31:10,2096,com.apple.WebKit.WebContent,0.3,0.26607513427734375,80,HIGH,Suspicious process behavior detected.
2026-09-15 11:31:10,2672,Google Chrome Helper (Renderer),0.1,1.4509201049804688,80,HIGH,Suspicious process behavior detected.
2026-09-15 11:31:10,2826,Code,5.1,1.6111373901367188,80,HIGH,Suspicious process behavior detected.
2026-09-15 11:31:10,2833,Code Helper,3.4,0.89111328125,80,HIGH,Suspicious process behavior detected.
2026-09-15 11:31:10,2835,Code Helper (Renderer),8.4,3.8707733154296875,80,HIGH,Suspicious process behavior detected.
2026-09-15 11:31:11,2852,Code Helper,0.1,1.1240005493164062,80,HIGH,Suspicious process behavior detected.
2026-09-15 11:31:11,2913,Code Helper,0.8,0.4932403564453125,80,HIGH,Suspicious process behavior detected.
2026-09-15 11:31:11,3033,Code Helper,0.1,0.2910614013671875,80,HIGH,Suspicious process behavior detected.
2026-09-15 11:31:11,3034,Code Helper (Plugin),1.1,0.63934326171875,80,HIGH,Suspicious process behavior detected.
2026-09-15 11:31:11,4194,Code Helper (Plugin),0.1,0.5575180053710938,80,HIGH,Suspicious process behavior detected.
2026-09-15 11:31:11,8410,routined,3.2,0.11463165283203125,80,HIGH,Suspicious process behavior detected.
2026-09-15 11:31:11,9069,searchpartyuseragent,0.2,0.15277862548828125,80,HIGH,Suspicious process behavior detected.
2026-09-15 11:31:11,9088,contactsd,0.1,0.0957489013671875,80,HIGH,Suspicious process behavior detected.
2026-09-15 11:31:11,13781,Google Chrome Helper (Renderer),0.0,0.6780624389648438,80,HIGH,Suspicious process behavior detected.
2026-09-15 11:31:11,13795,com.apple.appkit.xpc.openAndSavePanelService,1.9,0.28362274169921875,80,HIGH,Suspicious process behavior detected.
2026-09-15 11:31:11,14472,AppPredictionIntentsHelperService,2.6,0.11539459228515625,80,HIGH,Suspicious process behavior detected.
2026-09-15 11:31:11,15256,Code Helper (Renderer),0.0,0.772857666015625,80,HIGH,Suspicious process behavior detected.
2026-09-15 11:31:11,15313,screencaptureui,1.3,0.2033233642578125,80,HIGH,Suspicious process behavior detected.
2026-09-15 11:31:11,16276,python3.12,0.9,0.12359619140625,80,HIGH,Suspicious process behavior detected.
2026-09-15 11:31:11,16597,python3.12,42.5,0.5176544189453125,80,HIGH,Suspicious process behavior detected.
2026-09-15 11:31:11,17345,Google Chrome Helper (Renderer),0.0,1.604461669921875,80,HIGH,Suspicious process behavior detected.
2026-09-15 11:31:11,17346,Google Chrome Helper (Renderer),0.0,1.349639892578125,80,HIGH,Suspicious process behavior detected.
2026-09-15 11:31:11,17354,Google Chrome Helper (Renderer),0.2,1.5716552734375,80,HIGH,Suspicious process behavior detected.
2026-09-15 11:31:11,17363,Google Chrome Helper (Renderer),0.0,1.3540267944335938,80,HIGH,Suspicious process behavior detected.
2026-09-15 11:31:11,17375,Google Chrome Helper (Renderer),46.1,2.61077880859375,80,HIGH,Suspicious process behavior detected.
2026-09-15 11:31:11,17376,Google Chrome Helper,0.0,0.49839019775390625,80,HIGH,Suspicious process behavior detected.
2026-09-15 11:31:11,17417,mdworker_shared,0.2,0.177001953125,80,HIGH,Suspicious process behavior detected.
2026-09-15 11:31:17,376,loginwindow,0.1,0.1209259033203125,80,HIGH,Suspicious process behavior detected.
2026-09-15 11:31:17,543,distnoted,0.2,0.042724609375,80,HIGH,Suspicious process behavior detected.
2026-09-15 11:31:17,553,WindowManager,2.7,0.2529144287109375,80,HIGH,Suspicious process behavior detected.
2026-09-15 11:31:17,557,universalaccessd,0.2,0.07648468017578125,80,HIGH,Suspicious process behavior detected.
2026-09-15 11:31:17,559,Dock,1.2,0.220489501953125,80,HIGH,Suspicious process behavior detected.
2026-09-15 11:31:17,560,ControlCenter,0.3,0.3795623779296875,80,HIGH,Suspicious process behavior detected.
2026-09-15 11:31:17,564,Finder,0.4,0.368499755859375,80,HIGH,Suspicious process behavior detected.
2026-09-15 11:31:17,568,AXVisualSupportAgent,1.8,0.14553070068359375,80,HIGH,Suspicious process behavior detected.
2026-09-15 11:31:17,580,trustd,0.3,0.1041412353515625,80,HIGH,Suspicious process behavior detected.
2026-09-15 11:31:17,596,callservicesd,0.2,0.11692047119140625,80,HIGH,Suspicious process behavior detected.
2026-09-15 11:31:17,600,fontd,0.1,0.052642822265625,80,HIGH,Suspicious process behavior detected.
2026-09-15 11:31:17,602,fileproviderd,0.1,0.1346588134765625,80,HIGH,Suspicious process behavior detected.
2026-09-15 11:31:17,639,sharingd,0.1,0.1369476318359375,80,HIGH,Suspicious process behavior detected.
2026-09-15 11:31:17,643,useractivityd,0.2,0.06809234619140625,80,HIGH,Suspicious process behavior detected.
2026-09-15 11:31:17,644,com.apple.dock.extra,0.1,0.11539459228515625,80,HIGH,Suspicious process behavior detected.
2026-09-15 11:31:17,646,NotificationCenter,0.1,0.25634765625,80,HIGH,Suspicious process behavior detected.
2026-09-15 11:31:17,666,ContextStoreAgent,2.3,0.11577606201171875,80,HIGH,Suspicious process behavior detected.
2026-09-15 11:31:17,668,BiomeAgent,2.1,0.10623931884765625,80,HIGH,Suspicious process behavior detected.
2026-09-15 11:31:17,680,AirPlayUIAgent,0.1,0.084686279296875,80,HIGH,Suspicious process behavior detected.
2026-09-15 11:31:17,685,diagnostics_agent,0.1,0.07419586181640625,80,HIGH,Suspicious process behavior detected.
2026-09-15 11:31:17,686,TextInputMenuAgent,0.1,0.14247894287109375,80,HIGH,Suspicious process behavior detected.
2026-09-15 11:31:17,688,Grammarly Desktop Helper,0.1,0.05931854248046875,80,HIGH,Suspicious process behavior detected.
2026-09-15 11:31:17,707,WiFiAgent,0.1,0.12989044189453125,80,HIGH,Suspicious process behavior detected.
2026-09-15 11:31:17,709,nsurlsessiond,0.2,0.1049041748046875,80,HIGH,Suspicious process behavior detected.
2026-09-15 11:31:17,713,Spotlight,1.1,0.21991729736328125,80,HIGH,Suspicious process behavior detected.
2026-09-15 11:31:17,714,CursorUIViewService,0.2,0.14057159423828125,80,HIGH,Suspicious process behavior detected.
2026-09-15 11:31:17,716,PAH_Extension,0.1,0.09555816650390625,80,HIGH,Suspicious process behavior detected.
2026-09-15 11:31:17,717,OneDrive,0.1,0.3093719482421875,80,HIGH,Suspicious process behavior detected.
2026-09-15 11:31:17,718,corespotlightd,0.2,0.5115509033203125,80,HIGH,Suspicious process behavior detected.
2026-09-15 11:31:17,722,duetexpertd,0.1,0.3032684326171875,80,HIGH,Suspicious process behavior detected.
2026-09-15 11:31:17,730,Spotify,0.5,0.5483627319335938,80,HIGH,Suspicious process behavior detected.
2026-09-15 11:31:17,755,Grammarly Desktop,2.7,0.6910324096679688,80,HIGH,Suspicious process behavior detected.
2026-09-15 11:31:17,857,Grammarly Desktop Update Service,0.1,0.0820159912109375,80,HIGH,Suspicious process behavior detected.
2026-09-15 11:31:17,898,OneDrive Sync Service,0.1,0.156402587890625,80,HIGH,Suspicious process behavior detected.
2026-09-15 11:31:17,913,app_inkwell,3.9,0.2704620361328125,80,HIGH,Suspicious process behavior detected.
2026-09-15 11:31:17,916,com.apple.WebKit.WebContent,15.2,2.33154296875,80,HIGH,Suspicious process behavior detected.
2026-09-15 11:31:17,919,com.apple.WebKit.Networking,16.2,0.18444061279296875,80,HIGH,Suspicious process behavior detected.
2026-09-15 11:31:17,930,com.apple.WebKit.WebContent,0.3,0.14820098876953125,80,HIGH,Suspicious process behavior detected.
2026-09-15 11:31:17,931,com.apple.WebKit.WebContent,1.0,0.6345748901367188,80,HIGH,Suspicious process behavior detected.
2026-09-15 11:31:17,932,com.apple.WebKit.WebContent,1.4,0.8092880249023438,80,HIGH,Suspicious process behavior detected.
2026-09-15 11:31:17,957,Google Chrome,11.5,2.2655487060546875,80,HIGH,Suspicious process behavior detected.
2026-09-15 11:31:17,963,Google Chrome Helper,8.5,0.7242202758789062,80,HIGH,Suspicious process behavior detected.
2026-09-15 11:31:17,964,Google Chrome Helper,0.5,0.7974624633789062,80,HIGH,Suspicious process behavior detected.
2026-09-15 11:31:17,966,Google Chrome Helper,0.1,0.20885467529296875,80,HIGH,Suspicious process behavior detected.
2026-09-15 11:31:17,2095,com.apple.WebKit.WebContent,0.3,0.12664794921875,80,HIGH,Suspicious process behavior detected.
2026-09-15 11:31:17,2096,com.apple.WebKit.WebContent,0.8,0.27103424072265625,80,HIGH,Suspicious process behavior detected.
2026-09-15 11:31:17,2672,Google Chrome Helper (Renderer),0.6,3.1621932983398438,80,HIGH,Suspicious process behavior detected.
2026-09-15 11:31:17,2826,Code,2.1,1.447296142578125,80,HIGH,Suspicious process behavior detected.
2026-09-15 11:31:17,2833,Code Helper,0.9,0.9290695190429688,80,HIGH,Suspicious process behavior detected.
2026-09-15 11:31:17,2835,Code Helper (Renderer),1.1,4.3476104736328125,80,HIGH,Suspicious process behavior detected.
2026-09-15 11:31:17,2852,Code Helper,0.0,1.035308837890625,80,HIGH,Suspicious process behavior detected.
2026-09-15 11:31:17,2913,Code Helper,0.7,0.5430221557617188,80,HIGH,Suspicious process behavior detected.
2026-09-15 11:31:17,3033,Code Helper,0.2,0.38013458251953125,80,HIGH,Suspicious process behavior detected.
2026-09-15 11:31:17,3034,Code Helper (Plugin),0.3,1.8550872802734375,80,HIGH,Suspicious process behavior detected.
2026-09-15 11:31:17,4194,Code Helper (Plugin),0.1,0.6223678588867188,80,HIGH,Suspicious process behavior detected.
2026-09-15 11:31:17,6986,accountsd,0.2,0.18138885498046875,80,HIGH,Suspicious process behavior detected.
2026-09-15 11:31:17,9000,PowerChime,0.1,0.1026153564453125,80,HIGH,Suspicious process behavior detected.
2026-09-15 11:31:18,9572,proactived,0.3,0.093841552734375,80,HIGH,Suspicious process behavior detected.
2026-09-15 11:31:18,9649,suggestd,0.1,0.14514923095703125,80,HIGH,Suspicious process behavior detected.
2026-09-15 11:31:18,9909,com.apple.geod,0.1,0.074005126953125,80,HIGH,Suspicious process behavior detected.
2026-09-15 11:31:18,10204,CoreServicesUIAgent,0.1,0.127410888671875,80,HIGH,Suspicious process behavior detected.
2026-09-15 11:31:18,13774,Google Chrome Helper (Renderer),0.2,0.37784576416015625,80,HIGH,Suspicious process behavior detected.
2026-09-15 11:31:18,13781,Google Chrome Helper (Renderer),14.5,0.6780624389648438,80,HIGH,Suspicious process behavior detected.
2026-09-15 11:31:18,13795,com.apple.appkit.xpc.openAndSavePanelService,0.3,0.31681060791015625,80,HIGH,Suspicious process behavior detected.
2026-09-15 11:31:18,14241,SoftwareUpdateNotificationManager,0.1,0.14400482177734375,80,HIGH,Suspicious process behavior detected.
2026-09-15 11:31:18,14245,nsattributedstringagent,0.1,0.21686553955078125,80,HIGH,Suspicious process behavior detected.
2026-09-15 11:31:18,14368,Keychain Circle Notification,0.1,0.119781494140625,80,HIGH,Suspicious process behavior detected.
2026-09-15 11:31:18,14397,Siri,0.1,0.1560211181640625,80,HIGH,Suspicious process behavior detected.
2026-09-15 11:31:18,14505,SiriNCService,0.1,0.136566162109375,80,HIGH,Suspicious process behavior detected.
2026-09-15 11:31:18,15256,Code Helper (Renderer),0.1,0.7497787475585938,80,HIGH,Suspicious process behavior detected.
2026-09-15 11:31:18,15313,screencaptureui,0.1,0.2025604248046875,80,HIGH,Suspicious process behavior detected.
2026-09-15 11:31:18,16276,python3.12,0.4,0.13523101806640625,80,HIGH,Suspicious process behavior detected.
2026-09-15 11:31:18,16597,python3.12,43.2,0.518035888671875,80,HIGH,Suspicious process behavior detected.
2026-09-15 11:31:18,16631,ServiceExtension,0.1,0.2681732177734375,80,HIGH,Suspicious process behavior detected.
2026-09-15 11:31:18,17345,Google Chrome Helper (Renderer),0.0,1.5432357788085938,80,HIGH,Suspicious process behavior detected.
2026-09-15 11:31:18,17346,Google Chrome Helper (Renderer),0.0,1.3330459594726562,80,HIGH,Suspicious process behavior detected.
2026-09-15 11:31:18,17354,Google Chrome Helper (Renderer),0.0,1.5804290771484375,80,HIGH,Suspicious process behavior detected.
2026-09-15 11:31:18,17363,Google Chrome Helper (Renderer),0.0,1.3483047485351562,80,HIGH,Suspicious process behavior detected.
2026-09-15 11:31:18,17375,Google Chrome Helper (Renderer),0.7,3.94744873046875,80,HIGH,Suspicious process behavior detected.
2026-09-15 11:31:18,17376,Google Chrome Helper,0.0,0.49839019775390625,80,HIGH,Suspicious process behavior detected.
2026-09-15 11:31:18,17417,mdworker_shared,0.1,0.19969940185546875,80,HIGH,Suspicious process behavior detected.
2026-09-15 11:31:24,553,WindowManager,0.2,0.27313232421875,80,HIGH,Suspicious process behavior detected.
2026-09-15 11:31:24,559,Dock,0.5,0.22125244140625,80,HIGH,Suspicious process behavior detected.
2026-09-15 11:31:24,560,ControlCenter,0.4,0.384521484375,80,HIGH,Suspicious process behavior detected.
2026-09-15 11:31:24,568,AXVisualSupportAgent,1.6,0.14972686767578125,80,HIGH,Suspicious process behavior detected.
2026-09-15 11:31:24,602,fileproviderd,0.1,0.13427734375,80,HIGH,Suspicious process behavior detected.
2026-09-15 11:31:24,717,OneDrive,0.1,0.290679931640625,80,HIGH,Suspicious process behavior detected.
2026-09-15 11:31:24,718,corespotlightd,0.0,0.554656982421875,80,HIGH,Suspicious process behavior detected.
2026-09-15 11:31:24,722,duetexpertd,0.1,0.29449462890625,80,HIGH,Suspicious process behavior detected.
2026-09-15 11:31:24,730,Spotify,0.2,0.567626953125,80,HIGH,Suspicious process behavior detected.
2026-09-15 11:31:24,755,Grammarly Desktop,0.6,0.6917953491210938,80,HIGH,Suspicious process behavior detected.
2026-09-15 11:31:24,913,app_inkwell,2.2,0.26683807373046875,80,HIGH,Suspicious process behavior detected.
2026-09-15 11:31:24,916,com.apple.WebKit.WebContent,0.5,0.8646011352539062,80,HIGH,Suspicious process behavior detected.
2026-09-15 11:31:24,919,com.apple.WebKit.Networking,0.5,0.16345977783203125,80,HIGH,Suspicious process behavior detected.
2026-09-15 11:31:24,930,com.apple.WebKit.WebContent,0.1,0.24585723876953125,80,HIGH,Suspicious process behavior detected.
2026-09-15 11:31:24,931,com.apple.WebKit.WebContent,0.1,0.3993988037109375,80,HIGH,Suspicious process behavior detected.
2026-09-15 11:31:24,932,com.apple.WebKit.WebContent,0.1,0.4245758056640625,80,HIGH,Suspicious process behavior detected.
2026-09-15 11:31:24,957,Google Chrome,7.2,2.927398681640625,80,HIGH,Suspicious process behavior detected.
2026-09-15 11:31:24,963,Google Chrome Helper,3.4,0.9899139404296875,80,HIGH,Suspicious process behavior detected.
2026-09-15 11:31:24,964,Google Chrome Helper,0.2,0.7448196411132812,80,HIGH,Suspicious process behavior detected.
2026-09-15 11:31:24,2096,com.apple.WebKit.WebContent,0.1,0.310516357421875,80,HIGH,Suspicious process behavior detected.
2026-09-15 11:31:24,2672,Google Chrome Helper (Renderer),0.2,1.26800537109375,80,HIGH,Suspicious process behavior detected.
2026-09-15 11:31:24,2826,Code,3.4,1.4400482177734375,80,HIGH,Suspicious process behavior detected.
2026-09-15 11:31:24,2833,Code Helper,4.1,0.9145736694335938,80,HIGH,Suspicious process behavior detected.
2026-09-15 11:31:24,2834,Code Helper,0.3,0.32176971435546875,80,HIGH,Suspicious process behavior detected.
2026-09-15 11:31:24,2835,Code Helper (Renderer),1.5,3.7359237670898438,80,HIGH,Suspicious process behavior detected.
2026-09-15 11:31:24,2852,Code Helper,0.0,0.6072998046875,80,HIGH,Suspicious process behavior detected.
2026-09-15 11:31:24,2913,Code Helper,0.4,0.49896240234375,80,HIGH,Suspicious process behavior detected.
2026-09-15 11:31:24,3033,Code Helper,0.1,0.3238677978515625,80,HIGH,Suspicious process behavior detected.
2026-09-15 11:31:24,3034,Code Helper (Plugin),0.3,0.7907867431640625,80,HIGH,Suspicious process behavior detected.
2026-09-15 11:31:24,4194,Code Helper (Plugin),0.0,0.6710052490234375,80,HIGH,Suspicious process behavior detected.
2026-09-15 11:31:24,8324,Google Chrome Helper (Renderer),0.1,0.3814697265625,80,HIGH,Suspicious process behavior detected.
2026-09-15 11:31:25,13774,Google Chrome Helper (Renderer),0.1,0.4459381103515625,80,HIGH,Suspicious process behavior detected.
2026-09-15 11:31:25,13781,Google Chrome Helper (Renderer),1.2,2.8970718383789062,80,HIGH,Suspicious process behavior detected.
2026-09-15 11:31:25,15256,Code Helper (Renderer),0.4,0.6908416748046875,80,HIGH,Suspicious process behavior detected.
2026-09-15 11:31:25,15313,screencaptureui,0.7,0.201416015625,80,HIGH,Suspicious process behavior detected.
2026-09-15 11:31:25,16597,python3.12,43.0,0.5130767822265625,80,HIGH,Suspicious process behavior detected.
2026-09-15 11:31:25,17345,Google Chrome Helper (Renderer),0.7,1.4623641967773438,80,HIGH,Suspicious process behavior detected.
2026-09-15 11:31:25,17346,Google Chrome Helper (Renderer),0.0,1.2830734252929688,80,HIGH,Suspicious process behavior detected.
2026-09-15 11:31:25,17354,Google Chrome Helper (Renderer),0.0,1.2096405029296875,80,HIGH,Suspicious process behavior detected.
2026-09-15 11:31:25,17363,Google Chrome Helper (Renderer),0.0,1.2470245361328125,80,HIGH,Suspicious process behavior detected.
2026-09-15 11:31:25,17371,mdworker_shared,0.2,0.19092559814453125,80,HIGH,Suspicious process behavior detected.
2026-09-15 11:31:25,17375,Google Chrome Helper (Renderer),0.1,2.1173477172851562,80,HIGH,Suspicious process behavior detected.
2026-09-15 11:31:25,17376,Google Chrome Helper,0.0,0.4962921142578125,80,HIGH,Suspicious process behavior detected.
2026-09-15 11:31:31,553,WindowManager,2.7,0.27065277099609375,80,HIGH,Suspicious process behavior detected.
2026-09-15 11:31:31,560,ControlCenter,0.2,0.38738250732421875,80,HIGH,Suspicious process behavior detected.
2026-09-15 11:31:31,564,Finder,0.1,0.34637451171875,80,HIGH,Suspicious process behavior detected.
2026-09-15 11:31:31,568,AXVisualSupportAgent,2.1,0.15163421630859375,80,HIGH,Suspicious process behavior detected.
2026-09-15 11:31:31,602,fileproviderd,0.1,0.1354217529296875,80,HIGH,Suspicious process behavior detected.
2026-09-15 11:31:31,616,assistantd,0.1,0.13904571533203125,80,HIGH,Suspicious process behavior detected.
2026-09-15 11:31:31,718,corespotlightd,0.0,0.5777359008789062,80,HIGH,Suspicious process behavior detected.
2026-09-15 11:31:31,730,Spotify,0.1,0.7169723510742188,80,HIGH,Suspicious process behavior detected.
2026-09-15 11:31:31,755,Grammarly Desktop,2.5,0.6849288940429688,80,HIGH,Suspicious process behavior detected.
2026-09-15 11:31:31,913,app_inkwell,4.6,0.26683807373046875,80,HIGH,Suspicious process behavior detected.
2026-09-15 11:31:31,916,com.apple.WebKit.WebContent,0.1,0.8028030395507812,80,HIGH,Suspicious process behavior detected.
2026-09-15 11:31:31,919,com.apple.WebKit.Networking,0.1,0.21533966064453125,80,HIGH,Suspicious process behavior detected.
2026-09-15 11:31:31,932,com.apple.WebKit.WebContent,0.1,0.38280487060546875,80,HIGH,Suspicious process behavior detected.
2026-09-15 11:31:31,957,Google Chrome,14.6,2.9802322387695312,80,HIGH,Suspicious process behavior detected.
2026-09-15 11:31:31,963,Google Chrome Helper,8.9,0.9809494018554688,80,HIGH,Suspicious process behavior detected.
2026-09-15 11:31:31,964,Google Chrome Helper,0.3,0.7684707641601562,80,HIGH,Suspicious process behavior detected.
2026-09-15 11:31:31,2096,com.apple.WebKit.WebContent,0.0,0.6500244140625,80,HIGH,Suspicious process behavior detected.
2026-09-15 11:31:31,2641,Google Chrome Helper (Renderer),0.0,0.49533843994140625,80,HIGH,Suspicious process behavior detected.
2026-09-15 11:31:31,2672,Google Chrome Helper (Renderer),1.0,1.2487411499023438,80,HIGH,Suspicious process behavior detected.
2026-09-15 11:31:31,2826,Code,2.2,1.5214920043945312,80,HIGH,Suspicious process behavior detected.
2026-09-15 11:31:31,2833,Code Helper,1.1,0.8411407470703125,80,HIGH,Suspicious process behavior detected.
2026-09-15 11:31:31,2835,Code Helper (Renderer),31.7,2.770233154296875,80,HIGH,Suspicious process behavior detected.
2026-09-15 11:31:31,2852,Code Helper,2.5,0.6753921508789062,80,HIGH,Suspicious process behavior detected.
2026-09-15 11:31:31,2913,Code Helper,0.6,0.6282806396484375,80,HIGH,Suspicious process behavior detected.
2026-09-15 11:31:31,3033,Code Helper,0.2,0.32482147216796875,80,HIGH,Suspicious process behavior detected.
2026-09-15 11:31:31,3034,Code Helper (Plugin),0.3,1.2434005737304688,80,HIGH,Suspicious process behavior detected.
2026-09-15 11:31:31,4194,Code Helper (Plugin),0.2,0.6725311279296875,80,HIGH,Suspicious process behavior detected.
2026-09-15 11:31:31,6986,accountsd,0.5,0.1834869384765625,80,HIGH,Suspicious process behavior detected.
2026-09-15 11:31:31,13774,Google Chrome Helper (Renderer),0.2,0.466156005859375,80,HIGH,Suspicious process behavior detected.
2026-09-15 11:31:31,13781,Google Chrome Helper (Renderer),39.7,4.095458984375,80,HIGH,Suspicious process behavior detected.
2026-09-15 11:31:31,13795,com.apple.appkit.xpc.openAndSavePanelService,0.1,0.279998779296875,80,HIGH,Suspicious process behavior detected.
2026-09-15 11:31:32,14233,siriknowledged,0.1,0.128936767578125,80,HIGH,Suspicious process behavior detected.
2026-09-15 11:31:32,14242,siriinferenced,0.1,0.1422882080078125,80,HIGH,Suspicious process behavior detected.
2026-09-15 11:31:32,15256,Code Helper (Renderer),0.2,0.7680892944335938,80,HIGH,Suspicious process behavior detected.
2026-09-15 11:31:32,15313,screencaptureui,2.6,0.2025604248046875,80,HIGH,Suspicious process behavior detected.
2026-09-15 11:31:32,16276,python3.12,0.3,0.13370513916015625,80,HIGH,Suspicious process behavior detected.
2026-09-15 11:31:32,16597,python3.12,43.1,0.5205154418945312,80,HIGH,Suspicious process behavior detected.
2026-09-15 11:31:32,17345,Google Chrome Helper (Renderer),0.0,1.4596939086914062,80,HIGH,Suspicious process behavior detected.
2026-09-15 11:31:32,17346,Google Chrome Helper (Renderer),0.0,1.276397705078125,80,HIGH,Suspicious process behavior detected.
2026-09-15 11:31:32,17354,Google Chrome Helper (Renderer),0.0,1.2359619140625,80,HIGH,Suspicious process behavior detected.
2026-09-15 11:31:32,17363,Google Chrome Helper (Renderer),0.0,1.2294769287109375,80,HIGH,Suspicious process behavior detected.
2026-09-15 11:31:32,17371,mdworker_shared,0.1,0.1972198486328125,80,HIGH,Suspicious process behavior detected.
2026-09-15 11:31:32,17375,Google Chrome Helper (Renderer),0.1,2.1505355834960938,80,HIGH,Suspicious process behavior detected.
2026-09-15 11:31:32,17376,Google Chrome Helper,0.0,0.5067825317382812,80,HIGH,Suspicious process behavior detected.
2026-09-15 11:31:32,17417,mdworker_shared,0.2,0.193023681640625,80,HIGH,Suspicious process behavior detected.
2026-09-15 11:31:38,553,WindowManager,0.4,0.28533935546875,80,HIGH,Suspicious process behavior detected.
2026-09-15 11:31:38,559,Dock,3.1,0.2780914306640625,80,HIGH,Suspicious process behavior detected.
2026-09-15 11:31:38,560,ControlCenter,0.4,0.3726959228515625,80,HIGH,Suspicious process behavior detected.
2026-09-15 11:31:38,564,Finder,0.1,0.33702850341796875,80,HIGH,Suspicious process behavior detected.
2026-09-15 11:31:38,568,AXVisualSupportAgent,1.8,0.16078948974609375,80,HIGH,Suspicious process behavior detected.
2026-09-15 11:31:38,602,fileproviderd,0.2,0.13484954833984375,80,HIGH,Suspicious process behavior detected.
2026-09-15 11:31:38,646,NotificationCenter,4.6,0.27027130126953125,80,HIGH,Suspicious process behavior detected.
2026-09-15 11:31:38,683,imagent,0.2,0.1583099365234375,80,HIGH,Suspicious process behavior detected.
2026-09-15 11:31:38,718,corespotlightd,0.0,0.5769729614257812,80,HIGH,Suspicious process behavior detected.
2026-09-15 11:31:38,722,duetexpertd,1.3,0.21266937255859375,80,HIGH,Suspicious process behavior detected.
2026-09-15 11:31:38,730,Spotify,0.2,0.8289337158203125,80,HIGH,Suspicious process behavior detected.
2026-09-15 11:31:38,748,Spotify Helper,0.4,0.21953582763671875,80,HIGH,Suspicious process behavior detected.
2026-09-15 11:31:38,755,Grammarly Desktop,1.4,0.66986083984375,80,HIGH,Suspicious process behavior detected.
2026-09-15 11:31:38,913,app_inkwell,1.7,0.27027130126953125,80,HIGH,Suspicious process behavior detected.
2026-09-15 11:31:38,916,com.apple.WebKit.WebContent,3.0,0.7427215576171875,80,HIGH,Suspicious process behavior detected.
2026-09-15 11:31:38,919,com.apple.WebKit.Networking,2.9,0.16841888427734375,80,HIGH,Suspicious process behavior detected.
2026-09-15 11:31:38,930,com.apple.WebKit.WebContent,0.3,0.125885009765625,80,HIGH,Suspicious process behavior detected.
2026-09-15 11:31:38,931,com.apple.WebKit.WebContent,0.7,0.39691925048828125,80,HIGH,Suspicious process behavior detected.
2026-09-15 11:31:38,932,com.apple.WebKit.WebContent,0.1,0.3627777099609375,80,HIGH,Suspicious process behavior detected.
2026-09-15 11:31:38,957,Google Chrome,3.2,2.7034759521484375,80,HIGH,Suspicious process behavior detected.
2026-09-15 11:31:38,963,Google Chrome Helper,2.8,0.9853363037109375,80,HIGH,Suspicious process behavior detected.
2026-09-15 11:31:38,964,Google Chrome Helper,1.5,0.794219970703125,80,HIGH,Suspicious process behavior detected.
2026-09-15 11:31:38,966,Google Chrome Helper,0.6,0.18863677978515625,80,HIGH,Suspicious process behavior detected.
2026-09-15 11:31:38,2672,Google Chrome Helper (Renderer),0.2,1.7248153686523438,80,HIGH,Suspicious process behavior detected.
2026-09-15 11:31:38,2826,Code,0.6,1.2594223022460938,80,HIGH,Suspicious process behavior detected.
2026-09-15 11:31:38,2833,Code Helper,0.7,0.8235931396484375,80,HIGH,Suspicious process behavior detected.
2026-09-15 11:31:38,2835,Code Helper (Renderer),0.5,2.5789260864257812,80,HIGH,Suspicious process behavior detected.
2026-09-15 11:31:38,2852,Code Helper,0.0,0.48580169677734375,80,HIGH,Suspicious process behavior detected.
2026-09-15 11:31:38,2913,Code Helper,0.4,0.5140304565429688,80,HIGH,Suspicious process behavior detected.
2026-09-15 11:31:38,3033,Code Helper,0.3,0.26607513427734375,80,HIGH,Suspicious process behavior detected.
2026-09-15 11:31:38,3034,Code Helper (Plugin),0.5,0.5922317504882812,80,HIGH,Suspicious process behavior detected.
2026-09-15 11:31:38,3045,Code Helper (Plugin),0.1,0.21648406982421875,80,HIGH,Suspicious process behavior detected.
2026-09-15 11:31:38,4194,Code Helper (Plugin),0.0,0.569915771484375,80,HIGH,Suspicious process behavior detected.
2026-09-15 11:31:38,8323,Google Chrome Helper (Renderer),0.0,1.0517120361328125,80,HIGH,Suspicious process behavior detected.
2026-09-15 11:31:38,8325,Google Chrome Helper (Renderer),0.1,0.2349853515625,80,HIGH,Suspicious process behavior detected.
2026-09-15 11:31:38,9069,searchpartyuseragent,0.2,0.15697479248046875,80,HIGH,Suspicious process behavior detected.
2026-09-15 11:31:38,13774,Google Chrome Helper (Renderer),0.2,0.40073394775390625,80,HIGH,Suspicious process behavior detected.
2026-09-15 11:31:38,13781,Google Chrome Helper (Renderer),0.5,1.72119140625,80,HIGH,Suspicious process behavior detected.
2026-09-15 11:31:38,13795,com.apple.appkit.xpc.openAndSavePanelService,0.1,0.26302337646484375,80,HIGH,Suspicious process behavior detected.
2026-09-15 11:31:38,15256,Code Helper (Renderer),0.2,0.7230758666992188,80,HIGH,Suspicious process behavior detected.
2026-09-15 11:31:39,16276,python3.12,1.6,0.10433197021484375,80,HIGH,Suspicious process behavior detected.
2026-09-15 11:31:39,16597,python3.12,43.1,0.49533843994140625,80,HIGH,Suspicious process behavior detected.
2026-09-15 11:31:39,17345,Google Chrome Helper (Renderer),0.0,1.3624191284179688,80,HIGH,Suspicious process behavior detected.
2026-09-15 11:31:39,17346,Google Chrome Helper (Renderer),0.0,1.219940185546875,80,HIGH,Suspicious process behavior detected.
2026-09-15 11:31:39,17354,Google Chrome Helper (Renderer),0.2,1.1804580688476562,80,HIGH,Suspicious process behavior detected.
2026-09-15 11:31:39,17363,Google Chrome Helper (Renderer),0.0,1.2029647827148438,80,HIGH,Suspicious process behavior detected.
2026-09-15 11:31:39,17371,mdworker_shared,0.2,0.18787384033203125,80,HIGH,Suspicious process behavior detected.
2026-09-15 11:31:39,17375,Google Chrome Helper (Renderer),6.5,2.9901504516601562,80,HIGH,Suspicious process behavior detected.
2026-09-15 11:31:39,17376,Google Chrome Helper,0.0,0.478363037109375,80,HIGH,Suspicious process behavior detected.
2026-09-15 11:31:45,544,cfprefsd,0.8,0.052642822265625,80,HIGH,Suspicious process behavior detected.
2026-09-15 11:31:45,560,ControlCenter,0.3,0.39215087890625,80,HIGH,Suspicious process behavior detected.
2026-09-15 11:31:45,564,Finder,0.3,0.3383636474609375,80,HIGH,Suspicious process behavior detected.
2026-09-15 11:31:45,568,AXVisualSupportAgent,0.8,0.1708984375,80,HIGH,Suspicious process behavior detected.
2026-09-15 11:31:45,587,com.apple.hiservices-xpcservice,0.1,0.041961669921875,80,HIGH,Suspicious process behavior detected.
2026-09-15 11:31:45,602,fileproviderd,0.2,0.13523101806640625,80,HIGH,Suspicious process behavior detected.
2026-09-15 11:31:45,683,imagent,0.1,0.14209747314453125,80,HIGH,Suspicious process behavior detected.
2026-09-15 11:31:45,718,corespotlightd,0.0,0.5880355834960938,80,HIGH,Suspicious process behavior detected.
2026-09-15 11:31:45,730,Spotify,0.3,0.6038665771484375,80,HIGH,Suspicious process behavior detected.
2026-09-15 11:31:45,748,Spotify Helper,0.2,0.25501251220703125,80,HIGH,Suspicious process behavior detected.
2026-09-15 11:31:45,755,Grammarly Desktop,0.6,0.6708145141601562,80,HIGH,Suspicious process behavior detected.
2026-09-15 11:31:45,913,app_inkwell,1.8,0.28133392333984375,80,HIGH,Suspicious process behavior detected.
2026-09-15 11:31:45,916,com.apple.WebKit.WebContent,0.1,0.7598876953125,80,HIGH,Suspicious process behavior detected.
2026-09-15 11:31:45,918,com.apple.WebKit.GPU,0.1,0.15316009521484375,80,HIGH,Suspicious process behavior detected.
2026-09-15 11:31:45,930,com.apple.WebKit.WebContent,0.0,0.7602691650390625,80,HIGH,Suspicious process behavior detected.
2026-09-15 11:31:45,931,com.apple.WebKit.WebContent,0.0,0.6589889526367188,80,HIGH,Suspicious process behavior detected.
2026-09-15 11:31:45,932,com.apple.WebKit.WebContent,0.1,0.363922119140625,80,HIGH,Suspicious process behavior detected.
2026-09-15 11:31:45,957,Google Chrome,0.5,2.771759033203125,80,HIGH,Suspicious process behavior detected.
2026-09-15 11:31:45,963,Google Chrome Helper,0.3,0.9775161743164062,80,HIGH,Suspicious process behavior detected.
2026-09-15 11:31:45,964,Google Chrome Helper,0.3,0.8417129516601562,80,HIGH,Suspicious process behavior detected.
2026-09-15 11:31:45,2672,Google Chrome Helper (Renderer),0.1,1.7520904541015625,80,HIGH,Suspicious process behavior detected.
2026-09-15 11:31:45,2826,Code,3.7,1.3584136962890625,80,HIGH,Suspicious process behavior detected.
2026-09-15 11:31:45,2833,Code Helper,2.8,0.8920669555664062,80,HIGH,Suspicious process behavior detected.
2026-09-15 11:31:45,2834,Code Helper,0.4,0.32176971435546875,80,HIGH,Suspicious process behavior detected.
2026-09-15 11:31:45,2835,Code Helper (Renderer),5.6,3.8768768310546875,80,HIGH,Suspicious process behavior detected.
2026-09-15 11:31:45,2852,Code Helper,6.9,0.6038665771484375,80,HIGH,Suspicious process behavior detected.
2026-09-15 11:31:45,2913,Code Helper,0.5,0.5285263061523438,80,HIGH,Suspicious process behavior detected.
2026-09-15 11:31:45,3033,Code Helper,0.2,0.32196044921875,80,HIGH,Suspicious process behavior detected.
2026-09-15 11:31:45,3034,Code Helper (Plugin),29.3,1.1260986328125,80,HIGH,Suspicious process behavior detected.
2026-09-15 11:31:45,4194,Code Helper (Plugin),0.1,0.5674362182617188,80,HIGH,Suspicious process behavior detected.
2026-09-15 11:31:45,9069,searchpartyuseragent,0.1,0.150299072265625,80,HIGH,Suspicious process behavior detected.
2026-09-15 11:31:45,13781,Google Chrome Helper (Renderer),0.2,1.4728546142578125,80,HIGH,Suspicious process behavior detected.
2026-09-15 11:31:45,13795,com.apple.appkit.xpc.openAndSavePanelService,0.1,0.29125213623046875,80,HIGH,Suspicious process behavior detected.
2026-09-15 11:31:45,14397,Siri,0.1,0.16727447509765625,80,HIGH,Suspicious process behavior detected.
2026-09-15 11:31:45,15256,Code Helper (Renderer),0.1,0.7627487182617188,80,HIGH,Suspicious process behavior detected.
2026-09-15 11:31:45,15313,screencaptureui,0.6,0.211334228515625,80,HIGH,Suspicious process behavior detected.
2026-09-15 11:31:45,16597,python3.12,42.7,0.5174636840820312,80,HIGH,Suspicious process behavior detected.
2026-09-15 11:31:45,17345,Google Chrome Helper (Renderer),0.0,1.2666702270507812,80,HIGH,Suspicious process behavior detected.
2026-09-15 11:31:45,17346,Google Chrome Helper (Renderer),0.0,1.198577880859375,80,HIGH,Suspicious process behavior detected.
2026-09-15 11:31:45,17354,Google Chrome Helper (Renderer),0.0,1.2699127197265625,80,HIGH,Suspicious process behavior detected.
2026-09-15 11:31:45,17363,Google Chrome Helper (Renderer),0.0,1.2058258056640625,80,HIGH,Suspicious process behavior detected.
2026-09-15 11:31:45,17371,mdworker_shared,0.1,0.1964569091796875,80,HIGH,Suspicious process behavior detected.
2026-09-15 11:31:45,17372,mdworker_shared,0.1,0.2201080322265625,80,HIGH,Suspicious process behavior detected.
2026-09-15 11:31:45,17375,Google Chrome Helper (Renderer),0.2,4.047203063964844,80,HIGH,Suspicious process behavior detected.
2026-09-15 11:31:45,17376,Google Chrome Helper,0.0,0.4985809326171875,80,HIGH,Suspicious process behavior detected.
2026-09-15 11:31:45,17418,zsh,0.1,0.022125244140625,80,HIGH,Suspicious process behavior detected.
2026-09-15 11:31:51,543,distnoted,0.1,0.0469207763671875,80,HIGH,Suspicious process behavior detected.
2026-09-15 11:31:52,560,ControlCenter,0.7,0.3932952880859375,80,HIGH,Suspicious process behavior detected.
2026-09-15 11:31:52,568,AXVisualSupportAgent,0.4,0.16384124755859375,80,HIGH,Suspicious process behavior detected.
2026-09-15 11:31:52,602,fileproviderd,0.2,0.13523101806640625,80,HIGH,Suspicious process behavior detected.
2026-09-15 11:31:52,718,corespotlightd,0.0,0.5872726440429688,80,HIGH,Suspicious process behavior detected.
2026-09-15 11:31:52,730,Spotify,0.2,0.6160736083984375,80,HIGH,Suspicious process behavior detected.
2026-09-15 11:31:52,748,Spotify Helper,0.2,0.25653839111328125,80,HIGH,Suspicious process behavior detected.
2026-09-15 11:31:52,755,Grammarly Desktop,0.2,0.6687164306640625,80,HIGH,Suspicious process behavior detected.
2026-09-15 11:31:52,913,app_inkwell,0.3,0.27866363525390625,80,HIGH,Suspicious process behavior detected.
2026-09-15 11:31:52,916,com.apple.WebKit.WebContent,0.3,0.8028030395507812,80,HIGH,Suspicious process behavior detected.
2026-09-15 11:31:52,919,com.apple.WebKit.Networking,0.1,0.2079010009765625,80,HIGH,Suspicious process behavior detected.
2026-09-15 11:31:52,930,com.apple.WebKit.WebContent,0.1,0.7947921752929688,80,HIGH,Suspicious process behavior detected.
2026-09-15 11:31:52,931,com.apple.WebKit.WebContent,0.1,0.659942626953125,80,HIGH,Suspicious process behavior detected.
2026-09-15 11:31:52,932,com.apple.WebKit.WebContent,0.1,0.37822723388671875,80,HIGH,Suspicious process behavior detected.
2026-09-15 11:31:52,957,Google Chrome,1.0,2.7441024780273438,80,HIGH,Suspicious process behavior detected.
2026-09-15 11:31:52,963,Google Chrome Helper,4.2,0.946044921875,80,HIGH,Suspicious process behavior detected.
2026-09-15 11:31:52,964,Google Chrome Helper,0.1,0.86669921875,80,HIGH,Suspicious process behavior detected.
2026-09-15 11:31:52,2672,Google Chrome Helper (Renderer),0.1,1.7612457275390625,80,HIGH,Suspicious process behavior detected.
2026-09-15 11:31:52,2826,Code,1.9,1.7961502075195312,80,HIGH,Suspicious process behavior detected.
2026-09-15 11:31:52,2833,Code Helper,2.1,0.8697509765625,80,HIGH,Suspicious process behavior detected.
2026-09-15 11:31:52,2834,Code Helper,0.1,0.33855438232421875,80,HIGH,Suspicious process behavior detected.
2026-09-15 11:31:52,2835,Code Helper (Renderer),20.5,4.3422698974609375,80,HIGH,Suspicious process behavior detected.
2026-09-15 11:31:52,2852,Code Helper,0.0,1.04522705078125,80,HIGH,Suspicious process behavior detected.
2026-09-15 11:31:52,2913,Code Helper,0.4,0.5523681640625,80,HIGH,Suspicious process behavior detected.
2026-09-15 11:31:52,3033,Code Helper,0.2,0.35152435302734375,80,HIGH,Suspicious process behavior detected.
2026-09-15 11:31:52,3034,Code Helper (Plugin),0.4,3.6573410034179688,80,HIGH,Suspicious process behavior detected.
2026-09-15 11:31:52,4194,Code Helper (Plugin),0.2,0.5765914916992188,80,HIGH,Suspicious process behavior detected.
2026-09-15 11:31:52,13774,Google Chrome Helper (Renderer),0.4,0.45642852783203125,80,HIGH,Suspicious process behavior detected.
2026-09-15 11:31:52,13781,Google Chrome Helper (Renderer),0.5,1.7763137817382812,80,HIGH,Suspicious process behavior detected.
2026-09-15 11:31:52,13795,com.apple.appkit.xpc.openAndSavePanelService,0.1,0.28438568115234375,80,HIGH,Suspicious process behavior detected.
2026-09-15 11:31:52,15256,Code Helper (Renderer),0.0,0.7654190063476562,80,HIGH,Suspicious process behavior detected.
2026-09-15 11:31:52,15313,screencaptureui,0.1,0.211334228515625,80,HIGH,Suspicious process behavior detected.
2026-09-15 11:31:52,16276,python3.12,0.5,0.1361846923828125,80,HIGH,Suspicious process behavior detected.
2026-09-15 11:31:52,16597,python3.12,43.3,0.5250930786132812,80,HIGH,Suspicious process behavior detected.
2026-09-15 11:31:52,16631,ServiceExtension,0.1,0.28228759765625,80,HIGH,Suspicious process behavior detected.
2026-09-15 11:31:52,17345,Google Chrome Helper (Renderer),0.0,1.25732421875,80,HIGH,Suspicious process behavior detected.
2026-09-15 11:31:52,17346,Google Chrome Helper (Renderer),0.0,1.1735916137695312,80,HIGH,Suspicious process behavior detected.
2026-09-15 11:31:52,17354,Google Chrome Helper (Renderer),0.1,1.2699127197265625,80,HIGH,Suspicious process behavior detected.
2026-09-15 11:31:52,17363,Google Chrome Helper (Renderer),0.0,1.1728286743164062,80,HIGH,Suspicious process behavior detected.
2026-09-15 11:31:52,17375,Google Chrome Helper (Renderer),2.5,3.997039794921875,80,HIGH,Suspicious process behavior detected.
2026-09-15 11:31:52,17376,Google Chrome Helper,0.0,0.4985809326171875,80,HIGH,Suspicious process behavior detected.
2026-09-15 11:31:58,553,WindowManager,0.1,0.27313232421875,80,HIGH,Suspicious process behavior detected.
2026-09-15 11:31:58,559,Dock,0.2,0.217437744140625,80,HIGH,Suspicious process behavior detected.
2026-09-15 11:31:58,560,ControlCenter,0.4,0.37403106689453125,80,HIGH,Suspicious process behavior detected.
2026-09-15 11:31:58,564,Finder,0.3,0.3387451171875,80,HIGH,Suspicious process behavior detected.
2026-09-15 11:31:58,568,AXVisualSupportAgent,1.0,0.16345977783203125,80,HIGH,Suspicious process behavior detected.
2026-09-15 11:31:58,602,fileproviderd,0.1,0.135040283203125,80,HIGH,Suspicious process behavior detected.
2026-09-15 11:31:58,668,BiomeAgent,0.4,0.1384735107421875,80,HIGH,Suspicious process behavior detected.
2026-09-15 11:31:59,718,corespotlightd,0.0,0.5640029907226562,80,HIGH,Suspicious process behavior detected.
2026-09-15 11:31:59,722,duetexpertd,2.1,0.2338409423828125,80,HIGH,Suspicious process behavior detected.
2026-09-15 11:31:59,730,Spotify,0.3,0.7295608520507812,80,HIGH,Suspicious process behavior detected.
2026-09-15 11:31:59,748,Spotify Helper,0.2,0.2552032470703125,80,HIGH,Suspicious process behavior detected.
2026-09-15 11:31:59,755,Grammarly Desktop,0.4,0.6763458251953125,80,HIGH,Suspicious process behavior detected.
2026-09-15 11:31:59,913,app_inkwell,1.3,0.28209686279296875,80,HIGH,Suspicious process behavior detected.
2026-09-15 11:31:59,916,com.apple.WebKit.WebContent,0.1,0.7404327392578125,80,HIGH,Suspicious process behavior detected.
2026-09-15 11:31:59,918,com.apple.WebKit.GPU,0.1,0.14896392822265625,80,HIGH,Suspicious process behavior detected.
2026-09-15 11:31:59,931,com.apple.WebKit.WebContent,0.1,1.725006103515625,80,HIGH,Suspicious process behavior detected.
2026-09-15 11:31:59,932,com.apple.WebKit.WebContent,0.1,0.37174224853515625,80,HIGH,Suspicious process behavior detected.
2026-09-15 11:31:59,957,Google Chrome,0.6,2.6285171508789062,80,HIGH,Suspicious process behavior detected.
2026-09-15 11:31:59,963,Google Chrome Helper,6.1,1.0236740112304688,80,HIGH,Suspicious process behavior detected.
2026-09-15 11:31:59,964,Google Chrome Helper,0.1,0.8111953735351562,80,HIGH,Suspicious process behavior detected.
2026-09-15 11:31:59,2672,Google Chrome Helper (Renderer),0.3,1.2514114379882812,80,HIGH,Suspicious process behavior detected.
2026-09-15 11:31:59,2826,Code,3.3,1.4295578002929688,80,HIGH,Suspicious process behavior detected.
2026-09-15 11:31:59,2833,Code Helper,6.3,0.942230224609375,80,HIGH,Suspicious process behavior detected.
2026-09-15 11:31:59,2834,Code Helper,0.2,0.323486328125,80,HIGH,Suspicious process behavior detected.
2026-09-15 11:31:59,2835,Code Helper (Renderer),8.5,4.261970520019531,80,HIGH,Suspicious process behavior detected.
2026-09-15 11:31:59,2852,Code Helper,0.1,1.0126113891601562,80,HIGH,Suspicious process behavior detected.
2026-09-15 11:31:59,2913,Code Helper,0.7,0.5100250244140625,80,HIGH,Suspicious process behavior detected.
2026-09-15 11:31:59,3033,Code Helper,0.3,0.34313201904296875,80,HIGH,Suspicious process behavior detected.
2026-09-15 11:31:59,3034,Code Helper (Plugin),0.5,1.4087677001953125,80,HIGH,Suspicious process behavior detected.
2026-09-15 11:31:59,3045,Code Helper (Plugin),0.1,0.21839141845703125,80,HIGH,Suspicious process behavior detected.
2026-09-15 11:31:59,4194,Code Helper (Plugin),0.2,0.5842208862304688,80,HIGH,Suspicious process behavior detected.
2026-09-15 11:31:59,8323,Google Chrome Helper (Renderer),0.0,0.49381256103515625,80,HIGH,Suspicious process behavior detected.
2026-09-15 11:31:59,8666,Google Chrome Helper (Renderer),0.1,0.1316070556640625,80,HIGH,Suspicious process behavior detected.
2026-09-15 11:31:59,9069,searchpartyuseragent,0.1,0.1743316650390625,80,HIGH,Suspicious process behavior detected.
2026-09-15 11:31:59,13037,CoreLocationAgent,0.1,0.128936767578125,80,HIGH,Suspicious process behavior detected.
2026-09-15 11:31:59,13781,Google Chrome Helper (Renderer),0.2,1.1838912963867188,80,HIGH,Suspicious process behavior detected.
2026-09-15 11:31:59,13795,com.apple.appkit.xpc.openAndSavePanelService,0.3,0.29201507568359375,80,HIGH,Suspicious process behavior detected.
2026-09-15 11:31:59,14241,SoftwareUpdateNotificationManager,0.1,0.16651153564453125,80,HIGH,Suspicious process behavior detected.
2026-09-15 11:31:59,14245,nsattributedstringagent,0.1,0.2269744873046875,80,HIGH,Suspicious process behavior detected.
2026-09-15 11:31:59,15256,Code Helper (Renderer),0.1,0.7143020629882812,80,HIGH,Suspicious process behavior detected.
2026-09-15 11:31:59,15313,screencaptureui,0.6,0.20198822021484375,80,HIGH,Suspicious process behavior detected.
2026-09-15 11:31:59,16276,python3.12,1.5,0.0823974609375,80,HIGH,Suspicious process behavior detected.
2026-09-15 11:31:59,16445,python3.12,0.6,0.05817413330078125,80,HIGH,Suspicious process behavior detected.
2026-09-15 11:31:59,16597,python3.12,42.7,0.5035400390625,80,HIGH,Suspicious process behavior detected.
2026-09-15 11:31:59,17345,Google Chrome Helper (Renderer),0.0,1.2331008911132812,80,HIGH,Suspicious process behavior detected.
2026-09-15 11:31:59,17346,Google Chrome Helper (Renderer),0.0,1.15509033203125,80,HIGH,Suspicious process behavior detected.
2026-09-15 11:31:59,17354,Google Chrome Helper (Renderer),0.1,1.214599609375,80,HIGH,Suspicious process behavior detected.
2026-09-15 11:31:59,17363,Google Chrome Helper (Renderer),0.0,1.1610031127929688,80,HIGH,Suspicious process behavior detected.
2026-09-15 11:31:59,17375,Google Chrome Helper (Renderer),3.3,3.989410400390625,80,HIGH,Suspicious process behavior detected.
2026-09-15 11:31:59,17376,Google Chrome Helper,0.0,0.4894256591796875,80,HIGH,Suspicious process behavior detected.
2026-09-15 11:32:05,560,ControlCenter,0.4,0.3749847412109375,80,HIGH,Suspicious process behavior detected.
2026-09-15 11:32:05,564,Finder,0.2,0.34046173095703125,80,HIGH,Suspicious process behavior detected.
2026-09-15 11:32:05,568,AXVisualSupportAgent,3.2,0.16803741455078125,80,HIGH,Suspicious process behavior detected.
2026-09-15 11:32:05,602,fileproviderd,0.2,0.13446807861328125,80,HIGH,Suspicious process behavior detected.
2026-09-15 11:32:05,668,BiomeAgent,0.3,0.13790130615234375,80,HIGH,Suspicious process behavior detected.
2026-09-15 11:32:05,683,imagent,0.1,0.13561248779296875,80,HIGH,Suspicious process behavior detected.
2026-09-15 11:32:05,718,corespotlightd,0.0,0.560760498046875,80,HIGH,Suspicious process behavior detected.
2026-09-15 11:32:05,722,duetexpertd,1.8,0.2841949462890625,80,HIGH,Suspicious process behavior detected.
2026-09-15 11:32:05,730,Spotify,0.4,0.8623123168945312,80,HIGH,Suspicious process behavior detected.
2026-09-15 11:32:05,748,Spotify Helper,0.2,0.27484893798828125,80,HIGH,Suspicious process behavior detected.
2026-09-15 11:32:05,755,Grammarly Desktop,2.2,0.7333755493164062,80,HIGH,Suspicious process behavior detected.
2026-09-15 11:32:05,913,app_inkwell,8.6,0.28591156005859375,80,HIGH,Suspicious process behavior detected.
2026-09-15 11:32:05,916,com.apple.WebKit.WebContent,6.2,0.7650375366210938,80,HIGH,Suspicious process behavior detected.
2026-09-15 11:32:05,918,com.apple.WebKit.GPU,3.0,0.1537322998046875,80,HIGH,Suspicious process behavior detected.
2026-09-15 11:32:05,919,com.apple.WebKit.Networking,7.6,0.2079010009765625,80,HIGH,Suspicious process behavior detected.
2026-09-15 11:32:05,930,com.apple.WebKit.WebContent,1.7,0.16918182373046875,80,HIGH,Suspicious process behavior detected.
2026-09-15 11:32:05,931,com.apple.WebKit.WebContent,7.4,0.6771087646484375,80,HIGH,Suspicious process behavior detected.
2026-09-15 11:32:05,932,com.apple.WebKit.WebContent,0.4,0.3814697265625,80,HIGH,Suspicious process behavior detected.
2026-09-15 11:32:05,957,Google Chrome,14.0,2.6157379150390625,80,HIGH,Suspicious process behavior detected.
2026-09-15 11:32:06,963,Google Chrome Helper,14.0,1.0675430297851562,80,HIGH,Suspicious process behavior detected.
2026-09-15 11:32:06,964,Google Chrome Helper,0.3,0.769805908203125,80,HIGH,Suspicious process behavior detected.
2026-09-15 11:32:06,2095,com.apple.WebKit.WebContent,0.1,0.12950897216796875,80,HIGH,Suspicious process behavior detected.
2026-09-15 11:32:06,2096,com.apple.WebKit.WebContent,0.4,0.304412841796875,80,HIGH,Suspicious process behavior detected.
2026-09-15 11:32:06,2672,Google Chrome Helper (Renderer),0.2,1.2359619140625,80,HIGH,Suspicious process behavior detected.
2026-09-15 11:32:06,2826,Code,0.1,1.7072677612304688,80,HIGH,Suspicious process behavior detected.
2026-09-15 11:32:06,2833,Code Helper,0.2,0.8417129516601562,80,HIGH,Suspicious process behavior detected.
2026-09-15 11:32:06,2835,Code Helper (Renderer),0.3,3.9121627807617188,80,HIGH,Suspicious process behavior detected.
2026-09-15 11:32:06,2852,Code Helper,0.0,1.235198974609375,80,HIGH,Suspicious process behavior detected.
2026-09-15 11:32:06,2913,Code Helper,0.7,0.5472183227539062,80,HIGH,Suspicious process behavior detected.
2026-09-15 11:32:06,3033,Code Helper,0.1,0.3421783447265625,80,HIGH,Suspicious process behavior detected.
2026-09-15 11:32:06,3034,Code Helper (Plugin),0.2,1.3719558715820312,80,HIGH,Suspicious process behavior detected.
2026-09-15 11:32:06,4194,Code Helper (Plugin),0.0,0.6938934326171875,80,HIGH,Suspicious process behavior detected.
2026-09-15 11:32:06,8328,Google Chrome Helper (Renderer),0.1,0.29277801513671875,80,HIGH,Suspicious process behavior detected.
2026-09-15 11:32:06,8410,routined,0.6,0.1209259033203125,80,HIGH,Suspicious process behavior detected.
2026-09-15 11:32:06,13774,Google Chrome Helper (Renderer),0.1,0.446319580078125,80,HIGH,Suspicious process behavior detected.
2026-09-15 11:32:06,13781,Google Chrome Helper (Renderer),0.1,1.1539459228515625,80,HIGH,Suspicious process behavior detected.
2026-09-15 11:32:06,13795,com.apple.appkit.xpc.openAndSavePanelService,0.1,0.2902984619140625,80,HIGH,Suspicious process behavior detected.
2026-09-15 11:32:06,15256,Code Helper (Renderer),0.0,0.7671356201171875,80,HIGH,Suspicious process behavior detected.
2026-09-15 11:32:06,15313,screencaptureui,1.8,0.20160675048828125,80,HIGH,Suspicious process behavior detected.
2026-09-15 11:32:06,16276,python3.12,0.4,0.12683868408203125,80,HIGH,Suspicious process behavior detected.
2026-09-15 11:32:06,16597,python3.12,42.8,0.5182266235351562,80,HIGH,Suspicious process behavior detected.
2026-09-15 11:32:06,17345,Google Chrome Helper (Renderer),0.0,1.232147216796875,80,HIGH,Suspicious process behavior detected.
2026-09-15 11:32:06,17346,Google Chrome Helper (Renderer),0.0,1.1789321899414062,80,HIGH,Suspicious process behavior detected.
2026-09-15 11:32:06,17354,Google Chrome Helper (Renderer),0.0,1.2149810791015625,80,HIGH,Suspicious process behavior detected.
2026-09-15 11:32:06,17363,Google Chrome Helper (Renderer),0.0,1.1701583862304688,80,HIGH,Suspicious process behavior detected.
2026-09-15 11:32:06,17372,mdworker_shared,0.4,0.21152496337890625,80,HIGH,Suspicious process behavior detected.
2026-09-15 11:32:06,17375,Google Chrome Helper (Renderer),18.6,3.2766342163085938,80,HIGH,Suspicious process behavior detected.
2026-09-15 11:32:06,17376,Google Chrome Helper,0.0,0.48961639404296875,80,HIGH,Suspicious process behavior detected.
2026-09-15 11:32:12,543,distnoted,0.1,0.0469207763671875,80,HIGH,Suspicious process behavior detected.
2026-09-15 11:32:12,560,ControlCenter,0.3,0.3711700439453125,80,HIGH,Suspicious process behavior detected.
2026-09-15 11:32:12,568,AXVisualSupportAgent,2.0,0.1667022705078125,80,HIGH,Suspicious process behavior detected.
2026-09-15 11:32:12,602,fileproviderd,0.2,0.1346588134765625,80,HIGH,Suspicious process behavior detected.
2026-09-15 11:32:12,616,assistantd,0.1,0.13217926025390625,80,HIGH,Suspicious process behavior detected.
2026-09-15 11:32:12,718,corespotlightd,0.0,0.5580902099609375,80,HIGH,Suspicious process behavior detected.
2026-09-15 11:32:12,730,Spotify,0.2,0.8319854736328125,80,HIGH,Suspicious process behavior detected.
2026-09-15 11:32:12,748,Spotify Helper,0.2,0.25844573974609375,80,HIGH,Suspicious process behavior detected.
2026-09-15 11:32:12,755,Grammarly Desktop,2.2,0.7089614868164062,80,HIGH,Suspicious process behavior detected.
2026-09-15 11:32:12,913,app_inkwell,0.6,0.28476715087890625,80,HIGH,Suspicious process behavior detected.
2026-09-15 11:32:12,916,com.apple.WebKit.WebContent,3.3,0.823211669921875,80,HIGH,Suspicious process behavior detected.
2026-09-15 11:32:12,919,com.apple.WebKit.Networking,2.7,0.21190643310546875,80,HIGH,Suspicious process behavior detected.
2026-09-15 11:32:12,931,com.apple.WebKit.WebContent,0.2,0.7434844970703125,80,HIGH,Suspicious process behavior detected.
2026-09-15 11:32:12,932,com.apple.WebKit.WebContent,0.1,0.39234161376953125,80,HIGH,Suspicious process behavior detected.
2026-09-15 11:32:12,957,Google Chrome,9.0,2.6708602905273438,80,HIGH,Suspicious process behavior detected.
2026-09-15 11:32:12,963,Google Chrome Helper,17.8,1.1484146118164062,80,HIGH,Suspicious process behavior detected.
2026-09-15 11:32:12,964,Google Chrome Helper,1.3,0.788116455078125,80,HIGH,Suspicious process behavior detected.
2026-09-15 11:32:12,2095,com.apple.WebKit.WebContent,0.1,0.13561248779296875,80,HIGH,Suspicious process behavior detected.
2026-09-15 11:32:12,2096,com.apple.WebKit.WebContent,0.1,0.31261444091796875,80,HIGH,Suspicious process behavior detected.
2026-09-15 11:32:12,2672,Google Chrome Helper (Renderer),0.3,1.3935089111328125,80,HIGH,Suspicious process behavior detected.
2026-09-15 11:32:12,2826,Code,1.3,1.4423370361328125,80,HIGH,Suspicious process behavior detected.
2026-09-15 11:32:12,2833,Code Helper,1.2,0.6977081298828125,80,HIGH,Suspicious process behavior detected.
2026-09-15 11:32:12,2834,Code Helper,0.1,0.3387451171875,80,HIGH,Suspicious process behavior detected.
2026-09-15 11:32:12,2835,Code Helper (Renderer),1.1,4.116058349609375,80,HIGH,Suspicious process behavior detected.
2026-09-15 11:32:12,2852,Code Helper,4.9,1.12762451171875,80,HIGH,Suspicious process behavior detected.
2026-09-15 11:32:12,2913,Code Helper,0.6,0.543212890625,80,HIGH,Suspicious process behavior detected.
2026-09-15 11:32:12,3033,Code Helper,0.1,0.3490447998046875,80,HIGH,Suspicious process behavior detected.
2026-09-15 11:32:12,3034,Code Helper (Plugin),0.3,3.32489013671875,80,HIGH,Suspicious process behavior detected.
2026-09-15 11:32:12,4194,Code Helper (Plugin),0.1,0.5834579467773438,80,HIGH,Suspicious process behavior detected.
2026-09-15 11:32:13,13774,Google Chrome Helper (Renderer),0.2,0.4665374755859375,80,HIGH,Suspicious process behavior detected.
2026-09-15 11:32:13,13781,Google Chrome Helper (Renderer),0.3,1.17034912109375,80,HIGH,Suspicious process behavior detected.
2026-09-15 11:32:13,13795,com.apple.appkit.xpc.openAndSavePanelService,0.1,0.29506683349609375,80,HIGH,Suspicious process behavior detected.
2026-09-15 11:32:13,15256,Code Helper (Renderer),0.2,0.76141357421875,80,HIGH,Suspicious process behavior detected.
2026-09-15 11:32:13,15313,screencaptureui,1.1,0.20389556884765625,80,HIGH,Suspicious process behavior detected.
2026-09-15 11:32:13,16597,python3.12,43.0,0.20294189453125,80,HIGH,Suspicious process behavior detected.
2026-09-15 11:32:13,16631,ServiceExtension,0.1,0.26950836181640625,80,HIGH,Suspicious process behavior detected.
2026-09-15 11:32:13,17345,Google Chrome Helper (Renderer),0.1,1.26190185546875,80,HIGH,Suspicious process behavior detected.
2026-09-15 11:32:13,17346,Google Chrome Helper (Renderer),0.0,1.1837005615234375,80,HIGH,Suspicious process behavior detected.
2026-09-15 11:32:13,17354,Google Chrome Helper (Renderer),0.0,1.2460708618164062,80,HIGH,Suspicious process behavior detected.
2026-09-15 11:32:13,17363,Google Chrome Helper (Renderer),0.0,1.1798858642578125,80,HIGH,Suspicious process behavior detected.
2026-09-15 11:32:13,17375,Google Chrome Helper (Renderer),13.0,3.249359130859375,80,HIGH,Suspicious process behavior detected.
2026-09-15 11:32:13,17376,Google Chrome Helper,0.0,0.48999786376953125,80,HIGH,Suspicious process behavior detected.
2026-09-15 11:32:19,560,ControlCenter,0.5,0.37250518798828125,80,HIGH,Suspicious process behavior detected.
2026-09-15 11:32:19,568,AXVisualSupportAgent,2.7,0.164031982421875,80,HIGH,Suspicious process behavior detected.
2026-09-15 11:32:19,602,fileproviderd,0.2,0.1346588134765625,80,HIGH,Suspicious process behavior detected.
2026-09-15 11:32:19,718,corespotlightd,0.0,0.555419921875,80,HIGH,Suspicious process behavior detected.
2026-09-15 11:32:19,730,Spotify,0.2,0.84228515625,80,HIGH,Suspicious process behavior detected.
2026-09-15 11:32:19,755,Grammarly Desktop,2.0,0.7318496704101562,80,HIGH,Suspicious process behavior detected.
2026-09-15 11:32:19,913,app_inkwell,5.1,0.28438568115234375,80,HIGH,Suspicious process behavior detected.
2026-09-15 11:32:19,916,com.apple.WebKit.WebContent,8.4,0.7661819458007812,80,HIGH,Suspicious process behavior detected.
2026-09-15 11:32:19,918,com.apple.WebKit.GPU,0.9,0.14591217041015625,80,HIGH,Suspicious process behavior detected.
2026-09-15 11:32:19,919,com.apple.WebKit.Networking,9.2,0.199127197265625,80,HIGH,Suspicious process behavior detected.
2026-09-15 11:32:19,930,com.apple.WebKit.WebContent,0.5,0.18711090087890625,80,HIGH,Suspicious process behavior detected.
2026-09-15 11:32:19,931,com.apple.WebKit.WebContent,2.7,0.6717681884765625,80,HIGH,Suspicious process behavior detected.
2026-09-15 11:32:19,932,com.apple.WebKit.WebContent,0.4,0.38089752197265625,80,HIGH,Suspicious process behavior detected.
2026-09-15 11:32:19,957,Google Chrome,14.0,2.691650390625,80,HIGH,Suspicious process behavior detected.
2026-09-15 11:32:19,963,Google Chrome Helper,15.3,1.067352294921875,80,HIGH,Suspicious process behavior detected.
2026-09-15 11:32:19,964,Google Chrome Helper,0.3,0.7930755615234375,80,HIGH,Suspicious process behavior detected.
2026-09-15 11:32:19,2096,com.apple.WebKit.WebContent,0.3,0.3131866455078125,80,HIGH,Suspicious process behavior detected.
2026-09-15 11:32:19,2672,Google Chrome Helper (Renderer),0.2,1.396942138671875,80,HIGH,Suspicious process behavior detected.
2026-09-15 11:32:19,2826,Code,2.1,1.7267227172851562,80,HIGH,Suspicious process behavior detected.
2026-09-15 11:32:19,2833,Code Helper,1.2,0.8625030517578125,80,HIGH,Suspicious process behavior detected.
2026-09-15 11:32:19,2834,Code Helper,0.1,0.341033935546875,80,HIGH,Suspicious process behavior detected.
2026-09-15 11:32:19,2835,Code Helper (Renderer),28.6,4.107856750488281,80,HIGH,Suspicious process behavior detected.
2026-09-15 11:32:19,2852,Code Helper,0.0,1.177978515625,80,HIGH,Suspicious process behavior detected.
2026-09-15 11:32:19,2878,Code Helper,0.1,0.25691986083984375,80,HIGH,Suspicious process behavior detected.
2026-09-15 11:32:19,2913,Code Helper,0.5,0.5422592163085938,80,HIGH,Suspicious process behavior detected.
2026-09-15 11:32:19,3033,Code Helper,0.1,0.3490447998046875,80,HIGH,Suspicious process behavior detected.
2026-09-15 11:32:19,3034,Code Helper (Plugin),0.4,3.32489013671875,80,HIGH,Suspicious process behavior detected.
2026-09-15 11:32:19,4194,Code Helper (Plugin),0.0,0.61492919921875,80,HIGH,Suspicious process behavior detected.
2026-09-15 11:32:19,8666,Google Chrome Helper (Renderer),0.1,0.15411376953125,80,HIGH,Suspicious process behavior detected.
2026-09-15 11:32:20,13781,Google Chrome Helper (Renderer),0.3,1.177215576171875,80,HIGH,Suspicious process behavior detected.
2026-09-15 11:32:20,13795,com.apple.appkit.xpc.openAndSavePanelService,0.1,0.29163360595703125,80,HIGH,Suspicious process behavior detected.
2026-09-15 11:32:20,15256,Code Helper (Renderer),0.1,0.7684707641601562,80,HIGH,Suspicious process behavior detected.
2026-09-15 11:32:20,15313,screencaptureui,2.0,0.2044677734375,80,HIGH,Suspicious process behavior detected.
2026-09-15 11:32:20,16276,python3.12,0.3,0.139617919921875,80,HIGH,Suspicious process behavior detected.
2026-09-15 11:32:20,16445,python3.12,0.6,0.06008148193359375,80,HIGH,Suspicious process behavior detected.
2026-09-15 11:32:20,16597,python3.12,43.5,0.5170822143554688,80,HIGH,Suspicious process behavior detected.
2026-09-15 11:32:20,17345,Google Chrome Helper (Renderer),0.0,1.285552978515625,80,HIGH,Suspicious process behavior detected.
2026-09-15 11:32:20,17346,Google Chrome Helper (Renderer),0.0,1.1837005615234375,80,HIGH,Suspicious process behavior detected.
2026-09-15 11:32:20,17354,Google Chrome Helper (Renderer),0.0,1.2546539306640625,80,HIGH,Suspicious process behavior detected.
2026-09-15 11:32:20,17363,Google Chrome Helper (Renderer),0.0,1.180267333984375,80,HIGH,Suspicious process behavior detected.
2026-09-15 11:32:20,17371,mdworker_shared,0.1,0.1953125,80,HIGH,Suspicious process behavior detected.
2026-09-15 11:32:20,17375,Google Chrome Helper (Renderer),12.3,3.2978057861328125,80,HIGH,Suspicious process behavior detected.
2026-09-15 11:32:20,17376,Google Chrome Helper,0.0,0.4894256591796875,80,HIGH,Suspicious process behavior detected.
2026-09-15 11:32:26,544,cfprefsd,0.3,0.0484466552734375,80,HIGH,Suspicious process behavior detected.
2026-09-15 11:32:26,560,ControlCenter,0.3,0.37288665771484375,80,HIGH,Suspicious process behavior detected.
2026-09-15 11:32:26,568,AXVisualSupportAgent,0.9,0.1617431640625,80,HIGH,Suspicious process behavior detected.
2026-09-15 11:32:26,602,fileproviderd,0.1,0.13561248779296875,80,HIGH,Suspicious process behavior detected.
2026-09-15 11:32:26,683,imagent,0.1,0.16117095947265625,80,HIGH,Suspicious process behavior detected.
2026-09-15 11:32:26,718,corespotlightd,0.0,0.5510330200195312,80,HIGH,Suspicious process behavior detected.
2026-09-15 11:32:26,730,Spotify,0.3,0.646209716796875,80,HIGH,Suspicious process behavior detected.
2026-09-15 11:32:26,755,Grammarly Desktop,1.0,0.7059097290039062,80,HIGH,Suspicious process behavior detected.
2026-09-15 11:32:26,913,app_inkwell,0.8,0.2765655517578125,80,HIGH,Suspicious process behavior detected.
2026-09-15 11:32:26,916,com.apple.WebKit.WebContent,6.7,0.8153915405273438,80,HIGH,Suspicious process behavior detected.
2026-09-15 11:32:26,919,com.apple.WebKit.Networking,6.5,0.20503997802734375,80,HIGH,Suspicious process behavior detected.
2026-09-15 11:32:26,930,com.apple.WebKit.WebContent,0.1,0.29354095458984375,80,HIGH,Suspicious process behavior detected.
2026-09-15 11:32:26,931,com.apple.WebKit.WebContent,0.3,0.6198883056640625,80,HIGH,Suspicious process behavior detected.
2026-09-15 11:32:26,932,com.apple.WebKit.WebContent,0.4,0.391387939453125,80,HIGH,Suspicious process behavior detected.
2026-09-15 11:32:26,957,Google Chrome,3.8,2.8394699096679688,80,HIGH,Suspicious process behavior detected.
2026-09-15 11:32:26,963,Google Chrome Helper,8.3,1.0074615478515625,80,HIGH,Suspicious process behavior detected.
2026-09-15 11:32:26,964,Google Chrome Helper,0.2,0.8146286010742188,80,HIGH,Suspicious process behavior detected.
2026-09-15 11:32:26,2095,com.apple.WebKit.WebContent,0.2,0.46901702880859375,80,HIGH,Suspicious process behavior detected.
2026-09-15 11:32:26,2096,com.apple.WebKit.WebContent,0.4,0.318145751953125,80,HIGH,Suspicious process behavior detected.
2026-09-15 11:32:26,2641,Google Chrome Helper (Renderer),0.0,0.4856109619140625,80,HIGH,Suspicious process behavior detected.
2026-09-15 11:32:26,2672,Google Chrome Helper (Renderer),0.2,1.2821197509765625,80,HIGH,Suspicious process behavior detected.
2026-09-15 11:32:26,2826,Code,3.2,1.6849517822265625,80,HIGH,Suspicious process behavior detected.
2026-09-15 11:32:26,2833,Code Helper,4.3,0.65765380859375,80,HIGH,Suspicious process behavior detected.
2026-09-15 11:32:26,2835,Code Helper (Renderer),1.6,3.936004638671875,80,HIGH,Suspicious process behavior detected.
2026-09-15 11:32:26,2852,Code Helper,0.0,0.7329940795898438,80,HIGH,Suspicious process behavior detected.
2026-09-15 11:32:26,2913,Code Helper,0.3,0.54931640625,80,HIGH,Suspicious process behavior detected.
2026-09-15 11:32:26,3033,Code Helper,0.1,0.3490447998046875,80,HIGH,Suspicious process behavior detected.
2026-09-15 11:32:26,3034,Code Helper (Plugin),0.2,3.2926559448242188,80,HIGH,Suspicious process behavior detected.
2026-09-15 11:32:26,4194,Code Helper (Plugin),0.0,0.6195068359375,80,HIGH,Suspicious process behavior detected.
2026-09-15 11:32:26,9069,searchpartyuseragent,0.1,0.16193389892578125,80,HIGH,Suspicious process behavior detected.
2026-09-15 11:32:26,13774,Google Chrome Helper (Renderer),0.0,0.5273818969726562,80,HIGH,Suspicious process behavior detected.
2026-09-15 11:32:26,13781,Google Chrome Helper (Renderer),0.2,1.1859893798828125,80,HIGH,Suspicious process behavior detected.
2026-09-15 11:32:26,13795,com.apple.appkit.xpc.openAndSavePanelService,0.1,0.2857208251953125,80,HIGH,Suspicious process behavior detected.
2026-09-15 11:32:26,15256,Code Helper (Renderer),0.3,0.76904296875,80,HIGH,Suspicious process behavior detected.
2026-09-15 11:32:26,16276,python3.12,0.4,0.13427734375,80,HIGH,Suspicious process behavior detected.
2026-09-15 11:32:27,16597,python3.12,42.7,0.5235671997070312,80,HIGH,Suspicious process behavior detected.
2026-09-15 11:32:27,17345,Google Chrome Helper (Renderer),0.1,1.2666702270507812,80,HIGH,Suspicious process behavior detected.
2026-09-15 11:32:27,17346,Google Chrome Helper (Renderer),1.2,1.1600494384765625,80,HIGH,Suspicious process behavior detected.
2026-09-15 11:32:27,17354,Google Chrome Helper (Renderer),0.0,1.2546539306640625,80,HIGH,Suspicious process behavior detected.
2026-09-15 11:32:27,17363,Google Chrome Helper (Renderer),0.0,1.3729095458984375,80,HIGH,Suspicious process behavior detected.
2026-09-15 11:32:27,17371,mdworker_shared,0.2,0.27103424072265625,80,HIGH,Suspicious process behavior detected.
2026-09-15 11:32:27,17372,mdworker_shared,0.2,0.281524658203125,80,HIGH,Suspicious process behavior detected.
2026-09-15 11:32:27,17375,Google Chrome Helper (Renderer),8.2,3.0385971069335938,80,HIGH,Suspicious process behavior detected.
2026-09-15 11:32:27,17376,Google Chrome Helper,0.0,0.49037933349609375,80,HIGH,Suspicious process behavior detected.
2026-09-15 11:32:27,17839,Google Chrome Helper (Renderer),0.0,1.5001296997070312,80,HIGH,Suspicious process behavior detected.
2026-09-15 11:32:27,17846,Google Chrome Helper (Renderer),0.0,1.6605377197265625,80,HIGH,Suspicious process behavior detected.
2026-09-15 11:32:27,17849,mdworker_shared,2.8,0.03986358642578125,80,HIGH,Suspicious process behavior detected.
2026-09-15 11:32:33,553,WindowManager,0.9,0.284576416015625,80,HIGH,Suspicious process behavior detected.
2026-09-15 11:32:33,559,Dock,0.1,0.19702911376953125,80,HIGH,Suspicious process behavior detected.
2026-09-15 11:32:33,560,ControlCenter,0.3,0.3612518310546875,80,HIGH,Suspicious process behavior detected.
2026-09-15 11:32:33,564,Finder,1.4,0.30670166015625,80,HIGH,Suspicious process behavior detected.
2026-09-15 11:32:33,568,AXVisualSupportAgent,1.8,0.1522064208984375,80,HIGH,Suspicious process behavior detected.
2026-09-15 11:32:33,600,fontd,0.2,0.10833740234375,80,HIGH,Suspicious process behavior detected.
2026-09-15 11:32:33,602,fileproviderd,0.2,0.13370513916015625,80,HIGH,Suspicious process behavior detected.
2026-09-15 11:32:33,668,BiomeAgent,0.4,0.1041412353515625,80,HIGH,Suspicious process behavior detected.
2026-09-15 11:32:33,683,imagent,0.2,0.11138916015625,80,HIGH,Suspicious process behavior detected.
2026-09-15 11:32:33,718,corespotlightd,0.3,0.5895614624023438,80,HIGH,Suspicious process behavior detected.
2026-09-15 11:32:33,722,duetexpertd,2.5,0.2285003662109375,80,HIGH,Suspicious process behavior detected.
2026-09-15 11:32:33,730,Spotify,3.6,0.6832122802734375,80,HIGH,Suspicious process behavior detected.
2026-09-15 11:32:33,748,Spotify Helper,0.1,0.27103424072265625,80,HIGH,Suspicious process behavior detected.
2026-09-15 11:32:33,755,Grammarly Desktop,2.1,0.69732666015625,80,HIGH,Suspicious process behavior detected.
2026-09-15 11:32:33,768,Spotify Helper (Renderer),0.0,0.5437850952148438,80,HIGH,Suspicious process behavior detected.
2026-09-15 11:32:33,913,app_inkwell,4.6,0.27179718017578125,80,HIGH,Suspicious process behavior detected.
2026-09-15 11:32:33,916,com.apple.WebKit.WebContent,20.2,2.191162109375,80,HIGH,Suspicious process behavior detected.
2026-09-15 11:32:33,919,com.apple.WebKit.Networking,21.0,0.1537322998046875,80,HIGH,Suspicious process behavior detected.
2026-09-15 11:32:33,930,com.apple.WebKit.WebContent,0.2,0.12683868408203125,80,HIGH,Suspicious process behavior detected.
2026-09-15 11:32:33,931,com.apple.WebKit.WebContent,0.7,0.36678314208984375,80,HIGH,Suspicious process behavior detected.
2026-09-15 11:32:33,932,com.apple.WebKit.WebContent,1.0,0.3810882568359375,80,HIGH,Suspicious process behavior detected.
2026-09-15 11:32:33,957,Google Chrome,21.5,3.3136367797851562,80,HIGH,Suspicious process behavior detected.
2026-09-15 11:32:33,963,Google Chrome Helper,9.6,1.081085205078125,80,HIGH,Suspicious process behavior detected.
2026-09-15 11:32:33,964,Google Chrome Helper,20.4,0.8592605590820312,80,HIGH,Suspicious process behavior detected.
2026-09-15 11:32:33,966,Google Chrome Helper,0.1,0.22182464599609375,80,HIGH,Suspicious process behavior detected.
2026-09-15 11:32:33,2095,com.apple.WebKit.WebContent,0.2,0.1361846923828125,80,HIGH,Suspicious process behavior detected.
2026-09-15 11:32:33,2096,com.apple.WebKit.WebContent,0.7,0.5353927612304688,80,HIGH,Suspicious process behavior detected.
2026-09-15 11:32:33,2641,Google Chrome Helper (Renderer),0.3,1.2422561645507812,80,HIGH,Suspicious process behavior detected.
2026-09-15 11:32:33,2672,Google Chrome Helper (Renderer),0.5,1.268768310546875,80,HIGH,Suspicious process behavior detected.
2026-09-15 11:32:33,2826,Code,3.3,1.4682769775390625,80,HIGH,Suspicious process behavior detected.
2026-09-15 11:32:33,2833,Code Helper,1.7,0.8142471313476562,80,HIGH,Suspicious process behavior detected.
2026-09-15 11:32:33,2835,Code Helper (Renderer),1.2,3.0393600463867188,80,HIGH,Suspicious process behavior detected.
2026-09-15 11:32:33,2852,Code Helper,0.1,1.0402679443359375,80,HIGH,Suspicious process behavior detected.
2026-09-15 11:32:33,2913,Code Helper,0.3,0.5084991455078125,80,HIGH,Suspicious process behavior detected.
2026-09-15 11:32:33,3033,Code Helper,0.2,0.321197509765625,80,HIGH,Suspicious process behavior detected.
2026-09-15 11:32:33,3034,Code Helper (Plugin),0.6,1.1854171752929688,80,HIGH,Suspicious process behavior detected.
2026-09-15 11:32:33,4194,Code Helper (Plugin),0.0,0.6072998046875,80,HIGH,Suspicious process behavior detected.
2026-09-15 11:32:33,8323,Google Chrome Helper (Renderer),0.1,0.4924774169921875,80,HIGH,Suspicious process behavior detected.
2026-09-15 11:32:33,8324,Google Chrome Helper (Renderer),0.1,0.386810302734375,80,HIGH,Suspicious process behavior detected.
2026-09-15 11:32:33,8325,Google Chrome Helper (Renderer),0.1,0.25730133056640625,80,HIGH,Suspicious process behavior detected.
2026-09-15 11:32:33,8328,Google Chrome Helper (Renderer),0.1,0.32024383544921875,80,HIGH,Suspicious process behavior detected.
2026-09-15 11:32:33,8410,routined,0.5,0.12054443359375,80,HIGH,Suspicious process behavior detected.
2026-09-15 11:32:33,8666,Google Chrome Helper (Renderer),0.1,0.15392303466796875,80,HIGH,Suspicious process behavior detected.
2026-09-15 11:32:33,13774,Google Chrome Helper (Renderer),0.3,0.40607452392578125,80,HIGH,Suspicious process behavior detected.
2026-09-15 11:32:33,13781,Google Chrome Helper (Renderer),0.4,1.2157440185546875,80,HIGH,Suspicious process behavior detected.
2026-09-15 11:32:33,13795,com.apple.appkit.xpc.openAndSavePanelService,0.4,0.2887725830078125,80,HIGH,Suspicious process behavior detected.
2026-09-15 11:32:34,15256,Code Helper (Renderer),0.2,0.7619857788085938,80,HIGH,Suspicious process behavior detected.
2026-09-15 11:32:34,15313,screencaptureui,2.3,0.20275115966796875,80,HIGH,Suspicious process behavior detected.
2026-09-15 11:32:34,16597,python3.12,44.1,0.1995086669921875,80,HIGH,Suspicious process behavior detected.
2026-09-15 11:32:34,17354,Google Chrome Helper (Renderer),0.1,1.1911392211914062,80,HIGH,Suspicious process behavior detected.
2026-09-15 11:32:34,17363,Google Chrome Helper (Renderer),0.0,1.4074325561523438,80,HIGH,Suspicious process behavior detected.
2026-09-15 11:32:34,17371,mdworker_shared,0.3,0.19397735595703125,80,HIGH,Suspicious process behavior detected.
2026-09-15 11:32:34,17375,Google Chrome Helper (Renderer),0.1,2.0704269409179688,80,HIGH,Suspicious process behavior detected.
2026-09-15 11:32:34,17376,Google Chrome Helper,0.0,0.49533843994140625,80,HIGH,Suspicious process behavior detected.
2026-09-15 11:32:34,17839,Google Chrome Helper (Renderer),0.0,1.1133193969726562,80,HIGH,Suspicious process behavior detected.
2026-09-15 11:32:34,17846,Google Chrome Helper (Renderer),1.0,3.09295654296875,80,HIGH,Suspicious process behavior detected.
2026-09-15 11:32:34,17856,Google Chrome Helper,0.0,0.5395889282226562,80,HIGH,Suspicious process behavior detected.
2026-09-15 11:32:34,17857,Google Chrome Helper,0.0,0.5306243896484375,80,HIGH,Suspicious process behavior detected.
2026-09-15 11:32:34,17862,mdworker_shared,0.8,0.17719268798828125,80,HIGH,Suspicious process behavior detected.
2026-09-15 11:32:34,17863,mdworker_shared,0.2,0.24356842041015625,80,HIGH,Suspicious process behavior detected.
2026-09-15 11:32:34,17864,Google Chrome Helper (Renderer),40.1,1.2948989868164062,80,HIGH,Suspicious process behavior detected.
2026-09-15 11:32:34,17865,Google Chrome Helper (Renderer),2.5,1.3139724731445312,80,HIGH,Suspicious process behavior detected.
2026-09-15 11:32:40,560,ControlCenter,0.5,0.3643035888671875,80,HIGH,Suspicious process behavior detected.
2026-09-15 11:32:40,564,Finder,0.8,0.302886962890625,80,HIGH,Suspicious process behavior detected.
2026-09-15 11:32:40,568,AXVisualSupportAgent,2.6,0.15869140625,80,HIGH,Suspicious process behavior detected.
2026-09-15 11:32:40,602,fileproviderd,0.2,0.13446807861328125,80,HIGH,Suspicious process behavior detected.
2026-09-15 11:32:40,714,CursorUIViewService,0.7,0.1735687255859375,80,HIGH,Suspicious process behavior detected.
2026-09-15 11:32:40,718,corespotlightd,0.0,0.5811691284179688,80,HIGH,Suspicious process behavior detected.
2026-09-15 11:32:40,730,Spotify,0.2,0.8869171142578125,80,HIGH,Suspicious process behavior detected.
2026-09-15 11:32:40,755,Grammarly Desktop,2.3,0.6534576416015625,80,HIGH,Suspicious process behavior detected.
2026-09-15 11:32:40,913,app_inkwell,5.5,0.27370452880859375,80,HIGH,Suspicious process behavior detected.
2026-09-15 11:32:40,916,com.apple.WebKit.WebContent,3.1,1.3250350952148438,80,HIGH,Suspicious process behavior detected.
2026-09-15 11:32:40,919,com.apple.WebKit.Networking,2.6,0.2117156982421875,80,HIGH,Suspicious process behavior detected.
2026-09-15 11:32:40,931,com.apple.WebKit.WebContent,0.1,0.4199981689453125,80,HIGH,Suspicious process behavior detected.
2026-09-15 11:32:40,932,com.apple.WebKit.WebContent,0.1,0.40225982666015625,80,HIGH,Suspicious process behavior detected.
2026-09-15 11:32:40,957,Google Chrome,18.4,3.325653076171875,80,HIGH,Suspicious process behavior detected.
2026-09-15 11:32:40,963,Google Chrome Helper,2.4,1.0540008544921875,80,HIGH,Suspicious process behavior detected.
2026-09-15 11:32:40,964,Google Chrome Helper,2.0,0.991058349609375,80,HIGH,Suspicious process behavior detected.
2026-09-15 11:32:40,2096,com.apple.WebKit.WebContent,0.0,0.5472183227539062,80,HIGH,Suspicious process behavior detected.
2026-09-15 11:32:40,2641,Google Chrome Helper (Renderer),0.0,0.8508682250976562,80,HIGH,Suspicious process behavior detected.
2026-09-15 11:32:40,2672,Google Chrome Helper (Renderer),0.2,1.2868881225585938,80,HIGH,Suspicious process behavior detected.
2026-09-15 11:32:40,2826,Code,0.8,1.37939453125,80,HIGH,Suspicious process behavior detected.
2026-09-15 11:32:40,2833,Code Helper,0.8,0.7890701293945312,80,HIGH,Suspicious process behavior detected.
2026-09-15 11:32:40,2834,Code Helper,0.4,0.3276824951171875,80,HIGH,Suspicious process behavior detected.
2026-09-15 11:32:40,2835,Code Helper (Renderer),1.4,2.0978927612304688,80,HIGH,Suspicious process behavior detected.
2026-09-15 11:32:40,2852,Code Helper,0.0,0.8527755737304688,80,HIGH,Suspicious process behavior detected.
2026-09-15 11:32:40,2913,Code Helper,0.7,0.54473876953125,80,HIGH,Suspicious process behavior detected.
2026-09-15 11:32:40,3033,Code Helper,0.2,0.324249267578125,80,HIGH,Suspicious process behavior detected.
2026-09-15 11:32:40,3034,Code Helper (Plugin),0.5,0.9599685668945312,80,HIGH,Suspicious process behavior detected.
2026-09-15 11:32:40,3045,Code Helper (Plugin),0.1,0.218963623046875,80,HIGH,Suspicious process behavior detected.
2026-09-15 11:32:40,4194,Code Helper (Plugin),0.3,0.6822586059570312,80,HIGH,Suspicious process behavior detected.
2026-09-15 11:32:40,8323,Google Chrome Helper (Renderer),0.0,0.48503875732421875,80,HIGH,Suspicious process behavior detected.
2026-09-15 11:32:40,8410,routined,0.3,0.196075439453125,80,HIGH,Suspicious process behavior detected.
2026-09-15 11:32:40,13781,Google Chrome Helper (Renderer),0.0,1.2317657470703125,80,HIGH,Suspicious process behavior detected.
2026-09-15 11:32:40,13795,com.apple.appkit.xpc.openAndSavePanelService,0.3,0.27217864990234375,80,HIGH,Suspicious process behavior detected.
2026-09-15 11:32:40,15256,Code Helper (Renderer),0.3,0.7656097412109375,80,HIGH,Suspicious process behavior detected.
2026-09-15 11:32:40,15313,screencaptureui,1.6,0.20236968994140625,80,HIGH,Suspicious process behavior detected.
2026-09-15 11:32:40,16276,python3.12,0.4,0.133514404296875,80,HIGH,Suspicious process behavior detected.
2026-09-15 11:32:40,16445,python3.12,1.9,0.10738372802734375,80,HIGH,Suspicious process behavior detected.
2026-09-15 11:32:41,16597,python3.12,43.0,0.521087646484375,80,HIGH,Suspicious process behavior detected.
2026-09-15 11:32:41,17354,Google Chrome Helper (Renderer),0.0,1.2300491333007812,80,HIGH,Suspicious process behavior detected.
2026-09-15 11:32:41,17363,Google Chrome Helper (Renderer),0.1,1.3118743896484375,80,HIGH,Suspicious process behavior detected.
2026-09-15 11:32:41,17371,mdworker_shared,0.2,0.21152496337890625,80,HIGH,Suspicious process behavior detected.
2026-09-15 11:32:41,17375,Google Chrome Helper (Renderer),0.1,1.9617080688476562,80,HIGH,Suspicious process behavior detected.
2026-09-15 11:32:41,17376,Google Chrome Helper,0.0,0.4886627197265625,80,HIGH,Suspicious process behavior detected.
2026-09-15 11:32:41,17839,Google Chrome Helper (Renderer),0.0,1.1051177978515625,80,HIGH,Suspicious process behavior detected.
2026-09-15 11:32:41,17846,Google Chrome Helper (Renderer),0.0,2.4374008178710938,80,HIGH,Suspicious process behavior detected.
2026-09-15 11:32:41,17856,Google Chrome Helper,0.0,0.5397796630859375,80,HIGH,Suspicious process behavior detected.
2026-09-15 11:32:41,17862,mdworker_shared,0.1,0.20656585693359375,80,HIGH,Suspicious process behavior detected.
2026-09-15 11:32:41,17863,mdworker_shared,0.1,0.193023681640625,80,HIGH,Suspicious process behavior detected.
2026-09-15 11:32:41,17864,Google Chrome Helper (Renderer),11.5,3.8518905639648438,80,HIGH,Suspicious process behavior detected.
2026-09-15 11:32:41,17865,Google Chrome Helper (Renderer),0.0,1.1186599731445312,80,HIGH,Suspicious process behavior detected.
2026-09-15 11:32:47,543,distnoted,0.1,0.0457763671875,80,HIGH,Suspicious process behavior detected.
2026-09-15 11:32:47,560,ControlCenter,0.4,0.3650665283203125,80,HIGH,Suspicious process behavior detected.
2026-09-15 11:32:47,568,AXVisualSupportAgent,3.0,0.1667022705078125,80,HIGH,Suspicious process behavior detected.
2026-09-15 11:32:47,602,fileproviderd,0.2,0.13427734375,80,HIGH,Suspicious process behavior detected.
2026-09-15 11:32:47,718,corespotlightd,0.0,0.5849838256835938,80,HIGH,Suspicious process behavior detected.
2026-09-15 11:32:47,730,Spotify,0.2,0.6029129028320312,80,HIGH,Suspicious process behavior detected.
2026-09-15 11:32:47,755,Grammarly Desktop,1.1,0.6612777709960938,80,HIGH,Suspicious process behavior detected.
2026-09-15 11:32:47,913,app_inkwell,4.0,0.2685546875,80,HIGH,Suspicious process behavior detected.
2026-09-15 11:32:47,916,com.apple.WebKit.WebContent,0.1,0.6315231323242188,80,HIGH,Suspicious process behavior detected.
2026-09-15 11:32:47,919,com.apple.WebKit.Networking,0.4,0.154876708984375,80,HIGH,Suspicious process behavior detected.
2026-09-15 11:32:47,932,com.apple.WebKit.WebContent,0.1,0.3238677978515625,80,HIGH,Suspicious process behavior detected.
2026-09-15 11:32:47,957,Google Chrome,2.0,2.9085159301757812,80,HIGH,Suspicious process behavior detected.
2026-09-15 11:32:47,963,Google Chrome Helper,0.4,0.8932113647460938,80,HIGH,Suspicious process behavior detected.
2026-09-15 11:32:47,964,Google Chrome Helper,0.3,0.8409500122070312,80,HIGH,Suspicious process behavior detected.
2026-09-15 11:32:47,2641,Google Chrome Helper (Renderer),0.0,0.743865966796875,80,HIGH,Suspicious process behavior detected.
2026-09-15 11:32:47,2672,Google Chrome Helper (Renderer),0.2,1.2098312377929688,80,HIGH,Suspicious process behavior detected.
2026-09-15 11:32:47,2826,Code,11.9,1.5350341796875,80,HIGH,Suspicious process behavior detected.
2026-09-15 11:32:47,2833,Code Helper,1.6,0.8380889892578125,80,HIGH,Suspicious process behavior detected.
2026-09-15 11:32:47,2835,Code Helper (Renderer),0.7,3.8791656494140625,80,HIGH,Suspicious process behavior detected.
2026-09-15 11:32:47,2852,Code Helper,0.0,0.9815216064453125,80,HIGH,Suspicious process behavior detected.
2026-09-15 11:32:47,2913,Code Helper,0.6,0.5243301391601562,80,HIGH,Suspicious process behavior detected.
2026-09-15 11:32:47,3033,Code Helper,0.1,0.29735565185546875,80,HIGH,Suspicious process behavior detected.
2026-09-15 11:32:47,3034,Code Helper (Plugin),0.2,1.1394500732421875,80,HIGH,Suspicious process behavior detected.
2026-09-15 11:32:47,3045,Code Helper (Plugin),0.1,0.1811981201171875,80,HIGH,Suspicious process behavior detected.
2026-09-15 11:32:47,4194,Code Helper (Plugin),0.1,0.37746429443359375,80,HIGH,Suspicious process behavior detected.
2026-09-15 11:32:47,9069,searchpartyuseragent,0.1,0.1434326171875,80,HIGH,Suspicious process behavior detected.
2026-09-15 11:32:47,9909,com.apple.geod,0.1,0.06542205810546875,80,HIGH,Suspicious process behavior detected.
2026-09-15 11:32:47,13781,Google Chrome Helper (Renderer),59.0,0.9759902954101562,90,HIGH,Suspicious process behavior detected.
2026-09-15 11:32:47,13795,com.apple.appkit.xpc.openAndSavePanelService,0.1,0.2803802490234375,80,HIGH,Suspicious process behavior detected.
2026-09-15 11:32:47,15256,Code Helper (Renderer),1.5,0.7503509521484375,80,HIGH,Suspicious process behavior detected.
2026-09-15 11:32:47,15313,screencaptureui,1.2,0.2033233642578125,80,HIGH,Suspicious process behavior detected.
2026-09-15 11:32:47,16276,python3.12,1.5,0.11615753173828125,80,HIGH,Suspicious process behavior detected.
2026-09-15 11:32:47,16597,python3.12,42.1,1.0541915893554688,80,HIGH,Suspicious process behavior detected.
2026-09-15 11:32:47,17354,Google Chrome Helper (Renderer),0.0,1.192474365234375,80,HIGH,Suspicious process behavior detected.
2026-09-15 11:32:47,17363,Google Chrome Helper (Renderer),0.1,1.25732421875,80,HIGH,Suspicious process behavior detected.
2026-09-15 11:32:47,17375,Google Chrome Helper (Renderer),0.1,1.7164230346679688,80,HIGH,Suspicious process behavior detected.
2026-09-15 11:32:47,17376,Google Chrome Helper,0.0,0.49648284912109375,80,HIGH,Suspicious process behavior detected.
2026-09-15 11:32:47,17839,Google Chrome Helper (Renderer),0.1,1.0738372802734375,80,HIGH,Suspicious process behavior detected.
2026-09-15 11:32:47,17846,Google Chrome Helper (Renderer),0.3,1.5163421630859375,80,HIGH,Suspicious process behavior detected.
2026-09-15 11:32:47,17856,Google Chrome Helper,0.0,0.521087646484375,80,HIGH,Suspicious process behavior detected.
2026-09-15 11:32:47,17864,Google Chrome Helper (Renderer),0.0,2.845001220703125,80,HIGH,Suspicious process behavior detected.
2026-09-15 11:32:47,17865,Google Chrome Helper (Renderer),0.0,1.0974884033203125,80,HIGH,Suspicious process behavior detected.
2026-09-15 11:32:54,560,ControlCenter,0.7,0.3757476806640625,80,HIGH,Suspicious process behavior detected.
2026-09-15 11:32:54,561,pboard,0.1,0.07419586181640625,80,HIGH,Suspicious process behavior detected.
2026-09-15 11:32:54,564,Finder,0.1,0.342559814453125,80,HIGH,Suspicious process behavior detected.
2026-09-15 11:32:54,568,AXVisualSupportAgent,0.5,0.164794921875,80,HIGH,Suspicious process behavior detected.
2026-09-15 11:32:54,587,com.apple.hiservices-xpcservice,0.1,0.0400543212890625,80,HIGH,Suspicious process behavior detected.
2026-09-15 11:32:54,602,fileproviderd,0.2,0.13427734375,80,HIGH,Suspicious process behavior detected.
2026-09-15 11:32:54,608,ViewBridgeAuxiliary,0.1,0.07762908935546875,80,HIGH,Suspicious process behavior detected.
2026-09-15 11:32:54,643,useractivityd,0.1,0.08258819580078125,80,HIGH,Suspicious process behavior detected.
2026-09-15 11:32:54,683,imagent,0.1,0.1354217529296875,80,HIGH,Suspicious process behavior detected.
2026-09-15 11:32:54,718,corespotlightd,0.0,0.53253173828125,80,HIGH,Suspicious process behavior detected.
2026-09-15 11:32:54,730,Spotify,0.3,0.616455078125,80,HIGH,Suspicious process behavior detected.
2026-09-15 11:32:54,747,Spotify Helper,0.1,0.1682281494140625,80,HIGH,Suspicious process behavior detected.
2026-09-15 11:32:54,755,Grammarly Desktop,0.3,0.62255859375,80,HIGH,Suspicious process behavior detected.
2026-09-15 11:32:54,913,app_inkwell,0.1,0.26264190673828125,80,HIGH,Suspicious process behavior detected.
2026-09-15 11:32:54,916,com.apple.WebKit.WebContent,0.1,0.634002685546875,80,HIGH,Suspicious process behavior detected.
2026-09-15 11:32:54,930,com.apple.WebKit.WebContent,0.1,0.2292633056640625,80,HIGH,Suspicious process behavior detected.
2026-09-15 11:32:54,932,com.apple.WebKit.WebContent,0.1,0.25501251220703125,80,HIGH,Suspicious process behavior detected.
2026-09-15 11:32:54,957,Google Chrome,0.8,3.0994415283203125,80,HIGH,Suspicious process behavior detected.
2026-09-15 11:32:54,963,Google Chrome Helper,0.0,0.8489608764648438,80,HIGH,Suspicious process behavior detected.
2026-09-15 11:32:54,964,Google Chrome Helper,0.2,0.8785247802734375,80,HIGH,Suspicious process behavior detected.
2026-09-15 11:32:54,2641,Google Chrome Helper (Renderer),0.0,0.717926025390625,80,HIGH,Suspicious process behavior detected.
2026-09-15 11:32:54,2672,Google Chrome Helper (Renderer),0.1,1.9102096557617188,80,HIGH,Suspicious process behavior detected.
2026-09-15 11:32:54,2826,Code,5.4,1.718902587890625,80,HIGH,Suspicious process behavior detected.
2026-09-15 11:32:54,2833,Code Helper,1.8,0.9206771850585938,80,HIGH,Suspicious process behavior detected.
2026-09-15 11:32:54,2834,Code Helper,0.5,0.336456298828125,80,HIGH,Suspicious process behavior detected.
2026-09-15 11:32:54,2835,Code Helper (Renderer),16.9,4.027366638183594,80,HIGH,Suspicious process behavior detected.
2026-09-15 11:32:54,2852,Code Helper,0.0,1.1915206909179688,80,HIGH,Suspicious process behavior detected.
2026-09-15 11:32:54,2913,Code Helper,0.3,0.5285263061523438,80,HIGH,Suspicious process behavior detected.
2026-09-15 11:32:54,3033,Code Helper,0.2,0.32444000244140625,80,HIGH,Suspicious process behavior detected.
2026-09-15 11:32:54,3034,Code Helper (Plugin),0.2,1.2126922607421875,80,HIGH,Suspicious process behavior detected.
2026-09-15 11:32:54,4194,Code Helper (Plugin),0.0,0.5765914916992188,80,HIGH,Suspicious process behavior detected.
2026-09-15 11:32:54,8323,Google Chrome Helper (Renderer),0.0,0.48084259033203125,80,HIGH,Suspicious process behavior detected.
2026-09-15 11:32:54,9069,searchpartyuseragent,0.1,0.14209747314453125,80,HIGH,Suspicious process behavior detected.
2026-09-15 11:32:54,11684,mlhostd,0.5,0.08068084716796875,80,HIGH,Suspicious process behavior detected.
2026-09-15 11:32:54,13781,Google Chrome Helper (Renderer),0.0,3.6020278930664062,80,HIGH,Suspicious process behavior detected.
2026-09-15 11:32:54,13795,com.apple.appkit.xpc.openAndSavePanelService,0.1,0.28533935546875,80,HIGH,Suspicious process behavior detected.
2026-09-15 11:32:54,14397,Siri,0.2,0.1636505126953125,80,HIGH,Suspicious process behavior detected.
2026-09-15 11:32:54,14505,SiriNCService,0.1,0.1495361328125,80,HIGH,Suspicious process behavior detected.
2026-09-15 11:32:54,15256,Code Helper (Renderer),0.7,1.0103225708007812,80,HIGH,Suspicious process behavior detected.
2026-09-15 11:32:54,16276,python3.12,0.4,0.12989044189453125,80,HIGH,Suspicious process behavior detected.
2026-09-15 11:32:54,16597,python3.12,42.2,0.5384445190429688,80,HIGH,Suspicious process behavior detected.
2026-09-15 11:32:54,17354,Google Chrome Helper (Renderer),0.0,1.226043701171875,80,HIGH,Suspicious process behavior detected.
2026-09-15 11:32:54,17363,Google Chrome Helper (Renderer),0.0,1.3570785522460938,80,HIGH,Suspicious process behavior detected.
2026-09-15 11:32:54,17375,Google Chrome Helper (Renderer),0.0,1.7564773559570312,80,HIGH,Suspicious process behavior detected.
2026-09-15 11:32:54,17376,Google Chrome Helper,0.0,0.49648284912109375,80,HIGH,Suspicious process behavior detected.
2026-09-15 11:32:54,17839,Google Chrome Helper (Renderer),0.0,1.251220703125,80,HIGH,Suspicious process behavior detected.
2026-09-15 11:32:54,17846,Google Chrome Helper (Renderer),1.1,2.219390869140625,80,HIGH,Suspicious process behavior detected.
2026-09-15 11:32:54,17856,Google Chrome Helper,0.0,0.5189895629882812,80,HIGH,Suspicious process behavior detected.
2026-09-15 11:32:54,17864,Google Chrome Helper (Renderer),0.1,2.260589599609375,80,HIGH,Suspicious process behavior detected.
2026-09-15 11:32:54,17896,Google Chrome Helper (Renderer),0.0,1.2256622314453125,80,HIGH,Suspicious process behavior detected.
2026-09-15 11:32:54,17901,mdworker_shared,0.3,0.2437591552734375,80,HIGH,Suspicious process behavior detected.
2026-09-15 11:33:00,559,Dock,0.1,0.2193450927734375,80,HIGH,Suspicious process behavior detected.
2026-09-15 11:33:00,560,ControlCenter,0.5,0.37021636962890625,80,HIGH,Suspicious process behavior detected.
2026-09-15 11:33:00,561,pboard,0.1,0.09746551513671875,80,HIGH,Suspicious process behavior detected.
2026-09-15 11:33:00,564,Finder,0.1,0.31452178955078125,80,HIGH,Suspicious process behavior detected.
2026-09-15 11:33:00,567,lsd,0.1,0.074005126953125,80,HIGH,Suspicious process behavior detected.
2026-09-15 11:33:00,568,AXVisualSupportAgent,0.1,0.16155242919921875,80,HIGH,Suspicious process behavior detected.
2026-09-15 11:33:00,587,com.apple.hiservices-xpcservice,0.1,0.04119873046875,80,HIGH,Suspicious process behavior detected.
2026-09-15 11:33:00,602,fileproviderd,0.1,0.1346588134765625,80,HIGH,Suspicious process behavior detected.
2026-09-15 11:33:00,644,com.apple.dock.extra,1.5,0.13580322265625,80,HIGH,Suspicious process behavior detected.
2026-09-15 11:33:01,718,corespotlightd,0.0,0.5626678466796875,80,HIGH,Suspicious process behavior detected.
2026-09-15 11:33:01,730,Spotify,0.1,0.7337570190429688,80,HIGH,Suspicious process behavior detected.
2026-09-15 11:33:01,755,Grammarly Desktop,1.2,0.7123947143554688,80,HIGH,Suspicious process behavior detected.
2026-09-15 11:33:01,913,app_inkwell,0.6,0.286102294921875,80,HIGH,Suspicious process behavior detected.
2026-09-15 11:33:01,916,com.apple.WebKit.WebContent,2.3,1.2598037719726562,80,HIGH,Suspicious process behavior detected.
2026-09-15 11:33:01,919,com.apple.WebKit.Networking,2.0,0.20542144775390625,80,HIGH,Suspicious process behavior detected.
2026-09-15 11:33:01,931,com.apple.WebKit.WebContent,0.1,0.43582916259765625,80,HIGH,Suspicious process behavior detected.
2026-09-15 11:33:01,932,com.apple.WebKit.WebContent,0.1,0.6986618041992188,80,HIGH,Suspicious process behavior detected.
2026-09-15 11:33:01,957,Google Chrome,5.0,3.0126571655273438,80,HIGH,Suspicious process behavior detected.
2026-09-15 11:33:01,963,Google Chrome Helper,1.4,0.9229660034179688,80,HIGH,Suspicious process behavior detected.
2026-09-15 11:33:01,964,Google Chrome Helper,0.9,0.8022308349609375,80,HIGH,Suspicious process behavior detected.
2026-09-15 11:33:01,2641,Google Chrome Helper (Renderer),0.0,0.689697265625,80,HIGH,Suspicious process behavior detected.
2026-09-15 11:33:01,2672,Google Chrome Helper (Renderer),0.1,1.8938064575195312,80,HIGH,Suspicious process behavior detected.
2026-09-15 11:33:01,2826,Code,0.2,1.4011383056640625,80,HIGH,Suspicious process behavior detected.
2026-09-15 11:33:01,2833,Code Helper,0.2,0.7703781127929688,80,HIGH,Suspicious process behavior detected.
2026-09-15 11:33:01,2835,Code Helper (Renderer),0.6,3.8137435913085938,80,HIGH,Suspicious process behavior detected.
2026-09-15 11:33:01,2852,Code Helper,0.1,0.525665283203125,80,HIGH,Suspicious process behavior detected.
2026-09-15 11:33:01,2913,Code Helper,0.8,0.6046295166015625,80,HIGH,Suspicious process behavior detected.
2026-09-15 11:33:01,3033,Code Helper,0.1,0.3238677978515625,80,HIGH,Suspicious process behavior detected.
2026-09-15 11:33:01,3034,Code Helper (Plugin),0.5,0.9012222290039062,80,HIGH,Suspicious process behavior detected.
2026-09-15 11:33:01,3045,Code Helper (Plugin),0.1,0.1995086669921875,80,HIGH,Suspicious process behavior detected.
2026-09-15 11:33:01,4194,Code Helper (Plugin),0.7,0.395965576171875,80,HIGH,Suspicious process behavior detected.
2026-09-15 11:33:01,8323,Google Chrome Helper (Renderer),0.0,0.46100616455078125,80,HIGH,Suspicious process behavior detected.
2026-09-15 11:33:01,9681,AppleSpell,0.3,0.2040863037109375,80,HIGH,Suspicious process behavior detected.
2026-09-15 11:33:01,13774,Google Chrome Helper (Renderer),0.1,0.389862060546875,80,HIGH,Suspicious process behavior detected.
2026-09-15 11:33:01,13781,Google Chrome Helper (Renderer),0.0,0.9725570678710938,80,HIGH,Suspicious process behavior detected.
2026-09-15 11:33:01,13795,com.apple.appkit.xpc.openAndSavePanelService,0.1,0.28743743896484375,80,HIGH,Suspicious process behavior detected.
2026-09-15 11:33:01,14397,Siri,0.2,0.1651763916015625,80,HIGH,Suspicious process behavior detected.
2026-09-15 11:33:01,14505,SiriNCService,0.1,0.150299072265625,80,HIGH,Suspicious process behavior detected.
2026-09-15 11:33:01,15256,Code Helper (Renderer),0.2,0.9912490844726562,80,HIGH,Suspicious process behavior detected.
2026-09-15 11:33:01,15313,screencaptureui,1.1,0.20580291748046875,80,HIGH,Suspicious process behavior detected.
2026-09-15 11:33:01,16597,python3.12,42.3,0.21991729736328125,80,HIGH,Suspicious process behavior detected.
2026-09-15 11:33:01,16631,ServiceExtension,0.1,0.26607513427734375,80,HIGH,Suspicious process behavior detected.
2026-09-15 11:33:01,17354,Google Chrome Helper (Renderer),0.0,1.1823654174804688,80,HIGH,Suspicious process behavior detected.
2026-09-15 11:33:01,17363,Google Chrome Helper (Renderer),0.0,1.2943267822265625,80,HIGH,Suspicious process behavior detected.
2026-09-15 11:33:01,17375,Google Chrome Helper (Renderer),0.1,1.8274307250976562,80,HIGH,Suspicious process behavior detected.
2026-09-15 11:33:01,17376,Google Chrome Helper,0.0,0.48980712890625,80,HIGH,Suspicious process behavior detected.
2026-09-15 11:33:01,17839,Google Chrome Helper (Renderer),0.1,1.2004852294921875,80,HIGH,Suspicious process behavior detected.
2026-09-15 11:33:01,17846,Google Chrome Helper (Renderer),0.0,1.9250869750976562,80,HIGH,Suspicious process behavior detected.
2026-09-15 11:33:01,17856,Google Chrome Helper,0.0,0.5189895629882812,80,HIGH,Suspicious process behavior detected.
2026-09-15 11:33:01,17864,Google Chrome Helper (Renderer),5.3,2.1776199340820312,80,HIGH,Suspicious process behavior detected.
2026-09-15 11:33:01,17896,Google Chrome Helper (Renderer),0.1,0.940704345703125,80,HIGH,Suspicious process behavior detected.
2026-09-15 11:33:01,17901,mdworker_shared,0.3,0.19092559814453125,80,HIGH,Suspicious process behavior detected.
2026-09-15 11:33:01,17908,mdworker_shared,0.2,0.189208984375,80,HIGH,Suspicious process behavior detected.
2026-09-15 11:33:07,560,ControlCenter,0.5,0.37822723388671875,80,HIGH,Suspicious process behavior detected.
2026-09-15 11:33:07,568,AXVisualSupportAgent,0.1,0.16689300537109375,80,HIGH,Suspicious process behavior detected.
2026-09-15 11:33:07,587,com.apple.hiservices-xpcservice,0.1,0.04177093505859375,80,HIGH,Suspicious process behavior detected.
2026-09-15 11:33:07,602,fileproviderd,0.1,0.135040283203125,80,HIGH,Suspicious process behavior detected.
2026-09-15 11:33:07,718,corespotlightd,0.0,0.5619049072265625,80,HIGH,Suspicious process behavior detected.
2026-09-15 11:33:07,730,Spotify,0.1,0.9723663330078125,80,HIGH,Suspicious process behavior detected.
2026-09-15 11:33:07,747,Spotify Helper,0.2,0.17528533935546875,80,HIGH,Suspicious process behavior detected.
2026-09-15 11:33:07,755,Grammarly Desktop,0.6,0.7213592529296875,80,HIGH,Suspicious process behavior detected.
2026-09-15 11:33:07,913,app_inkwell,0.1,0.28438568115234375,80,HIGH,Suspicious process behavior detected.
2026-09-15 11:33:07,916,com.apple.WebKit.WebContent,0.2,1.1819839477539062,80,HIGH,Suspicious process behavior detected.
2026-09-15 11:33:07,919,com.apple.WebKit.Networking,0.5,0.22869110107421875,80,HIGH,Suspicious process behavior detected.
2026-09-15 11:33:07,932,com.apple.WebKit.WebContent,0.2,0.6994247436523438,80,HIGH,Suspicious process behavior detected.
2026-09-15 11:33:07,957,Google Chrome,2.6,3.148651123046875,80,HIGH,Suspicious process behavior detected.
2026-09-15 11:33:07,963,Google Chrome Helper,1.8,0.8813858032226562,80,HIGH,Suspicious process behavior detected.
2026-09-15 11:33:07,964,Google Chrome Helper,0.6,0.8647918701171875,80,HIGH,Suspicious process behavior detected.
2026-09-15 11:33:08,2096,com.apple.WebKit.WebContent,0.2,0.4123687744140625,80,HIGH,Suspicious process behavior detected.
2026-09-15 11:33:08,2641,Google Chrome Helper (Renderer),0.0,0.6921768188476562,80,HIGH,Suspicious process behavior detected.
2026-09-15 11:33:08,2672,Google Chrome Helper (Renderer),0.1,1.3021469116210938,80,HIGH,Suspicious process behavior detected.
2026-09-15 11:33:08,2826,Code,5.2,1.721954345703125,80,HIGH,Suspicious process behavior detected.
2026-09-15 11:33:08,2833,Code Helper,2.3,0.8443832397460938,80,HIGH,Suspicious process behavior detected.
2026-09-15 11:33:08,2835,Code Helper (Renderer),0.8,3.9113998413085938,80,HIGH,Suspicious process behavior detected.
2026-09-15 11:33:08,2852,Code Helper,0.0,0.714874267578125,80,HIGH,Suspicious process behavior detected.
2026-09-15 11:33:08,2878,Code Helper,0.1,0.3376007080078125,80,HIGH,Suspicious process behavior detected.
2026-09-15 11:33:08,2913,Code Helper,0.6,0.6124496459960938,80,HIGH,Suspicious process behavior detected.
2026-09-15 11:33:08,3033,Code Helper,0.1,0.32672882080078125,80,HIGH,Suspicious process behavior detected.
2026-09-15 11:33:08,3034,Code Helper (Plugin),0.2,0.9428024291992188,80,HIGH,Suspicious process behavior detected.
2026-09-15 11:33:08,4194,Code Helper (Plugin),0.0,0.5794525146484375,80,HIGH,Suspicious process behavior detected.
2026-09-15 11:33:08,8323,Google Chrome Helper (Renderer),0.0,0.4638671875,80,HIGH,Suspicious process behavior detected.
2026-09-15 11:33:08,13781,Google Chrome Helper (Renderer),0.0,0.9725570678710938,80,HIGH,Suspicious process behavior detected.
2026-09-15 11:33:08,13795,com.apple.appkit.xpc.openAndSavePanelService,0.1,0.290679931640625,80,HIGH,Suspicious process behavior detected.
2026-09-15 11:33:08,14397,Siri,0.2,0.16460418701171875,80,HIGH,Suspicious process behavior detected.
2026-09-15 11:33:08,14505,SiriNCService,0.1,0.15087127685546875,80,HIGH,Suspicious process behavior detected.
2026-09-15 11:33:08,15256,Code Helper (Renderer),0.3,0.9765625,80,HIGH,Suspicious process behavior detected.
2026-09-15 11:33:08,16276,python3.12,0.4,0.13942718505859375,80,HIGH,Suspicious process behavior detected.
2026-09-15 11:33:08,16597,python3.12,42.9,0.5380630493164062,80,HIGH,Suspicious process behavior detected.
2026-09-15 11:33:08,17354,Google Chrome Helper (Renderer),0.0,1.1823654174804688,80,HIGH,Suspicious process behavior detected.
2026-09-15 11:33:08,17363,Google Chrome Helper (Renderer),0.0,1.3031005859375,80,HIGH,Suspicious process behavior detected.
2026-09-15 11:33:08,17375,Google Chrome Helper (Renderer),0.0,1.9311904907226562,80,HIGH,Suspicious process behavior detected.
2026-09-15 11:33:08,17376,Google Chrome Helper,0.0,0.48980712890625,80,HIGH,Suspicious process behavior detected.
2026-09-15 11:33:08,17839,Google Chrome Helper (Renderer),0.0,1.2134552001953125,80,HIGH,Suspicious process behavior detected.
2026-09-15 11:33:08,17846,Google Chrome Helper (Renderer),0.0,1.95465087890625,80,HIGH,Suspicious process behavior detected.
2026-09-15 11:33:08,17856,Google Chrome Helper,0.0,0.5189895629882812,80,HIGH,Suspicious process behavior detected.
2026-09-15 11:33:08,17864,Google Chrome Helper (Renderer),1.9,2.8614044189453125,80,HIGH,Suspicious process behavior detected.
2026-09-15 11:33:08,17896,Google Chrome Helper (Renderer),0.0,0.9685516357421875,80,HIGH,Suspicious process behavior detected.
2026-09-15 11:33:14,543,distnoted,0.2,0.0469207763671875,80,HIGH,Suspicious process behavior detected.
2026-09-15 11:33:14,544,cfprefsd,0.3,0.05435943603515625,80,HIGH,Suspicious process behavior detected.
2026-09-15 11:33:14,553,WindowManager,2.3,0.27618408203125,80,HIGH,Suspicious process behavior detected.
2026-09-15 11:33:14,559,Dock,0.4,0.22602081298828125,80,HIGH,Suspicious process behavior detected.
2026-09-15 11:33:14,560,ControlCenter,0.8,0.3787994384765625,80,HIGH,Suspicious process behavior detected.
2026-09-15 11:33:14,564,Finder,0.2,0.3421783447265625,80,HIGH,Suspicious process behavior detected.
2026-09-15 11:33:14,568,AXVisualSupportAgent,1.9,0.16918182373046875,80,HIGH,Suspicious process behavior detected.
2026-09-15 11:33:14,580,trustd,0.4,0.1094818115234375,80,HIGH,Suspicious process behavior detected.
2026-09-15 11:33:14,596,callservicesd,0.1,0.15010833740234375,80,HIGH,Suspicious process behavior detected.
2026-09-15 11:33:14,602,fileproviderd,0.3,0.13446807861328125,80,HIGH,Suspicious process behavior detected.
2026-09-15 11:33:14,643,useractivityd,0.1,0.0827789306640625,80,HIGH,Suspicious process behavior detected.
2026-09-15 11:33:14,666,ContextStoreAgent,2.2,0.1678466796875,80,HIGH,Suspicious process behavior detected.
2026-09-15 11:33:14,668,BiomeAgent,2.7,0.13637542724609375,80,HIGH,Suspicious process behavior detected.
2026-09-15 11:33:14,683,imagent,0.1,0.141143798828125,80,HIGH,Suspicious process behavior detected.
2026-09-15 11:33:14,686,TextInputMenuAgent,0.1,0.12912750244140625,80,HIGH,Suspicious process behavior detected.
2026-09-15 11:33:14,713,Spotlight,0.7,0.31299591064453125,80,HIGH,Suspicious process behavior detected.
2026-09-15 11:33:14,714,CursorUIViewService,0.1,0.17223358154296875,80,HIGH,Suspicious process behavior detected.
2026-09-15 11:33:14,717,OneDrive,0.1,0.3070831298828125,80,HIGH,Suspicious process behavior detected.
2026-09-15 11:33:14,718,corespotlightd,0.2,0.5594253540039062,80,HIGH,Suspicious process behavior detected.
2026-09-15 11:33:14,722,duetexpertd,0.1,0.29144287109375,80,HIGH,Suspicious process behavior detected.
2026-09-15 11:33:14,730,Spotify,0.2,0.9067535400390625,80,HIGH,Suspicious process behavior detected.
2026-09-15 11:33:14,747,Spotify Helper,0.2,0.1758575439453125,80,HIGH,Suspicious process behavior detected.
2026-09-15 11:33:14,755,Grammarly Desktop,2.5,0.72174072265625,80,HIGH,Suspicious process behavior detected.
2026-09-15 11:33:14,913,app_inkwell,6.1,0.27980804443359375,80,HIGH,Suspicious process behavior detected.
2026-09-15 11:33:14,916,com.apple.WebKit.WebContent,7.3,1.2025833129882812,80,HIGH,Suspicious process behavior detected.
2026-09-15 11:33:14,919,com.apple.WebKit.Networking,7.3,0.2246856689453125,80,HIGH,Suspicious process behavior detected.
2026-09-15 11:33:14,930,com.apple.WebKit.WebContent,0.1,0.22487640380859375,80,HIGH,Suspicious process behavior detected.
2026-09-15 11:33:14,931,com.apple.WebKit.WebContent,0.3,0.43659210205078125,80,HIGH,Suspicious process behavior detected.
2026-09-15 11:33:14,932,com.apple.WebKit.WebContent,0.5,0.7108688354492188,80,HIGH,Suspicious process behavior detected.
2026-09-15 11:33:14,957,Google Chrome,4.9,3.1293869018554688,80,HIGH,Suspicious process behavior detected.
2026-09-15 11:33:14,963,Google Chrome Helper,2.3,0.8855819702148438,80,HIGH,Suspicious process behavior detected.
2026-09-15 11:33:14,964,Google Chrome Helper,0.3,0.8678436279296875,80,HIGH,Suspicious process behavior detected.
2026-09-15 11:33:14,2095,com.apple.WebKit.WebContent,0.1,0.27523040771484375,80,HIGH,Suspicious process behavior detected.
2026-09-15 11:33:14,2096,com.apple.WebKit.WebContent,0.4,0.41828155517578125,80,HIGH,Suspicious process behavior detected.
2026-09-15 11:33:14,2641,Google Chrome Helper (Renderer),0.0,0.6921768188476562,80,HIGH,Suspicious process behavior detected.
2026-09-15 11:33:14,2672,Google Chrome Helper (Renderer),0.6,1.2586593627929688,80,HIGH,Suspicious process behavior detected.
2026-09-15 11:33:14,2826,Code,10.1,1.3582229614257812,80,HIGH,Suspicious process behavior detected.
2026-09-15 11:33:14,2833,Code Helper,2.2,0.9462356567382812,80,HIGH,Suspicious process behavior detected.
2026-09-15 11:33:14,2834,Code Helper,0.2,0.33283233642578125,80,HIGH,Suspicious process behavior detected.
2026-09-15 11:33:14,2835,Code Helper (Renderer),21.4,3.9773941040039062,80,HIGH,Suspicious process behavior detected.
2026-09-15 11:33:14,2852,Code Helper,1.7,0.6803512573242188,80,HIGH,Suspicious process behavior detected.
2026-09-15 11:33:14,2878,Code Helper,0.1,0.33626556396484375,80,HIGH,Suspicious process behavior detected.
2026-09-15 11:33:14,2913,Code Helper,0.3,0.624847412109375,80,HIGH,Suspicious process behavior detected.
2026-09-15 11:33:14,3033,Code Helper,0.1,0.3238677978515625,80,HIGH,Suspicious process behavior detected.
2026-09-15 11:33:14,3034,Code Helper (Plugin),1.0,1.0560989379882812,80,HIGH,Suspicious process behavior detected.
2026-09-15 11:33:14,4194,Code Helper (Plugin),0.1,0.5794525146484375,80,HIGH,Suspicious process behavior detected.
2026-09-15 11:33:14,8323,Google Chrome Helper (Renderer),0.0,0.45680999755859375,80,HIGH,Suspicious process behavior detected.
2026-09-15 11:33:15,9069,searchpartyuseragent,0.1,0.1422882080078125,80,HIGH,Suspicious process behavior detected.
2026-09-15 11:33:15,9572,proactived,0.3,0.12722015380859375,80,HIGH,Suspicious process behavior detected.
2026-09-15 11:33:15,13781,Google Chrome Helper (Renderer),0.0,0.9723663330078125,80,HIGH,Suspicious process behavior detected.
2026-09-15 11:33:15,13795,com.apple.appkit.xpc.openAndSavePanelService,0.2,0.29163360595703125,80,HIGH,Suspicious process behavior detected.
2026-09-15 11:33:15,14397,Siri,0.1,0.1644134521484375,80,HIGH,Suspicious process behavior detected.
2026-09-15 11:33:15,15256,Code Helper (Renderer),1.3,0.8716583251953125,80,HIGH,Suspicious process behavior detected.
2026-09-15 11:33:15,15313,screencaptureui,2.6,0.2071380615234375,80,HIGH,Suspicious process behavior detected.
2026-09-15 11:33:15,16276,python3.12,0.4,0.1384735107421875,80,HIGH,Suspicious process behavior detected.
2026-09-15 11:33:15,16597,python3.12,43.0,0.5411148071289062,80,HIGH,Suspicious process behavior detected.
2026-09-15 11:33:15,17354,Google Chrome Helper (Renderer),0.0,1.2224197387695312,80,HIGH,Suspicious process behavior detected.
2026-09-15 11:33:15,17363,Google Chrome Helper (Renderer),0.0,1.2493133544921875,80,HIGH,Suspicious process behavior detected.
2026-09-15 11:33:15,17375,Google Chrome Helper (Renderer),0.2,1.9441604614257812,80,HIGH,Suspicious process behavior detected.
2026-09-15 11:33:15,17376,Google Chrome Helper,0.0,0.48961639404296875,80,HIGH,Suspicious process behavior detected.
2026-09-15 11:33:15,17839,Google Chrome Helper (Renderer),0.0,1.1234283447265625,80,HIGH,Suspicious process behavior detected.
2026-09-15 11:33:15,17846,Google Chrome Helper (Renderer),0.0,1.5363693237304688,80,HIGH,Suspicious process behavior detected.
2026-09-15 11:33:15,17856,Google Chrome Helper,0.0,0.5189895629882812,80,HIGH,Suspicious process behavior detected.
2026-09-15 11:33:15,17864,Google Chrome Helper (Renderer),0.7,2.935028076171875,80,HIGH,Suspicious process behavior detected.
2026-09-15 11:33:15,17896,Google Chrome Helper (Renderer),0.0,0.8974075317382812,80,HIGH,Suspicious process behavior detected.
2026-09-15 11:33:15,17901,mdworker_shared,0.2,0.20904541015625,80,HIGH,Suspicious process behavior detected.
2026-09-15 11:33:15,17919,mdworker_shared,0.2,0.19626617431640625,80,HIGH,Suspicious process behavior detected.
2026-09-15 11:33:21,560,ControlCenter,0.4,0.377655029296875,80,HIGH,Suspicious process behavior detected.
2026-09-15 11:33:21,568,AXVisualSupportAgent,2.3,0.16727447509765625,80,HIGH,Suspicious process behavior detected.
2026-09-15 11:33:21,602,fileproviderd,0.2,0.13446807861328125,80,HIGH,Suspicious process behavior detected.
2026-09-15 11:33:21,717,OneDrive,0.1,0.30384063720703125,80,HIGH,Suspicious process behavior detected.
2026-09-15 11:33:21,718,corespotlightd,0.0,0.5573272705078125,80,HIGH,Suspicious process behavior detected.
2026-09-15 11:33:21,730,Spotify,0.3,0.81939697265625,80,HIGH,Suspicious process behavior detected.
2026-09-15 11:33:21,747,Spotify Helper,0.3,0.1735687255859375,80,HIGH,Suspicious process behavior detected.
2026-09-15 11:33:21,755,Grammarly Desktop,2.3,0.7413864135742188,80,HIGH,Suspicious process behavior detected.
2026-09-15 11:33:21,913,app_inkwell,2.9,0.26950836181640625,80,HIGH,Suspicious process behavior detected.
2026-09-15 11:33:21,916,com.apple.WebKit.WebContent,10.0,0.7572174072265625,80,HIGH,Suspicious process behavior detected.
2026-09-15 11:33:21,919,com.apple.WebKit.Networking,10.2,0.2178192138671875,80,HIGH,Suspicious process behavior detected.
2026-09-15 11:33:21,930,com.apple.WebKit.WebContent,0.1,0.135040283203125,80,HIGH,Suspicious process behavior detected.
2026-09-15 11:33:21,931,com.apple.WebKit.WebContent,0.4,0.351715087890625,80,HIGH,Suspicious process behavior detected.
2026-09-15 11:33:21,932,com.apple.WebKit.WebContent,0.6,0.39825439453125,80,HIGH,Suspicious process behavior detected.
2026-09-15 11:33:21,957,Google Chrome,9.9,3.17230224609375,80,HIGH,Suspicious process behavior detected.
2026-09-15 11:33:21,963,Google Chrome Helper,1.8,0.9366989135742188,80,HIGH,Suspicious process behavior detected.
2026-09-15 11:33:21,964,Google Chrome Helper,0.5,0.8502960205078125,80,HIGH,Suspicious process behavior detected.
2026-09-15 11:33:21,2095,com.apple.WebKit.WebContent,0.1,0.1377105712890625,80,HIGH,Suspicious process behavior detected.
2026-09-15 11:33:21,2096,com.apple.WebKit.WebContent,0.5,0.3253936767578125,80,HIGH,Suspicious process behavior detected.
2026-09-15 11:33:21,2641,Google Chrome Helper (Renderer),0.0,0.6845474243164062,80,HIGH,Suspicious process behavior detected.
2026-09-15 11:33:21,2672,Google Chrome Helper (Renderer),0.7,1.253509521484375,80,HIGH,Suspicious process behavior detected.
2026-09-15 11:33:21,2826,Code,3.0,1.52587890625,80,HIGH,Suspicious process behavior detected.
2026-09-15 11:33:21,2833,Code Helper,1.4,0.6803512573242188,80,HIGH,Suspicious process behavior detected.
2026-09-15 11:33:21,2835,Code Helper (Renderer),0.5,4.1141510009765625,80,HIGH,Suspicious process behavior detected.
2026-09-15 11:33:21,2852,Code Helper,0.0,1.0869979858398438,80,HIGH,Suspicious process behavior detected.
2026-09-15 11:33:21,2913,Code Helper,0.5,0.5407333374023438,80,HIGH,Suspicious process behavior detected.
2026-09-15 11:33:21,3033,Code Helper,0.1,0.32405853271484375,80,HIGH,Suspicious process behavior detected.
2026-09-15 11:33:21,3034,Code Helper (Plugin),0.2,1.1569976806640625,80,HIGH,Suspicious process behavior detected.
2026-09-15 11:33:21,4194,Code Helper (Plugin),0.0,0.7810592651367188,80,HIGH,Suspicious process behavior detected.
2026-09-15 11:33:21,8323,Google Chrome Helper (Renderer),0.0,0.45680999755859375,80,HIGH,Suspicious process behavior detected.
2026-09-15 11:33:21,9681,AppleSpell,0.1,0.33168792724609375,80,HIGH,Suspicious process behavior detected.
2026-09-15 11:33:22,13781,Google Chrome Helper (Renderer),0.0,0.9710311889648438,80,HIGH,Suspicious process behavior detected.
2026-09-15 11:33:22,15256,Code Helper (Renderer),0.2,0.8852005004882812,80,HIGH,Suspicious process behavior detected.
2026-09-15 11:33:22,15313,screencaptureui,1.4,0.20580291748046875,80,HIGH,Suspicious process behavior detected.
2026-09-15 11:33:22,16597,python3.12,42.8,0.3509521484375,80,HIGH,Suspicious process behavior detected.
2026-09-15 11:33:22,16631,ServiceExtension,0.1,0.27561187744140625,80,HIGH,Suspicious process behavior detected.
2026-09-15 11:33:22,17354,Google Chrome Helper (Renderer),0.0,1.22222900390625,80,HIGH,Suspicious process behavior detected.
2026-09-15 11:33:22,17363,Google Chrome Helper (Renderer),0.0,1.3233184814453125,80,HIGH,Suspicious process behavior detected.
2026-09-15 11:33:22,17375,Google Chrome Helper (Renderer),0.0,1.7940521240234375,80,HIGH,Suspicious process behavior detected.
2026-09-15 11:33:22,17376,Google Chrome Helper,0.0,0.4894256591796875,80,HIGH,Suspicious process behavior detected.
2026-09-15 11:33:22,17846,Google Chrome Helper (Renderer),0.6,1.7429351806640625,80,HIGH,Suspicious process behavior detected.
2026-09-15 11:33:22,17856,Google Chrome Helper,0.0,0.518798828125,80,HIGH,Suspicious process behavior detected.
2026-09-15 11:33:22,17864,Google Chrome Helper (Renderer),3.0,2.8902053833007812,80,HIGH,Suspicious process behavior detected.
2026-09-15 11:33:22,17919,mdworker_shared,0.1,0.19683837890625,80,HIGH,Suspicious process behavior detected.
2026-09-15 11:33:28,544,cfprefsd,0.1,0.04901885986328125,80,HIGH,Suspicious process behavior detected.
2026-09-15 11:33:28,560,ControlCenter,0.5,0.3772735595703125,80,HIGH,Suspicious process behavior detected.
2026-09-15 11:33:28,564,Finder,0.1,0.34503936767578125,80,HIGH,Suspicious process behavior detected.
2026-09-15 11:33:28,568,AXVisualSupportAgent,0.1,0.16536712646484375,80,HIGH,Suspicious process behavior detected.
2026-09-15 11:33:28,602,fileproviderd,0.2,0.135040283203125,80,HIGH,Suspicious process behavior detected.
2026-09-15 11:33:28,718,corespotlightd,0.0,0.5550384521484375,80,HIGH,Suspicious process behavior detected.
2026-09-15 11:33:28,730,Spotify,0.3,0.7047653198242188,80,HIGH,Suspicious process behavior detected.
2026-09-15 11:33:28,747,Spotify Helper,0.2,0.16345977783203125,80,HIGH,Suspicious process behavior detected.
2026-09-15 11:33:28,755,Grammarly Desktop,0.9,0.7410049438476562,80,HIGH,Suspicious process behavior detected.
2026-09-15 11:33:28,913,app_inkwell,0.4,0.272369384765625,80,HIGH,Suspicious process behavior detected.
2026-09-15 11:33:28,916,com.apple.WebKit.WebContent,2.9,0.780487060546875,80,HIGH,Suspicious process behavior detected.
2026-09-15 11:33:28,919,com.apple.WebKit.Networking,2.5,0.20885467529296875,80,HIGH,Suspicious process behavior detected.
2026-09-15 11:33:28,932,com.apple.WebKit.WebContent,0.1,0.3963470458984375,80,HIGH,Suspicious process behavior detected.
2026-09-15 11:33:28,957,Google Chrome,2.1,3.2321929931640625,80,HIGH,Suspicious process behavior detected.
2026-09-15 11:33:28,963,Google Chrome Helper,0.3,0.9334564208984375,80,HIGH,Suspicious process behavior detected.
2026-09-15 11:33:28,964,Google Chrome Helper,0.5,0.8411407470703125,80,HIGH,Suspicious process behavior detected.
2026-09-15 11:33:28,2641,Google Chrome Helper (Renderer),0.0,0.7593154907226562,80,HIGH,Suspicious process behavior detected.
2026-09-15 11:33:28,2672,Google Chrome Helper (Renderer),0.1,1.4711380004882812,80,HIGH,Suspicious process behavior detected.
2026-09-15 11:33:28,2826,Code,2.0,1.8039703369140625,80,HIGH,Suspicious process behavior detected.
2026-09-15 11:33:28,2833,Code Helper,0.9,0.8363723754882812,80,HIGH,Suspicious process behavior detected.
2026-09-15 11:33:28,2834,Code Helper,0.1,0.3437042236328125,80,HIGH,Suspicious process behavior detected.
2026-09-15 11:33:28,2835,Code Helper (Renderer),1.4,4.1492462158203125,80,HIGH,Suspicious process behavior detected.
2026-09-15 11:33:28,2852,Code Helper,0.0,0.9067535400390625,80,HIGH,Suspicious process behavior detected.
2026-09-15 11:33:28,2913,Code Helper,0.4,0.5374908447265625,80,HIGH,Suspicious process behavior detected.
2026-09-15 11:33:28,3033,Code Helper,0.2,0.323486328125,80,HIGH,Suspicious process behavior detected.
2026-09-15 11:33:28,3034,Code Helper (Plugin),0.4,1.1478424072265625,80,HIGH,Suspicious process behavior detected.
2026-09-15 11:33:28,4194,Code Helper (Plugin),0.2,0.7785797119140625,80,HIGH,Suspicious process behavior detected.
2026-09-15 11:33:28,8323,Google Chrome Helper (Renderer),0.0,0.49648284912109375,80,HIGH,Suspicious process behavior detected.
2026-09-15 11:33:28,8324,Google Chrome Helper (Renderer),0.0,0.6048202514648438,80,HIGH,Suspicious process behavior detected.
2026-09-15 11:33:28,13781,Google Chrome Helper (Renderer),0.0,1.0236740112304688,80,HIGH,Suspicious process behavior detected.
2026-09-15 11:33:28,13795,com.apple.appkit.xpc.openAndSavePanelService,0.1,0.2910614013671875,80,HIGH,Suspicious process behavior detected.
2026-09-15 11:33:29,15256,Code Helper (Renderer),0.1,0.890350341796875,80,HIGH,Suspicious process behavior detected.
2026-09-15 11:33:29,15313,screencaptureui,0.4,0.20656585693359375,80,HIGH,Suspicious process behavior detected.
2026-09-15 11:33:29,16276,python3.12,0.5,0.14591217041015625,80,HIGH,Suspicious process behavior detected.
2026-09-15 11:33:29,16597,python3.12,42.4,0.5458831787109375,80,HIGH,Suspicious process behavior detected.
2026-09-15 11:33:29,17354,Google Chrome Helper (Renderer),0.0,1.2292861938476562,80,HIGH,Suspicious process behavior detected.
2026-09-15 11:33:29,17363,Google Chrome Helper (Renderer),0.0,1.3483047485351562,80,HIGH,Suspicious process behavior detected.
2026-09-15 11:33:29,17375,Google Chrome Helper (Renderer),0.1,1.7894744873046875,80,HIGH,Suspicious process behavior detected.
2026-09-15 11:33:29,17376,Google Chrome Helper,0.0,0.495147705078125,80,HIGH,Suspicious process behavior detected.
2026-09-15 11:33:29,17846,Google Chrome Helper (Renderer),0.0,1.8457412719726562,80,HIGH,Suspicious process behavior detected.
2026-09-15 11:33:29,17856,Google Chrome Helper,0.0,0.5308151245117188,80,HIGH,Suspicious process behavior detected.
2026-09-15 11:33:29,17864,Google Chrome Helper (Renderer),1.0,2.5545120239257812,80,HIGH,Suspicious process behavior detected.
2026-09-15 11:33:29,17919,mdworker_shared,0.2,0.1964569091796875,80,HIGH,Suspicious process behavior detected.
2026-09-15 11:33:35,544,cfprefsd,0.2,0.04863739013671875,80,HIGH,Suspicious process behavior detected.
2026-09-15 11:33:35,549,UserEventAgent,0.2,0.07781982421875,80,HIGH,Suspicious process behavior detected.
2026-09-15 11:33:35,553,WindowManager,4.6,0.2593994140625,80,HIGH,Suspicious process behavior detected.
2026-09-15 11:33:35,560,ControlCenter,0.3,0.37059783935546875,80,HIGH,Suspicious process behavior detected.
2026-09-15 11:33:35,564,Finder,0.1,0.344085693359375,80,HIGH,Suspicious process behavior detected.
2026-09-15 11:33:35,568,AXVisualSupportAgent,1.6,0.16193389892578125,80,HIGH,Suspicious process behavior detected.
2026-09-15 11:33:35,580,trustd,0.5,0.106048583984375,80,HIGH,Suspicious process behavior detected.
2026-09-15 11:33:35,590,containermanagerd,0.8,0.0431060791015625,80,HIGH,Suspicious process behavior detected.
2026-09-15 11:33:35,602,fileproviderd,0.1,0.13523101806640625,80,HIGH,Suspicious process behavior detected.
2026-09-15 11:33:35,608,ViewBridgeAuxiliary,0.3,0.08525848388671875,80,HIGH,Suspicious process behavior detected.
2026-09-15 11:33:35,644,com.apple.dock.extra,0.1,0.13561248779296875,80,HIGH,Suspicious process behavior detected.
2026-09-15 11:33:35,646,NotificationCenter,1.2,0.19092559814453125,80,HIGH,Suspicious process behavior detected.
2026-09-15 11:33:35,686,TextInputMenuAgent,0.1,0.130462646484375,80,HIGH,Suspicious process behavior detected.
2026-09-15 11:33:35,714,CursorUIViewService,1.3,0.16269683837890625,80,HIGH,Suspicious process behavior detected.
2026-09-15 11:33:35,718,corespotlightd,0.0,0.5908966064453125,80,HIGH,Suspicious process behavior detected.
2026-09-15 11:33:35,730,Spotify,0.4,0.9622573852539062,80,HIGH,Suspicious process behavior detected.
2026-09-15 11:33:35,755,Grammarly Desktop,1.7,0.7413864135742188,80,HIGH,Suspicious process behavior detected.
2026-09-15 11:33:35,913,app_inkwell,4.0,0.283050537109375,80,HIGH,Suspicious process behavior detected.
2026-09-15 11:33:35,916,com.apple.WebKit.WebContent,6.6,0.853729248046875,80,HIGH,Suspicious process behavior detected.
2026-09-15 11:33:35,919,com.apple.WebKit.Networking,6.7,0.2239227294921875,80,HIGH,Suspicious process behavior detected.
2026-09-15 11:33:35,930,com.apple.WebKit.WebContent,0.1,0.247955322265625,80,HIGH,Suspicious process behavior detected.
2026-09-15 11:33:35,931,com.apple.WebKit.WebContent,0.4,0.38394927978515625,80,HIGH,Suspicious process behavior detected.
2026-09-15 11:33:35,932,com.apple.WebKit.WebContent,0.5,0.40531158447265625,80,HIGH,Suspicious process behavior detected.
2026-09-15 11:33:35,957,Google Chrome,15.2,3.41644287109375,80,HIGH,Suspicious process behavior detected.
2026-09-15 11:33:35,963,Google Chrome Helper,7.7,0.8928298950195312,80,HIGH,Suspicious process behavior detected.
2026-09-15 11:33:35,964,Google Chrome Helper,0.8,0.9080886840820312,80,HIGH,Suspicious process behavior detected.
2026-09-15 11:33:35,2095,com.apple.WebKit.WebContent,0.1,0.25768280029296875,80,HIGH,Suspicious process behavior detected.
2026-09-15 11:33:35,2096,com.apple.WebKit.WebContent,0.4,0.34275054931640625,80,HIGH,Suspicious process behavior detected.
2026-09-15 11:33:35,2641,Google Chrome Helper (Renderer),1.9,0.855255126953125,80,HIGH,Suspicious process behavior detected.
2026-09-15 11:33:35,2672,Google Chrome Helper (Renderer),0.2,1.4892578125,80,HIGH,Suspicious process behavior detected.
2026-09-15 11:33:35,2826,Code,2.3,1.4364242553710938,80,HIGH,Suspicious process behavior detected.
2026-09-15 11:33:35,2833,Code Helper,1.8,0.8026123046875,80,HIGH,Suspicious process behavior detected.
2026-09-15 11:33:35,2834,Code Helper,0.3,0.34313201904296875,80,HIGH,Suspicious process behavior detected.
2026-09-15 11:33:35,2835,Code Helper (Renderer),0.8,3.7778854370117188,80,HIGH,Suspicious process behavior detected.
2026-09-15 11:33:35,2852,Code Helper,3.7,0.9733200073242188,80,HIGH,Suspicious process behavior detected.
2026-09-15 11:33:35,2913,Code Helper,0.6,0.54168701171875,80,HIGH,Suspicious process behavior detected.
2026-09-15 11:33:35,3033,Code Helper,0.1,0.323486328125,80,HIGH,Suspicious process behavior detected.
2026-09-15 11:33:35,3034,Code Helper (Plugin),0.4,0.9876251220703125,80,HIGH,Suspicious process behavior detected.
2026-09-15 11:33:35,3045,Code Helper (Plugin),0.1,0.35991668701171875,80,HIGH,Suspicious process behavior detected.
2026-09-15 11:33:35,4194,Code Helper (Plugin),0.0,0.7761001586914062,80,HIGH,Suspicious process behavior detected.
2026-09-15 11:33:35,6986,accountsd,1.0,0.11692047119140625,80,HIGH,Suspicious process behavior detected.
2026-09-15 11:33:35,8323,Google Chrome Helper (Renderer),0.0,0.49648284912109375,80,HIGH,Suspicious process behavior detected.
2026-09-15 11:33:35,8324,Google Chrome Helper (Renderer),0.0,0.6048202514648438,80,HIGH,Suspicious process behavior detected.
2026-09-15 11:33:35,8326,chronod,3.8,0.11196136474609375,80,HIGH,Suspicious process behavior detected.
2026-09-15 11:33:35,8339,StocksWidget,16.9,0.252532958984375,80,HIGH,Suspicious process behavior detected.
2026-09-15 11:33:35,9069,searchpartyuseragent,0.1,0.17223358154296875,80,HIGH,Suspicious process behavior detected.
2026-09-15 11:33:35,9847,UIKitSystem,0.2,0.16994476318359375,80,HIGH,Suspicious process behavior detected.
2026-09-15 11:33:35,9946,extensionkitservice,0.4,0.0637054443359375,80,HIGH,Suspicious process behavior detected.
2026-09-15 11:33:35,9947,networkserviceproxy,0.9,0.106048583984375,80,HIGH,Suspicious process behavior detected.
2026-09-15 11:33:35,13774,Google Chrome Helper (Renderer),0.0,0.48389434814453125,80,HIGH,Suspicious process behavior detected.
2026-09-15 11:33:35,13781,Google Chrome Helper (Renderer),0.0,1.2987136840820312,80,HIGH,Suspicious process behavior detected.
2026-09-15 11:33:35,13795,com.apple.appkit.xpc.openAndSavePanelService,0.4,0.29144287109375,80,HIGH,Suspicious process behavior detected.
2026-09-15 11:33:35,14603,siriactionsd,1.0,0.1216888427734375,80,HIGH,Suspicious process behavior detected.
2026-09-15 11:33:35,15256,Code Helper (Renderer),0.3,0.8825302124023438,80,HIGH,Suspicious process behavior detected.
2026-09-15 11:33:35,15313,screencaptureui,1.0,0.2040863037109375,80,HIGH,Suspicious process behavior detected.
2026-09-15 11:33:35,16276,python3.12,1.2,0.14019012451171875,80,HIGH,Suspicious process behavior detected.
2026-09-15 11:33:35,16597,python3.12,42.7,0.5407333374023438,80,HIGH,Suspicious process behavior detected.
2026-09-15 11:33:36,17354,Google Chrome Helper (Renderer),0.0,1.2218475341796875,80,HIGH,Suspicious process behavior detected.
2026-09-15 11:33:36,17363,Google Chrome Helper (Renderer),0.0,1.3446807861328125,80,HIGH,Suspicious process behavior detected.
2026-09-15 11:33:36,17375,Google Chrome Helper (Renderer),0.0,1.7065048217773438,80,HIGH,Suspicious process behavior detected.
2026-09-15 11:33:36,17376,Google Chrome Helper,0.0,0.495147705078125,80,HIGH,Suspicious process behavior detected.
2026-09-15 11:33:36,17846,Google Chrome Helper (Renderer),0.0,1.8985748291015625,80,HIGH,Suspicious process behavior detected.
2026-09-15 11:33:36,17856,Google Chrome Helper,0.0,0.5407333374023438,80,HIGH,Suspicious process behavior detected.
2026-09-15 11:33:36,17864,Google Chrome Helper (Renderer),1.7,4.171562194824219,80,HIGH,Suspicious process behavior detected.
2026-09-15 11:33:36,17901,mdworker_shared,0.2,0.199127197265625,80,HIGH,Suspicious process behavior detected.
2026-09-15 11:33:36,17919,mdworker_shared,0.2,0.19626617431640625,80,HIGH,Suspicious process behavior detected.
2026-09-15 11:33:42,543,distnoted,0.3,0.03662109375,80,HIGH,Suspicious process behavior detected.
2026-09-15 11:33:42,544,cfprefsd,0.1,0.05245208740234375,80,HIGH,Suspicious process behavior detected.
2026-09-15 11:33:42,560,ControlCenter,0.5,0.34618377685546875,80,HIGH,Suspicious process behavior detected.
2026-09-15 11:33:42,564,Finder,0.1,0.3108978271484375,80,HIGH,Suspicious process behavior detected.
2026-09-15 11:33:42,568,AXVisualSupportAgent,1.0,0.1613616943359375,80,HIGH,Suspicious process behavior detected.
2026-09-15 11:33:42,575,rapportd,0.1,0.1285552978515625,80,HIGH,Suspicious process behavior detected.
2026-09-15 11:33:42,596,callservicesd,0.1,0.14095306396484375,80,HIGH,Suspicious process behavior detected.
2026-09-15 11:33:42,602,fileproviderd,0.3,0.13408660888671875,80,HIGH,Suspicious process behavior detected.
2026-09-15 11:33:42,666,ContextStoreAgent,0.1,0.17490386962890625,80,HIGH,Suspicious process behavior detected.
2026-09-15 11:33:42,683,imagent,0.2,0.1495361328125,80,HIGH,Suspicious process behavior detected.
2026-09-15 11:33:42,730,Spotify,0.5,0.5533218383789062,80,HIGH,Suspicious process behavior detected.
2026-09-15 11:33:42,747,Spotify Helper,0.1,0.1468658447265625,80,HIGH,Suspicious process behavior detected.
2026-09-15 11:33:42,755,Grammarly Desktop,1.2,0.5634307861328125,80,HIGH,Suspicious process behavior detected.
2026-09-15 11:33:42,913,app_inkwell,2.5,0.26607513427734375,80,HIGH,Suspicious process behavior detected.
2026-09-15 11:33:42,916,com.apple.WebKit.WebContent,3.1,0.6891250610351562,80,HIGH,Suspicious process behavior detected.
2026-09-15 11:33:42,919,com.apple.WebKit.Networking,2.6,0.20618438720703125,80,HIGH,Suspicious process behavior detected.
2026-09-15 11:33:42,932,com.apple.WebKit.WebContent,0.1,0.35858154296875,80,HIGH,Suspicious process behavior detected.
2026-09-15 11:33:42,957,Google Chrome,6.7,2.8285980224609375,80,HIGH,Suspicious process behavior detected.
2026-09-15 11:33:42,963,Google Chrome Helper,1.6,1.00555419921875,80,HIGH,Suspicious process behavior detected.
2026-09-15 11:33:42,964,Google Chrome Helper,0.9,0.7326126098632812,80,HIGH,Suspicious process behavior detected.
2026-09-15 11:33:42,966,Google Chrome Helper,0.1,0.18558502197265625,80,HIGH,Suspicious process behavior detected.
2026-09-15 11:33:42,2096,com.apple.WebKit.WebContent,0.0,0.5418777465820312,80,HIGH,Suspicious process behavior detected.
2026-09-15 11:33:42,2641,Google Chrome Helper (Renderer),0.0,0.8235931396484375,80,HIGH,Suspicious process behavior detected.
2026-09-15 11:33:42,2672,Google Chrome Helper (Renderer),0.2,1.1898040771484375,80,HIGH,Suspicious process behavior detected.
2026-09-15 11:33:42,2826,Code,0.0,1.4749526977539062,80,HIGH,Suspicious process behavior detected.
2026-09-15 11:33:42,2833,Code Helper,0.4,0.8037567138671875,80,HIGH,Suspicious process behavior detected.
2026-09-15 11:33:42,2835,Code Helper (Renderer),0.4,2.61077880859375,80,HIGH,Suspicious process behavior detected.
2026-09-15 11:33:42,2852,Code Helper,0.1,0.9401321411132812,80,HIGH,Suspicious process behavior detected.
2026-09-15 11:33:42,2913,Code Helper,0.6,0.498199462890625,80,HIGH,Suspicious process behavior detected.
2026-09-15 11:33:42,3033,Code Helper,0.1,0.31948089599609375,80,HIGH,Suspicious process behavior detected.
2026-09-15 11:33:42,3034,Code Helper (Plugin),0.3,1.0400772094726562,80,HIGH,Suspicious process behavior detected.
2026-09-15 11:33:42,4143,Code Helper (Plugin),0.1,0.145721435546875,80,HIGH,Suspicious process behavior detected.
2026-09-15 11:33:42,4194,Code Helper (Plugin),0.0,0.5693435668945312,80,HIGH,Suspicious process behavior detected.
2026-09-15 11:33:42,8410,routined,0.3,0.11577606201171875,80,HIGH,Suspicious process behavior detected.
2026-09-15 11:33:42,9069,searchpartyuseragent,0.2,0.164794921875,80,HIGH,Suspicious process behavior detected.
2026-09-15 11:33:42,13781,Google Chrome Helper (Renderer),0.1,1.0234832763671875,80,HIGH,Suspicious process behavior detected.
2026-09-15 11:33:42,13795,com.apple.appkit.xpc.openAndSavePanelService,0.1,0.27942657470703125,80,HIGH,Suspicious process behavior detected.
2026-09-15 11:33:42,15256,Code Helper (Renderer),0.2,0.821685791015625,80,HIGH,Suspicious process behavior detected.
2026-09-15 11:33:42,15313,screencaptureui,0.6,0.2025604248046875,80,HIGH,Suspicious process behavior detected.
2026-09-15 11:33:42,16597,python3.12,42.8,0.20999908447265625,80,HIGH,Suspicious process behavior detected.
2026-09-15 11:33:42,17354,Google Chrome Helper (Renderer),0.0,1.1722564697265625,80,HIGH,Suspicious process behavior detected.
2026-09-15 11:33:42,17363,Google Chrome Helper (Renderer),0.0,1.2319564819335938,80,HIGH,Suspicious process behavior detected.
2026-09-15 11:33:42,17375,Google Chrome Helper (Renderer),5.3,3.9493560791015625,80,HIGH,Suspicious process behavior detected.
2026-09-15 11:33:42,17376,Google Chrome Helper,0.0,0.4886627197265625,80,HIGH,Suspicious process behavior detected.
2026-09-15 11:33:42,17846,Google Chrome Helper (Renderer),0.0,1.4818191528320312,80,HIGH,Suspicious process behavior detected.
2026-09-15 11:33:42,17856,Google Chrome Helper,0.0,0.527191162109375,80,HIGH,Suspicious process behavior detected.
2026-09-15 11:33:42,17864,Google Chrome Helper (Renderer),0.1,2.6638031005859375,80,HIGH,Suspicious process behavior detected.
2026-09-15 11:33:49,560,ControlCenter,0.5,0.35552978515625,80,HIGH,Suspicious process behavior detected.
2026-09-15 11:33:49,564,Finder,0.1,0.33664703369140625,80,HIGH,Suspicious process behavior detected.
2026-09-15 11:33:49,568,AXVisualSupportAgent,0.3,0.1613616943359375,80,HIGH,Suspicious process behavior detected.
2026-09-15 11:33:49,587,com.apple.hiservices-xpcservice,0.5,0.04177093505859375,80,HIGH,Suspicious process behavior detected.
2026-09-15 11:33:49,602,fileproviderd,0.2,0.13427734375,80,HIGH,Suspicious process behavior detected.
2026-09-15 11:33:49,608,ViewBridgeAuxiliary,0.2,0.091552734375,80,HIGH,Suspicious process behavior detected.
2026-09-15 11:33:49,730,Spotify,0.2,0.638580322265625,80,HIGH,Suspicious process behavior detected.
2026-09-15 11:33:49,755,Grammarly Desktop,0.4,0.5779266357421875,80,HIGH,Suspicious process behavior detected.
2026-09-15 11:33:49,916,com.apple.WebKit.WebContent,0.0,0.6925582885742188,80,HIGH,Suspicious process behavior detected.
2026-09-15 11:33:49,932,com.apple.WebKit.WebContent,0.1,0.35228729248046875,80,HIGH,Suspicious process behavior detected.
2026-09-15 11:33:49,957,Google Chrome,0.6,2.959442138671875,80,HIGH,Suspicious process behavior detected.
2026-09-15 11:33:49,963,Google Chrome Helper,0.1,0.9067535400390625,80,HIGH,Suspicious process behavior detected.
2026-09-15 11:33:49,964,Google Chrome Helper,0.2,0.8020401000976562,80,HIGH,Suspicious process behavior detected.
2026-09-15 11:33:49,2096,com.apple.WebKit.WebContent,0.1,0.30460357666015625,80,HIGH,Suspicious process behavior detected.
2026-09-15 11:33:49,2641,Google Chrome Helper (Renderer),0.0,0.7329940795898438,80,HIGH,Suspicious process behavior detected.
2026-09-15 11:33:49,2672,Google Chrome Helper (Renderer),0.2,1.20849609375,80,HIGH,Suspicious process behavior detected.
2026-09-15 11:33:49,2826,Code,5.8,1.708984375,80,HIGH,Suspicious process behavior detected.
2026-09-15 11:33:49,2833,Code Helper,3.4,0.9576797485351562,80,HIGH,Suspicious process behavior detected.
2026-09-15 11:33:49,2834,Code Helper,0.4,0.331878662109375,80,HIGH,Suspicious process behavior detected.
2026-09-15 11:33:49,2835,Code Helper (Renderer),21.5,4.102516174316406,80,HIGH,Suspicious process behavior detected.
2026-09-15 11:33:49,2852,Code Helper,0.0,1.0423660278320312,80,HIGH,Suspicious process behavior detected.
2026-09-15 11:33:49,2913,Code Helper,1.0,0.5346298217773438,80,HIGH,Suspicious process behavior detected.
2026-09-15 11:33:49,3033,Code Helper,0.2,0.34160614013671875,80,HIGH,Suspicious process behavior detected.
2026-09-15 11:33:49,3034,Code Helper (Plugin),1.0,1.1331558227539062,80,HIGH,Suspicious process behavior detected.
2026-09-15 11:33:49,4194,Code Helper (Plugin),0.2,0.601959228515625,80,HIGH,Suspicious process behavior detected.
2026-09-15 11:33:49,13781,Google Chrome Helper (Renderer),0.0,0.9542465209960938,80,HIGH,Suspicious process behavior detected.
2026-09-15 11:33:49,13795,com.apple.appkit.xpc.openAndSavePanelService,0.1,0.284576416015625,80,HIGH,Suspicious process behavior detected.
2026-09-15 11:33:49,14397,Siri,0.7,0.16632080078125,80,HIGH,Suspicious process behavior detected.
2026-09-15 11:33:49,14505,SiriNCService,0.2,0.1514434814453125,80,HIGH,Suspicious process behavior detected.
2026-09-15 11:33:49,15256,Code Helper (Renderer),0.2,0.8602142333984375,80,HIGH,Suspicious process behavior detected.
2026-09-15 11:33:49,16276,python3.12,0.6,0.1308441162109375,80,HIGH,Suspicious process behavior detected.
2026-09-15 11:33:49,16597,python3.12,42.1,0.539398193359375,80,HIGH,Suspicious process behavior detected.
2026-09-15 11:33:49,16631,ServiceExtension,0.1,0.26607513427734375,80,HIGH,Suspicious process behavior detected.
2026-09-15 11:33:49,17354,Google Chrome Helper (Renderer),0.0,1.1722564697265625,80,HIGH,Suspicious process behavior detected.
2026-09-15 11:33:49,17363,Google Chrome Helper (Renderer),0.0,1.2359619140625,80,HIGH,Suspicious process behavior detected.
2026-09-15 11:33:49,17375,Google Chrome Helper (Renderer),0.0,3.9562225341796875,80,HIGH,Suspicious process behavior detected.
2026-09-15 11:33:49,17376,Google Chrome Helper,0.0,0.4955291748046875,80,HIGH,Suspicious process behavior detected.
2026-09-15 11:33:49,17856,Google Chrome Helper,0.0,0.5292892456054688,80,HIGH,Suspicious process behavior detected.
2026-09-15 11:33:49,17864,Google Chrome Helper (Renderer),0.0,2.08892822265625,80,HIGH,Suspicious process behavior detected.
2026-09-15 11:33:49,17983,mdworker_shared,0.6,0.24471282958984375,80,HIGH,Suspicious process behavior detected.
2026-09-15 11:33:55,553,WindowManager,0.2,0.2719879150390625,80,HIGH,Suspicious process behavior detected.
2026-09-15 11:33:55,559,Dock,0.4,0.1918792724609375,80,HIGH,Suspicious process behavior detected.
2026-09-15 11:33:55,560,ControlCenter,1.0,0.36067962646484375,80,HIGH,Suspicious process behavior detected.
2026-09-15 11:33:55,564,Finder,0.1,0.3376007080078125,80,HIGH,Suspicious process behavior detected.
2026-09-15 11:33:55,568,AXVisualSupportAgent,0.5,0.1605987548828125,80,HIGH,Suspicious process behavior detected.
2026-09-15 11:33:55,602,fileproviderd,0.2,0.13446807861328125,80,HIGH,Suspicious process behavior detected.
2026-09-15 11:33:55,707,WiFiAgent,4.1,0.164794921875,80,HIGH,Suspicious process behavior detected.
2026-09-15 11:33:56,713,Spotlight,0.1,0.30651092529296875,80,HIGH,Suspicious process behavior detected.
2026-09-15 11:33:56,730,Spotify,0.3,0.64544677734375,80,HIGH,Suspicious process behavior detected.
2026-09-15 11:33:56,755,Grammarly Desktop,0.5,0.5708694458007812,80,HIGH,Suspicious process behavior detected.
2026-09-15 11:33:56,913,app_inkwell,1.5,0.26607513427734375,80,HIGH,Suspicious process behavior detected.
2026-09-15 11:33:56,916,com.apple.WebKit.WebContent,0.5,2.4446487426757812,80,HIGH,Suspicious process behavior detected.
2026-09-15 11:33:56,919,com.apple.WebKit.Networking,0.2,0.20160675048828125,80,HIGH,Suspicious process behavior detected.
2026-09-15 11:33:56,930,com.apple.WebKit.WebContent,0.1,0.22830963134765625,80,HIGH,Suspicious process behavior detected.
2026-09-15 11:33:56,931,com.apple.WebKit.WebContent,0.1,0.34770965576171875,80,HIGH,Suspicious process behavior detected.
2026-09-15 11:33:56,932,com.apple.WebKit.WebContent,0.1,0.366973876953125,80,HIGH,Suspicious process behavior detected.
2026-09-15 11:33:56,957,Google Chrome,1.3,3.0294418334960938,80,HIGH,Suspicious process behavior detected.
2026-09-15 11:33:56,963,Google Chrome Helper,6.0,0.8876800537109375,80,HIGH,Suspicious process behavior detected.
2026-09-15 11:33:56,964,Google Chrome Helper,0.5,0.8420944213867188,80,HIGH,Suspicious process behavior detected.
2026-09-15 11:33:56,2641,Google Chrome Helper (Renderer),0.1,0.7444381713867188,80,HIGH,Suspicious process behavior detected.
2026-09-15 11:33:56,2672,Google Chrome Helper (Renderer),0.2,1.2271881103515625,80,HIGH,Suspicious process behavior detected.
2026-09-15 11:33:56,2826,Code,2.2,1.4232635498046875,80,HIGH,Suspicious process behavior detected.
2026-09-15 11:33:56,2833,Code Helper,2.6,0.8188247680664062,80,HIGH,Suspicious process behavior detected.
2026-09-15 11:33:56,2834,Code Helper,0.1,0.3322601318359375,80,HIGH,Suspicious process behavior detected.
2026-09-15 11:33:56,2835,Code Helper (Renderer),2.4,4.255485534667969,80,HIGH,Suspicious process behavior detected.
2026-09-15 11:33:56,2852,Code Helper,0.1,1.025390625,80,HIGH,Suspicious process behavior detected.
2026-09-15 11:33:56,2878,Code Helper,0.1,0.34313201904296875,80,HIGH,Suspicious process behavior detected.
2026-09-15 11:33:56,2913,Code Helper,0.6,0.6072998046875,80,HIGH,Suspicious process behavior detected.
2026-09-15 11:33:56,3033,Code Helper,0.2,0.354766845703125,80,HIGH,Suspicious process behavior detected.
2026-09-15 11:33:56,3034,Code Helper (Plugin),0.3,1.2882232666015625,80,HIGH,Suspicious process behavior detected.
2026-09-15 11:33:56,4194,Code Helper (Plugin),0.0,0.6103515625,80,HIGH,Suspicious process behavior detected.
2026-09-15 11:33:56,8323,Google Chrome Helper (Renderer),0.0,0.48084259033203125,80,HIGH,Suspicious process behavior detected.
2026-09-15 11:33:56,8324,Google Chrome Helper (Renderer),0.0,0.4734039306640625,80,HIGH,Suspicious process behavior detected.
2026-09-15 11:33:56,9572,proactived,0.2,0.12760162353515625,80,HIGH,Suspicious process behavior detected.
2026-09-15 11:33:56,13774,Google Chrome Helper (Renderer),0.2,0.44097900390625,80,HIGH,Suspicious process behavior detected.
2026-09-15 11:33:56,13781,Google Chrome Helper (Renderer),0.0,0.9828567504882812,80,HIGH,Suspicious process behavior detected.
2026-09-15 11:33:56,13795,com.apple.appkit.xpc.openAndSavePanelService,0.1,0.28820037841796875,80,HIGH,Suspicious process behavior detected.
2026-09-15 11:33:56,15256,Code Helper (Renderer),0.0,0.8626937866210938,80,HIGH,Suspicious process behavior detected.
2026-09-15 11:33:56,15313,screencaptureui,0.1,0.20294189453125,80,HIGH,Suspicious process behavior detected.
2026-09-15 11:33:56,16276,python3.12,1.4,0.133514404296875,80,HIGH,Suspicious process behavior detected.
2026-09-15 11:33:56,16597,python3.12,43.2,0.5462646484375,80,HIGH,Suspicious process behavior detected.
2026-09-15 11:33:56,17354,Google Chrome Helper (Renderer),0.0,1.2128829956054688,80,HIGH,Suspicious process behavior detected.
2026-09-15 11:33:56,17363,Google Chrome Helper (Renderer),0.0,1.276397705078125,80,HIGH,Suspicious process behavior detected.
2026-09-15 11:33:56,17375,Google Chrome Helper (Renderer),6.8,3.8501739501953125,80,HIGH,Suspicious process behavior detected.
2026-09-15 11:33:56,17376,Google Chrome Helper,0.0,0.4955291748046875,80,HIGH,Suspicious process behavior detected.
2026-09-15 11:33:56,17856,Google Chrome Helper,0.0,0.5292892456054688,80,HIGH,Suspicious process behavior detected.
2026-09-15 11:33:56,17864,Google Chrome Helper (Renderer),0.0,2.2264480590820312,80,HIGH,Suspicious process behavior detected.
2026-09-15 11:33:56,17983,mdworker_shared,0.1,0.304412841796875,80,HIGH,Suspicious process behavior detected.
2026-09-15 11:33:56,17984,mdworker_shared,1.0,0.177764892578125,80,HIGH,Suspicious process behavior detected.
2026-09-15 11:33:56,17991,Google Chrome Helper (Renderer),0.0,1.2281417846679688,80,HIGH,Suspicious process behavior detected.
2026-09-15 11:33:56,17997,mdworker_shared,0.1,0.24356842041015625,80,HIGH,Suspicious process behavior detected.
2026-09-15 11:34:02,560,ControlCenter,0.4,0.36468505859375,80,HIGH,Suspicious process behavior detected.
2026-09-15 11:34:02,564,Finder,0.1,0.328826904296875,80,HIGH,Suspicious process behavior detected.
2026-09-15 11:34:02,568,AXVisualSupportAgent,1.2,0.15869140625,80,HIGH,Suspicious process behavior detected.
2026-09-15 11:34:02,602,fileproviderd,0.2,0.13523101806640625,80,HIGH,Suspicious process behavior detected.
2026-09-15 11:34:02,683,imagent,0.3,0.14591217041015625,80,HIGH,Suspicious process behavior detected.
2026-09-15 11:34:02,722,duetexpertd,1.3,0.25882720947265625,80,HIGH,Suspicious process behavior detected.
2026-09-15 11:34:02,730,Spotify,2.9,0.732421875,80,HIGH,Suspicious process behavior detected.
2026-09-15 11:34:02,748,Spotify Helper,0.1,0.254058837890625,80,HIGH,Suspicious process behavior detected.
2026-09-15 11:34:02,755,Grammarly Desktop,0.7,0.60882568359375,80,HIGH,Suspicious process behavior detected.
2026-09-15 11:34:02,857,Grammarly Desktop Update Service,0.2,0.0873565673828125,80,HIGH,Suspicious process behavior detected.
2026-09-15 11:34:02,913,app_inkwell,2.4,0.27713775634765625,80,HIGH,Suspicious process behavior detected.
2026-09-15 11:34:02,916,com.apple.WebKit.WebContent,0.0,0.7246017456054688,80,HIGH,Suspicious process behavior detected.
2026-09-15 11:34:02,918,com.apple.WebKit.GPU,0.1,0.148773193359375,80,HIGH,Suspicious process behavior detected.
2026-09-15 11:34:02,931,com.apple.WebKit.WebContent,0.0,0.6519317626953125,80,HIGH,Suspicious process behavior detected.
2026-09-15 11:34:02,932,com.apple.WebKit.WebContent,0.1,0.36525726318359375,80,HIGH,Suspicious process behavior detected.
2026-09-15 11:34:02,957,Google Chrome,0.6,2.8278350830078125,80,HIGH,Suspicious process behavior detected.
2026-09-15 11:34:03,963,Google Chrome Helper,0.3,1.0435104370117188,80,HIGH,Suspicious process behavior detected.
2026-09-15 11:34:03,964,Google Chrome Helper,0.1,0.7488250732421875,80,HIGH,Suspicious process behavior detected.
2026-09-15 11:34:03,2641,Google Chrome Helper (Renderer),0.0,0.713348388671875,80,HIGH,Suspicious process behavior detected.
2026-09-15 11:34:03,2672,Google Chrome Helper (Renderer),0.2,1.2115478515625,80,HIGH,Suspicious process behavior detected.
2026-09-15 11:34:03,2826,Code,7.1,1.5460968017578125,80,HIGH,Suspicious process behavior detected.
2026-09-15 11:34:03,2833,Code Helper,3.0,0.872802734375,80,HIGH,Suspicious process behavior detected.
2026-09-15 11:34:03,2834,Code Helper,0.2,0.324249267578125,80,HIGH,Suspicious process behavior detected.
2026-09-15 11:34:03,2835,Code Helper (Renderer),5.0,4.1408538818359375,80,HIGH,Suspicious process behavior detected.
2026-09-15 11:34:03,2852,Code Helper,0.2,0.9853363037109375,80,HIGH,Suspicious process behavior detected.
2026-09-15 11:34:03,2913,Code Helper,0.8,0.5420684814453125,80,HIGH,Suspicious process behavior detected.
2026-09-15 11:34:03,3033,Code Helper,0.1,0.3208160400390625,80,HIGH,Suspicious process behavior detected.
2026-09-15 11:34:03,3034,Code Helper (Plugin),0.2,1.3792037963867188,80,HIGH,Suspicious process behavior detected.
2026-09-15 11:34:03,4194,Code Helper (Plugin),0.0,0.6725311279296875,80,HIGH,Suspicious process behavior detected.
2026-09-15 11:34:03,8410,routined,0.6,0.164031982421875,80,HIGH,Suspicious process behavior detected.
2026-09-15 11:34:03,9069,searchpartyuseragent,0.2,0.13523101806640625,80,HIGH,Suspicious process behavior detected.
2026-09-15 11:34:03,13781,Google Chrome Helper (Renderer),0.0,0.9563446044921875,80,HIGH,Suspicious process behavior detected.
2026-09-15 11:34:03,13795,com.apple.appkit.xpc.openAndSavePanelService,0.1,0.28095245361328125,80,HIGH,Suspicious process behavior detected.
2026-09-15 11:34:03,15256,Code Helper (Renderer),0.0,0.8085250854492188,80,HIGH,Suspicious process behavior detected.
2026-09-15 11:34:03,15313,screencaptureui,0.8,0.201416015625,80,HIGH,Suspicious process behavior detected.
2026-09-15 11:34:03,16276,python3.12,0.4,0.12226104736328125,80,HIGH,Suspicious process behavior detected.
2026-09-15 11:34:03,16597,python3.12,42.0,0.530242919921875,80,HIGH,Suspicious process behavior detected.
2026-09-15 11:34:03,17354,Google Chrome Helper (Renderer),0.0,1.1722564697265625,80,HIGH,Suspicious process behavior detected.
2026-09-15 11:34:03,17375,Google Chrome Helper (Renderer),0.1,3.8997650146484375,80,HIGH,Suspicious process behavior detected.
2026-09-15 11:34:03,17376,Google Chrome Helper,0.0,0.4791259765625,80,HIGH,Suspicious process behavior detected.
2026-09-15 11:34:03,17856,Google Chrome Helper,0.0,0.527191162109375,80,HIGH,Suspicious process behavior detected.
2026-09-15 11:34:03,17864,Google Chrome Helper (Renderer),1.8,1.7200469970703125,80,HIGH,Suspicious process behavior detected.
2026-09-15 11:34:03,17991,Google Chrome Helper (Renderer),0.0,0.9510040283203125,80,HIGH,Suspicious process behavior detected.
2026-09-15 11:34:09,560,ControlCenter,0.4,0.35343170166015625,80,HIGH,Suspicious process behavior detected.
2026-09-15 11:34:09,564,Finder,0.2,0.3360748291015625,80,HIGH,Suspicious process behavior detected.
2026-09-15 11:34:09,568,AXVisualSupportAgent,0.1,0.1552581787109375,80,HIGH,Suspicious process behavior detected.
2026-09-15 11:34:09,587,com.apple.hiservices-xpcservice,0.1,0.041961669921875,80,HIGH,Suspicious process behavior detected.
2026-09-15 11:34:09,602,fileproviderd,0.1,0.13446807861328125,80,HIGH,Suspicious process behavior detected.
2026-09-15 11:34:09,668,BiomeAgent,0.3,0.14095306396484375,80,HIGH,Suspicious process behavior detected.
2026-09-15 11:34:09,722,duetexpertd,1.7,0.24929046630859375,80,HIGH,Suspicious process behavior detected.
2026-09-15 11:34:09,730,Spotify,0.4,0.8478164672851562,80,HIGH,Suspicious process behavior detected.
2026-09-15 11:34:09,748,Spotify Helper,0.3,0.27446746826171875,80,HIGH,Suspicious process behavior detected.
2026-09-15 11:34:09,755,Grammarly Desktop,0.4,0.5826950073242188,80,HIGH,Suspicious process behavior detected.
2026-09-15 11:34:09,913,app_inkwell,0.1,0.2803802490234375,80,HIGH,Suspicious process behavior detected.
2026-09-15 11:34:09,916,com.apple.WebKit.WebContent,0.1,0.7364273071289062,80,HIGH,Suspicious process behavior detected.
2026-09-15 11:34:09,918,com.apple.WebKit.GPU,0.1,0.1537322998046875,80,HIGH,Suspicious process behavior detected.
2026-09-15 11:34:09,919,com.apple.WebKit.Networking,0.4,0.20275115966796875,80,HIGH,Suspicious process behavior detected.
2026-09-15 11:34:09,931,com.apple.WebKit.WebContent,0.2,0.6242752075195312,80,HIGH,Suspicious process behavior detected.
2026-09-15 11:34:09,932,com.apple.WebKit.WebContent,0.1,0.365447998046875,80,HIGH,Suspicious process behavior detected.
2026-09-15 11:34:09,957,Google Chrome,1.5,2.7841567993164062,80,HIGH,Suspicious process behavior detected.
2026-09-15 11:34:09,963,Google Chrome Helper,0.5,0.9904861450195312,80,HIGH,Suspicious process behavior detected.
2026-09-15 11:34:09,964,Google Chrome Helper,1.1,0.7976531982421875,80,HIGH,Suspicious process behavior detected.
2026-09-15 11:34:09,2641,Google Chrome Helper (Renderer),0.0,0.7335662841796875,80,HIGH,Suspicious process behavior detected.
2026-09-15 11:34:09,2672,Google Chrome Helper (Renderer),0.1,1.1920928955078125,80,HIGH,Suspicious process behavior detected.
2026-09-15 11:34:09,2826,Code,2.8,1.5134811401367188,80,HIGH,Suspicious process behavior detected.
2026-09-15 11:34:09,2833,Code Helper,2.8,0.9037017822265625,80,HIGH,Suspicious process behavior detected.
2026-09-15 11:34:09,2834,Code Helper,0.4,0.32749176025390625,80,HIGH,Suspicious process behavior detected.
2026-09-15 11:34:09,2835,Code Helper (Renderer),27.5,3.67889404296875,80,HIGH,Suspicious process behavior detected.
2026-09-15 11:34:09,2852,Code Helper,0.1,1.171875,80,HIGH,Suspicious process behavior detected.
2026-09-15 11:34:09,2913,Code Helper,0.6,0.5514144897460938,80,HIGH,Suspicious process behavior detected.
2026-09-15 11:34:09,3033,Code Helper,0.3,0.31795501708984375,80,HIGH,Suspicious process behavior detected.
2026-09-15 11:34:09,3034,Code Helper (Plugin),0.8,1.1819839477539062,80,HIGH,Suspicious process behavior detected.
2026-09-15 11:34:09,4194,Code Helper (Plugin),0.3,0.577545166015625,80,HIGH,Suspicious process behavior detected.
2026-09-15 11:34:10,13774,Google Chrome Helper (Renderer),0.1,0.42209625244140625,80,HIGH,Suspicious process behavior detected.
2026-09-15 11:34:10,13781,Google Chrome Helper (Renderer),0.7,1.3355255126953125,80,HIGH,Suspicious process behavior detected.
2026-09-15 11:34:10,13795,com.apple.appkit.xpc.openAndSavePanelService,0.2,0.286865234375,80,HIGH,Suspicious process behavior detected.
2026-09-15 11:34:10,14397,Siri,0.1,0.165557861328125,80,HIGH,Suspicious process behavior detected.
2026-09-15 11:34:10,15256,Code Helper (Renderer),0.3,0.8066177368164062,80,HIGH,Suspicious process behavior detected.
2026-09-15 11:34:10,16445,python3.12,0.7,0.05817413330078125,80,HIGH,Suspicious process behavior detected.
2026-09-15 11:34:10,16597,python3.12,42.8,0.22563934326171875,80,HIGH,Suspicious process behavior detected.
2026-09-15 11:34:10,16631,ServiceExtension,0.1,0.2590179443359375,80,HIGH,Suspicious process behavior detected.
2026-09-15 11:34:10,17354,Google Chrome Helper (Renderer),0.0,1.1722564697265625,80,HIGH,Suspicious process behavior detected.
2026-09-15 11:34:10,17375,Google Chrome Helper (Renderer),2.8,3.1175613403320312,80,HIGH,Suspicious process behavior detected.
2026-09-15 11:34:10,17376,Google Chrome Helper,0.0,0.48770904541015625,80,HIGH,Suspicious process behavior detected.
2026-09-15 11:34:10,17418,zsh,0.1,0.02841949462890625,80,HIGH,Suspicious process behavior detected.
2026-09-15 11:34:10,17856,Google Chrome Helper,0.0,0.5268096923828125,80,HIGH,Suspicious process behavior detected.
2026-09-15 11:34:10,17864,Google Chrome Helper (Renderer),0.0,1.988983154296875,80,HIGH,Suspicious process behavior detected.
2026-09-15 11:34:10,17984,mdworker_shared,0.2,0.1918792724609375,80,HIGH,Suspicious process behavior detected.
2026-09-15 11:34:10,17991,Google Chrome Helper (Renderer),0.0,0.8562088012695312,80,HIGH,Suspicious process behavior detected.
2026-09-15 11:34:10,17997,mdworker_shared,0.2,0.19245147705078125,80,HIGH,Suspicious process behavior detected.
2026-09-15 11:34:16,544,cfprefsd,0.1,0.05397796630859375,80,HIGH,Suspicious process behavior detected.
2026-09-15 11:34:16,560,ControlCenter,0.4,0.34503936767578125,80,HIGH,Suspicious process behavior detected.
2026-09-15 11:34:16,564,Finder,0.4,0.28533935546875,80,HIGH,Suspicious process behavior detected.
2026-09-15 11:34:16,568,AXVisualSupportAgent,1.0,0.128173828125,80,HIGH,Suspicious process behavior detected.
2026-09-15 11:34:16,580,trustd,0.1,0.10013580322265625,80,HIGH,Suspicious process behavior detected.
2026-09-15 11:34:16,602,fileproviderd,0.1,0.133514404296875,80,HIGH,Suspicious process behavior detected.
2026-09-15 11:34:16,668,BiomeAgent,0.4,0.10166168212890625,80,HIGH,Suspicious process behavior detected.
2026-09-15 11:34:16,713,Spotlight,0.1,0.2605438232421875,80,HIGH,Suspicious process behavior detected.
2026-09-15 11:34:16,717,OneDrive,0.1,0.247955322265625,80,HIGH,Suspicious process behavior detected.
2026-09-15 11:34:16,722,duetexpertd,1.5,0.1972198486328125,80,HIGH,Suspicious process behavior detected.
2026-09-15 11:34:16,730,Spotify,0.2,0.45909881591796875,80,HIGH,Suspicious process behavior detected.
2026-09-15 11:34:16,748,Spotify Helper,0.1,0.2086639404296875,80,HIGH,Suspicious process behavior detected.
2026-09-15 11:34:16,755,Grammarly Desktop,0.7,0.45146942138671875,80,HIGH,Suspicious process behavior detected.
2026-09-15 11:34:16,913,app_inkwell,2.0,0.2033233642578125,80,HIGH,Suspicious process behavior detected.
2026-09-15 11:34:16,916,com.apple.WebKit.WebContent,0.0,0.5632400512695312,80,HIGH,Suspicious process behavior detected.
2026-09-15 11:34:16,919,com.apple.WebKit.Networking,0.2,0.139617919921875,80,HIGH,Suspicious process behavior detected.
2026-09-15 11:34:16,932,com.apple.WebKit.WebContent,0.1,0.9275436401367188,80,HIGH,Suspicious process behavior detected.
2026-09-15 11:34:16,957,Google Chrome,1.3,2.288818359375,80,HIGH,Suspicious process behavior detected.
2026-09-15 11:34:16,963,Google Chrome Helper,0.3,0.8310317993164062,80,HIGH,Suspicious process behavior detected.
2026-09-15 11:34:16,964,Google Chrome Helper,0.1,0.664520263671875,80,HIGH,Suspicious process behavior detected.
2026-09-15 11:34:16,2641,Google Chrome Helper (Renderer),0.0,0.6898880004882812,80,HIGH,Suspicious process behavior detected.
2026-09-15 11:34:16,2672,Google Chrome Helper (Renderer),0.3,7.6995849609375,80,HIGH,Suspicious process behavior detected.
2026-09-15 11:34:16,2826,Code,4.4,1.4820098876953125,80,HIGH,Suspicious process behavior detected.
2026-09-15 11:34:16,2833,Code Helper,2.1,0.7345199584960938,80,HIGH,Suspicious process behavior detected.
2026-09-15 11:34:16,2834,Code Helper,0.1,0.31986236572265625,80,HIGH,Suspicious process behavior detected.
2026-09-15 11:34:16,2835,Code Helper (Renderer),4.3,3.9094924926757812,80,HIGH,Suspicious process behavior detected.
2026-09-15 11:34:16,2852,Code Helper,0.1,1.0213851928710938,80,HIGH,Suspicious process behavior detected.
2026-09-15 11:34:16,2878,Code Helper,0.1,0.29888153076171875,80,HIGH,Suspicious process behavior detected.
2026-09-15 11:34:16,2913,Code Helper,0.9,0.49533843994140625,80,HIGH,Suspicious process behavior detected.
2026-09-15 11:34:16,3033,Code Helper,0.3,0.27370452880859375,80,HIGH,Suspicious process behavior detected.
2026-09-15 11:34:16,3034,Code Helper (Plugin),0.8,1.397705078125,80,HIGH,Suspicious process behavior detected.
2026-09-15 11:34:16,4194,Code Helper (Plugin),0.3,0.36754608154296875,80,HIGH,Suspicious process behavior detected.
2026-09-15 11:34:16,8323,Google Chrome Helper (Renderer),0.0,0.45528411865234375,80,HIGH,Suspicious process behavior detected.
2026-09-15 11:34:16,8351,Google Chrome Helper,0.1,0.1117706298828125,80,HIGH,Suspicious process behavior detected.
2026-09-15 11:34:17,13781,Google Chrome Helper (Renderer),0.0,1.0072708129882812,80,HIGH,Suspicious process behavior detected.
2026-09-15 11:34:17,13795,com.apple.appkit.xpc.openAndSavePanelService,0.1,0.238037109375,80,HIGH,Suspicious process behavior detected.
2026-09-15 11:34:17,15256,Code Helper (Renderer),0.1,0.823211669921875,80,HIGH,Suspicious process behavior detected.
2026-09-15 11:34:17,15313,screencaptureui,0.7,0.16880035400390625,80,HIGH,Suspicious process behavior detected.
2026-09-15 11:34:17,16276,python3.12,0.3,0.11749267578125,80,HIGH,Suspicious process behavior detected.
2026-09-15 11:34:17,16597,python3.12,42.7,0.2086639404296875,80,HIGH,Suspicious process behavior detected.
2026-09-15 11:34:17,17354,Google Chrome Helper (Renderer),0.0,1.1671066284179688,80,HIGH,Suspicious process behavior detected.
2026-09-15 11:34:17,17375,Google Chrome Helper (Renderer),0.1,2.544403076171875,80,HIGH,Suspicious process behavior detected.
2026-09-15 11:34:17,17376,Google Chrome Helper,0.0,0.4791259765625,80,HIGH,Suspicious process behavior detected.
2026-09-15 11:34:17,17856,Google Chrome Helper,0.0,0.5176544189453125,80,HIGH,Suspicious process behavior detected.
2026-09-15 11:34:17,17864,Google Chrome Helper (Renderer),1.1,1.6168594360351562,80,HIGH,Suspicious process behavior detected.
2026-09-15 11:34:17,17991,Google Chrome Helper (Renderer),0.0,0.8562088012695312,80,HIGH,Suspicious process behavior detected.
2026-09-15 11:34:17,18313,git-remote-https,7.1,0.08182525634765625,80,HIGH,Suspicious process behavior detected.
2026-09-15 11:34:23,553,WindowManager,0.1,0.25119781494140625,80,HIGH,Suspicious process behavior detected.
2026-09-15 11:34:23,560,ControlCenter,0.5,0.3490447998046875,80,HIGH,Suspicious process behavior detected.
2026-09-15 11:34:23,561,pboard,0.1,0.07953643798828125,80,HIGH,Suspicious process behavior detected.
2026-09-15 11:34:23,568,AXVisualSupportAgent,0.6,0.1556396484375,80,HIGH,Suspicious process behavior detected.
2026-09-15 11:34:23,602,fileproviderd,0.2,0.13446807861328125,80,HIGH,Suspicious process behavior detected.
2026-09-15 11:34:23,730,Spotify,0.2,0.583648681640625,80,HIGH,Suspicious process behavior detected.
2026-09-15 11:34:23,755,Grammarly Desktop,0.9,0.6000518798828125,80,HIGH,Suspicious process behavior detected.
2026-09-15 11:34:23,913,app_inkwell,1.9,0.28057098388671875,80,HIGH,Suspicious process behavior detected.
2026-09-15 11:34:23,916,com.apple.WebKit.WebContent,0.0,0.6946563720703125,80,HIGH,Suspicious process behavior detected.
2026-09-15 11:34:23,918,com.apple.WebKit.GPU,0.5,0.151824951171875,80,HIGH,Suspicious process behavior detected.
2026-09-15 11:34:23,919,com.apple.WebKit.Networking,0.6,0.2056121826171875,80,HIGH,Suspicious process behavior detected.
2026-09-15 11:34:23,930,com.apple.WebKit.WebContent,0.5,0.164794921875,80,HIGH,Suspicious process behavior detected.
2026-09-15 11:34:23,931,com.apple.WebKit.WebContent,2.0,0.5998611450195312,80,HIGH,Suspicious process behavior detected.
2026-09-15 11:34:23,932,com.apple.WebKit.WebContent,0.1,0.38738250732421875,80,HIGH,Suspicious process behavior detected.
2026-09-15 11:34:23,957,Google Chrome,6.2,2.7736663818359375,80,HIGH,Suspicious process behavior detected.
2026-09-15 11:34:23,963,Google Chrome Helper,1.8,1.0801315307617188,80,HIGH,Suspicious process behavior detected.
2026-09-15 11:34:23,964,Google Chrome Helper,0.2,0.7633209228515625,80,HIGH,Suspicious process behavior detected.
2026-09-15 11:34:23,2641,Google Chrome Helper (Renderer),0.0,0.6946563720703125,80,HIGH,Suspicious process behavior detected.
2026-09-15 11:34:23,2672,Google Chrome Helper (Renderer),0.2,1.2203216552734375,80,HIGH,Suspicious process behavior detected.
2026-09-15 11:34:23,2826,Code,1.2,1.4720916748046875,80,HIGH,Suspicious process behavior detected.
2026-09-15 11:34:23,2833,Code Helper,1.6,0.844573974609375,80,HIGH,Suspicious process behavior detected.
2026-09-15 11:34:23,2835,Code Helper (Renderer),0.9,3.8568496704101562,80,HIGH,Suspicious process behavior detected.
2026-09-15 11:34:23,2852,Code Helper,0.0,0.7673263549804688,80,HIGH,Suspicious process behavior detected.
2026-09-15 11:34:23,2878,Code Helper,0.2,0.30651092529296875,80,HIGH,Suspicious process behavior detected.
2026-09-15 11:34:23,2913,Code Helper,0.3,0.6343841552734375,80,HIGH,Suspicious process behavior detected.
2026-09-15 11:34:23,3033,Code Helper,0.1,0.38700103759765625,80,HIGH,Suspicious process behavior detected.
2026-09-15 11:34:23,3034,Code Helper (Plugin),0.2,1.2174606323242188,80,HIGH,Suspicious process behavior detected.
2026-09-15 11:34:23,4194,Code Helper (Plugin),0.0,0.5865097045898438,80,HIGH,Suspicious process behavior detected.
2026-09-15 11:34:23,9069,searchpartyuseragent,0.1,0.16078948974609375,80,HIGH,Suspicious process behavior detected.
2026-09-15 11:34:23,13781,Google Chrome Helper (Renderer),0.0,0.9609222412109375,80,HIGH,Suspicious process behavior detected.
2026-09-15 11:34:24,15256,Code Helper (Renderer),0.1,0.8447647094726562,80,HIGH,Suspicious process behavior detected.
2026-09-15 11:34:24,15313,screencaptureui,0.4,0.202178955078125,80,HIGH,Suspicious process behavior detected.
2026-09-15 11:34:24,16276,python3.12,0.7,0.12950897216796875,80,HIGH,Suspicious process behavior detected.
2026-09-15 11:34:24,16597,python3.12,42.8,0.5323410034179688,80,HIGH,Suspicious process behavior detected.
2026-09-15 11:34:24,17354,Google Chrome Helper (Renderer),0.0,1.1722564697265625,80,HIGH,Suspicious process behavior detected.
2026-09-15 11:34:24,17375,Google Chrome Helper (Renderer),10.7,3.9937973022460938,80,HIGH,Suspicious process behavior detected.
2026-09-15 11:34:24,17376,Google Chrome Helper,0.0,0.4886627197265625,80,HIGH,Suspicious process behavior detected.
2026-09-15 11:34:24,17856,Google Chrome Helper,0.0,0.5273818969726562,80,HIGH,Suspicious process behavior detected.
2026-09-15 11:34:24,17864,Google Chrome Helper (Renderer),0.0,2.6865005493164062,80,HIGH,Suspicious process behavior detected.
