pid,process_name,cpu_percent,memory_percent,avg_cpu,avg_memory,message_frequency,file_activity,process_count,command_activity,login_activity
9682,keyboardservicesd,0.0,0.081634521484375,0.0,0.0876617431640625,50,1007.0,415.0,242.0,1.0
9681,AppleSpell,0.0,0.1302719116210937,0.0,0.13717651367187494,50,1007.0,415.0,242.0,1.0
9649,suggestd,0.0,0.1552581787109375,0.002,0.15771484374999997,50,1007.0,415.0,242.0,1.0
9577,CloudTelemetryService,0.0,0.0598907470703125,0.0,0.06444135050135331,127,1007.0,415.0,242.0,1.0
9575,akd,0.0,0.2164840698242187,0.002,0.2174873352050781,50,1007.0,415.0,242.0,1.0
9572,proactived,0.0,0.14495849609375,0.02,0.1299476623535156,50,1007.0,415.0,242.0,1.0
9573,donotdisturbd,0.0,0.115966796875,0.0,0.1159562004937066,18,1007.0,415.0,242.0,1.0
9556,syncdefaultsd,0.0,0.1081466674804687,0.006000000000000001,0.11057662963867186,50,1007.0,415.0,242.0,1.0
9272,mbuseragent,0.0,0.0368118286132812,0.0,0.036808013916015576,50,1007.0,415.0,242.0,1.0
9706,amsaccountsd,0.0,0.1146316528320312,0.041176470588235294,0.11300479664522058,17,1007.0,415.0,242.0,1.0
9574,findmylocateagent,0.0,0.092315673828125,0.0,0.092315673828125,18,1007.0,415.0,242.0,1.0
9710,photolibraryd,0.0,0.1087188720703125,0.0,0.11319380540114181,13,1007.0,415.0,242.0,1.0
9845,intelligentroutingd,0.0,0.0885009765625,0.0,0.0883407592773437,50,1007.0,415.0,242.0,1.0
9754,ctkd,0.0,0.07781982421875,0.0,0.08569717407226562,50,1007.0,415.0,242.0,1.0
9762,coreauthd,0.0,0.0871658325195312,0.0,0.09390640258789058,50,1007.0,415.0,242.0,1.0
9766,followupd,0.0,0.0600814819335937,0.01875,0.05050897598266601,16,1007.0,415.0,242.0,1.0
9767,cdpd,0.0,0.0759124755859375,0.0,0.07590243690892269,19,1007.0,415.0,242.0,1.0
9770,parsecd,0.0,0.1018524169921875,0.0,0.10183334350585938,10,1007.0,415.0,242.0,1.0
9774,UsageTrackingAgent,0.0,0.0911712646484375,0.0,0.09107028736787681,17,1007.0,415.0,242.0,1.0
9782,SafariBookmarksSyncAgent,0.0,0.1008987426757812,0.0,0.10235526344992892,11,1007.0,415.0,242.0,1.0
9786,sociallayerd,0.0,0.079345703125,0.0,0.07932836359197443,11,1007.0,415.0,242.0,1.0
9823,appleaccountd,0.0,0.1171112060546875,0.0,0.11508044074563417,17,1007.0,415.0,242.0,1.0
9825,CommCenter,0.0,0.1153945922851562,0.006000000000000001,0.23591232299804685,50,1007.0,415.0,242.0,1.0
9829,transparencyd,0.0,0.2199172973632812,0.018000000000000002,0.21265792846679685,50,1007.0,415.0,242.0,1.0
9842,Keychain Circle Notification,0.0,0.13275146484375,0.044000000000000004,0.18328857421874997,50,1007.0,415.0,242.0,1.0
9742,promotedcontentd,0.0,0.1028060913085937,0.002,0.11449813842773438,50,1007.0,415.0,242.0,1.0
9271,mdwrite,0.0,0.0329971313476562,0.0,0.032993316650390576,50,1007.0,415.0,242.0,1.0
7082,CoreLocationAgent,0.0,0.1392364501953125,0.00425531914893617,0.4036964254176363,47,1007.0,415.0,242.0,1.0
9205,IntelligencePlatformComputeService,0.0,0.0879287719726562,0.0,0.0879287719726562,50,1007.0,415.0,242.0,1.0
9847,UIKitSystem,0.0,0.1798629760742187,0.002,0.17118835449218742,50,1007.0,415.0,242.0,1.0
8323,Google Chrome Helper (Renderer),0.0,0.79803466796875,0.647816091954023,1.1122661897505837,435,1007.0,415.0,242.0,1.0
8324,Google Chrome Helper (Renderer),0.0,0.2885818481445312,0.647816091954023,1.1122661897505837,435,1007.0,415.0,242.0,1.0
8325,Google Chrome Helper (Renderer),0.0,0.3942489624023437,0.647816091954023,1.1122661897505837,435,1007.0,415.0,242.0,1.0
8326,chronod,0.0,0.1720428466796875,0.01,0.15725708007812497,50,1007.0,415.0,242.0,1.0
8328,Google Chrome Helper (Renderer),0.0,0.5498886108398438,0.647816091954023,1.1122661897505837,435,1007.0,415.0,242.0,1.0
8335,WorldClockWidget,0.0,0.2202987670898437,0.0,0.22029876708984367,50,1007.0,415.0,242.0,1.0
8336,CalendarWidgetExtension,0.0,0.1031875610351562,0.0,0.1031875610351562,50,1007.0,415.0,242.0,1.0
8337,WeatherWidget,0.0,0.3620147705078125,0.0,0.3655509948730469,50,1007.0,415.0,242.0,1.0
8339,StocksWidget,0.0,0.3255844116210937,0.0,0.3267478942871093,50,1007.0,415.0,242.0,1.0
8340,ScreenTimeWidgetExtension,0.0,0.3332138061523437,0.0,0.3311538696289062,50,1007.0,415.0,242.0,1.0
8351,Google Chrome Helper,0.0,0.1775741577148437,0.6,0.42389755249023436,250,1007.0,415.0,242.0,1.0
8396,audioaccessoryd,0.0,0.0970840454101562,0.0,0.10800170898437496,50,1007.0,415.0,242.0,1.0
8410,routined,0.0,0.1302719116210937,0.034,0.19092559814453122,50,1007.0,415.0,242.0,1.0
8666,Google Chrome Helper (Renderer),0.0,0.2950668334960937,0.647816091954023,1.1122661897505837,435,1007.0,415.0,242.0,1.0
9000,PowerChime,0.1,0.1394271850585937,0.008,0.14000701904296872,50,1007.0,415.0,242.0,1.0
9032,secinitd,0.0,0.0652313232421875,0.0,0.06522750854492188,50,1007.0,415.0,242.0,1.0
9040,triald,0.0,0.1039505004882812,0.0,0.12915039062499997,50,1007.0,415.0,242.0,1.0
9049,tccd,0.0,0.0925064086914062,0.0,0.10362243652343744,50,1007.0,415.0,242.0,1.0
9053,cloudd,0.0,0.2016067504882812,0.016,0.2035255432128906,50,1007.0,415.0,242.0,1.0
9069,searchpartyuseragent,0.0,0.1176834106445312,0.002,0.13115692138671872,50,1007.0,415.0,242.0,1.0
9086,knowledge-agent,0.0,0.1241683959960937,0.004,0.13211822509765622,50,1007.0,415.0,242.0,1.0
9088,contactsd,0.0,0.1148223876953125,0.008,0.09849548339843746,50,1007.0,415.0,242.0,1.0
9095,calaccessd,0.0,0.1337051391601562,0.002,0.15127944946289057,50,1007.0,415.0,242.0,1.0
9101,bird,0.0,0.1123428344726562,0.04800000000000001,0.12118530273437494,50,1007.0,415.0,242.0,1.0
9134,ScreenTimeAgent,0.0,0.0944137573242187,0.0,0.10361862182617183,50,1007.0,415.0,242.0,1.0
9138,siriactionsd,0.0,0.1264572143554687,0.004,0.14521408081054685,50,1007.0,415.0,242.0,1.0
9223,mapssyncd,0.0,0.0917434692382812,0.0,0.09173965454101557,50,1007.0,415.0,242.0,1.0
9877,avatarsd,0.0,0.1684188842773437,0.0,0.16840934753417963,20,1007.0,415.0,242.0,1.0
10015,linkd,0.0,0.079345703125,0.0,0.07984924316406244,50,1007.0,415.0,242.0,1.0
9884,remindd,0.0,0.1232147216796875,0.0,0.1221111842564174,14,1007.0,415.0,242.0,1.0
10124,GMSSELFIngestor,0.0,0.0974655151367187,0.0,0.0974655151367187,50,1007.0,415.0,242.0,1.0
10125,IFTranscriptSELFIngestor,0.0,0.086212158203125,0.0,0.086212158203125,50,1007.0,415.0,242.0,1.0
10126,IFTelemetrySELFIngestor,0.0,0.0825881958007812,0.0,0.0825881958007812,50,1007.0,415.0,242.0,1.0
10127,BiomeSELFIngestor,0.0,0.0879287719726562,0.0,0.0879287719726562,50,1007.0,415.0,242.0,1.0
10204,CoreServicesUIAgent,0.0,0.2000808715820312,0.004,0.19499969482421872,50,1007.0,415.0,242.0,1.0
10209,Code Helper (Plugin),0.0,0.48675537109375,0.041,0.5363956451416015,500,1007.0,415.0,242.0,1.0
10211,Code Helper (Plugin),0.0,0.4302978515625,0.041,0.5363956451416015,500,1007.0,415.0,242.0,1.0
10212,Code Helper (Plugin),0.0,0.4781723022460937,0.041,0.5363956451416015,500,1007.0,415.0,242.0,1.0
10213,Code Helper (Plugin),0.0,0.481414794921875,0.041,0.5363956451416015,500,1007.0,415.0,242.0,1.0
10215,Code Helper (Plugin),0.0,0.44097900390625,0.041,0.5363956451416015,500,1007.0,415.0,242.0,1.0
10481,Google Chrome Helper (Renderer),0.0,0.9515762329101562,0.647816091954023,1.1122661897505837,435,1007.0,415.0,242.0,1.0
10490,talagentd,0.0,0.1447677612304687,0.002,0.14520263671874997,50,1007.0,415.0,242.0,1.0
10123,extensionkitservice,0.0,0.0789642333984375,0.0,0.08034324645996094,100,1007.0,415.0,242.0,1.0
10558,pbs,0.0,0.031280517578125,0.002,0.031276702880859375,50,1007.0,415.0,242.0,1.0
11684,mlhostd,0.0,0.1436233520507812,0.0,0.14452743530273432,50,1007.0,415.0,242.0,1.0
11889,mdworker_shared,0.0,0.2145767211914062,0.02153846153846154,0.19098232953976357,195,1007.0,415.0,242.0,1.0
12774,businessservicesd,0.0,0.0812530517578125,0.0,0.081024169921875,50,1007.0,415.0,242.0,1.0
12775,MessagesBlastDoorService,0.0,0.0579833984375,0.0,0.05239105224609375,50,1007.0,415.0,242.0,1.0
12776,feedbackd,0.0,0.0789642333984375,0.0,0.078704833984375,50,1007.0,415.0,242.0,1.0
12777,ProtectedCloudKeySyncing,0.0,0.0865936279296875,0.0,0.09304428100585938,50,1007.0,415.0,242.0,1.0
12779,gamecontrolleragentd,0.0,0.058746337890625,0.002,0.060253143310546854,50,1007.0,415.0,242.0,1.0
12806,python3.12,0.3,0.1775741577148437,0.46153846153846156,0.1703031770475618,91,1007.0,415.0,242.0,1.0
12814,mdworker_shared,0.0,0.1117706298828125,0.02153846153846154,0.19098232953976357,195,1007.0,415.0,242.0,1.0
12815,zsh,0.0,0.029754638671875,0.0,0.009178644112447462,253,1007.0,415.0,242.0,1.0
12959,ndoagent,0.0,0.1008987426757812,0.0,0.0754165649414062,50,1007.0,415.0,242.0,1.0
6986,accountsd,0.0,0.1773834228515625,0.0,0.1851234436035156,50,1007.0,415.0,242.0,1.0
11204,MTLCompilerService,0.0,0.0333786010742187,0.0,0.03340148925781246,50,1007.0,415.0,242.0,1.0
10122,SAExtensionOrchestrator,0.0,0.1125335693359375,0.0,0.1125335693359375,50,1007.0,415.0,242.0,1.0
10121,com.apple.Safari.SafeBrowsing.Service,0.0,0.0741958618164062,0.0,0.07349395751953124,50,1007.0,415.0,242.0,1.0
10115,iconservicesagent,0.0,0.0902175903320312,0.0,0.0902175903320312,50,1007.0,415.0,242.0,1.0
9888,SiriNCService,0.0,0.1491546630859375,0.008,0.15225982666015622,50,1007.0,415.0,242.0,1.0
9891,AssetCacheLocatorService,0.0,0.0406265258789062,0.0,0.04087829589843746,50,1007.0,415.0,242.0,1.0
9900,deleted,0.0,0.0989913940429687,0.0,0.09897549947102859,12,1007.0,415.0,242.0,1.0
9901,pkd,0.0,0.0965118408203125,0.002,0.10622024536132811,50,1007.0,415.0,242.0,1.0
9906,com.apple.quicklook.ThumbnailsAgent,0.0,0.069427490234375,0.0,0.069427490234375,10,1007.0,415.0,242.0,1.0
9907,geodMachServiceBridge,0.0,0.0270843505859375,0.0,0.0270843505859375,9,1007.0,415.0,242.0,1.0
9909,com.apple.geod,0.0,0.0940322875976562,0.004,0.09388351440429683,50,1007.0,415.0,242.0,1.0
9931,csnameddatad,0.0,0.018310546875,0.0,0.018291473388671868,10,1007.0,415.0,242.0,1.0
9946,extensionkitservice,0.0,0.0888824462890625,0.0,0.08034324645996094,100,1007.0,415.0,242.0,1.0
9947,networkserviceproxy,0.0,0.1712799072265625,0.0,0.1554603576660156,50,1007.0,415.0,242.0,1.0
9963,swtransparencyd,0.0,0.070953369140625,0.0,0.08174896240234374,50,1007.0,415.0,242.0,1.0
9964,CloudTelemetryService,0.0,0.0650405883789062,0.0,0.06444135050135331,127,1007.0,415.0,242.0,1.0
9965,spotlightknowledged,0.0,0.0791549682617187,0.0,0.04377672749180943,62,1007.0,415.0,242.0,1.0
9967,photoanalysisd,0.0,0.07171630859375,0.0,0.07227384127103363,13,1007.0,415.0,242.0,1.0
9968,CloudTelemetryService,0.0,0.0408172607421875,0.0,0.06444135050135331,127,1007.0,415.0,242.0,1.0
9969,ScopedBookmarkAgent,0.0,0.0528335571289062,0.0,0.0528335571289062,13,1007.0,415.0,242.0,1.0
9970,privatecloudcomputed,0.0,0.0640869140625,0.0,0.0640869140625,14,1007.0,415.0,242.0,1.0
9971,CloudTelemetryService,0.0,0.0396728515625,0.0,0.06444135050135331,127,1007.0,415.0,242.0,1.0
9981,localizationswitcherd,0.0,0.0728607177734375,0.0,0.0728607177734375,17,1007.0,415.0,242.0,1.0
9982,contentlinkingd,0.0,0.0774383544921875,0.0,0.08146667480468746,50,1007.0,415.0,242.0,1.0
9984,AuthenticationServicesAgent,0.0,0.1104354858398437,0.0,0.11043548583984371,19,1007.0,415.0,242.0,1.0
9985,keychainsharingmessagingd,0.0,0.046539306640625,0.0,0.046539306640625,18,1007.0,415.0,242.0,1.0
10001,AppPredictionIntentsHelperService,0.0,0.17242431640625,0.0,0.16557312011718747,50,1007.0,415.0,242.0,1.0
10006,installerauthagent,0.0,0.0261306762695312,0.0,0.0261306762695312,16,1007.0,415.0,242.0,1.0
10009,com.apple.accessibility.mediaaccessibilityd,0.0,0.0261306762695312,0.0,0.0261306762695312,50,1007.0,415.0,242.0,1.0
10010,AudioComponentRegistrar,0.0,0.0425338745117187,0.004,0.04845809936523434,50,1007.0,415.0,242.0,1.0
10011,CarbonComponentScannerXPC,0.0,0.002288818359375,0.0,0.002288818359375,19,1007.0,415.0,242.0,1.0
9879,Siri,0.0,0.164794921875,0.016,0.1504554748535156,50,1007.0,415.0,242.0,1.0
5761,zsh,0.0,0.0131607055664062,0.0,0.009178644112447462,253,1007.0,415.0,242.0,1.0
12962,mdworker_shared,0.3,0.1773834228515625,0.02153846153846154,0.19098232953976357,195,1007.0,415.0,242.0,1.0
5379,Code Helper (Plugin),0.0,0.217437744140625,0.041,0.5363956451416015,500,1007.0,415.0,242.0,1.0
623,WallpaperImageExtension,0.0,0.0654220581054687,0.0,0.07489013671874994,50,1007.0,415.0,242.0,1.0
639,sharingd,0.0,0.13275146484375,0.002,0.14010620117187497,50,1007.0,415.0,242.0,1.0
641,usernoted,0.9,0.1226425170898437,0.02,0.15933227539062497,50,1007.0,415.0,242.0,1.0
642,neagent,0.0,0.1068115234375,0.0,0.1076812744140625,50,1007.0,415.0,242.0,1.0
643,useractivityd,0.0,0.0955581665039062,0.008,0.08467864990234374,50,1007.0,415.0,242.0,1.0
644,com.apple.dock.extra,0.0,0.1417160034179687,0.048,0.17804336547851562,50,1007.0,415.0,242.0,1.0
646,NotificationCenter,0.2,0.2140045166015625,0.024000000000000004,0.24862670898437497,50,1007.0,415.0,242.0,1.0
649,milod,0.0,0.0820159912109375,0.0,0.08232498168945312,50,1007.0,415.0,242.0,1.0
650,familycircled,0.0,0.0677108764648437,0.0,0.06789016723632807,50,1007.0,415.0,242.0,1.0
651,StatusKitAgent,0.0,0.0787734985351562,0.0,0.07876968383789057,50,1007.0,415.0,242.0,1.0
666,ContextStoreAgent,0.0,0.1996994018554687,0.11199999999999999,0.1729774475097656,50,1007.0,415.0,242.0,1.0
668,BiomeAgent,0.0,0.1451492309570312,0.126,0.1340827941894531,50,1007.0,415.0,242.0,1.0
616,assistantd,0.0,0.1409530639648437,0.004,0.23475265502929685,50,1007.0,415.0,242.0,1.0
670,imklaunchagent,0.0,0.0619888305664062,0.0,0.06198501586914058,50,1007.0,415.0,242.0,1.0
680,AirPlayUIAgent,0.0,0.1035690307617187,0.004,0.09934997558593746,50,1007.0,415.0,242.0,1.0
683,imagent,0.0,0.1192092895507812,0.008,0.13217163085937497,50,1007.0,415.0,242.0,1.0
685,diagnostics_agent,0.0,0.0871658325195312,0.002,0.09417724609374996,50,1007.0,415.0,242.0,1.0
686,TextInputMenuAgent,0.0,0.1550674438476562,0.008,0.16139221191406247,50,1007.0,415.0,242.0,1.0
688,Grammarly Desktop Helper,0.0,0.0871658325195312,0.002,0.10088729858398436,50,1007.0,415.0,242.0,1.0
699,com.apple.CloudDocs.iCloudDriveFileProvider,0.0,0.0860214233398437,0.008,0.09911346435546875,50,1007.0,415.0,242.0,1.0
704,ctkahp,0.0,0.037384033203125,0.0,0.037380218505859375,50,1007.0,415.0,242.0,1.0
707,WiFiAgent,0.0,0.1550674438476562,0.114,0.16522979736328122,50,1007.0,415.0,242.0,1.0
709,nsurlsessiond,0.0,0.1209259033203125,0.032,0.1256752014160156,50,1007.0,415.0,242.0,1.0
713,Spotlight,0.0,0.3080368041992187,0.05,0.27865600585937494,50,1007.0,415.0,242.0,1.0
714,CursorUIViewService,0.0,0.1743316650390625,0.07400000000000001,0.15747833251953122,50,1007.0,415.0,242.0,1.0
716,PAH_Extension,0.0,0.11749267578125,0.014000000000000002,0.11199188232421874,50,1007.0,415.0,242.0,1.0
673,icdd,0.0,0.0349044799804687,0.0,0.034900665283203076,50,1007.0,415.0,242.0,1.0
615,corespeechd,1.1,0.1171112060546875,0.09799999999999999,0.18834686279296872,50,1007.0,415.0,242.0,1.0
609,identityservicesd,0.0,0.139617919921875,0.012,0.20082092285156247,50,1007.0,415.0,242.0,1.0
608,ViewBridgeAuxiliary,0.0,0.093841552734375,0.014000000000000002,0.08618545532226561,50,1007.0,415.0,242.0,1.0
376,loginwindow,0.0,0.1638412475585937,0.008,0.24020385742187497,50,1007.0,415.0,242.0,1.0
543,distnoted,0.0,0.0501632690429687,0.028000000000000004,0.05070495605468747,50,1007.0,415.0,242.0,1.0
544,cfprefsd,0.5,0.0585556030273437,0.066,0.05707931518554685,50,1007.0,415.0,242.0,1.0
549,UserEventAgent,0.0,0.101470947265625,0.013999999999999999,0.10488891601562496,50,1007.0,415.0,242.0,1.0
553,WindowManager,0.2,0.2637863159179687,0.11200000000000002,0.24517440795898435,50,1007.0,415.0,242.0,1.0
557,universalaccessd,0.0,0.1033782958984375,0.006000000000000001,0.09207916259765624,50,1007.0,415.0,242.0,1.0
559,Dock,0.6,0.188446044921875,0.076,0.20318603515624997,50,1007.0,415.0,242.0,1.0
560,ControlCenter,1.7,0.3690719604492187,0.5379999999999999,0.41684722900390625,50,1007.0,415.0,242.0,1.0
561,pboard,0.0,0.1012802124023437,0.002,0.09132385253906246,50,1007.0,415.0,242.0,1.0
562,SystemUIServer,0.0,0.128936767578125,0.006,0.13476562499999997,50,1007.0,415.0,242.0,1.0
564,Finder,0.0,0.391387939453125,0.07400000000000001,0.4227867126464844,50,1007.0,415.0,242.0,1.0
567,lsd,0.0,0.102996826171875,0.012,0.11196517944335933,50,1007.0,415.0,242.0,1.0
568,AXVisualSupportAgent,1.8,0.1771926879882812,0.6920000000000001,0.16974639892578122,50,1007.0,415.0,242.0,1.0
575,rapportd,0.0,0.1026153564453125,0.002,0.1259346008300781,50,1007.0,415.0,242.0,1.0
578,secd,0.0,0.1245498657226562,0.006000000000000001,0.15089416503906247,50,1007.0,415.0,242.0,1.0
580,trustd,0.4,0.1123428344726562,0.04,0.11620330810546871,50,1007.0,415.0,242.0,1.0
583,WallpaperAgent,0.0,0.1283645629882812,0.004,0.1629066467285156,50,1007.0,415.0,242.0,1.0
587,com.apple.hiservices-xpcservice,0.0,0.0423431396484375,0.01,0.03719711303710933,50,1007.0,415.0,242.0,1.0
589,sharedfilelistd,0.0,0.064849853515625,0.0,0.08721542358398436,50,1007.0,415.0,242.0,1.0
590,containermanagerd,0.6,0.0537872314453125,0.012,0.04875946044921871,50,1007.0,415.0,242.0,1.0
591,usernotificationsd,0.4,0.0802993774414062,0.008,0.09786605834960933,50,1007.0,415.0,242.0,1.0
596,callservicesd,0.0,0.1356124877929687,0.006000000000000001,0.17979049682617185,50,1007.0,415.0,242.0,1.0
600,fontd,0.0,0.0499725341796875,0.002,0.06991577148437499,50,1007.0,415.0,242.0,1.0
602,fileproviderd,0.2,0.1401901245117187,0.21200000000000002,0.1446113586425781,50,1007.0,415.0,242.0,1.0
604,AMPDeviceDiscoveryAgent,0.0,0.045013427734375,0.0,0.051746368408203104,50,1007.0,415.0,242.0,1.0
605,ContinuityCaptureAgent,0.0,0.0761032104492187,0.0,0.0761032104492187,50,1007.0,415.0,242.0,1.0
606,fontworker,0.0,0.0581741333007812,0.0,0.05817031860351558,50,1007.0,415.0,242.0,1.0
717,OneDrive,0.0,0.2986907958984375,0.032,0.36077880859375,50,1007.0,415.0,242.0,1.0
718,corespotlightd,0.0,0.167083740234375,0.012,0.15357208251953122,50,1007.0,415.0,242.0,1.0
5384,zsh,0.0,0.0043869018554687,0.0,0.009178644112447462,253,1007.0,415.0,242.0,1.0
730,Spotify,0.4,0.7663726806640625,0.5479999999999999,1.0496597290039062,50,1007.0,415.0,242.0,1.0
1015,Google Chrome Helper,0.0,0.1592636108398437,0.6,0.42389755249023436,250,1007.0,415.0,242.0,1.0
1052,spotlightknowledged,0.0,0.0352859497070312,0.0,0.04377672749180943,62,1007.0,415.0,242.0,1.0
1191,storeaccountd,0.0,0.0658035278320312,0.0,0.06579971313476557,50,1007.0,415.0,242.0,1.0
1474,IMAutomaticHistoryDeletionAgent,0.0,0.0730514526367187,0.0,0.08300018310546874,50,1007.0,415.0,242.0,1.0
1718,ServiceExtension,0.0,0.142669677734375,0.0,0.142669677734375,50,1007.0,415.0,242.0,1.0
2095,com.apple.WebKit.WebContent,0.0,0.12664794921875,0.2837142857142857,0.5284216744559151,350,1007.0,415.0,242.0,1.0
2096,com.apple.WebKit.WebContent,0.0,0.5315780639648438,0.2837142857142857,0.5284216744559151,350,1007.0,415.0,242.0,1.0
2641,Google Chrome Helper (Renderer),0.0,0.621795654296875,0.647816091954023,1.1122661897505837,435,1007.0,415.0,242.0,1.0
2672,Google Chrome Helper (Renderer),10.4,5.698966979980469,0.647816091954023,1.1122661897505837,435,1007.0,415.0,242.0,1.0
2826,Code,0.3,1.5336990356445312,1.3619999999999999,1.3807182312011719,50,1007.0,415.0,242.0,1.0
2832,chrome_crashpad_handler,0.0,0.0194549560546875,0.0,0.019365310668945288,100,1007.0,415.0,242.0,1.0
2834,Code Helper,0.0,0.3446578979492187,0.32371428571428573,0.48915318080357145,350,1007.0,415.0,242.0,1.0
966,Google Chrome Helper,0.0,0.2071380615234375,0.6,0.42389755249023436,250,1007.0,415.0,242.0,1.0
2835,Code Helper (Renderer),11.8,4.095649719238281,3.5780000000000003,3.886066436767578,50,1007.0,415.0,242.0,1.0
2878,Code Helper,0.0,0.3734588623046875,0.32371428571428573,0.48915318080357145,350,1007.0,415.0,242.0,1.0
2880,Code Helper,0.0,0.141143798828125,0.32371428571428573,0.48915318080357145,350,1007.0,415.0,242.0,1.0
2913,Code Helper,0.8,0.5521774291992188,0.32371428571428573,0.48915318080357145,350,1007.0,415.0,242.0,1.0
3033,Code Helper,0.0,0.3896713256835937,0.32371428571428573,0.48915318080357145,350,1007.0,415.0,242.0,1.0
3034,Code Helper (Plugin),0.1,1.2208938598632812,0.041,0.5363956451416015,500,1007.0,415.0,242.0,1.0
3045,Code Helper (Plugin),0.0,0.235748291015625,0.041,0.5363956451416015,500,1007.0,415.0,242.0,1.0
3063,zsh,0.0,0.0047683715820312,0.0,0.009178644112447462,253,1007.0,415.0,242.0,1.0
4030,pet,0.0,0.0217437744140625,0.02,0.02233123779296875,50,1007.0,415.0,242.0,1.0
4037,zsh,0.0,0.0043869018554687,0.0,0.009178644112447462,253,1007.0,415.0,242.0,1.0
4143,Code Helper (Plugin),0.0,0.1953125,0.041,0.5363956451416015,500,1007.0,415.0,242.0,1.0
4194,Code Helper (Plugin),0.0,0.6473541259765625,0.041,0.5363956451416015,500,1007.0,415.0,242.0,1.0
722,duetexpertd,0.0,0.2946853637695312,0.09,0.26060485839843744,50,1007.0,415.0,242.0,1.0
2852,Code Helper,0.0,1.1363983154296875,0.32371428571428573,0.48915318080357145,350,1007.0,415.0,242.0,1.0
964,Google Chrome Helper,0.2,0.6687164306640625,0.6,0.42389755249023436,250,1007.0,415.0,242.0,1.0
2833,Code Helper,5.3,0.806427001953125,0.32371428571428573,0.48915318080357145,350,1007.0,415.0,242.0,1.0
961,voicebankingd,0.0,0.0772476196289062,0.0,0.07259750366210932,50,1007.0,415.0,242.0,1.0
963,Google Chrome Helper,2.0,1.0530471801757812,0.6,0.42389755249023436,250,1007.0,415.0,242.0,1.0
734,mediaremoteagent,0.0,0.0232696533203125,0.0,0.0232696533203125,50,1007.0,415.0,242.0,1.0
740,Spotify Helper,0.0,0.0396728515625,0.015600000000000001,0.14564056396484373,250,1007.0,415.0,242.0,1.0
741,avconferenced,0.0,0.067901611328125,0.0,0.06789779663085938,50,1007.0,415.0,242.0,1.0
747,Spotify Helper,0.0,0.1611709594726562,0.015600000000000001,0.14564056396484373,250,1007.0,415.0,242.0,1.0
748,Spotify Helper,0.0,0.2532958984375,0.015600000000000001,0.14564056396484373,250,1007.0,415.0,242.0,1.0
752,Spotify Helper,0.0,0.099945068359375,0.015600000000000001,0.14564056396484373,250,1007.0,415.0,242.0,1.0
755,Grammarly Desktop,1.2,0.6887435913085938,0.524,0.7150344848632812,50,1007.0,415.0,242.0,1.0
772,com.apple.WebKit.GPU,0.0,0.0507354736328125,0.102,0.09322547912597655,100,1007.0,415.0,242.0,1.0
774,com.apple.WebKit.WebContent,0.0,0.0186920166015625,0.2837142857142857,0.5284216744559151,350,1007.0,415.0,242.0,1.0
776,com.apple.WebKit.Networking,0.0,0.0982284545898437,0.4,0.16855621337890622,100,1007.0,415.0,242.0,1.0
792,commerce,0.0,0.0902175903320312,0.0,0.08901596069335932,50,1007.0,415.0,242.0,1.0
857,Grammarly Desktop Update Service,0.0,0.0951766967773437,0.006000000000000001,0.11079406738281246,50,1007.0,415.0,242.0,1.0
768,Spotify Helper (Renderer),0.0,0.3208160400390625,0.044000000000000004,0.4534873962402344,50,1007.0,415.0,242.0,1.0
733,homed,0.0,0.1447677612304687,0.0,0.1302070617675781,50,1007.0,415.0,242.0,1.0
960,chrome_crashpad_handler,0.0,0.0188827514648437,0.0,0.019365310668945288,100,1007.0,415.0,242.0,1.0
873,mdbulkimport,0.0,0.0713348388671875,0.0,0.07133102416992188,50,1007.0,415.0,242.0,1.0
932,com.apple.WebKit.WebContent,0.1,0.3604888916015625,0.2837142857142857,0.5284216744559151,350,1007.0,415.0,242.0,1.0
931,com.apple.WebKit.WebContent,1.6,0.8417129516601562,0.2837142857142857,0.5284216744559151,350,1007.0,415.0,242.0,1.0
930,com.apple.WebKit.WebContent,0.6,0.2227783203125,0.2837142857142857,0.5284216744559151,350,1007.0,415.0,242.0,1.0
926,peopled,0.0,0.0864028930664062,0.0,0.08623886108398438,50,1007.0,415.0,242.0,1.0
957,Google Chrome,6.1,2.3557662963867188,1.324,2.2691001892089844,50,1007.0,415.0,242.0,1.0
919,com.apple.WebKit.Networking,0.1,0.208282470703125,0.4,0.16855621337890622,100,1007.0,415.0,242.0,1.0
918,com.apple.WebKit.GPU,0.2,0.145721435546875,0.102,0.09322547912597655,100,1007.0,415.0,242.0,1.0
916,com.apple.WebKit.WebContent,0.1,0.7406234741210938,0.2837142857142857,0.5284216744559151,350,1007.0,415.0,242.0,1.0
913,app_inkwell,3.3,0.2985000610351562,0.94,0.29593276977539057,50,1007.0,415.0,242.0,1.0
898,OneDrive Sync Service,0.0,0.1840591430664062,0.004,0.21224594116210935,50,1007.0,415.0,242.0,1.0
921,Spotify Helper,0.0,0.0843048095703125,0.015600000000000001,0.14564056396484373,250,1007.0,415.0,242.0,1.0
9706,amsaccountsd,0.0,0.1165390014648437,0.041176470588235294,0.11300479664522058,17,1007.0,415.0,242.0,1.0
9682,keyboardservicesd,0.0,0.081634521484375,0.0,0.0876617431640625,50,1007.0,415.0,242.0,1.0
9681,AppleSpell,0.0,0.1302719116210937,0.0,0.13717651367187494,50,1007.0,415.0,242.0,1.0
9649,suggestd,0.0,0.1514434814453125,0.002,0.15771484374999997,50,1007.0,415.0,242.0,1.0
9577,CloudTelemetryService,0.0,0.0598907470703125,0.0,0.06444135050135331,127,1007.0,415.0,242.0,1.0
9573,donotdisturbd,0.0,0.115966796875,0.0,0.1159562004937066,18,1007.0,415.0,242.0,1.0
9574,findmylocateagent,0.0,0.092315673828125,0.0,0.092315673828125,18,1007.0,415.0,242.0,1.0
9572,proactived,0.0,0.1405715942382812,0.02,0.1299476623535156,50,1007.0,415.0,242.0,1.0
9556,syncdefaultsd,0.0,0.1073837280273437,0.006000000000000001,0.11057662963867186,50,1007.0,415.0,242.0,1.0
9710,photolibraryd,0.0,0.1087188720703125,0.0,0.11319380540114181,13,1007.0,415.0,242.0,1.0
9575,akd,0.0,0.2162933349609375,0.002,0.2174873352050781,50,1007.0,415.0,242.0,1.0
9742,promotedcontentd,0.0,0.1028060913085937,0.002,0.11449813842773438,50,1007.0,415.0,242.0,1.0
9847,UIKitSystem,0.0,0.1794815063476562,0.002,0.17118835449218742,50,1007.0,415.0,242.0,1.0
9762,coreauthd,0.0,0.0871658325195312,0.0,0.09390640258789058,50,1007.0,415.0,242.0,1.0
9766,followupd,0.0,0.0598907470703125,0.01875,0.05050897598266601,16,1007.0,415.0,242.0,1.0
9767,cdpd,0.0,0.0759124755859375,0.0,0.07590243690892269,19,1007.0,415.0,242.0,1.0
9770,parsecd,0.0,0.1018524169921875,0.0,0.10183334350585938,10,1007.0,415.0,242.0,1.0
9774,UsageTrackingAgent,0.0,0.0911712646484375,0.0,0.09107028736787681,17,1007.0,415.0,242.0,1.0
9782,SafariBookmarksSyncAgent,0.0,0.1008987426757812,0.0,0.10235526344992892,11,1007.0,415.0,242.0,1.0
9786,sociallayerd,0.0,0.079345703125,0.0,0.07932836359197443,11,1007.0,415.0,242.0,1.0
9823,appleaccountd,0.0,0.1203536987304687,0.0,0.11508044074563417,17,1007.0,415.0,242.0,1.0
9825,CommCenter,0.0,0.1049041748046875,0.006000000000000001,0.23591232299804685,50,1007.0,415.0,242.0,1.0
9829,transparencyd,0.0,0.2206802368164062,0.018000000000000002,0.21265792846679685,50,1007.0,415.0,242.0,1.0
9842,Keychain Circle Notification,0.0,0.1115798950195312,0.044000000000000004,0.18328857421874997,50,1007.0,415.0,242.0,1.0
9845,intelligentroutingd,0.0,0.0885009765625,0.0,0.0883407592773437,50,1007.0,415.0,242.0,1.0
9272,mbuseragent,0.0,0.0368118286132812,0.0,0.036808013916015576,50,1007.0,415.0,242.0,1.0
9754,ctkd,0.0,0.07781982421875,0.0,0.08569717407226562,50,1007.0,415.0,242.0,1.0
9271,mdwrite,0.0,0.0329971313476562,0.0,0.032993316650390576,50,1007.0,415.0,242.0,1.0
7082,CoreLocationAgent,0.0,0.1110076904296875,0.00425531914893617,0.4036964254176363,47,1007.0,415.0,242.0,1.0
9205,IntelligencePlatformComputeService,0.0,0.0879287719726562,0.0,0.0879287719726562,50,1007.0,415.0,242.0,1.0
9877,avatarsd,0.0,0.1684188842773437,0.0,0.16840934753417963,20,1007.0,415.0,242.0,1.0
8323,Google Chrome Helper (Renderer),0.1,0.791168212890625,0.647816091954023,1.1122661897505837,435,1007.0,415.0,242.0,1.0
8324,Google Chrome Helper (Renderer),0.1,0.2618789672851562,0.647816091954023,1.1122661897505837,435,1007.0,415.0,242.0,1.0
8325,Google Chrome Helper (Renderer),0.1,0.3681182861328125,0.647816091954023,1.1122661897505837,435,1007.0,415.0,242.0,1.0
8326,chronod,0.0,0.1718521118164062,0.01,0.15725708007812497,50,1007.0,415.0,242.0,1.0
8328,Google Chrome Helper (Renderer),0.1,0.516510009765625,0.647816091954023,1.1122661897505837,435,1007.0,415.0,242.0,1.0
8335,WorldClockWidget,0.0,0.2202987670898437,0.0,0.22029876708984367,50,1007.0,415.0,242.0,1.0
8336,CalendarWidgetExtension,0.0,0.1031875610351562,0.0,0.1031875610351562,50,1007.0,415.0,242.0,1.0
8337,WeatherWidget,0.0,0.3618240356445312,0.0,0.3655509948730469,50,1007.0,415.0,242.0,1.0
8339,StocksWidget,0.0,0.3255844116210937,0.0,0.3267478942871093,50,1007.0,415.0,242.0,1.0
8340,ScreenTimeWidgetExtension,0.0,0.3332138061523437,0.0,0.3311538696289062,50,1007.0,415.0,242.0,1.0
8351,Google Chrome Helper,0.0,0.1628875732421875,0.6,0.42389755249023436,250,1007.0,415.0,242.0,1.0
8396,audioaccessoryd,0.0,0.0970840454101562,0.0,0.10800170898437496,50,1007.0,415.0,242.0,1.0
8410,routined,0.0,0.2054214477539062,0.034,0.19092559814453122,50,1007.0,415.0,242.0,1.0
8666,Google Chrome Helper (Renderer),0.0,0.2977371215820312,0.647816091954023,1.1122661897505837,435,1007.0,415.0,242.0,1.0
9000,PowerChime,0.0,0.1207351684570312,0.008,0.14000701904296872,50,1007.0,415.0,242.0,1.0
9032,secinitd,0.0,0.0652313232421875,0.0,0.06522750854492188,50,1007.0,415.0,242.0,1.0
9040,triald,0.0,0.1039505004882812,0.0,0.12915039062499997,50,1007.0,415.0,242.0,1.0
9049,tccd,0.0,0.0925064086914062,0.0,0.10362243652343744,50,1007.0,415.0,242.0,1.0
9053,cloudd,0.1,0.201416015625,0.016,0.2035255432128906,50,1007.0,415.0,242.0,1.0
9069,searchpartyuseragent,0.0,0.1176834106445312,0.002,0.13115692138671872,50,1007.0,415.0,242.0,1.0
9086,knowledge-agent,0.0,0.1241683959960937,0.004,0.13211822509765622,50,1007.0,415.0,242.0,1.0
9088,contactsd,0.0,0.112152099609375,0.008,0.09849548339843746,50,1007.0,415.0,242.0,1.0
9095,calaccessd,0.0,0.1337051391601562,0.002,0.15127944946289057,50,1007.0,415.0,242.0,1.0
9101,bird,0.0,0.1123428344726562,0.04800000000000001,0.12118530273437494,50,1007.0,415.0,242.0,1.0
9134,ScreenTimeAgent,0.0,0.0944137573242187,0.0,0.10361862182617183,50,1007.0,415.0,242.0,1.0
9138,siriactionsd,0.0,0.1264572143554687,0.004,0.14521408081054685,50,1007.0,415.0,242.0,1.0
9223,mapssyncd,0.0,0.0917434692382812,0.0,0.09173965454101557,50,1007.0,415.0,242.0,1.0
9879,Siri,0.0,0.1291275024414062,0.016,0.1504554748535156,50,1007.0,415.0,242.0,1.0
10015,linkd,0.0,0.079345703125,0.0,0.07984924316406244,50,1007.0,415.0,242.0,1.0
9888,SiriNCService,0.0,0.1180648803710937,0.008,0.15225982666015622,50,1007.0,415.0,242.0,1.0
10125,IFTranscriptSELFIngestor,0.0,0.086212158203125,0.0,0.086212158203125,50,1007.0,415.0,242.0,1.0
10126,IFTelemetrySELFIngestor,0.0,0.0825881958007812,0.0,0.0825881958007812,50,1007.0,415.0,242.0,1.0
10127,BiomeSELFIngestor,0.0,0.0879287719726562,0.0,0.0879287719726562,50,1007.0,415.0,242.0,1.0
10204,CoreServicesUIAgent,0.0,0.1691818237304687,0.004,0.19499969482421872,50,1007.0,415.0,242.0,1.0
10209,Code Helper (Plugin),0.0,0.4878997802734375,0.041,0.5363956451416015,500,1007.0,415.0,242.0,1.0
10211,Code Helper (Plugin),0.0,0.432586669921875,0.041,0.5363956451416015,500,1007.0,415.0,242.0,1.0
10212,Code Helper (Plugin),0.0,0.4781723022460937,0.041,0.5363956451416015,500,1007.0,415.0,242.0,1.0
10213,Code Helper (Plugin),0.0,0.481414794921875,0.041,0.5363956451416015,500,1007.0,415.0,242.0,1.0
10215,Code Helper (Plugin),0.0,0.44097900390625,0.041,0.5363956451416015,500,1007.0,415.0,242.0,1.0
10481,Google Chrome Helper (Renderer),0.0,0.9225845336914062,0.647816091954023,1.1122661897505837,435,1007.0,415.0,242.0,1.0
10490,talagentd,0.0,0.1241683959960937,0.002,0.14520263671874997,50,1007.0,415.0,242.0,1.0
10558,pbs,0.0,0.031280517578125,0.002,0.031276702880859375,50,1007.0,415.0,242.0,1.0
10124,GMSSELFIngestor,0.0,0.0974655151367187,0.0,0.0974655151367187,50,1007.0,415.0,242.0,1.0
11204,MTLCompilerService,0.0,0.0333786010742187,0.0,0.03340148925781246,50,1007.0,415.0,242.0,1.0
11889,mdworker_shared,0.0,0.208282470703125,0.02153846153846154,0.19098232953976357,195,1007.0,415.0,242.0,1.0
12774,businessservicesd,0.0,0.0812530517578125,0.0,0.081024169921875,50,1007.0,415.0,242.0,1.0
12775,MessagesBlastDoorService,0.0,0.0579833984375,0.0,0.05239105224609375,50,1007.0,415.0,242.0,1.0
12776,feedbackd,0.0,0.0789642333984375,0.0,0.078704833984375,50,1007.0,415.0,242.0,1.0
12777,ProtectedCloudKeySyncing,0.0,0.0865936279296875,0.0,0.09304428100585938,50,1007.0,415.0,242.0,1.0
12779,gamecontrolleragentd,0.0,0.058746337890625,0.002,0.060253143310546854,50,1007.0,415.0,242.0,1.0
12806,python3.12,0.8,0.1674652099609375,0.46153846153846156,0.1703031770475618,91,1007.0,415.0,242.0,1.0
12814,mdworker_shared,0.0,0.1050949096679687,0.02153846153846154,0.19098232953976357,195,1007.0,415.0,242.0,1.0
12815,zsh,0.0,0.0276565551757812,0.0,0.009178644112447462,253,1007.0,415.0,242.0,1.0
12959,ndoagent,0.0,0.0843048095703125,0.0,0.0754165649414062,50,1007.0,415.0,242.0,1.0
12962,mdworker_shared,0.0,0.1264572143554687,0.02153846153846154,0.19098232953976357,195,1007.0,415.0,242.0,1.0
6986,accountsd,0.0,0.1794815063476562,0.0,0.1851234436035156,50,1007.0,415.0,242.0,1.0
11684,mlhostd,0.0,0.1436233520507812,0.0,0.14452743530273432,50,1007.0,415.0,242.0,1.0
10123,extensionkitservice,0.0,0.0789642333984375,0.0,0.08034324645996094,100,1007.0,415.0,242.0,1.0
10122,SAExtensionOrchestrator,0.0,0.1125335693359375,0.0,0.1125335693359375,50,1007.0,415.0,242.0,1.0
10121,com.apple.Safari.SafeBrowsing.Service,0.0,0.0743865966796875,0.0,0.07349395751953124,50,1007.0,415.0,242.0,1.0
9891,AssetCacheLocatorService,0.0,0.0406265258789062,0.0,0.04087829589843746,50,1007.0,415.0,242.0,1.0
9900,deleted,0.0,0.0989913940429687,0.0,0.09897549947102859,12,1007.0,415.0,242.0,1.0
9901,pkd,0.0,0.0965118408203125,0.002,0.10622024536132811,50,1007.0,415.0,242.0,1.0
9906,com.apple.quicklook.ThumbnailsAgent,0.0,0.069427490234375,0.0,0.069427490234375,10,1007.0,415.0,242.0,1.0
9907,geodMachServiceBridge,0.0,0.0270843505859375,0.0,0.0270843505859375,9,1007.0,415.0,242.0,1.0
9909,com.apple.geod,0.0,0.0940322875976562,0.004,0.09388351440429683,50,1007.0,415.0,242.0,1.0
9931,csnameddatad,0.0,0.018310546875,0.0,0.018291473388671868,10,1007.0,415.0,242.0,1.0
9946,extensionkitservice,0.0,0.080108642578125,0.0,0.08034324645996094,100,1007.0,415.0,242.0,1.0
9947,networkserviceproxy,0.0,0.1707077026367187,0.0,0.1554603576660156,50,1007.0,415.0,242.0,1.0
9963,swtransparencyd,0.0,0.070953369140625,0.0,0.08174896240234374,50,1007.0,415.0,242.0,1.0
9964,CloudTelemetryService,0.0,0.0650405883789062,0.0,0.06444135050135331,127,1007.0,415.0,242.0,1.0
9965,spotlightknowledged,0.0,0.0791549682617187,0.0,0.04377672749180943,62,1007.0,415.0,242.0,1.0
9967,photoanalysisd,0.0,0.07171630859375,0.0,0.07227384127103363,13,1007.0,415.0,242.0,1.0
9968,CloudTelemetryService,0.0,0.0408172607421875,0.0,0.06444135050135331,127,1007.0,415.0,242.0,1.0
9969,ScopedBookmarkAgent,0.0,0.0528335571289062,0.0,0.0528335571289062,13,1007.0,415.0,242.0,1.0
9970,privatecloudcomputed,0.0,0.0640869140625,0.0,0.0640869140625,14,1007.0,415.0,242.0,1.0
9971,CloudTelemetryService,0.0,0.0396728515625,0.0,0.06444135050135331,127,1007.0,415.0,242.0,1.0
9981,localizationswitcherd,0.0,0.0728607177734375,0.0,0.0728607177734375,17,1007.0,415.0,242.0,1.0
9982,contentlinkingd,0.0,0.06561279296875,0.0,0.08146667480468746,50,1007.0,415.0,242.0,1.0
9984,AuthenticationServicesAgent,0.0,0.1104354858398437,0.0,0.11043548583984371,19,1007.0,415.0,242.0,1.0
9985,keychainsharingmessagingd,0.0,0.046539306640625,0.0,0.046539306640625,18,1007.0,415.0,242.0,1.0
10001,AppPredictionIntentsHelperService,0.0,0.17242431640625,0.0,0.16557312011718747,50,1007.0,415.0,242.0,1.0
10006,installerauthagent,0.0,0.0261306762695312,0.0,0.0261306762695312,16,1007.0,415.0,242.0,1.0
10009,com.apple.accessibility.mediaaccessibilityd,0.0,0.0261306762695312,0.0,0.0261306762695312,50,1007.0,415.0,242.0,1.0
10010,AudioComponentRegistrar,0.0,0.0425338745117187,0.004,0.04845809936523434,50,1007.0,415.0,242.0,1.0
10011,CarbonComponentScannerXPC,0.0,0.002288818359375,0.0,0.002288818359375,19,1007.0,415.0,242.0,1.0
10115,iconservicesagent,0.0,0.0902175903320312,0.0,0.0902175903320312,50,1007.0,415.0,242.0,1.0
9884,remindd,0.0,0.12359619140625,0.0,0.1221111842564174,14,1007.0,415.0,242.0,1.0
12963,replayd,0.0,0.5525588989257812,0.0,0.21639064866669325,49,1007.0,415.0,242.0,1.0
5761,zsh,0.0,0.0131607055664062,0.0,0.009178644112447462,253,1007.0,415.0,242.0,1.0
5379,Code Helper (Plugin),0.0,0.217437744140625,0.041,0.5363956451416015,500,1007.0,415.0,242.0,1.0
623,WallpaperImageExtension,0.0,0.0654220581054687,0.0,0.07489013671874994,50,1007.0,415.0,242.0,1.0
639,sharingd,0.0,0.1190185546875,0.002,0.14010620117187497,50,1007.0,415.0,242.0,1.0
641,usernoted,0.0,0.1741409301757812,0.02,0.15933227539062497,50,1007.0,415.0,242.0,1.0
642,neagent,0.0,0.1068115234375,0.0,0.1076812744140625,50,1007.0,415.0,242.0,1.0
643,useractivityd,0.1,0.0879287719726562,0.008,0.08467864990234374,50,1007.0,415.0,242.0,1.0
644,com.apple.dock.extra,0.0,0.1153945922851562,0.048,0.17804336547851562,50,1007.0,415.0,242.0,1.0
646,NotificationCenter,0.0,0.1714706420898437,0.024000000000000004,0.24862670898437497,50,1007.0,415.0,242.0,1.0
649,milod,0.0,0.0820159912109375,0.0,0.08232498168945312,50,1007.0,415.0,242.0,1.0
650,familycircled,0.0,0.0677108764648437,0.0,0.06789016723632807,50,1007.0,415.0,242.0,1.0
651,StatusKitAgent,0.0,0.0787734985351562,0.0,0.07876968383789057,50,1007.0,415.0,242.0,1.0
666,ContextStoreAgent,0.0,0.1325607299804687,0.11199999999999999,0.1729774475097656,50,1007.0,415.0,242.0,1.0
668,BiomeAgent,0.0,0.1422882080078125,0.126,0.1340827941894531,50,1007.0,415.0,242.0,1.0
616,assistantd,0.0,0.1409530639648437,0.004,0.23475265502929685,50,1007.0,415.0,242.0,1.0
670,imklaunchagent,0.0,0.0619888305664062,0.0,0.06198501586914058,50,1007.0,415.0,242.0,1.0
680,AirPlayUIAgent,0.0,0.0791549682617187,0.004,0.09934997558593746,50,1007.0,415.0,242.0,1.0
683,imagent,0.0,0.1186370849609375,0.008,0.13217163085937497,50,1007.0,415.0,242.0,1.0
685,diagnostics_agent,0.0,0.0776290893554687,0.002,0.09417724609374996,50,1007.0,415.0,242.0,1.0
686,TextInputMenuAgent,0.0,0.1199722290039062,0.008,0.16139221191406247,50,1007.0,415.0,242.0,1.0
688,Grammarly Desktop Helper,0.0,0.06103515625,0.002,0.10088729858398436,50,1007.0,415.0,242.0,1.0
699,com.apple.CloudDocs.iCloudDriveFileProvider,0.0,0.0860214233398437,0.008,0.09911346435546875,50,1007.0,415.0,242.0,1.0
704,ctkahp,0.0,0.037384033203125,0.0,0.037380218505859375,50,1007.0,415.0,242.0,1.0
707,WiFiAgent,0.0,0.1401901245117187,0.114,0.16522979736328122,50,1007.0,415.0,242.0,1.0
709,nsurlsessiond,0.0,0.1016616821289062,0.032,0.1256752014160156,50,1007.0,415.0,242.0,1.0
713,Spotlight,0.0,0.28533935546875,0.05,0.27865600585937494,50,1007.0,415.0,242.0,1.0
714,CursorUIViewService,0.0,0.0980377197265625,0.07400000000000001,0.15747833251953122,50,1007.0,415.0,242.0,1.0
716,PAH_Extension,0.0,0.0822067260742187,0.014000000000000002,0.11199188232421874,50,1007.0,415.0,242.0,1.0
673,icdd,0.0,0.0349044799804687,0.0,0.034900665283203076,50,1007.0,415.0,242.0,1.0
609,identityservicesd,0.0,0.1590728759765625,0.012,0.20082092285156247,50,1007.0,415.0,242.0,1.0
608,ViewBridgeAuxiliary,0.0,0.0705718994140625,0.014000000000000002,0.08618545532226561,50,1007.0,415.0,242.0,1.0
606,fontworker,0.0,0.0581741333007812,0.0,0.05817031860351558,50,1007.0,415.0,242.0,1.0
5384,zsh,0.0,0.0043869018554687,0.0,0.009178644112447462,253,1007.0,415.0,242.0,1.0
376,loginwindow,0.0,0.131988525390625,0.008,0.24020385742187497,50,1007.0,415.0,242.0,1.0
543,distnoted,0.0,0.04730224609375,0.028000000000000004,0.05070495605468747,50,1007.0,415.0,242.0,1.0
544,cfprefsd,0.0,0.0555038452148437,0.066,0.05707931518554685,50,1007.0,415.0,242.0,1.0
549,UserEventAgent,0.0,0.1003265380859375,0.013999999999999999,0.10488891601562496,50,1007.0,415.0,242.0,1.0
553,WindowManager,0.1,0.2368927001953125,0.11200000000000002,0.24517440795898435,50,1007.0,415.0,242.0,1.0
557,universalaccessd,0.0,0.0913619995117187,0.006000000000000001,0.09207916259765624,50,1007.0,415.0,242.0,1.0
559,Dock,0.0,0.1796722412109375,0.076,0.20318603515624997,50,1007.0,415.0,242.0,1.0
560,ControlCenter,0.4,0.3698348999023437,0.5379999999999999,0.41684722900390625,50,1007.0,415.0,242.0,1.0
561,pboard,0.1,0.099945068359375,0.002,0.09132385253906246,50,1007.0,415.0,242.0,1.0
562,SystemUIServer,0.0,0.095367431640625,0.006,0.13476562499999997,50,1007.0,415.0,242.0,1.0
564,Finder,0.1,0.3370285034179687,0.07400000000000001,0.4227867126464844,50,1007.0,415.0,242.0,1.0
567,lsd,0.0,0.1018524169921875,0.012,0.11196517944335933,50,1007.0,415.0,242.0,1.0
568,AXVisualSupportAgent,1.9,0.1588821411132812,0.6920000000000001,0.16974639892578122,50,1007.0,415.0,242.0,1.0
575,rapportd,0.0,0.1310348510742187,0.002,0.1259346008300781,50,1007.0,415.0,242.0,1.0
578,secd,0.0,0.1239776611328125,0.006000000000000001,0.15089416503906247,50,1007.0,415.0,242.0,1.0
580,trustd,0.0,0.110626220703125,0.04,0.11620330810546871,50,1007.0,415.0,242.0,1.0
583,WallpaperAgent,0.0,0.2054214477539062,0.004,0.1629066467285156,50,1007.0,415.0,242.0,1.0
587,com.apple.hiservices-xpcservice,0.0,0.0291824340820312,0.01,0.03719711303710933,50,1007.0,415.0,242.0,1.0
589,sharedfilelistd,0.0,0.064849853515625,0.0,0.08721542358398436,50,1007.0,415.0,242.0,1.0
590,containermanagerd,0.0,0.074005126953125,0.012,0.04875946044921871,50,1007.0,415.0,242.0,1.0
591,usernotificationsd,0.0,0.1108169555664062,0.008,0.09786605834960933,50,1007.0,415.0,242.0,1.0
596,callservicesd,0.0,0.1249313354492187,0.006000000000000001,0.17979049682617185,50,1007.0,415.0,242.0,1.0
600,fontd,0.0,0.0499725341796875,0.002,0.06991577148437499,50,1007.0,415.0,242.0,1.0
602,fileproviderd,0.1,0.1398086547851562,0.21200000000000002,0.1446113586425781,50,1007.0,415.0,242.0,1.0
604,AMPDeviceDiscoveryAgent,0.0,0.045013427734375,0.0,0.051746368408203104,50,1007.0,415.0,242.0,1.0
605,ContinuityCaptureAgent,0.0,0.0761032104492187,0.0,0.0761032104492187,50,1007.0,415.0,242.0,1.0
717,OneDrive,0.0,0.2719879150390625,0.032,0.36077880859375,50,1007.0,415.0,242.0,1.0
718,corespotlightd,0.0,0.1653671264648437,0.012,0.15357208251953122,50,1007.0,415.0,242.0,1.0
615,corespeechd,0.0,0.1348495483398437,0.09799999999999999,0.18834686279296872,50,1007.0,415.0,242.0,1.0
730,Spotify,0.5,0.72479248046875,0.5479999999999999,1.0496597290039062,50,1007.0,415.0,242.0,1.0
966,Google Chrome Helper,0.1,0.1901626586914062,0.6,0.42389755249023436,250,1007.0,415.0,242.0,1.0
1015,Google Chrome Helper,0.0,0.1554489135742187,0.6,0.42389755249023436,250,1007.0,415.0,242.0,1.0
1052,spotlightknowledged,0.0,0.0352859497070312,0.0,0.04377672749180943,62,1007.0,415.0,242.0,1.0
1191,storeaccountd,0.0,0.0658035278320312,0.0,0.06579971313476557,50,1007.0,415.0,242.0,1.0
1474,IMAutomaticHistoryDeletionAgent,0.0,0.0730514526367187,0.0,0.08300018310546874,50,1007.0,415.0,242.0,1.0
1718,ServiceExtension,0.0,0.142669677734375,0.0,0.142669677734375,50,1007.0,415.0,242.0,1.0
2095,com.apple.WebKit.WebContent,0.1,0.1285552978515625,0.2837142857142857,0.5284216744559151,350,1007.0,415.0,242.0,1.0
2096,com.apple.WebKit.WebContent,0.1,0.5285263061523438,0.2837142857142857,0.5284216744559151,350,1007.0,415.0,242.0,1.0
2641,Google Chrome Helper (Renderer),0.0,0.5895614624023438,0.647816091954023,1.1122661897505837,435,1007.0,415.0,242.0,1.0
2672,Google Chrome Helper (Renderer),22.0,5.6980133056640625,0.647816091954023,1.1122661897505837,435,1007.0,415.0,242.0,1.0
2826,Code,0.1,1.2969970703125,1.3619999999999999,1.3807182312011719,50,1007.0,415.0,242.0,1.0
2832,chrome_crashpad_handler,0.0,0.0194549560546875,0.0,0.019365310668945288,100,1007.0,415.0,242.0,1.0
2833,Code Helper,0.0,0.7749557495117188,0.32371428571428573,0.48915318080357145,350,1007.0,415.0,242.0,1.0
2834,Code Helper,0.0,0.3261566162109375,0.32371428571428573,0.48915318080357145,350,1007.0,415.0,242.0,1.0
2835,Code Helper (Renderer),0.0,3.6569595336914062,3.5780000000000003,3.886066436767578,50,1007.0,415.0,242.0,1.0
2852,Code Helper,0.1,1.07421875,0.32371428571428573,0.48915318080357145,350,1007.0,415.0,242.0,1.0
2878,Code Helper,0.0,0.3719329833984375,0.32371428571428573,0.48915318080357145,350,1007.0,415.0,242.0,1.0
2880,Code Helper,0.0,0.141143798828125,0.32371428571428573,0.48915318080357145,350,1007.0,415.0,242.0,1.0
2913,Code Helper,0.5,0.55389404296875,0.32371428571428573,0.48915318080357145,350,1007.0,415.0,242.0,1.0
3033,Code Helper,0.1,0.3887176513671875,0.32371428571428573,0.48915318080357145,350,1007.0,415.0,242.0,1.0
3034,Code Helper (Plugin),0.1,0.8617401123046875,0.041,0.5363956451416015,500,1007.0,415.0,242.0,1.0
3045,Code Helper (Plugin),0.0,0.23651123046875,0.041,0.5363956451416015,500,1007.0,415.0,242.0,1.0
3063,zsh,0.0,0.0047683715820312,0.0,0.009178644112447462,253,1007.0,415.0,242.0,1.0
4030,pet,0.0,0.0217437744140625,0.02,0.02233123779296875,50,1007.0,415.0,242.0,1.0
4037,zsh,0.0,0.0043869018554687,0.0,0.009178644112447462,253,1007.0,415.0,242.0,1.0
4143,Code Helper (Plugin),0.0,0.1953125,0.041,0.5363956451416015,500,1007.0,415.0,242.0,1.0
722,duetexpertd,0.0,0.3101348876953125,0.09,0.26060485839843744,50,1007.0,415.0,242.0,1.0
964,Google Chrome Helper,1.4,0.667572021484375,0.6,0.42389755249023436,250,1007.0,415.0,242.0,1.0
963,Google Chrome Helper,1.7,1.0118484497070312,0.6,0.42389755249023436,250,1007.0,415.0,242.0,1.0
4194,Code Helper (Plugin),0.0,0.6488800048828125,0.041,0.5363956451416015,500,1007.0,415.0,242.0,1.0
755,Grammarly Desktop,1.1,0.6750106811523438,0.524,0.7150344848632812,50,1007.0,415.0,242.0,1.0
733,homed,0.0,0.1443862915039062,0.0,0.1302070617675781,50,1007.0,415.0,242.0,1.0
734,mediaremoteagent,0.0,0.0232696533203125,0.0,0.0232696533203125,50,1007.0,415.0,242.0,1.0
740,Spotify Helper,0.0,0.0396728515625,0.015600000000000001,0.14564056396484373,250,1007.0,415.0,242.0,1.0
741,avconferenced,0.0,0.067901611328125,0.0,0.06789779663085938,50,1007.0,415.0,242.0,1.0
747,Spotify Helper,0.1,0.150299072265625,0.015600000000000001,0.14564056396484373,250,1007.0,415.0,242.0,1.0
748,Spotify Helper,0.0,0.2574920654296875,0.015600000000000001,0.14564056396484373,250,1007.0,415.0,242.0,1.0
752,Spotify Helper,0.1,0.0896453857421875,0.015600000000000001,0.14564056396484373,250,1007.0,415.0,242.0,1.0
961,voicebankingd,0.0,0.0783920288085937,0.0,0.07259750366210932,50,1007.0,415.0,242.0,1.0
768,Spotify Helper (Renderer),0.0,0.3046035766601562,0.044000000000000004,0.4534873962402344,50,1007.0,415.0,242.0,1.0
772,com.apple.WebKit.GPU,0.0,0.0507354736328125,0.102,0.09322547912597655,100,1007.0,415.0,242.0,1.0
774,com.apple.WebKit.WebContent,0.0,0.0186920166015625,0.2837142857142857,0.5284216744559151,350,1007.0,415.0,242.0,1.0
792,commerce,0.0,0.0902175903320312,0.0,0.08901596069335932,50,1007.0,415.0,242.0,1.0
857,Grammarly Desktop Update Service,0.0,0.0705718994140625,0.006000000000000001,0.11079406738281246,50,1007.0,415.0,242.0,1.0
776,com.apple.WebKit.Networking,0.0,0.0982284545898437,0.4,0.16855621337890622,100,1007.0,415.0,242.0,1.0
898,OneDrive Sync Service,0.0,0.1556396484375,0.004,0.21224594116210935,50,1007.0,415.0,242.0,1.0
960,chrome_crashpad_handler,0.0,0.0188827514648437,0.0,0.019365310668945288,100,1007.0,415.0,242.0,1.0
957,Google Chrome,9.6,2.1829605102539062,1.324,2.2691001892089844,50,1007.0,415.0,242.0,1.0
932,com.apple.WebKit.WebContent,2.6,0.3627777099609375,0.2837142857142857,0.5284216744559151,350,1007.0,415.0,242.0,1.0
931,com.apple.WebKit.WebContent,3.7,0.8230209350585938,0.2837142857142857,0.5284216744559151,350,1007.0,415.0,242.0,1.0
873,mdbulkimport,0.0,0.0713348388671875,0.0,0.07133102416992188,50,1007.0,415.0,242.0,1.0
926,peopled,0.0,0.0864028930664062,0.0,0.08623886108398438,50,1007.0,415.0,242.0,1.0
930,com.apple.WebKit.WebContent,1.4,0.2149581909179687,0.2837142857142857,0.5284216744559151,350,1007.0,415.0,242.0,1.0
919,com.apple.WebKit.Networking,0.8,0.202178955078125,0.4,0.16855621337890622,100,1007.0,415.0,242.0,1.0
918,com.apple.WebKit.GPU,0.3,0.1398086547851562,0.102,0.09322547912597655,100,1007.0,415.0,242.0,1.0
916,com.apple.WebKit.WebContent,0.7,0.7326126098632812,0.2837142857142857,0.5284216744559151,350,1007.0,415.0,242.0,1.0
913,app_inkwell,6.8,0.29144287109375,0.94,0.29593276977539057,50,1007.0,415.0,242.0,1.0
921,Spotify Helper,0.0,0.0843048095703125,0.015600000000000001,0.14564056396484373,250,1007.0,415.0,242.0,1.0
9681,AppleSpell,0.0,0.1302719116210937,0.0,0.13717651367187494,50,1007.0,415.0,242.0,1.0
9710,photolibraryd,0.0,0.1087188720703125,0.0,0.11319380540114181,13,1007.0,415.0,242.0,1.0
9706,amsaccountsd,0.0,0.1134872436523437,0.041176470588235294,0.11300479664522058,17,1007.0,415.0,242.0,1.0
9682,keyboardservicesd,0.0,0.081634521484375,0.0,0.0876617431640625,50,1007.0,415.0,242.0,1.0
9649,suggestd,0.0,0.1550674438476562,0.002,0.15771484374999997,50,1007.0,415.0,242.0,1.0
9877,avatarsd,0.0,0.1684188842773437,0.0,0.16840934753417963,20,1007.0,415.0,242.0,1.0
9575,akd,0.1,0.2025604248046875,0.002,0.2174873352050781,50,1007.0,415.0,242.0,1.0
9574,findmylocateagent,0.0,0.092315673828125,0.0,0.092315673828125,18,1007.0,415.0,242.0,1.0
9573,donotdisturbd,0.0,0.115966796875,0.0,0.1159562004937066,18,1007.0,415.0,242.0,1.0
9572,proactived,0.0,0.1445770263671875,0.02,0.1299476623535156,50,1007.0,415.0,242.0,1.0
9556,syncdefaultsd,0.0,0.083160400390625,0.006000000000000001,0.11057662963867186,50,1007.0,415.0,242.0,1.0
9577,CloudTelemetryService,0.0,0.0589370727539062,0.0,0.06444135050135331,127,1007.0,415.0,242.0,1.0
9742,promotedcontentd,0.0,0.098419189453125,0.002,0.11449813842773438,50,1007.0,415.0,242.0,1.0
9847,UIKitSystem,0.0,0.1695632934570312,0.002,0.17118835449218742,50,1007.0,415.0,242.0,1.0
9762,coreauthd,0.0,0.0871658325195312,0.0,0.09390640258789058,50,1007.0,415.0,242.0,1.0
9766,followupd,0.0,0.0484466552734375,0.01875,0.05050897598266601,16,1007.0,415.0,242.0,1.0
9767,cdpd,0.0,0.0759124755859375,0.0,0.07590243690892269,19,1007.0,415.0,242.0,1.0
9770,parsecd,0.0,0.1018524169921875,0.0,0.10183334350585938,10,1007.0,415.0,242.0,1.0
9774,UsageTrackingAgent,0.0,0.0909805297851562,0.0,0.09107028736787681,17,1007.0,415.0,242.0,1.0
9782,SafariBookmarksSyncAgent,0.0,0.1008987426757812,0.0,0.10235526344992892,11,1007.0,415.0,242.0,1.0
9786,sociallayerd,0.0,0.079345703125,0.0,0.07932836359197443,11,1007.0,415.0,242.0,1.0
9823,appleaccountd,0.0,0.1117706298828125,0.0,0.11508044074563417,17,1007.0,415.0,242.0,1.0
9825,CommCenter,0.0,0.1142501831054687,0.006000000000000001,0.23591232299804685,50,1007.0,415.0,242.0,1.0
9829,transparencyd,0.0,0.1844406127929687,0.018000000000000002,0.21265792846679685,50,1007.0,415.0,242.0,1.0
9842,Keychain Circle Notification,0.0,0.1323699951171875,0.044000000000000004,0.18328857421874997,50,1007.0,415.0,242.0,1.0
9845,intelligentroutingd,0.0,0.0883102416992187,0.0,0.0883407592773437,50,1007.0,415.0,242.0,1.0
9272,mbuseragent,0.0,0.0368118286132812,0.0,0.036808013916015576,50,1007.0,415.0,242.0,1.0
9754,ctkd,0.0,0.07781982421875,0.0,0.08569717407226562,50,1007.0,415.0,242.0,1.0
9271,mdwrite,0.0,0.0329971313476562,0.0,0.032993316650390576,50,1007.0,415.0,242.0,1.0
9000,PowerChime,0.0,0.1438140869140625,0.008,0.14000701904296872,50,1007.0,415.0,242.0,1.0
9205,IntelligencePlatformComputeService,0.0,0.0879287719726562,0.0,0.0879287719726562,50,1007.0,415.0,242.0,1.0
12963,replayd,0.0,0.3385543823242187,0.0,0.21639064866669325,49,1007.0,415.0,242.0,1.0
8323,Google Chrome Helper (Renderer),0.0,0.6673812866210938,0.647816091954023,1.1122661897505837,435,1007.0,415.0,242.0,1.0
8324,Google Chrome Helper (Renderer),0.0,0.244903564453125,0.647816091954023,1.1122661897505837,435,1007.0,415.0,242.0,1.0
8325,Google Chrome Helper (Renderer),0.0,0.3519058227539062,0.647816091954023,1.1122661897505837,435,1007.0,415.0,242.0,1.0
8326,chronod,0.0,0.1417160034179687,0.01,0.15725708007812497,50,1007.0,415.0,242.0,1.0
8328,Google Chrome Helper (Renderer),0.0,0.4671096801757812,0.647816091954023,1.1122661897505837,435,1007.0,415.0,242.0,1.0
8335,WorldClockWidget,0.0,0.2202987670898437,0.0,0.22029876708984367,50,1007.0,415.0,242.0,1.0
8336,CalendarWidgetExtension,0.0,0.1031875610351562,0.0,0.1031875610351562,50,1007.0,415.0,242.0,1.0
8337,WeatherWidget,0.0,0.36163330078125,0.0,0.3655509948730469,50,1007.0,415.0,242.0,1.0
8339,StocksWidget,0.0,0.3248214721679687,0.0,0.3267478942871093,50,1007.0,415.0,242.0,1.0
8340,ScreenTimeWidgetExtension,0.0,0.3332138061523437,0.0,0.3311538696289062,50,1007.0,415.0,242.0,1.0
8351,Google Chrome Helper,0.0,0.1697540283203125,0.6,0.42389755249023436,250,1007.0,415.0,242.0,1.0
9223,mapssyncd,0.0,0.0917434692382812,0.0,0.09173965454101557,50,1007.0,415.0,242.0,1.0
8396,audioaccessoryd,0.0,0.0970840454101562,0.0,0.10800170898437496,50,1007.0,415.0,242.0,1.0
8666,Google Chrome Helper (Renderer),0.0,0.3087997436523437,0.647816091954023,1.1122661897505837,435,1007.0,415.0,242.0,1.0
9032,secinitd,0.0,0.0652313232421875,0.0,0.06522750854492188,50,1007.0,415.0,242.0,1.0
9040,triald,0.0,0.103759765625,0.0,0.12915039062499997,50,1007.0,415.0,242.0,1.0
9049,tccd,0.0,0.0925064086914062,0.0,0.10362243652343744,50,1007.0,415.0,242.0,1.0
9053,cloudd,0.3,0.1544952392578125,0.016,0.2035255432128906,50,1007.0,415.0,242.0,1.0
9069,searchpartyuseragent,0.0,0.1180648803710937,0.002,0.13115692138671872,50,1007.0,415.0,242.0,1.0
9086,knowledge-agent,0.0,0.1239776611328125,0.004,0.13211822509765622,50,1007.0,415.0,242.0,1.0
9088,contactsd,0.0,0.0843048095703125,0.008,0.09849548339843746,50,1007.0,415.0,242.0,1.0
9095,calaccessd,0.0,0.1337051391601562,0.002,0.15127944946289057,50,1007.0,415.0,242.0,1.0
9101,bird,0.0,0.1070022583007812,0.04800000000000001,0.12118530273437494,50,1007.0,415.0,242.0,1.0
9134,ScreenTimeAgent,0.0,0.0944137573242187,0.0,0.10361862182617183,50,1007.0,415.0,242.0,1.0
9138,siriactionsd,0.0,0.1256942749023437,0.004,0.14521408081054685,50,1007.0,415.0,242.0,1.0
8410,routined,0.0,0.2023696899414062,0.034,0.19092559814453122,50,1007.0,415.0,242.0,1.0
9879,Siri,0.0,0.1613616943359375,0.016,0.1504554748535156,50,1007.0,415.0,242.0,1.0
7082,CoreLocationAgent,0.0,0.1384735107421875,0.00425531914893617,0.4036964254176363,47,1007.0,415.0,242.0,1.0
9888,SiriNCService,0.0,0.1491546630859375,0.008,0.15225982666015622,50,1007.0,415.0,242.0,1.0
10124,GMSSELFIngestor,0.0,0.0974655151367187,0.0,0.0974655151367187,50,1007.0,415.0,242.0,1.0
10125,IFTranscriptSELFIngestor,0.0,0.086212158203125,0.0,0.086212158203125,50,1007.0,415.0,242.0,1.0
10126,IFTelemetrySELFIngestor,0.0,0.0825881958007812,0.0,0.0825881958007812,50,1007.0,415.0,242.0,1.0
10127,BiomeSELFIngestor,0.0,0.0879287719726562,0.0,0.0879287719726562,50,1007.0,415.0,242.0,1.0
10204,CoreServicesUIAgent,0.0,0.1983642578125,0.004,0.19499969482421872,50,1007.0,415.0,242.0,1.0
10209,Code Helper (Plugin),0.0,0.464630126953125,0.041,0.5363956451416015,500,1007.0,415.0,242.0,1.0
10211,Code Helper (Plugin),0.0,0.4276275634765625,0.041,0.5363956451416015,500,1007.0,415.0,242.0,1.0
10212,Code Helper (Plugin),0.0,0.4762649536132812,0.041,0.5363956451416015,500,1007.0,415.0,242.0,1.0
10213,Code Helper (Plugin),0.0,0.4756927490234375,0.041,0.5363956451416015,500,1007.0,415.0,242.0,1.0
10215,Code Helper (Plugin),0.0,0.4266738891601562,0.041,0.5363956451416015,500,1007.0,415.0,242.0,1.0
10481,Google Chrome Helper (Renderer),0.0,0.91094970703125,0.647816091954023,1.1122661897505837,435,1007.0,415.0,242.0,1.0
10490,talagentd,0.0,0.1447677612304687,0.002,0.14520263671874997,50,1007.0,415.0,242.0,1.0
10123,extensionkitservice,0.0,0.0789642333984375,0.0,0.08034324645996094,100,1007.0,415.0,242.0,1.0
10558,pbs,0.0,0.031280517578125,0.002,0.031276702880859375,50,1007.0,415.0,242.0,1.0
11684,mlhostd,0.0,0.1436233520507812,0.0,0.14452743530273432,50,1007.0,415.0,242.0,1.0
11889,mdworker_shared,0.0,0.1832962036132812,0.02153846153846154,0.19098232953976357,195,1007.0,415.0,242.0,1.0
12774,businessservicesd,0.0,0.0812530517578125,0.0,0.081024169921875,50,1007.0,415.0,242.0,1.0
12775,MessagesBlastDoorService,0.0,0.0579833984375,0.0,0.05239105224609375,50,1007.0,415.0,242.0,1.0
12776,feedbackd,0.0,0.0789642333984375,0.0,0.078704833984375,50,1007.0,415.0,242.0,1.0
12777,ProtectedCloudKeySyncing,0.0,0.0865936279296875,0.0,0.09304428100585938,50,1007.0,415.0,242.0,1.0
12779,gamecontrolleragentd,0.0,0.0585556030273437,0.002,0.060253143310546854,50,1007.0,415.0,242.0,1.0
12806,python3.12,1.0,0.1592636108398437,0.46153846153846156,0.1703031770475618,91,1007.0,415.0,242.0,1.0
12814,mdworker_shared,0.0,0.0896453857421875,0.02153846153846154,0.19098232953976357,195,1007.0,415.0,242.0,1.0
12815,zsh,0.0,0.0209808349609375,0.0,0.009178644112447462,253,1007.0,415.0,242.0,1.0
12959,ndoagent,0.0,0.0783920288085937,0.0,0.0754165649414062,50,1007.0,415.0,242.0,1.0
12962,mdworker_shared,0.0,0.122833251953125,0.02153846153846154,0.19098232953976357,195,1007.0,415.0,242.0,1.0
11204,MTLCompilerService,0.0,0.0333786010742187,0.0,0.03340148925781246,50,1007.0,415.0,242.0,1.0
10122,SAExtensionOrchestrator,0.0,0.1125335693359375,0.0,0.1125335693359375,50,1007.0,415.0,242.0,1.0
10121,com.apple.Safari.SafeBrowsing.Service,0.0,0.064849853515625,0.0,0.07349395751953124,50,1007.0,415.0,242.0,1.0
10115,iconservicesagent,0.0,0.0902175903320312,0.0,0.0902175903320312,50,1007.0,415.0,242.0,1.0
9891,AssetCacheLocatorService,0.0,0.0406265258789062,0.0,0.04087829589843746,50,1007.0,415.0,242.0,1.0
9900,deleted,0.0,0.0989913940429687,0.0,0.09897549947102859,12,1007.0,415.0,242.0,1.0
9901,pkd,0.0,0.0965118408203125,0.002,0.10622024536132811,50,1007.0,415.0,242.0,1.0
9906,com.apple.quicklook.ThumbnailsAgent,0.0,0.069427490234375,0.0,0.069427490234375,10,1007.0,415.0,242.0,1.0
9907,geodMachServiceBridge,0.0,0.0270843505859375,0.0,0.0270843505859375,9,1007.0,415.0,242.0,1.0
9909,com.apple.geod,0.0,0.0743865966796875,0.004,0.09388351440429683,50,1007.0,415.0,242.0,1.0
9931,csnameddatad,0.0,0.018310546875,0.0,0.018291473388671868,10,1007.0,415.0,242.0,1.0
9946,extensionkitservice,0.0,0.080108642578125,0.0,0.08034324645996094,100,1007.0,415.0,242.0,1.0
9947,networkserviceproxy,0.0,0.1405715942382812,0.0,0.1554603576660156,50,1007.0,415.0,242.0,1.0
9963,swtransparencyd,0.0,0.070953369140625,0.0,0.08174896240234374,50,1007.0,415.0,242.0,1.0
9964,CloudTelemetryService,0.0,0.0612258911132812,0.0,0.06444135050135331,127,1007.0,415.0,242.0,1.0
9965,spotlightknowledged,0.0,0.0791549682617187,0.0,0.04377672749180943,62,1007.0,415.0,242.0,1.0
9967,photoanalysisd,0.0,0.072479248046875,0.0,0.07227384127103363,13,1007.0,415.0,242.0,1.0
9968,CloudTelemetryService,0.0,0.0408172607421875,0.0,0.06444135050135331,127,1007.0,415.0,242.0,1.0
9969,ScopedBookmarkAgent,0.0,0.0528335571289062,0.0,0.0528335571289062,13,1007.0,415.0,242.0,1.0
9970,privatecloudcomputed,0.0,0.0640869140625,0.0,0.0640869140625,14,1007.0,415.0,242.0,1.0
9971,CloudTelemetryService,0.0,0.0396728515625,0.0,0.06444135050135331,127,1007.0,415.0,242.0,1.0
9981,localizationswitcherd,0.0,0.0728607177734375,0.0,0.0728607177734375,17,1007.0,415.0,242.0,1.0
9982,contentlinkingd,0.0,0.0772476196289062,0.0,0.08146667480468746,50,1007.0,415.0,242.0,1.0
9984,AuthenticationServicesAgent,0.0,0.1104354858398437,0.0,0.11043548583984371,19,1007.0,415.0,242.0,1.0
9985,keychainsharingmessagingd,0.0,0.046539306640625,0.0,0.046539306640625,18,1007.0,415.0,242.0,1.0
10001,AppPredictionIntentsHelperService,0.0,0.1674652099609375,0.0,0.16557312011718747,50,1007.0,415.0,242.0,1.0
10006,installerauthagent,0.0,0.0261306762695312,0.0,0.0261306762695312,16,1007.0,415.0,242.0,1.0
10009,com.apple.accessibility.mediaaccessibilityd,0.0,0.0261306762695312,0.0,0.0261306762695312,50,1007.0,415.0,242.0,1.0
10010,AudioComponentRegistrar,0.0,0.0425338745117187,0.004,0.04845809936523434,50,1007.0,415.0,242.0,1.0
10011,CarbonComponentScannerXPC,0.0,0.002288818359375,0.0,0.002288818359375,19,1007.0,415.0,242.0,1.0
10015,linkd,0.0,0.0791549682617187,0.0,0.07984924316406244,50,1007.0,415.0,242.0,1.0
9884,remindd,0.0,0.119781494140625,0.0,0.1221111842564174,14,1007.0,415.0,242.0,1.0
6986,accountsd,0.0,0.1506805419921875,0.0,0.1851234436035156,50,1007.0,415.0,242.0,1.0
4194,Code Helper (Plugin),0.1,0.6433486938476562,0.041,0.5363956451416015,500,1007.0,415.0,242.0,1.0
5384,zsh,0.0,0.0043869018554687,0.0,0.009178644112447462,253,1007.0,415.0,242.0,1.0
623,WallpaperImageExtension,0.0,0.0654220581054687,0.0,0.07489013671874994,50,1007.0,415.0,242.0,1.0
639,sharingd,0.0,0.1325607299804687,0.002,0.14010620117187497,50,1007.0,415.0,242.0,1.0
641,usernoted,0.0,0.1737594604492187,0.02,0.15933227539062497,50,1007.0,415.0,242.0,1.0
642,neagent,0.0,0.1068115234375,0.0,0.1076812744140625,50,1007.0,415.0,242.0,1.0
643,useractivityd,0.0,0.091552734375,0.008,0.08467864990234374,50,1007.0,415.0,242.0,1.0
644,com.apple.dock.extra,0.0,0.1405715942382812,0.048,0.17804336547851562,50,1007.0,415.0,242.0,1.0
646,NotificationCenter,0.0,0.2164840698242187,0.024000000000000004,0.24862670898437497,50,1007.0,415.0,242.0,1.0
649,milod,0.0,0.0820159912109375,0.0,0.08232498168945312,50,1007.0,415.0,242.0,1.0
650,familycircled,0.0,0.0677108764648437,0.0,0.06789016723632807,50,1007.0,415.0,242.0,1.0
651,StatusKitAgent,0.0,0.0787734985351562,0.0,0.07876968383789057,50,1007.0,415.0,242.0,1.0
666,ContextStoreAgent,0.0,0.200653076171875,0.11199999999999999,0.1729774475097656,50,1007.0,415.0,242.0,1.0
668,BiomeAgent,0.0,0.1417160034179687,0.126,0.1340827941894531,50,1007.0,415.0,242.0,1.0
616,assistantd,0.0,0.1287460327148437,0.004,0.23475265502929685,50,1007.0,415.0,242.0,1.0
670,imklaunchagent,0.0,0.0619888305664062,0.0,0.06198501586914058,50,1007.0,415.0,242.0,1.0
680,AirPlayUIAgent,0.0,0.1033782958984375,0.004,0.09934997558593746,50,1007.0,415.0,242.0,1.0
683,imagent,0.0,0.1033782958984375,0.008,0.13217163085937497,50,1007.0,415.0,242.0,1.0
685,diagnostics_agent,0.0,0.0879287719726562,0.002,0.09417724609374996,50,1007.0,415.0,242.0,1.0
686,TextInputMenuAgent,0.0,0.1535415649414062,0.008,0.16139221191406247,50,1007.0,415.0,242.0,1.0
688,Grammarly Desktop Helper,0.0,0.0864028930664062,0.002,0.10088729858398436,50,1007.0,415.0,242.0,1.0
699,com.apple.CloudDocs.iCloudDriveFileProvider,0.0,0.0860214233398437,0.008,0.09911346435546875,50,1007.0,415.0,242.0,1.0
704,ctkahp,0.0,0.037384033203125,0.0,0.037380218505859375,50,1007.0,415.0,242.0,1.0
707,WiFiAgent,0.0,0.1596450805664062,0.114,0.16522979736328122,50,1007.0,415.0,242.0,1.0
709,nsurlsessiond,0.0,0.1199722290039062,0.032,0.1256752014160156,50,1007.0,415.0,242.0,1.0
713,Spotlight,0.0,0.2946853637695312,0.05,0.27865600585937494,50,1007.0,415.0,242.0,1.0
714,CursorUIViewService,0.0,0.1745223999023437,0.07400000000000001,0.15747833251953122,50,1007.0,415.0,242.0,1.0
716,PAH_Extension,0.0,0.1176834106445312,0.014000000000000002,0.11199188232421874,50,1007.0,415.0,242.0,1.0
673,icdd,0.0,0.0349044799804687,0.0,0.034900665283203076,50,1007.0,415.0,242.0,1.0
609,identityservicesd,0.0,0.2264022827148437,0.012,0.20082092285156247,50,1007.0,415.0,242.0,1.0
608,ViewBridgeAuxiliary,0.0,0.0925064086914062,0.014000000000000002,0.08618545532226561,50,1007.0,415.0,242.0,1.0
606,fontworker,0.0,0.0581741333007812,0.0,0.05817031860351558,50,1007.0,415.0,242.0,1.0
5761,zsh,0.0,0.0131607055664062,0.0,0.009178644112447462,253,1007.0,415.0,242.0,1.0
376,loginwindow,0.0,0.1630783081054687,0.008,0.24020385742187497,50,1007.0,415.0,242.0,1.0
543,distnoted,0.1,0.0471115112304687,0.028000000000000004,0.05070495605468747,50,1007.0,415.0,242.0,1.0
544,cfprefsd,0.0,0.0490188598632812,0.066,0.05707931518554685,50,1007.0,415.0,242.0,1.0
549,UserEventAgent,0.0,0.081634521484375,0.013999999999999999,0.10488891601562496,50,1007.0,415.0,242.0,1.0
553,WindowManager,0.0,0.2599716186523437,0.11200000000000002,0.24517440795898435,50,1007.0,415.0,242.0,1.0
557,universalaccessd,0.0,0.1018524169921875,0.006000000000000001,0.09207916259765624,50,1007.0,415.0,242.0,1.0
559,Dock,0.0,0.1834869384765625,0.076,0.20318603515624997,50,1007.0,415.0,242.0,1.0
560,ControlCenter,0.5,0.372314453125,0.5379999999999999,0.41684722900390625,50,1007.0,415.0,242.0,1.0
561,pboard,0.0,0.0995635986328125,0.002,0.09132385253906246,50,1007.0,415.0,242.0,1.0
562,SystemUIServer,0.0,0.1285552978515625,0.006,0.13476562499999997,50,1007.0,415.0,242.0,1.0
564,Finder,0.0,0.3322601318359375,0.07400000000000001,0.4227867126464844,50,1007.0,415.0,242.0,1.0
567,lsd,0.0,0.08392333984375,0.012,0.11196517944335933,50,1007.0,415.0,242.0,1.0
568,AXVisualSupportAgent,0.1,0.1611709594726562,0.6920000000000001,0.16974639892578122,50,1007.0,415.0,242.0,1.0
575,rapportd,0.0,0.1298904418945312,0.002,0.1259346008300781,50,1007.0,415.0,242.0,1.0
578,secd,0.0,0.115203857421875,0.006000000000000001,0.15089416503906247,50,1007.0,415.0,242.0,1.0
580,trustd,0.0,0.1087188720703125,0.04,0.11620330810546871,50,1007.0,415.0,242.0,1.0
583,WallpaperAgent,0.0,0.2099990844726562,0.004,0.1629066467285156,50,1007.0,415.0,242.0,1.0
587,com.apple.hiservices-xpcservice,0.0,0.0432968139648437,0.01,0.03719711303710933,50,1007.0,415.0,242.0,1.0
589,sharedfilelistd,0.0,0.064849853515625,0.0,0.08721542358398436,50,1007.0,415.0,242.0,1.0
590,containermanagerd,0.0,0.074005126953125,0.012,0.04875946044921871,50,1007.0,415.0,242.0,1.0
591,usernotificationsd,0.0,0.1104354858398437,0.008,0.09786605834960933,50,1007.0,415.0,242.0,1.0
596,callservicesd,0.0,0.139617919921875,0.006000000000000001,0.17979049682617185,50,1007.0,415.0,242.0,1.0
600,fontd,0.0,0.0499725341796875,0.002,0.06991577148437499,50,1007.0,415.0,242.0,1.0
602,fileproviderd,0.2,0.1382827758789062,0.21200000000000002,0.1446113586425781,50,1007.0,415.0,242.0,1.0
604,AMPDeviceDiscoveryAgent,0.0,0.045013427734375,0.0,0.051746368408203104,50,1007.0,415.0,242.0,1.0
605,ContinuityCaptureAgent,0.0,0.0761032104492187,0.0,0.0761032104492187,50,1007.0,415.0,242.0,1.0
717,OneDrive,0.0,0.3021240234375,0.032,0.36077880859375,50,1007.0,415.0,242.0,1.0
718,corespotlightd,0.0,0.1611709594726562,0.012,0.15357208251953122,50,1007.0,415.0,242.0,1.0
615,corespeechd,0.0,0.135040283203125,0.09799999999999999,0.18834686279296872,50,1007.0,415.0,242.0,1.0
730,Spotify,0.4,0.7814407348632812,0.5479999999999999,1.0496597290039062,50,1007.0,415.0,242.0,1.0
966,Google Chrome Helper,0.0,0.1962661743164062,0.6,0.42389755249023436,250,1007.0,415.0,242.0,1.0
1015,Google Chrome Helper,0.0,0.1466751098632812,0.6,0.42389755249023436,250,1007.0,415.0,242.0,1.0
1052,spotlightknowledged,0.0,0.0352859497070312,0.0,0.04377672749180943,62,1007.0,415.0,242.0,1.0
1191,storeaccountd,0.0,0.0658035278320312,0.0,0.06579971313476557,50,1007.0,415.0,242.0,1.0
1474,IMAutomaticHistoryDeletionAgent,0.0,0.0730514526367187,0.0,0.08300018310546874,50,1007.0,415.0,242.0,1.0
1718,ServiceExtension,0.0,0.142669677734375,0.0,0.142669677734375,50,1007.0,415.0,242.0,1.0
2095,com.apple.WebKit.WebContent,0.0,0.1153945922851562,0.2837142857142857,0.5284216744559151,350,1007.0,415.0,242.0,1.0
2096,com.apple.WebKit.WebContent,0.0,0.2742767333984375,0.2837142857142857,0.5284216744559151,350,1007.0,415.0,242.0,1.0
2641,Google Chrome Helper (Renderer),0.0,0.5830764770507812,0.647816091954023,1.1122661897505837,435,1007.0,415.0,242.0,1.0
2672,Google Chrome Helper (Renderer),0.5,5.3783416748046875,0.647816091954023,1.1122661897505837,435,1007.0,415.0,242.0,1.0
2826,Code,0.2,1.42364501953125,1.3619999999999999,1.3807182312011719,50,1007.0,415.0,242.0,1.0
2833,Code Helper,1.0,0.8350372314453125,0.32371428571428573,0.48915318080357145,350,1007.0,415.0,242.0,1.0
2834,Code Helper,0.0,0.3332138061523437,0.32371428571428573,0.48915318080357145,350,1007.0,415.0,242.0,1.0
2835,Code Helper (Renderer),1.2,3.6542892456054688,3.5780000000000003,3.886066436767578,50,1007.0,415.0,242.0,1.0
2852,Code Helper,0.0,1.0354995727539062,0.32371428571428573,0.48915318080357145,350,1007.0,415.0,242.0,1.0
2878,Code Helper,0.0,0.3442764282226562,0.32371428571428573,0.48915318080357145,350,1007.0,415.0,242.0,1.0
2880,Code Helper,0.0,0.140380859375,0.32371428571428573,0.48915318080357145,350,1007.0,415.0,242.0,1.0
2913,Code Helper,0.7,0.5300521850585938,0.32371428571428573,0.48915318080357145,350,1007.0,415.0,242.0,1.0
3033,Code Helper,0.0,0.3917694091796875,0.32371428571428573,0.48915318080357145,350,1007.0,415.0,242.0,1.0
3034,Code Helper (Plugin),0.1,0.77056884765625,0.041,0.5363956451416015,500,1007.0,415.0,242.0,1.0
3045,Code Helper (Plugin),0.0,0.2344131469726562,0.041,0.5363956451416015,500,1007.0,415.0,242.0,1.0
3063,zsh,0.0,0.0047683715820312,0.0,0.009178644112447462,253,1007.0,415.0,242.0,1.0
4030,pet,0.0,0.0217437744140625,0.02,0.02233123779296875,50,1007.0,415.0,242.0,1.0
4037,zsh,0.0,0.0043869018554687,0.0,0.009178644112447462,253,1007.0,415.0,242.0,1.0
4143,Code Helper (Plugin),0.0,0.1918792724609375,0.041,0.5363956451416015,500,1007.0,415.0,242.0,1.0
722,duetexpertd,0.0,0.2422332763671875,0.09,0.26060485839843744,50,1007.0,415.0,242.0,1.0
5379,Code Helper (Plugin),0.0,0.2145767211914062,0.041,0.5363956451416015,500,1007.0,415.0,242.0,1.0
964,Google Chrome Helper,0.7,0.6465911865234375,0.6,0.42389755249023436,250,1007.0,415.0,242.0,1.0
963,Google Chrome Helper,0.4,0.8358001708984375,0.6,0.42389755249023436,250,1007.0,415.0,242.0,1.0
2832,chrome_crashpad_handler,0.0,0.0194549560546875,0.0,0.019365310668945288,100,1007.0,415.0,242.0,1.0
734,mediaremoteagent,0.0,0.0232696533203125,0.0,0.0232696533203125,50,1007.0,415.0,242.0,1.0
733,homed,0.0,0.1100540161132812,0.0,0.1302070617675781,50,1007.0,415.0,242.0,1.0
961,voicebankingd,0.0,0.0738143920898437,0.0,0.07259750366210932,50,1007.0,415.0,242.0,1.0
740,Spotify Helper,0.0,0.0396728515625,0.015600000000000001,0.14564056396484373,250,1007.0,415.0,242.0,1.0
741,avconferenced,0.0,0.067901611328125,0.0,0.06789779663085938,50,1007.0,415.0,242.0,1.0
747,Spotify Helper,0.0,0.1552581787109375,0.015600000000000001,0.14564056396484373,250,1007.0,415.0,242.0,1.0
748,Spotify Helper,0.1,0.2431869506835937,0.015600000000000001,0.14564056396484373,250,1007.0,415.0,242.0,1.0
752,Spotify Helper,0.0,0.0921249389648437,0.015600000000000001,0.14564056396484373,250,1007.0,415.0,242.0,1.0
755,Grammarly Desktop,0.3,0.643157958984375,0.524,0.7150344848632812,50,1007.0,415.0,242.0,1.0
772,com.apple.WebKit.GPU,0.0,0.0507354736328125,0.102,0.09322547912597655,100,1007.0,415.0,242.0,1.0
774,com.apple.WebKit.WebContent,0.0,0.0186920166015625,0.2837142857142857,0.5284216744559151,350,1007.0,415.0,242.0,1.0
776,com.apple.WebKit.Networking,0.0,0.10223388671875,0.4,0.16855621337890622,100,1007.0,415.0,242.0,1.0
792,commerce,0.0,0.0810623168945312,0.0,0.08901596069335932,50,1007.0,415.0,242.0,1.0
857,Grammarly Desktop Update Service,0.0,0.090789794921875,0.006000000000000001,0.11079406738281246,50,1007.0,415.0,242.0,1.0
768,Spotify Helper (Renderer),0.0,0.27008056640625,0.044000000000000004,0.4534873962402344,50,1007.0,415.0,242.0,1.0
898,OneDrive Sync Service,0.0,0.1743316650390625,0.004,0.21224594116210935,50,1007.0,415.0,242.0,1.0
960,chrome_crashpad_handler,0.0,0.0188827514648437,0.0,0.019365310668945288,100,1007.0,415.0,242.0,1.0
873,mdbulkimport,0.0,0.0713348388671875,0.0,0.07133102416992188,50,1007.0,415.0,242.0,1.0
932,com.apple.WebKit.WebContent,0.2,0.766754150390625,0.2837142857142857,0.5284216744559151,350,1007.0,415.0,242.0,1.0
931,com.apple.WebKit.WebContent,0.0,0.6349563598632812,0.2837142857142857,0.5284216744559151,350,1007.0,415.0,242.0,1.0
930,com.apple.WebKit.WebContent,0.0,0.1373291015625,0.2837142857142857,0.5284216744559151,350,1007.0,415.0,242.0,1.0
926,peopled,0.0,0.086212158203125,0.0,0.08623886108398438,50,1007.0,415.0,242.0,1.0
957,Google Chrome,0.7,2.111053466796875,1.324,2.2691001892089844,50,1007.0,415.0,242.0,1.0
919,com.apple.WebKit.Networking,0.0,0.1567840576171875,0.4,0.16855621337890622,100,1007.0,415.0,242.0,1.0
918,com.apple.WebKit.GPU,0.0,0.1306533813476562,0.102,0.09322547912597655,100,1007.0,415.0,242.0,1.0
916,com.apple.WebKit.WebContent,0.1,0.5556106567382812,0.2837142857142857,0.5284216744559151,350,1007.0,415.0,242.0,1.0
913,app_inkwell,0.0,0.2857208251953125,0.94,0.29593276977539057,50,1007.0,415.0,242.0,1.0
921,Spotify Helper,0.0,0.083160400390625,0.015600000000000001,0.14564056396484373,250,1007.0,415.0,242.0,1.0
9710,photolibraryd,0.0,0.1087188720703125,0.0,0.11319380540114181,13,1007.0,415.0,242.0,1.0
9706,amsaccountsd,0.0,0.1117706298828125,0.041176470588235294,0.11300479664522058,17,1007.0,415.0,242.0,1.0
9682,keyboardservicesd,0.0,0.081634521484375,0.0,0.0876617431640625,50,1007.0,415.0,242.0,1.0
9681,AppleSpell,0.0,0.1302719116210937,0.0,0.13717651367187494,50,1007.0,415.0,242.0,1.0
9649,suggestd,0.0,0.1539230346679687,0.002,0.15771484374999997,50,1007.0,415.0,242.0,1.0
9574,findmylocateagent,0.0,0.092315673828125,0.0,0.092315673828125,18,1007.0,415.0,242.0,1.0
9575,akd,0.0,0.214385986328125,0.002,0.2174873352050781,50,1007.0,415.0,242.0,1.0
9556,syncdefaultsd,0.0,0.083160400390625,0.006000000000000001,0.11057662963867186,50,1007.0,415.0,242.0,1.0
9573,donotdisturbd,0.0,0.115966796875,0.0,0.1159562004937066,18,1007.0,415.0,242.0,1.0
9572,proactived,0.0,0.1415252685546875,0.02,0.1299476623535156,50,1007.0,415.0,242.0,1.0
9742,promotedcontentd,0.1,0.098419189453125,0.002,0.11449813842773438,50,1007.0,415.0,242.0,1.0
9577,CloudTelemetryService,0.0,0.0589370727539062,0.0,0.06444135050135331,127,1007.0,415.0,242.0,1.0
9754,ctkd,0.0,0.07781982421875,0.0,0.08569717407226562,50,1007.0,415.0,242.0,1.0
9847,UIKitSystem,0.0,0.1695632934570312,0.002,0.17118835449218742,50,1007.0,415.0,242.0,1.0
9766,followupd,0.0,0.0484466552734375,0.01875,0.05050897598266601,16,1007.0,415.0,242.0,1.0
9767,cdpd,0.0,0.0759124755859375,0.0,0.07590243690892269,19,1007.0,415.0,242.0,1.0
9770,parsecd,0.0,0.1018524169921875,0.0,0.10183334350585938,10,1007.0,415.0,242.0,1.0
9774,UsageTrackingAgent,0.0,0.0909805297851562,0.0,0.09107028736787681,17,1007.0,415.0,242.0,1.0
9782,SafariBookmarksSyncAgent,0.0,0.1008987426757812,0.0,0.10235526344992892,11,1007.0,415.0,242.0,1.0
9786,sociallayerd,0.0,0.079345703125,0.0,0.07932836359197443,11,1007.0,415.0,242.0,1.0
9823,appleaccountd,0.0,0.1085281372070312,0.0,0.11508044074563417,17,1007.0,415.0,242.0,1.0
9825,CommCenter,0.0,0.1142501831054687,0.006000000000000001,0.23591232299804685,50,1007.0,415.0,242.0,1.0
9829,transparencyd,0.0,0.1886367797851562,0.018000000000000002,0.21265792846679685,50,1007.0,415.0,242.0,1.0
9842,Keychain Circle Notification,0.0,0.1323699951171875,0.044000000000000004,0.18328857421874997,50,1007.0,415.0,242.0,1.0
9845,intelligentroutingd,0.0,0.0883102416992187,0.0,0.0883407592773437,50,1007.0,415.0,242.0,1.0
9272,mbuseragent,0.0,0.0368118286132812,0.0,0.036808013916015576,50,1007.0,415.0,242.0,1.0
9762,coreauthd,0.0,0.0871658325195312,0.0,0.09390640258789058,50,1007.0,415.0,242.0,1.0
9271,mdwrite,0.0,0.0329971313476562,0.0,0.032993316650390576,50,1007.0,415.0,242.0,1.0
7082,CoreLocationAgent,0.0,0.1384735107421875,0.00425531914893617,0.4036964254176363,47,1007.0,415.0,242.0,1.0
9205,IntelligencePlatformComputeService,0.0,0.0879287719726562,0.0,0.0879287719726562,50,1007.0,415.0,242.0,1.0
9877,avatarsd,0.0,0.1684188842773437,0.0,0.16840934753417963,20,1007.0,415.0,242.0,1.0
8323,Google Chrome Helper (Renderer),0.0,0.6603240966796875,0.647816091954023,1.1122661897505837,435,1007.0,415.0,242.0,1.0
8324,Google Chrome Helper (Renderer),0.0,0.244903564453125,0.647816091954023,1.1122661897505837,435,1007.0,415.0,242.0,1.0
8325,Google Chrome Helper (Renderer),0.0,0.3416061401367187,0.647816091954023,1.1122661897505837,435,1007.0,415.0,242.0,1.0
8326,chronod,0.0,0.1417160034179687,0.01,0.15725708007812497,50,1007.0,415.0,242.0,1.0
8328,Google Chrome Helper (Renderer),0.0,0.4674911499023437,0.647816091954023,1.1122661897505837,435,1007.0,415.0,242.0,1.0
8335,WorldClockWidget,0.0,0.2202987670898437,0.0,0.22029876708984367,50,1007.0,415.0,242.0,1.0
8336,CalendarWidgetExtension,0.0,0.1031875610351562,0.0,0.1031875610351562,50,1007.0,415.0,242.0,1.0
8337,WeatherWidget,0.0,0.36163330078125,0.0,0.3655509948730469,50,1007.0,415.0,242.0,1.0
8339,StocksWidget,0.0,0.3248214721679687,0.0,0.3267478942871093,50,1007.0,415.0,242.0,1.0
8340,ScreenTimeWidgetExtension,0.0,0.3332138061523437,0.0,0.3311538696289062,50,1007.0,415.0,242.0,1.0
8351,Google Chrome Helper,0.0,0.1678466796875,0.6,0.42389755249023436,250,1007.0,415.0,242.0,1.0
8396,audioaccessoryd,0.0,0.0970840454101562,0.0,0.10800170898437496,50,1007.0,415.0,242.0,1.0
8410,routined,0.0,0.2023696899414062,0.034,0.19092559814453122,50,1007.0,415.0,242.0,1.0
8666,Google Chrome Helper (Renderer),0.0,0.302886962890625,0.647816091954023,1.1122661897505837,435,1007.0,415.0,242.0,1.0
9000,PowerChime,0.0,0.13885498046875,0.008,0.14000701904296872,50,1007.0,415.0,242.0,1.0
9032,secinitd,0.0,0.0652313232421875,0.0,0.06522750854492188,50,1007.0,415.0,242.0,1.0
9040,triald,0.0,0.103759765625,0.0,0.12915039062499997,50,1007.0,415.0,242.0,1.0
9049,tccd,0.0,0.0925064086914062,0.0,0.10362243652343744,50,1007.0,415.0,242.0,1.0
9053,cloudd,0.0,0.185394287109375,0.016,0.2035255432128906,50,1007.0,415.0,242.0,1.0
9069,searchpartyuseragent,0.0,0.1178741455078125,0.002,0.13115692138671872,50,1007.0,415.0,242.0,1.0
9086,knowledge-agent,0.0,0.1239776611328125,0.004,0.13211822509765622,50,1007.0,415.0,242.0,1.0
9088,contactsd,0.0,0.0843048095703125,0.008,0.09849548339843746,50,1007.0,415.0,242.0,1.0
9095,calaccessd,0.0,0.1337051391601562,0.002,0.15127944946289057,50,1007.0,415.0,242.0,1.0
9101,bird,0.0,0.1070022583007812,0.04800000000000001,0.12118530273437494,50,1007.0,415.0,242.0,1.0
9134,ScreenTimeAgent,0.0,0.0944137573242187,0.0,0.10361862182617183,50,1007.0,415.0,242.0,1.0
9138,siriactionsd,0.0,0.1256942749023437,0.004,0.14521408081054685,50,1007.0,415.0,242.0,1.0
9223,mapssyncd,0.0,0.0917434692382812,0.0,0.09173965454101557,50,1007.0,415.0,242.0,1.0
9879,Siri,0.0,0.1623153686523437,0.016,0.1504554748535156,50,1007.0,415.0,242.0,1.0
13000,python3.12,0.0,0.206756591796875,0.46153846153846156,0.1703031770475618,91,1007.0,415.0,242.0,1.0
9888,SiriNCService,0.0,0.1491546630859375,0.008,0.15225982666015622,50,1007.0,415.0,242.0,1.0
10125,IFTranscriptSELFIngestor,0.0,0.086212158203125,0.0,0.086212158203125,50,1007.0,415.0,242.0,1.0
10126,IFTelemetrySELFIngestor,0.0,0.0825881958007812,0.0,0.0825881958007812,50,1007.0,415.0,242.0,1.0
10127,BiomeSELFIngestor,0.0,0.0879287719726562,0.0,0.0879287719726562,50,1007.0,415.0,242.0,1.0
10204,CoreServicesUIAgent,0.0,0.1981735229492187,0.004,0.19499969482421872,50,1007.0,415.0,242.0,1.0
10209,Code Helper (Plugin),0.0,0.4941940307617187,0.041,0.5363956451416015,500,1007.0,415.0,242.0,1.0
10211,Code Helper (Plugin),0.0,0.4512786865234375,0.041,0.5363956451416015,500,1007.0,415.0,242.0,1.0
10212,Code Helper (Plugin),0.0,0.4762649536132812,0.041,0.5363956451416015,500,1007.0,415.0,242.0,1.0
10213,Code Helper (Plugin),0.0,0.4756927490234375,0.041,0.5363956451416015,500,1007.0,415.0,242.0,1.0
10215,Code Helper (Plugin),0.0,0.4396438598632812,0.041,0.5363956451416015,500,1007.0,415.0,242.0,1.0
10481,Google Chrome Helper (Renderer),0.0,0.9136199951171876,0.647816091954023,1.1122661897505837,435,1007.0,415.0,242.0,1.0
10490,talagentd,0.0,0.1447677612304687,0.002,0.14520263671874997,50,1007.0,415.0,242.0,1.0
10558,pbs,0.0,0.031280517578125,0.002,0.031276702880859375,50,1007.0,415.0,242.0,1.0
10124,GMSSELFIngestor,0.0,0.0974655151367187,0.0,0.0974655151367187,50,1007.0,415.0,242.0,1.0
11204,MTLCompilerService,0.0,0.0333786010742187,0.0,0.03340148925781246,50,1007.0,415.0,242.0,1.0
11889,mdworker_shared,0.0,0.1832962036132812,0.02153846153846154,0.19098232953976357,195,1007.0,415.0,242.0,1.0
12774,businessservicesd,0.0,0.0812530517578125,0.0,0.081024169921875,50,1007.0,415.0,242.0,1.0
12775,MessagesBlastDoorService,0.0,0.0579833984375,0.0,0.05239105224609375,50,1007.0,415.0,242.0,1.0
12776,feedbackd,0.0,0.0789642333984375,0.0,0.078704833984375,50,1007.0,415.0,242.0,1.0
12777,ProtectedCloudKeySyncing,0.0,0.0865936279296875,0.0,0.09304428100585938,50,1007.0,415.0,242.0,1.0
12779,gamecontrolleragentd,0.0,0.0593185424804687,0.002,0.060253143310546854,50,1007.0,415.0,242.0,1.0
12806,python3.12,0.7,0.1653671264648437,0.46153846153846156,0.1703031770475618,91,1007.0,415.0,242.0,1.0
12814,mdworker_shared,0.0,0.1115798950195312,0.02153846153846154,0.19098232953976357,195,1007.0,415.0,242.0,1.0
12815,zsh,0.0,0.0310897827148437,0.0,0.009178644112447462,253,1007.0,415.0,242.0,1.0
12962,mdworker_shared,0.0,0.122833251953125,0.02153846153846154,0.19098232953976357,195,1007.0,415.0,242.0,1.0
12963,replayd,0.0,0.3374099731445312,0.0,0.21639064866669325,49,1007.0,415.0,242.0,1.0
6986,accountsd,0.0,0.1506805419921875,0.0,0.1851234436035156,50,1007.0,415.0,242.0,1.0
11684,mlhostd,0.0,0.1436233520507812,0.0,0.14452743530273432,50,1007.0,415.0,242.0,1.0
10123,extensionkitservice,0.0,0.0789642333984375,0.0,0.08034324645996094,100,1007.0,415.0,242.0,1.0
10122,SAExtensionOrchestrator,0.0,0.1125335693359375,0.0,0.1125335693359375,50,1007.0,415.0,242.0,1.0
10121,com.apple.Safari.SafeBrowsing.Service,0.0,0.064849853515625,0.0,0.07349395751953124,50,1007.0,415.0,242.0,1.0
9891,AssetCacheLocatorService,0.0,0.0406265258789062,0.0,0.04087829589843746,50,1007.0,415.0,242.0,1.0
9900,deleted,0.0,0.0989913940429687,0.0,0.09897549947102859,12,1007.0,415.0,242.0,1.0
9901,pkd,0.0,0.0965118408203125,0.002,0.10622024536132811,50,1007.0,415.0,242.0,1.0
9906,com.apple.quicklook.ThumbnailsAgent,0.0,0.069427490234375,0.0,0.069427490234375,10,1007.0,415.0,242.0,1.0
9909,com.apple.geod,0.0,0.09002685546875,0.004,0.09388351440429683,50,1007.0,415.0,242.0,1.0
9931,csnameddatad,0.0,0.018310546875,0.0,0.018291473388671868,10,1007.0,415.0,242.0,1.0
9946,extensionkitservice,0.0,0.080108642578125,0.0,0.08034324645996094,100,1007.0,415.0,242.0,1.0
9947,networkserviceproxy,0.0,0.1405715942382812,0.0,0.1554603576660156,50,1007.0,415.0,242.0,1.0
9963,swtransparencyd,0.0,0.070953369140625,0.0,0.08174896240234374,50,1007.0,415.0,242.0,1.0
9964,CloudTelemetryService,0.0,0.0612258911132812,0.0,0.06444135050135331,127,1007.0,415.0,242.0,1.0
9965,spotlightknowledged,0.0,0.0791549682617187,0.0,0.04377672749180943,62,1007.0,415.0,242.0,1.0
9967,photoanalysisd,0.0,0.0722885131835937,0.0,0.07227384127103363,13,1007.0,415.0,242.0,1.0
9968,CloudTelemetryService,0.0,0.0408172607421875,0.0,0.06444135050135331,127,1007.0,415.0,242.0,1.0
9969,ScopedBookmarkAgent,0.0,0.0528335571289062,0.0,0.0528335571289062,13,1007.0,415.0,242.0,1.0
9970,privatecloudcomputed,0.0,0.0640869140625,0.0,0.0640869140625,14,1007.0,415.0,242.0,1.0
9971,CloudTelemetryService,0.0,0.0396728515625,0.0,0.06444135050135331,127,1007.0,415.0,242.0,1.0
9981,localizationswitcherd,0.0,0.0728607177734375,0.0,0.0728607177734375,17,1007.0,415.0,242.0,1.0
9982,contentlinkingd,0.0,0.0772476196289062,0.0,0.08146667480468746,50,1007.0,415.0,242.0,1.0
9984,AuthenticationServicesAgent,0.0,0.1104354858398437,0.0,0.11043548583984371,19,1007.0,415.0,242.0,1.0
9985,keychainsharingmessagingd,0.0,0.046539306640625,0.0,0.046539306640625,18,1007.0,415.0,242.0,1.0
10001,AppPredictionIntentsHelperService,0.0,0.1674652099609375,0.0,0.16557312011718747,50,1007.0,415.0,242.0,1.0
10006,installerauthagent,0.0,0.0261306762695312,0.0,0.0261306762695312,16,1007.0,415.0,242.0,1.0
10009,com.apple.accessibility.mediaaccessibilityd,0.0,0.0261306762695312,0.0,0.0261306762695312,50,1007.0,415.0,242.0,1.0
10010,AudioComponentRegistrar,0.0,0.0425338745117187,0.004,0.04845809936523434,50,1007.0,415.0,242.0,1.0
10011,CarbonComponentScannerXPC,0.0,0.002288818359375,0.0,0.002288818359375,19,1007.0,415.0,242.0,1.0
10015,linkd,0.0,0.0791549682617187,0.0,0.07984924316406244,50,1007.0,415.0,242.0,1.0
10115,iconservicesagent,0.0,0.0902175903320312,0.0,0.0902175903320312,50,1007.0,415.0,242.0,1.0
9884,remindd,0.0,0.1194000244140625,0.0,0.1221111842564174,14,1007.0,415.0,242.0,1.0
5761,zsh,0.0,0.0131607055664062,0.0,0.009178644112447462,253,1007.0,415.0,242.0,1.0
12959,ndoagent,0.0,0.0772476196289062,0.0,0.0754165649414062,50,1007.0,415.0,242.0,1.0
5379,Code Helper (Plugin),0.0,0.2483367919921875,0.041,0.5363956451416015,500,1007.0,415.0,242.0,1.0
623,WallpaperImageExtension,0.0,0.0654220581054687,0.0,0.07489013671874994,50,1007.0,415.0,242.0,1.0
639,sharingd,0.0,0.1325607299804687,0.002,0.14010620117187497,50,1007.0,415.0,242.0,1.0
641,usernoted,0.0,0.1264572143554687,0.02,0.15933227539062497,50,1007.0,415.0,242.0,1.0
642,neagent,0.0,0.1068115234375,0.0,0.1076812744140625,50,1007.0,415.0,242.0,1.0
643,useractivityd,0.0,0.08544921875,0.008,0.08467864990234374,50,1007.0,415.0,242.0,1.0
644,com.apple.dock.extra,0.0,0.140380859375,0.048,0.17804336547851562,50,1007.0,415.0,242.0,1.0
646,NotificationCenter,0.0,0.2054214477539062,0.024000000000000004,0.24862670898437497,50,1007.0,415.0,242.0,1.0
649,milod,0.0,0.0820159912109375,0.0,0.08232498168945312,50,1007.0,415.0,242.0,1.0
650,familycircled,0.0,0.0677108764648437,0.0,0.06789016723632807,50,1007.0,415.0,242.0,1.0
651,StatusKitAgent,0.0,0.0787734985351562,0.0,0.07876968383789057,50,1007.0,415.0,242.0,1.0
666,ContextStoreAgent,0.0,0.1935958862304687,0.11199999999999999,0.1729774475097656,50,1007.0,415.0,242.0,1.0
668,BiomeAgent,0.0,0.1422882080078125,0.126,0.1340827941894531,50,1007.0,415.0,242.0,1.0
615,corespeechd,0.0,0.1194000244140625,0.09799999999999999,0.18834686279296872,50,1007.0,415.0,242.0,1.0
670,imklaunchagent,0.0,0.0619888305664062,0.0,0.06198501586914058,50,1007.0,415.0,242.0,1.0
680,AirPlayUIAgent,0.0,0.1031875610351562,0.004,0.09934997558593746,50,1007.0,415.0,242.0,1.0
683,imagent,0.0,0.1123428344726562,0.008,0.13217163085937497,50,1007.0,415.0,242.0,1.0
685,diagnostics_agent,0.0,0.087738037109375,0.002,0.09417724609374996,50,1007.0,415.0,242.0,1.0
686,TextInputMenuAgent,0.0,0.153350830078125,0.008,0.16139221191406247,50,1007.0,415.0,242.0,1.0
688,Grammarly Desktop Helper,0.0,0.086212158203125,0.002,0.10088729858398436,50,1007.0,415.0,242.0,1.0
699,com.apple.CloudDocs.iCloudDriveFileProvider,0.0,0.0860214233398437,0.008,0.09911346435546875,50,1007.0,415.0,242.0,1.0
704,ctkahp,0.0,0.037384033203125,0.0,0.037380218505859375,50,1007.0,415.0,242.0,1.0
707,WiFiAgent,0.0,0.1596450805664062,0.114,0.16522979736328122,50,1007.0,415.0,242.0,1.0
709,nsurlsessiond,0.0,0.1178741455078125,0.032,0.1256752014160156,50,1007.0,415.0,242.0,1.0
713,Spotlight,0.0,0.295257568359375,0.05,0.27865600585937494,50,1007.0,415.0,242.0,1.0
714,CursorUIViewService,0.0,0.1739501953125,0.07400000000000001,0.15747833251953122,50,1007.0,415.0,242.0,1.0
716,PAH_Extension,0.0,0.1171112060546875,0.014000000000000002,0.11199188232421874,50,1007.0,415.0,242.0,1.0
673,icdd,0.0,0.0349044799804687,0.0,0.034900665283203076,50,1007.0,415.0,242.0,1.0
609,identityservicesd,0.0,0.22430419921875,0.012,0.20082092285156247,50,1007.0,415.0,242.0,1.0
608,ViewBridgeAuxiliary,0.0,0.091552734375,0.014000000000000002,0.08618545532226561,50,1007.0,415.0,242.0,1.0
606,fontworker,0.0,0.0581741333007812,0.0,0.05817031860351558,50,1007.0,415.0,242.0,1.0
5384,zsh,0.0,0.0043869018554687,0.0,0.009178644112447462,253,1007.0,415.0,242.0,1.0
376,loginwindow,0.0,0.1628875732421875,0.008,0.24020385742187497,50,1007.0,415.0,242.0,1.0
543,distnoted,0.0,0.0478744506835937,0.028000000000000004,0.05070495605468747,50,1007.0,415.0,242.0,1.0
544,cfprefsd,0.0,0.048065185546875,0.066,0.05707931518554685,50,1007.0,415.0,242.0,1.0
549,UserEventAgent,0.0,0.0814437866210937,0.013999999999999999,0.10488891601562496,50,1007.0,415.0,242.0,1.0
553,WindowManager,0.0,0.2582550048828125,0.11200000000000002,0.24517440795898435,50,1007.0,415.0,242.0,1.0
557,universalaccessd,0.0,0.1003265380859375,0.006000000000000001,0.09207916259765624,50,1007.0,415.0,242.0,1.0
559,Dock,0.0,0.1550674438476562,0.076,0.20318603515624997,50,1007.0,415.0,242.0,1.0
560,ControlCenter,0.5,0.363922119140625,0.5379999999999999,0.41684722900390625,50,1007.0,415.0,242.0,1.0
561,pboard,0.0,0.0921249389648437,0.002,0.09132385253906246,50,1007.0,415.0,242.0,1.0
562,SystemUIServer,0.0,0.1285552978515625,0.006,0.13476562499999997,50,1007.0,415.0,242.0,1.0
564,Finder,0.2,0.3332138061523437,0.07400000000000001,0.4227867126464844,50,1007.0,415.0,242.0,1.0
567,lsd,0.0,0.08392333984375,0.012,0.11196517944335933,50,1007.0,415.0,242.0,1.0
568,AXVisualSupportAgent,0.0,0.1508712768554687,0.6920000000000001,0.16974639892578122,50,1007.0,415.0,242.0,1.0
575,rapportd,0.0,0.1298904418945312,0.002,0.1259346008300781,50,1007.0,415.0,242.0,1.0
578,secd,0.0,0.115203857421875,0.006000000000000001,0.15089416503906247,50,1007.0,415.0,242.0,1.0
580,trustd,0.0,0.1062393188476562,0.04,0.11620330810546871,50,1007.0,415.0,242.0,1.0
583,WallpaperAgent,0.0,0.2092361450195312,0.004,0.1629066467285156,50,1007.0,415.0,242.0,1.0
587,com.apple.hiservices-xpcservice,0.0,0.0432968139648437,0.01,0.03719711303710933,50,1007.0,415.0,242.0,1.0
589,sharedfilelistd,0.0,0.064849853515625,0.0,0.08721542358398436,50,1007.0,415.0,242.0,1.0
590,containermanagerd,0.0,0.0459671020507812,0.012,0.04875946044921871,50,1007.0,415.0,242.0,1.0
591,usernotificationsd,0.0,0.0843048095703125,0.008,0.09786605834960933,50,1007.0,415.0,242.0,1.0
596,callservicesd,0.0,0.1394271850585937,0.006000000000000001,0.17979049682617185,50,1007.0,415.0,242.0,1.0
600,fontd,0.0,0.0499725341796875,0.002,0.06991577148437499,50,1007.0,415.0,242.0,1.0
602,fileproviderd,0.2,0.1386642456054687,0.21200000000000002,0.1446113586425781,50,1007.0,415.0,242.0,1.0
604,AMPDeviceDiscoveryAgent,0.0,0.045013427734375,0.0,0.051746368408203104,50,1007.0,415.0,242.0,1.0
605,ContinuityCaptureAgent,0.0,0.0761032104492187,0.0,0.0761032104492187,50,1007.0,415.0,242.0,1.0
717,OneDrive,0.0,0.305938720703125,0.032,0.36077880859375,50,1007.0,415.0,242.0,1.0
718,corespotlightd,0.0,0.159454345703125,0.012,0.15357208251953122,50,1007.0,415.0,242.0,1.0
616,assistantd,0.0,0.1287460327148437,0.004,0.23475265502929685,50,1007.0,415.0,242.0,1.0
730,Spotify,2.3,0.85601806640625,0.5479999999999999,1.0496597290039062,50,1007.0,415.0,242.0,1.0
966,Google Chrome Helper,0.0,0.2002716064453125,0.6,0.42389755249023436,250,1007.0,415.0,242.0,1.0
1015,Google Chrome Helper,0.0,0.1470565795898437,0.6,0.42389755249023436,250,1007.0,415.0,242.0,1.0
1052,spotlightknowledged,0.0,0.0352859497070312,0.0,0.04377672749180943,62,1007.0,415.0,242.0,1.0
1191,storeaccountd,0.0,0.0658035278320312,0.0,0.06579971313476557,50,1007.0,415.0,242.0,1.0
1474,IMAutomaticHistoryDeletionAgent,0.0,0.0730514526367187,0.0,0.08300018310546874,50,1007.0,415.0,242.0,1.0
1718,ServiceExtension,0.0,0.142669677734375,0.0,0.142669677734375,50,1007.0,415.0,242.0,1.0
2095,com.apple.WebKit.WebContent,0.0,0.3747940063476562,0.2837142857142857,0.5284216744559151,350,1007.0,415.0,242.0,1.0
2096,com.apple.WebKit.WebContent,0.0,0.3948211669921875,0.2837142857142857,0.5284216744559151,350,1007.0,415.0,242.0,1.0
2641,Google Chrome Helper (Renderer),0.0,0.5830764770507812,0.647816091954023,1.1122661897505837,435,1007.0,415.0,242.0,1.0
2672,Google Chrome Helper (Renderer),0.1,3.3617019653320312,0.647816091954023,1.1122661897505837,435,1007.0,415.0,242.0,1.0
2826,Code,0.1,1.4677047729492188,1.3619999999999999,1.3807182312011719,50,1007.0,415.0,242.0,1.0
2832,chrome_crashpad_handler,0.0,0.0194549560546875,0.0,0.019365310668945288,100,1007.0,415.0,242.0,1.0
2833,Code Helper,0.4,0.8234024047851562,0.32371428571428573,0.48915318080357145,350,1007.0,415.0,242.0,1.0
2834,Code Helper,0.0,0.3408432006835937,0.32371428571428573,0.48915318080357145,350,1007.0,415.0,242.0,1.0
2835,Code Helper (Renderer),0.5,5.286407470703125,3.5780000000000003,3.886066436767578,50,1007.0,415.0,242.0,1.0
2852,Code Helper,0.0,1.342010498046875,0.32371428571428573,0.48915318080357145,350,1007.0,415.0,242.0,1.0
2878,Code Helper,0.0,0.3465652465820312,0.32371428571428573,0.48915318080357145,350,1007.0,415.0,242.0,1.0
2880,Code Helper,0.0,0.140380859375,0.32371428571428573,0.48915318080357145,350,1007.0,415.0,242.0,1.0
2913,Code Helper,0.3,0.6303787231445312,0.32371428571428573,0.48915318080357145,350,1007.0,415.0,242.0,1.0
3033,Code Helper,0.0,0.3940582275390625,0.32371428571428573,0.48915318080357145,350,1007.0,415.0,242.0,1.0
3034,Code Helper (Plugin),1.9,2.1350860595703125,0.041,0.5363956451416015,500,1007.0,415.0,242.0,1.0
3045,Code Helper (Plugin),0.0,0.240325927734375,0.041,0.5363956451416015,500,1007.0,415.0,242.0,1.0
3063,zsh,0.0,0.0047683715820312,0.0,0.009178644112447462,253,1007.0,415.0,242.0,1.0
4030,pet,0.0,0.0217437744140625,0.02,0.02233123779296875,50,1007.0,415.0,242.0,1.0
4037,zsh,0.0,0.0043869018554687,0.0,0.009178644112447462,253,1007.0,415.0,242.0,1.0
4143,Code Helper (Plugin),0.0,0.2201080322265625,0.041,0.5363956451416015,500,1007.0,415.0,242.0,1.0
722,duetexpertd,0.1,0.2986907958984375,0.09,0.26060485839843744,50,1007.0,415.0,242.0,1.0
964,Google Chrome Helper,0.0,0.6479263305664062,0.6,0.42389755249023436,250,1007.0,415.0,242.0,1.0
963,Google Chrome Helper,0.0,0.7982254028320312,0.6,0.42389755249023436,250,1007.0,415.0,242.0,1.0
4194,Code Helper (Plugin),0.0,1.2781143188476562,0.041,0.5363956451416015,500,1007.0,415.0,242.0,1.0
960,chrome_crashpad_handler,0.0,0.0188827514648437,0.0,0.019365310668945288,100,1007.0,415.0,242.0,1.0
961,voicebankingd,0.0,0.0738143920898437,0.0,0.07259750366210932,50,1007.0,415.0,242.0,1.0
734,mediaremoteagent,0.0,0.0232696533203125,0.0,0.0232696533203125,50,1007.0,415.0,242.0,1.0
740,Spotify Helper,0.0,0.0396728515625,0.015600000000000001,0.14564056396484373,250,1007.0,415.0,242.0,1.0
741,avconferenced,0.0,0.067901611328125,0.0,0.06789779663085938,50,1007.0,415.0,242.0,1.0
747,Spotify Helper,0.0,0.15716552734375,0.015600000000000001,0.14564056396484373,250,1007.0,415.0,242.0,1.0
748,Spotify Helper,0.0,0.2595901489257812,0.015600000000000001,0.14564056396484373,250,1007.0,415.0,242.0,1.0
752,Spotify Helper,0.0,0.0993728637695312,0.015600000000000001,0.14564056396484373,250,1007.0,415.0,242.0,1.0
755,Grammarly Desktop,0.1,0.6841659545898438,0.524,0.7150344848632812,50,1007.0,415.0,242.0,1.0
768,Spotify Helper (Renderer),0.0,0.2973556518554687,0.044000000000000004,0.4534873962402344,50,1007.0,415.0,242.0,1.0
772,com.apple.WebKit.GPU,0.0,0.0507354736328125,0.102,0.09322547912597655,100,1007.0,415.0,242.0,1.0
774,com.apple.WebKit.WebContent,0.0,0.0186920166015625,0.2837142857142857,0.5284216744559151,350,1007.0,415.0,242.0,1.0
776,com.apple.WebKit.Networking,0.0,0.10223388671875,0.4,0.16855621337890622,100,1007.0,415.0,242.0,1.0
792,commerce,0.0,0.0810623168945312,0.0,0.08901596069335932,50,1007.0,415.0,242.0,1.0
733,homed,0.0,0.1100540161132812,0.0,0.1302070617675781,50,1007.0,415.0,242.0,1.0
873,mdbulkimport,0.0,0.0713348388671875,0.0,0.07133102416992188,50,1007.0,415.0,242.0,1.0
857,Grammarly Desktop Update Service,0.0,0.090789794921875,0.006000000000000001,0.11079406738281246,50,1007.0,415.0,242.0,1.0
957,Google Chrome,0.0,2.0277023315429688,1.324,2.2691001892089844,50,1007.0,415.0,242.0,1.0
932,com.apple.WebKit.WebContent,0.1,0.9426116943359376,0.2837142857142857,0.5284216744559151,350,1007.0,415.0,242.0,1.0
931,com.apple.WebKit.WebContent,0.0,0.6692886352539062,0.2837142857142857,0.5284216744559151,350,1007.0,415.0,242.0,1.0
926,peopled,0.0,0.086212158203125,0.0,0.08623886108398438,50,1007.0,415.0,242.0,1.0
930,com.apple.WebKit.WebContent,0.0,0.3335952758789062,0.2837142857142857,0.5284216744559151,350,1007.0,415.0,242.0,1.0
919,com.apple.WebKit.Networking,0.0,0.1880645751953125,0.4,0.16855621337890622,100,1007.0,415.0,242.0,1.0
918,com.apple.WebKit.GPU,0.0,0.1285552978515625,0.102,0.09322547912597655,100,1007.0,415.0,242.0,1.0
916,com.apple.WebKit.WebContent,0.0,1.1386871337890625,0.2837142857142857,0.5284216744559151,350,1007.0,415.0,242.0,1.0
913,app_inkwell,0.0,0.3023147583007812,0.94,0.29593276977539057,50,1007.0,415.0,242.0,1.0
898,OneDrive Sync Service,0.0,0.1764297485351562,0.004,0.21224594116210935,50,1007.0,415.0,242.0,1.0
921,Spotify Helper,0.0,0.0967025756835937,0.015600000000000001,0.14564056396484373,250,1007.0,415.0,242.0,1.0
9575,akd,0.0,0.2166748046875,0.002,0.2174873352050781,50,1007.0,405.0,236.0,1.0
9681,AppleSpell,0.0,0.1302719116210937,0.0,0.13717651367187494,50,1007.0,405.0,236.0,1.0
9649,suggestd,0.0,0.1550674438476562,0.002,0.15771484374999997,50,1007.0,405.0,236.0,1.0
9577,CloudTelemetryService,0.0,0.0589370727539062,0.0,0.06444135050135331,127,1007.0,405.0,236.0,1.0
9574,findmylocateagent,0.0,0.092315673828125,0.0,0.092315673828125,18,1007.0,405.0,236.0,1.0
9223,mapssyncd,0.0,0.0917434692382812,0.0,0.09173965454101557,50,1007.0,405.0,236.0,1.0
9572,proactived,0.0,0.1447677612304687,0.02,0.1299476623535156,50,1007.0,405.0,236.0,1.0
9556,syncdefaultsd,0.0,0.083160400390625,0.006000000000000001,0.11057662963867186,50,1007.0,405.0,236.0,1.0
9272,mbuseragent,0.0,0.0368118286132812,0.0,0.036808013916015576,50,1007.0,405.0,236.0,1.0
9271,mdwrite,0.0,0.0329971313476562,0.0,0.032993316650390576,50,1007.0,405.0,236.0,1.0
9842,Keychain Circle Notification,0.0,0.13275146484375,0.044000000000000004,0.18328857421874997,50,1007.0,405.0,236.0,1.0
9573,donotdisturbd,0.0,0.115966796875,0.0,0.1159562004937066,18,1007.0,405.0,236.0,1.0
9682,keyboardservicesd,0.0,0.081634521484375,0.0,0.0876617431640625,50,1007.0,405.0,236.0,1.0
9766,followupd,0.0,0.0484466552734375,0.01875,0.05050897598266601,16,1007.0,405.0,236.0,1.0
9710,photolibraryd,0.0,0.1087188720703125,0.0,0.11319380540114181,13,1007.0,405.0,236.0,1.0
9742,promotedcontentd,0.0,0.10833740234375,0.002,0.11449813842773438,50,1007.0,405.0,236.0,1.0
9754,ctkd,0.0,0.07781982421875,0.0,0.08569717407226562,50,1007.0,405.0,236.0,1.0
9762,coreauthd,0.0,0.0871658325195312,0.0,0.09390640258789058,50,1007.0,405.0,236.0,1.0
9767,cdpd,0.0,0.0759124755859375,0.0,0.07590243690892269,19,1007.0,405.0,236.0,1.0
9774,UsageTrackingAgent,0.0,0.0909805297851562,0.0,0.09107028736787681,17,1007.0,405.0,236.0,1.0
9782,SafariBookmarksSyncAgent,0.0,0.1008987426757812,0.0,0.10235526344992892,11,1007.0,405.0,236.0,1.0
9786,sociallayerd,0.0,0.079345703125,0.0,0.07932836359197443,11,1007.0,405.0,236.0,1.0
9823,appleaccountd,0.0,0.113677978515625,0.0,0.11508044074563417,17,1007.0,405.0,236.0,1.0
9825,CommCenter,0.0,0.1148223876953125,0.006000000000000001,0.23591232299804685,50,1007.0,405.0,236.0,1.0
9829,transparencyd,0.0,0.1873016357421875,0.018000000000000002,0.21265792846679685,50,1007.0,405.0,236.0,1.0
9205,IntelligencePlatformComputeService,0.0,0.0879287719726562,0.0,0.0879287719726562,50,1007.0,405.0,236.0,1.0
9706,amsaccountsd,0.0,0.1132965087890625,0.041176470588235294,0.11300479664522058,17,1007.0,405.0,236.0,1.0
9138,siriactionsd,0.0,0.1256942749023437,0.004,0.14521408081054685,50,1007.0,405.0,236.0,1.0
8396,audioaccessoryd,0.0,0.0970840454101562,0.0,0.10800170898437496,50,1007.0,405.0,236.0,1.0
9101,bird,0.0,0.1070022583007812,0.04800000000000001,0.12118530273437494,50,1007.0,405.0,236.0,1.0
9845,intelligentroutingd,0.0,0.0883102416992187,0.0,0.0883407592773437,50,1007.0,405.0,236.0,1.0
5761,zsh,0.0,0.0131607055664062,0.0,0.009178644112447462,253,1007.0,405.0,236.0,1.0
6986,accountsd,0.0,0.1741409301757812,0.0,0.1851234436035156,50,1007.0,405.0,236.0,1.0
7082,CoreLocationAgent,0.0,0.1390457153320312,0.00425531914893617,0.4036964254176363,47,1007.0,405.0,236.0,1.0
8323,Google Chrome Helper (Renderer),0.3,0.6717681884765625,0.647816091954023,1.1122661897505837,435,1007.0,405.0,236.0,1.0
8324,Google Chrome Helper (Renderer),0.2,0.24566650390625,0.647816091954023,1.1122661897505837,435,1007.0,405.0,236.0,1.0
8325,Google Chrome Helper (Renderer),0.2,0.3423690795898437,0.647816091954023,1.1122661897505837,435,1007.0,405.0,236.0,1.0
8326,chronod,0.0,0.1417160034179687,0.01,0.15725708007812497,50,1007.0,405.0,236.0,1.0
8328,Google Chrome Helper (Renderer),0.3,0.4680633544921875,0.647816091954023,1.1122661897505837,435,1007.0,405.0,236.0,1.0
8335,WorldClockWidget,0.0,0.2202987670898437,0.0,0.22029876708984367,50,1007.0,405.0,236.0,1.0
8336,CalendarWidgetExtension,0.0,0.1031875610351562,0.0,0.1031875610351562,50,1007.0,405.0,236.0,1.0
8337,WeatherWidget,0.0,0.36163330078125,0.0,0.3655509948730469,50,1007.0,405.0,236.0,1.0
9134,ScreenTimeAgent,0.0,0.0944137573242187,0.0,0.10361862182617183,50,1007.0,405.0,236.0,1.0
8339,StocksWidget,0.0,0.3248214721679687,0.0,0.3267478942871093,50,1007.0,405.0,236.0,1.0
8351,Google Chrome Helper,0.0,0.1708984375,0.6,0.42389755249023436,250,1007.0,405.0,236.0,1.0
8410,routined,0.0,0.1295089721679687,0.034,0.19092559814453122,50,1007.0,405.0,236.0,1.0
8666,Google Chrome Helper (Renderer),0.0,0.302886962890625,0.647816091954023,1.1122661897505837,435,1007.0,405.0,236.0,1.0
9000,PowerChime,0.0,0.139617919921875,0.008,0.14000701904296872,50,1007.0,405.0,236.0,1.0
9032,secinitd,0.0,0.0652313232421875,0.0,0.06522750854492188,50,1007.0,405.0,236.0,1.0
9040,triald,0.0,0.1203536987304687,0.0,0.12915039062499997,50,1007.0,405.0,236.0,1.0
9049,tccd,0.0,0.0925064086914062,0.0,0.10362243652343744,50,1007.0,405.0,236.0,1.0
9053,cloudd,0.0,0.1850128173828125,0.016,0.2035255432128906,50,1007.0,405.0,236.0,1.0
9069,searchpartyuseragent,0.0,0.1178741455078125,0.002,0.13115692138671872,50,1007.0,405.0,236.0,1.0
9086,knowledge-agent,0.0,0.1239776611328125,0.004,0.13211822509765622,50,1007.0,405.0,236.0,1.0
9088,contactsd,0.0,0.0843048095703125,0.008,0.09849548339843746,50,1007.0,405.0,236.0,1.0
9095,calaccessd,0.0,0.1337051391601562,0.002,0.15127944946289057,50,1007.0,405.0,236.0,1.0
8340,ScreenTimeWidgetExtension,0.0,0.3332138061523437,0.0,0.3311538696289062,50,1007.0,405.0,236.0,1.0
9847,UIKitSystem,0.0,0.1695632934570312,0.002,0.17118835449218742,50,1007.0,405.0,236.0,1.0
13000,python3.12,0.0,0.09307861328125,0.46153846153846156,0.1703031770475618,91,1007.0,405.0,236.0,1.0
9879,Siri,0.0,0.1634597778320312,0.016,0.1504554748535156,50,1007.0,405.0,236.0,1.0
10125,IFTranscriptSELFIngestor,0.0,0.086212158203125,0.0,0.086212158203125,50,1007.0,405.0,236.0,1.0
10126,IFTelemetrySELFIngestor,0.0,0.0825881958007812,0.0,0.0825881958007812,50,1007.0,405.0,236.0,1.0
10127,BiomeSELFIngestor,0.0,0.0879287719726562,0.0,0.0879287719726562,50,1007.0,405.0,236.0,1.0
10204,CoreServicesUIAgent,0.0,0.1996994018554687,0.004,0.19499969482421872,50,1007.0,405.0,236.0,1.0
10209,Code Helper (Plugin),0.0,0.49591064453125,0.041,0.5363956451416015,500,1007.0,405.0,236.0,1.0
10211,Code Helper (Plugin),0.0,0.4503250122070312,0.041,0.5363956451416015,500,1007.0,405.0,236.0,1.0
10212,Code Helper (Plugin),0.0,0.4762649536132812,0.041,0.5363956451416015,500,1007.0,405.0,236.0,1.0
10213,Code Helper (Plugin),0.0,0.4756927490234375,0.041,0.5363956451416015,500,1007.0,405.0,236.0,1.0
10215,Code Helper (Plugin),0.0,0.4396438598632812,0.041,0.5363956451416015,500,1007.0,405.0,236.0,1.0
10481,Google Chrome Helper (Renderer),0.0,0.9136199951171876,0.647816091954023,1.1122661897505837,435,1007.0,405.0,236.0,1.0
10490,talagentd,0.0,0.1447677612304687,0.002,0.14520263671874997,50,1007.0,405.0,236.0,1.0
10558,pbs,0.0,0.031280517578125,0.002,0.031276702880859375,50,1007.0,405.0,236.0,1.0
10124,GMSSELFIngestor,0.0,0.0974655151367187,0.0,0.0974655151367187,50,1007.0,405.0,236.0,1.0
11204,MTLCompilerService,0.0,0.0333786010742187,0.0,0.03340148925781246,50,1007.0,405.0,236.0,1.0
11889,mdworker_shared,0.0,0.1832962036132812,0.02153846153846154,0.19098232953976357,195,1007.0,405.0,236.0,1.0
12774,businessservicesd,0.0,0.0812530517578125,0.0,0.081024169921875,50,1007.0,405.0,236.0,1.0
12775,MessagesBlastDoorService,0.0,0.0579833984375,0.0,0.05239105224609375,50,1007.0,405.0,236.0,1.0
12776,feedbackd,0.0,0.0789642333984375,0.0,0.078704833984375,50,1007.0,405.0,236.0,1.0
12777,ProtectedCloudKeySyncing,0.0,0.1012802124023437,0.0,0.09304428100585938,50,1007.0,405.0,236.0,1.0
12779,gamecontrolleragentd,0.0,0.0593185424804687,0.002,0.060253143310546854,50,1007.0,405.0,236.0,1.0
12806,python3.12,0.7,0.1659393310546875,0.46153846153846156,0.1703031770475618,91,1007.0,405.0,236.0,1.0
12814,mdworker_shared,0.0,0.1115798950195312,0.02153846153846154,0.19098232953976357,195,1007.0,405.0,236.0,1.0
12815,zsh,0.0,0.0276565551757812,0.0,0.009178644112447462,253,1007.0,405.0,236.0,1.0
12959,ndoagent,0.0,0.0753402709960937,0.0,0.0754165649414062,50,1007.0,405.0,236.0,1.0
12962,mdworker_shared,0.0,0.1440048217773437,0.02153846153846154,0.19098232953976357,195,1007.0,405.0,236.0,1.0
12963,replayd,0.0,0.2283096313476562,0.0,0.21639064866669325,49,1007.0,405.0,236.0,1.0
11684,mlhostd,0.0,0.1436233520507812,0.0,0.14452743530273432,50,1007.0,405.0,236.0,1.0
10123,extensionkitservice,0.0,0.0789642333984375,0.0,0.08034324645996094,100,1007.0,405.0,236.0,1.0
10122,SAExtensionOrchestrator,0.0,0.1125335693359375,0.0,0.1125335693359375,50,1007.0,405.0,236.0,1.0
10121,com.apple.Safari.SafeBrowsing.Service,0.0,0.0741958618164062,0.0,0.07349395751953124,50,1007.0,405.0,236.0,1.0
9884,remindd,0.0,0.1224517822265625,0.0,0.1221111842564174,14,1007.0,405.0,236.0,1.0
9888,SiriNCService,0.0,0.1489639282226562,0.008,0.15225982666015622,50,1007.0,405.0,236.0,1.0
9891,AssetCacheLocatorService,0.0,0.0406265258789062,0.0,0.04087829589843746,50,1007.0,405.0,236.0,1.0
9900,deleted,0.0,0.0989913940429687,0.0,0.09897549947102859,12,1007.0,405.0,236.0,1.0
9901,pkd,0.1,0.0965118408203125,0.002,0.10622024536132811,50,1007.0,405.0,236.0,1.0
9909,com.apple.geod,0.0,0.0940322875976562,0.004,0.09388351440429683,50,1007.0,405.0,236.0,1.0
9946,extensionkitservice,0.0,0.080108642578125,0.0,0.08034324645996094,100,1007.0,405.0,236.0,1.0
9947,networkserviceproxy,0.0,0.1340866088867187,0.0,0.1554603576660156,50,1007.0,405.0,236.0,1.0
9963,swtransparencyd,0.0,0.070953369140625,0.0,0.08174896240234374,50,1007.0,405.0,236.0,1.0
9964,CloudTelemetryService,0.0,0.0612258911132812,0.0,0.06444135050135331,127,1007.0,405.0,236.0,1.0
9965,spotlightknowledged,0.0,0.0791549682617187,0.0,0.04377672749180943,62,1007.0,405.0,236.0,1.0
9967,photoanalysisd,0.0,0.075531005859375,0.0,0.07227384127103363,13,1007.0,405.0,236.0,1.0
9968,CloudTelemetryService,0.0,0.0408172607421875,0.0,0.06444135050135331,127,1007.0,405.0,236.0,1.0
9969,ScopedBookmarkAgent,0.0,0.0528335571289062,0.0,0.0528335571289062,13,1007.0,405.0,236.0,1.0
9970,privatecloudcomputed,0.0,0.0640869140625,0.0,0.0640869140625,14,1007.0,405.0,236.0,1.0
9971,CloudTelemetryService,0.0,0.0396728515625,0.0,0.06444135050135331,127,1007.0,405.0,236.0,1.0
9981,localizationswitcherd,0.0,0.0728607177734375,0.0,0.0728607177734375,17,1007.0,405.0,236.0,1.0
9982,contentlinkingd,0.0,0.0772476196289062,0.0,0.08146667480468746,50,1007.0,405.0,236.0,1.0
9984,AuthenticationServicesAgent,0.0,0.1104354858398437,0.0,0.11043548583984371,19,1007.0,405.0,236.0,1.0
9985,keychainsharingmessagingd,0.0,0.046539306640625,0.0,0.046539306640625,18,1007.0,405.0,236.0,1.0
10001,AppPredictionIntentsHelperService,0.0,0.1674652099609375,0.0,0.16557312011718747,50,1007.0,405.0,236.0,1.0
10006,installerauthagent,0.0,0.0261306762695312,0.0,0.0261306762695312,16,1007.0,405.0,236.0,1.0
10009,com.apple.accessibility.mediaaccessibilityd,0.0,0.0261306762695312,0.0,0.0261306762695312,50,1007.0,405.0,236.0,1.0
10010,AudioComponentRegistrar,0.0,0.0425338745117187,0.004,0.04845809936523434,50,1007.0,405.0,236.0,1.0
10011,CarbonComponentScannerXPC,0.0,0.002288818359375,0.0,0.002288818359375,19,1007.0,405.0,236.0,1.0
10015,linkd,0.0,0.0791549682617187,0.0,0.07984924316406244,50,1007.0,405.0,236.0,1.0
10115,iconservicesagent,0.0,0.0902175903320312,0.0,0.0902175903320312,50,1007.0,405.0,236.0,1.0
9877,avatarsd,0.0,0.1684188842773437,0.0,0.16840934753417963,20,1007.0,405.0,236.0,1.0
5384,zsh,0.0,0.0043869018554687,0.0,0.009178644112447462,253,1007.0,405.0,236.0,1.0
4194,Code Helper (Plugin),0.0,1.2767791748046875,0.041,0.5363956451416015,500,1007.0,405.0,236.0,1.0
4143,Code Helper (Plugin),0.0,0.2201080322265625,0.041,0.5363956451416015,500,1007.0,405.0,236.0,1.0
616,assistantd,0.0,0.1390457153320312,0.004,0.23475265502929685,50,1007.0,405.0,236.0,1.0
623,WallpaperImageExtension,0.0,0.0654220581054687,0.0,0.07489013671874994,50,1007.0,405.0,236.0,1.0
639,sharingd,0.0,0.13275146484375,0.002,0.14010620117187497,50,1007.0,405.0,236.0,1.0
641,usernoted,0.0,0.1262664794921875,0.02,0.15933227539062497,50,1007.0,405.0,236.0,1.0
642,neagent,0.0,0.1068115234375,0.0,0.1076812744140625,50,1007.0,405.0,236.0,1.0
643,useractivityd,0.0,0.0865936279296875,0.008,0.08467864990234374,50,1007.0,405.0,236.0,1.0
644,com.apple.dock.extra,0.0,0.1447677612304687,0.048,0.17804336547851562,50,1007.0,405.0,236.0,1.0
646,NotificationCenter,0.0,0.2103805541992187,0.024000000000000004,0.24862670898437497,50,1007.0,405.0,236.0,1.0
649,milod,0.0,0.0820159912109375,0.0,0.08232498168945312,50,1007.0,405.0,236.0,1.0
650,familycircled,0.0,0.0677108764648437,0.0,0.06789016723632807,50,1007.0,405.0,236.0,1.0
651,StatusKitAgent,0.0,0.0787734985351562,0.0,0.07876968383789057,50,1007.0,405.0,236.0,1.0
666,ContextStoreAgent,0.0,0.2002716064453125,0.11199999999999999,0.1729774475097656,50,1007.0,405.0,236.0,1.0
609,identityservicesd,0.1,0.200653076171875,0.012,0.20082092285156247,50,1007.0,405.0,236.0,1.0
668,BiomeAgent,0.0,0.145721435546875,0.126,0.1340827941894531,50,1007.0,405.0,236.0,1.0
673,icdd,0.0,0.0349044799804687,0.0,0.034900665283203076,50,1007.0,405.0,236.0,1.0
680,AirPlayUIAgent,0.0,0.1039505004882812,0.004,0.09934997558593746,50,1007.0,405.0,236.0,1.0
683,imagent,0.0,0.112152099609375,0.008,0.13217163085937497,50,1007.0,405.0,236.0,1.0
685,diagnostics_agent,0.0,0.0871658325195312,0.002,0.09417724609374996,50,1007.0,405.0,236.0,1.0
686,TextInputMenuAgent,0.0,0.1543045043945312,0.008,0.16139221191406247,50,1007.0,405.0,236.0,1.0
688,Grammarly Desktop Helper,0.0,0.0867843627929687,0.002,0.10088729858398436,50,1007.0,405.0,236.0,1.0
699,com.apple.CloudDocs.iCloudDriveFileProvider,0.0,0.0860214233398437,0.008,0.09911346435546875,50,1007.0,405.0,236.0,1.0
704,ctkahp,0.0,0.037384033203125,0.0,0.037380218505859375,50,1007.0,405.0,236.0,1.0
707,WiFiAgent,0.0,0.1552581787109375,0.114,0.16522979736328122,50,1007.0,405.0,236.0,1.0
709,nsurlsessiond,0.0,0.1199722290039062,0.032,0.1256752014160156,50,1007.0,405.0,236.0,1.0
713,Spotlight,0.0,0.3000259399414062,0.05,0.27865600585937494,50,1007.0,405.0,236.0,1.0
714,CursorUIViewService,0.0,0.1737594604492187,0.07400000000000001,0.15747833251953122,50,1007.0,405.0,236.0,1.0
670,imklaunchagent,0.0,0.0619888305664062,0.0,0.06198501586914058,50,1007.0,405.0,236.0,1.0
716,PAH_Extension,0.0,0.1176834106445312,0.014000000000000002,0.11199188232421874,50,1007.0,405.0,236.0,1.0
608,ViewBridgeAuxiliary,0.0,0.0917434692382812,0.014000000000000002,0.08618545532226561,50,1007.0,405.0,236.0,1.0
605,ContinuityCaptureAgent,0.0,0.0761032104492187,0.0,0.0761032104492187,50,1007.0,405.0,236.0,1.0
5379,Code Helper (Plugin),0.0,0.2496719360351562,0.041,0.5363956451416015,500,1007.0,405.0,236.0,1.0
376,loginwindow,0.0,0.1634597778320312,0.008,0.24020385742187497,50,1007.0,405.0,236.0,1.0
543,distnoted,0.0,0.0490188598632812,0.028000000000000004,0.05070495605468747,50,1007.0,405.0,236.0,1.0
544,cfprefsd,0.2,0.0505447387695312,0.066,0.05707931518554685,50,1007.0,405.0,236.0,1.0
549,UserEventAgent,0.0,0.0812530517578125,0.013999999999999999,0.10488891601562496,50,1007.0,405.0,236.0,1.0
553,WindowManager,0.0,0.2651214599609375,0.11200000000000002,0.24517440795898435,50,1007.0,405.0,236.0,1.0
557,universalaccessd,0.0,0.1010894775390625,0.006000000000000001,0.09207916259765624,50,1007.0,405.0,236.0,1.0
559,Dock,0.0,0.1873016357421875,0.076,0.20318603515624997,50,1007.0,405.0,236.0,1.0
560,ControlCenter,0.4,0.3635406494140625,0.5379999999999999,0.41684722900390625,50,1007.0,405.0,236.0,1.0
561,pboard,0.0,0.0919342041015625,0.002,0.09132385253906246,50,1007.0,405.0,236.0,1.0
562,SystemUIServer,0.0,0.1295089721679687,0.006,0.13476562499999997,50,1007.0,405.0,236.0,1.0
564,Finder,0.1,0.33416748046875,0.07400000000000001,0.4227867126464844,50,1007.0,405.0,236.0,1.0
606,fontworker,0.0,0.0581741333007812,0.0,0.05817031860351558,50,1007.0,405.0,236.0,1.0
567,lsd,0.0,0.0965118408203125,0.012,0.11196517944335933,50,1007.0,405.0,236.0,1.0
575,rapportd,0.0,0.103759765625,0.002,0.1259346008300781,50,1007.0,405.0,236.0,1.0
578,secd,0.0,0.115203857421875,0.006000000000000001,0.15089416503906247,50,1007.0,405.0,236.0,1.0
580,trustd,0.0,0.1110076904296875,0.04,0.11620330810546871,50,1007.0,405.0,236.0,1.0
583,WallpaperAgent,0.0,0.1882553100585937,0.004,0.1629066467285156,50,1007.0,405.0,236.0,1.0
587,com.apple.hiservices-xpcservice,0.0,0.0425338745117187,0.01,0.03719711303710933,50,1007.0,405.0,236.0,1.0
589,sharedfilelistd,0.0,0.064849853515625,0.0,0.08721542358398436,50,1007.0,405.0,236.0,1.0
590,containermanagerd,0.0,0.0459671020507812,0.012,0.04875946044921871,50,1007.0,405.0,236.0,1.0
591,usernotificationsd,0.0,0.0843048095703125,0.008,0.09786605834960933,50,1007.0,405.0,236.0,1.0
596,callservicesd,0.0,0.1348495483398437,0.006000000000000001,0.17979049682617185,50,1007.0,405.0,236.0,1.0
600,fontd,0.0,0.0499725341796875,0.002,0.06991577148437499,50,1007.0,405.0,236.0,1.0
602,fileproviderd,0.2,0.13885498046875,0.21200000000000002,0.1446113586425781,50,1007.0,405.0,236.0,1.0
604,AMPDeviceDiscoveryAgent,0.0,0.045013427734375,0.0,0.051746368408203104,50,1007.0,405.0,236.0,1.0
568,AXVisualSupportAgent,2.9,0.164031982421875,0.6920000000000001,0.16974639892578122,50,1007.0,405.0,236.0,1.0
717,OneDrive,0.0,0.3070831298828125,0.032,0.36077880859375,50,1007.0,405.0,236.0,1.0
615,corespeechd,0.0,0.1194000244140625,0.09799999999999999,0.18834686279296872,50,1007.0,405.0,236.0,1.0
722,duetexpertd,0.1,0.2882003784179687,0.09,0.26060485839843744,50,1007.0,405.0,236.0,1.0
964,Google Chrome Helper,0.3,0.640106201171875,0.6,0.42389755249023436,250,1007.0,405.0,236.0,1.0
966,Google Chrome Helper,0.0,0.2000808715820312,0.6,0.42389755249023436,250,1007.0,405.0,236.0,1.0
1015,Google Chrome Helper,0.0,0.1470565795898437,0.6,0.42389755249023436,250,1007.0,405.0,236.0,1.0
1052,spotlightknowledged,0.0,0.0352859497070312,0.0,0.04377672749180943,62,1007.0,405.0,236.0,1.0
1191,storeaccountd,0.0,0.0658035278320312,0.0,0.06579971313476557,50,1007.0,405.0,236.0,1.0
1474,IMAutomaticHistoryDeletionAgent,0.0,0.0730514526367187,0.0,0.08300018310546874,50,1007.0,405.0,236.0,1.0
1718,ServiceExtension,0.0,0.142669677734375,0.0,0.142669677734375,50,1007.0,405.0,236.0,1.0
2095,com.apple.WebKit.WebContent,0.0,0.3728866577148437,0.2837142857142857,0.5284216744559151,350,1007.0,405.0,236.0,1.0
2096,com.apple.WebKit.WebContent,0.0,0.408172607421875,0.2837142857142857,0.5284216744559151,350,1007.0,405.0,236.0,1.0
2641,Google Chrome Helper (Renderer),0.0,0.5830764770507812,0.647816091954023,1.1122661897505837,435,1007.0,405.0,236.0,1.0
2672,Google Chrome Helper (Renderer),24.1,5.676460266113281,0.647816091954023,1.1122661897505837,435,1007.0,405.0,236.0,1.0
2826,Code,0.1,1.4272689819335938,1.3619999999999999,1.3807182312011719,50,1007.0,405.0,236.0,1.0
963,Google Chrome Helper,30.5,1.0210037231445312,0.6,0.42389755249023436,250,1007.0,405.0,236.0,1.0
2832,chrome_crashpad_handler,0.0,0.0194549560546875,0.0,0.019365310668945288,100,1007.0,405.0,236.0,1.0
2834,Code Helper,0.0,0.3406524658203125,0.32371428571428573,0.48915318080357145,350,1007.0,405.0,236.0,1.0
2835,Code Helper (Renderer),0.1,3.0527114868164062,3.5780000000000003,3.886066436767578,50,1007.0,405.0,236.0,1.0
2852,Code Helper,0.0,1.1920928955078125,0.32371428571428573,0.48915318080357145,350,1007.0,405.0,236.0,1.0
2878,Code Helper,0.1,0.3458023071289062,0.32371428571428573,0.48915318080357145,350,1007.0,405.0,236.0,1.0
2880,Code Helper,0.0,0.140380859375,0.32371428571428573,0.48915318080357145,350,1007.0,405.0,236.0,1.0
2913,Code Helper,0.5,0.6338119506835938,0.32371428571428573,0.48915318080357145,350,1007.0,405.0,236.0,1.0
3033,Code Helper,0.0,0.39825439453125,0.32371428571428573,0.48915318080357145,350,1007.0,405.0,236.0,1.0
3034,Code Helper (Plugin),0.2,2.108001708984375,0.041,0.5363956451416015,500,1007.0,405.0,236.0,1.0
3045,Code Helper (Plugin),0.0,0.2401351928710937,0.041,0.5363956451416015,500,1007.0,405.0,236.0,1.0
3063,zsh,0.0,0.0047683715820312,0.0,0.009178644112447462,253,1007.0,405.0,236.0,1.0
4030,pet,0.0,0.0217437744140625,0.02,0.02233123779296875,50,1007.0,405.0,236.0,1.0
718,corespotlightd,0.0,0.1619338989257812,0.012,0.15357208251953122,50,1007.0,405.0,236.0,1.0
2833,Code Helper,0.0,0.7671356201171875,0.32371428571428573,0.48915318080357145,350,1007.0,405.0,236.0,1.0
961,voicebankingd,0.0,0.0738143920898437,0.0,0.07259750366210932,50,1007.0,405.0,236.0,1.0
4037,zsh,0.0,0.0043869018554687,0.0,0.009178644112447462,253,1007.0,405.0,236.0,1.0
957,Google Chrome,9.0,2.176475524902344,1.324,2.2691001892089844,50,1007.0,405.0,236.0,1.0
960,chrome_crashpad_handler,0.0,0.0188827514648437,0.0,0.019365310668945288,100,1007.0,405.0,236.0,1.0
733,homed,0.0,0.1100540161132812,0.0,0.1302070617675781,50,1007.0,405.0,236.0,1.0
734,mediaremoteagent,0.0,0.0232696533203125,0.0,0.0232696533203125,50,1007.0,405.0,236.0,1.0
740,Spotify Helper,0.0,0.0396728515625,0.015600000000000001,0.14564056396484373,250,1007.0,405.0,236.0,1.0
741,avconferenced,0.0,0.067901611328125,0.0,0.06789779663085938,50,1007.0,405.0,236.0,1.0
747,Spotify Helper,0.0,0.1903533935546875,0.015600000000000001,0.14564056396484373,250,1007.0,405.0,236.0,1.0
748,Spotify Helper,0.0,0.2603530883789062,0.015600000000000001,0.14564056396484373,250,1007.0,405.0,236.0,1.0
752,Spotify Helper,0.0,0.1007080078125,0.015600000000000001,0.14564056396484373,250,1007.0,405.0,236.0,1.0
755,Grammarly Desktop,3.0,0.7112503051757812,0.524,0.7150344848632812,50,1007.0,405.0,236.0,1.0
768,Spotify Helper (Renderer),0.0,0.2973556518554687,0.044000000000000004,0.4534873962402344,50,1007.0,405.0,236.0,1.0
772,com.apple.WebKit.GPU,0.0,0.0507354736328125,0.102,0.09322547912597655,100,1007.0,405.0,236.0,1.0
774,com.apple.WebKit.WebContent,0.0,0.0186920166015625,0.2837142857142857,0.5284216744559151,350,1007.0,405.0,236.0,1.0
776,com.apple.WebKit.Networking,0.0,0.1287460327148437,0.4,0.16855621337890622,100,1007.0,405.0,236.0,1.0
730,Spotify,0.1,0.913238525390625,0.5479999999999999,1.0496597290039062,50,1007.0,405.0,236.0,1.0
857,Grammarly Desktop Update Service,0.0,0.1102447509765625,0.006000000000000001,0.11079406738281246,50,1007.0,405.0,236.0,1.0
932,com.apple.WebKit.WebContent,0.2,0.9449005126953124,0.2837142857142857,0.5284216744559151,350,1007.0,405.0,236.0,1.0
931,com.apple.WebKit.WebContent,0.0,0.5575180053710938,0.2837142857142857,0.5284216744559151,350,1007.0,405.0,236.0,1.0
930,com.apple.WebKit.WebContent,0.0,0.3286361694335937,0.2837142857142857,0.5284216744559151,350,1007.0,405.0,236.0,1.0
792,commerce,0.0,0.0902175903320312,0.0,0.08901596069335932,50,1007.0,405.0,236.0,1.0
921,Spotify Helper,0.0,0.0967025756835937,0.015600000000000001,0.14564056396484373,250,1007.0,405.0,236.0,1.0
926,peopled,0.0,0.086212158203125,0.0,0.08623886108398438,50,1007.0,405.0,236.0,1.0
918,com.apple.WebKit.GPU,0.0,0.080108642578125,0.102,0.09322547912597655,100,1007.0,405.0,236.0,1.0
916,com.apple.WebKit.WebContent,0.0,1.187896728515625,0.2837142857142857,0.5284216744559151,350,1007.0,405.0,236.0,1.0
913,app_inkwell,0.1,0.2958297729492187,0.94,0.29593276977539057,50,1007.0,405.0,236.0,1.0
898,OneDrive Sync Service,0.0,0.1787185668945312,0.004,0.21224594116210935,50,1007.0,405.0,236.0,1.0
873,mdbulkimport,0.0,0.0713348388671875,0.0,0.07133102416992188,50,1007.0,405.0,236.0,1.0
919,com.apple.WebKit.Networking,0.0,0.2134323120117187,0.4,0.16855621337890622,100,1007.0,405.0,236.0,1.0
9649,suggestd,0.0,0.162506103515625,0.002,0.15771484374999997,50,1007.0,405.0,236.0,1.0
9577,CloudTelemetryService,0.0,0.0589370727539062,0.0,0.06444135050135331,127,1007.0,405.0,236.0,1.0
9575,akd,0.0,0.215911865234375,0.002,0.2174873352050781,50,1007.0,405.0,236.0,1.0
9574,findmylocateagent,0.0,0.092315673828125,0.0,0.092315673828125,18,1007.0,405.0,236.0,1.0
9223,mapssyncd,0.0,0.0917434692382812,0.0,0.09173965454101557,50,1007.0,405.0,236.0,1.0
9572,proactived,0.0,0.1438140869140625,0.02,0.1299476623535156,50,1007.0,405.0,236.0,1.0
9556,syncdefaultsd,0.0,0.083160400390625,0.006000000000000001,0.11057662963867186,50,1007.0,405.0,236.0,1.0
9272,mbuseragent,0.0,0.0368118286132812,0.0,0.036808013916015576,50,1007.0,405.0,236.0,1.0
9271,mdwrite,0.0,0.0329971313476562,0.0,0.032993316650390576,50,1007.0,405.0,236.0,1.0
9847,UIKitSystem,0.0,0.1695632934570312,0.002,0.17118835449218742,50,1007.0,405.0,236.0,1.0
9573,donotdisturbd,0.0,0.115966796875,0.0,0.1159562004937066,18,1007.0,405.0,236.0,1.0
9681,AppleSpell,0.0,0.1302719116210937,0.0,0.13717651367187494,50,1007.0,405.0,236.0,1.0
9766,followupd,0.0,0.0484466552734375,0.01875,0.05050897598266601,16,1007.0,405.0,236.0,1.0
9706,amsaccountsd,0.0,0.1132965087890625,0.041176470588235294,0.11300479664522058,17,1007.0,405.0,236.0,1.0
9710,photolibraryd,0.0,0.1087188720703125,0.0,0.11319380540114181,13,1007.0,405.0,236.0,1.0
9742,promotedcontentd,0.0,0.10833740234375,0.002,0.11449813842773438,50,1007.0,405.0,236.0,1.0
9754,ctkd,0.0,0.07781982421875,0.0,0.08569717407226562,50,1007.0,405.0,236.0,1.0
9762,coreauthd,0.0,0.0871658325195312,0.0,0.09390640258789058,50,1007.0,405.0,236.0,1.0
9767,cdpd,0.0,0.0759124755859375,0.0,0.07590243690892269,19,1007.0,405.0,236.0,1.0
9774,UsageTrackingAgent,0.0,0.0909805297851562,0.0,0.09107028736787681,17,1007.0,405.0,236.0,1.0
9825,CommCenter,0.0,0.1142501831054687,0.006000000000000001,0.23591232299804685,50,1007.0,405.0,236.0,1.0
9829,transparencyd,0.0,0.1873016357421875,0.018000000000000002,0.21265792846679685,50,1007.0,405.0,236.0,1.0
9842,Keychain Circle Notification,0.0,0.1325607299804687,0.044000000000000004,0.18328857421874997,50,1007.0,405.0,236.0,1.0
9845,intelligentroutingd,0.0,0.0883102416992187,0.0,0.0883407592773437,50,1007.0,405.0,236.0,1.0
9205,IntelligencePlatformComputeService,0.0,0.0879287719726562,0.0,0.0879287719726562,50,1007.0,405.0,236.0,1.0
9682,keyboardservicesd,0.0,0.081634521484375,0.0,0.0876617431640625,50,1007.0,405.0,236.0,1.0
9138,siriactionsd,0.0,0.1256942749023437,0.004,0.14521408081054685,50,1007.0,405.0,236.0,1.0
8396,audioaccessoryd,0.0,0.0970840454101562,0.0,0.10800170898437496,50,1007.0,405.0,236.0,1.0
9101,bird,0.0,0.1070022583007812,0.04800000000000001,0.12118530273437494,50,1007.0,405.0,236.0,1.0
9877,avatarsd,0.0,0.1684188842773437,0.0,0.16840934753417963,20,1007.0,405.0,236.0,1.0
5761,zsh,0.0,0.0131607055664062,0.0,0.009178644112447462,253,1007.0,405.0,236.0,1.0
6986,accountsd,0.0,0.1741409301757812,0.0,0.1851234436035156,50,1007.0,405.0,236.0,1.0
7082,CoreLocationAgent,0.0,0.13885498046875,0.00425531914893617,0.4036964254176363,47,1007.0,405.0,236.0,1.0
8323,Google Chrome Helper (Renderer),0.0,0.745391845703125,0.647816091954023,1.1122661897505837,435,1007.0,405.0,236.0,1.0
8324,Google Chrome Helper (Renderer),0.0,0.2851486206054687,0.647816091954023,1.1122661897505837,435,1007.0,405.0,236.0,1.0
8325,Google Chrome Helper (Renderer),0.0,0.3803253173828125,0.647816091954023,1.1122661897505837,435,1007.0,405.0,236.0,1.0
8326,chronod,0.0,0.1415252685546875,0.01,0.15725708007812497,50,1007.0,405.0,236.0,1.0
8328,Google Chrome Helper (Renderer),0.0,0.5487442016601562,0.647816091954023,1.1122661897505837,435,1007.0,405.0,236.0,1.0
8335,WorldClockWidget,0.0,0.2202987670898437,0.0,0.22029876708984367,50,1007.0,405.0,236.0,1.0
8336,CalendarWidgetExtension,0.0,0.1031875610351562,0.0,0.1031875610351562,50,1007.0,405.0,236.0,1.0
8337,WeatherWidget,0.0,0.36163330078125,0.0,0.3655509948730469,50,1007.0,405.0,236.0,1.0
9134,ScreenTimeAgent,0.0,0.0944137573242187,0.0,0.10361862182617183,50,1007.0,405.0,236.0,1.0
8339,StocksWidget,0.0,0.3248214721679687,0.0,0.3267478942871093,50,1007.0,405.0,236.0,1.0
8351,Google Chrome Helper,0.0,0.1705169677734375,0.6,0.42389755249023436,250,1007.0,405.0,236.0,1.0
8410,routined,0.0,0.2046585083007812,0.034,0.19092559814453122,50,1007.0,405.0,236.0,1.0
8666,Google Chrome Helper (Renderer),0.0,0.302886962890625,0.647816091954023,1.1122661897505837,435,1007.0,405.0,236.0,1.0
9000,PowerChime,0.0,0.1394271850585937,0.008,0.14000701904296872,50,1007.0,405.0,236.0,1.0
9032,secinitd,0.0,0.0652313232421875,0.0,0.06522750854492188,50,1007.0,405.0,236.0,1.0
9040,triald,0.0,0.1203536987304687,0.0,0.12915039062499997,50,1007.0,405.0,236.0,1.0
9049,tccd,0.0,0.0925064086914062,0.0,0.10362243652343744,50,1007.0,405.0,236.0,1.0
9053,cloudd,0.0,0.1951217651367187,0.016,0.2035255432128906,50,1007.0,405.0,236.0,1.0
9069,searchpartyuseragent,0.0,0.1176834106445312,0.002,0.13115692138671872,50,1007.0,405.0,236.0,1.0
9086,knowledge-agent,0.0,0.1239776611328125,0.004,0.13211822509765622,50,1007.0,405.0,236.0,1.0
9088,contactsd,0.0,0.0841140747070312,0.008,0.09849548339843746,50,1007.0,405.0,236.0,1.0
9095,calaccessd,0.1,0.1337051391601562,0.002,0.15127944946289057,50,1007.0,405.0,236.0,1.0
8340,ScreenTimeWidgetExtension,0.0,0.3332138061523437,0.0,0.3311538696289062,50,1007.0,405.0,236.0,1.0
9879,Siri,0.0,0.1619338989257812,0.016,0.1504554748535156,50,1007.0,405.0,236.0,1.0
5384,zsh,0.0,0.0043869018554687,0.0,0.009178644112447462,253,1007.0,405.0,236.0,1.0
9888,SiriNCService,0.0,0.148773193359375,0.008,0.15225982666015622,50,1007.0,405.0,236.0,1.0
10126,IFTelemetrySELFIngestor,0.0,0.0825881958007812,0.0,0.0825881958007812,50,1007.0,405.0,236.0,1.0
10127,BiomeSELFIngestor,0.0,0.0879287719726562,0.0,0.0879287719726562,50,1007.0,405.0,236.0,1.0
10204,CoreServicesUIAgent,0.0,0.1989364624023437,0.004,0.19499969482421872,50,1007.0,405.0,236.0,1.0
10209,Code Helper (Plugin),0.0,0.4955291748046875,0.041,0.5363956451416015,500,1007.0,405.0,236.0,1.0
10211,Code Helper (Plugin),0.0,0.4503250122070312,0.041,0.5363956451416015,500,1007.0,405.0,236.0,1.0
10212,Code Helper (Plugin),0.0,0.4762649536132812,0.041,0.5363956451416015,500,1007.0,405.0,236.0,1.0
10213,Code Helper (Plugin),0.0,0.4756927490234375,0.041,0.5363956451416015,500,1007.0,405.0,236.0,1.0
10215,Code Helper (Plugin),0.0,0.4396438598632812,0.041,0.5363956451416015,500,1007.0,405.0,236.0,1.0
10481,Google Chrome Helper (Renderer),0.0,0.9136199951171876,0.647816091954023,1.1122661897505837,435,1007.0,405.0,236.0,1.0
10490,talagentd,0.0,0.1447677612304687,0.002,0.14520263671874997,50,1007.0,405.0,236.0,1.0
10558,pbs,0.0,0.031280517578125,0.002,0.031276702880859375,50,1007.0,405.0,236.0,1.0
11204,MTLCompilerService,0.0,0.0333786010742187,0.0,0.03340148925781246,50,1007.0,405.0,236.0,1.0
10125,IFTranscriptSELFIngestor,0.0,0.086212158203125,0.0,0.086212158203125,50,1007.0,405.0,236.0,1.0
11684,mlhostd,0.0,0.1436233520507812,0.0,0.14452743530273432,50,1007.0,405.0,236.0,1.0
12774,businessservicesd,0.0,0.0812530517578125,0.0,0.081024169921875,50,1007.0,405.0,236.0,1.0
12775,MessagesBlastDoorService,0.0,0.0579833984375,0.0,0.05239105224609375,50,1007.0,405.0,236.0,1.0
12776,feedbackd,0.0,0.0789642333984375,0.0,0.078704833984375,50,1007.0,405.0,236.0,1.0
12777,ProtectedCloudKeySyncing,0.0,0.1012802124023437,0.0,0.09304428100585938,50,1007.0,405.0,236.0,1.0
12779,gamecontrolleragentd,0.0,0.0579833984375,0.002,0.060253143310546854,50,1007.0,405.0,236.0,1.0
12806,python3.12,0.6,0.1661300659179687,0.46153846153846156,0.1703031770475618,91,1007.0,405.0,236.0,1.0
12814,mdworker_shared,0.2,0.1115798950195312,0.02153846153846154,0.19098232953976357,195,1007.0,405.0,236.0,1.0
12815,zsh,0.0,0.0276565551757812,0.0,0.009178644112447462,253,1007.0,405.0,236.0,1.0
12959,ndoagent,0.0,0.0753402709960937,0.0,0.0754165649414062,50,1007.0,405.0,236.0,1.0
12962,mdworker_shared,0.0,0.1440048217773437,0.02153846153846154,0.19098232953976357,195,1007.0,405.0,236.0,1.0
12963,replayd,0.0,0.2201080322265625,0.0,0.21639064866669325,49,1007.0,405.0,236.0,1.0
13000,python3.12,0.0,0.1569747924804687,0.46153846153846156,0.1703031770475618,91,1007.0,405.0,236.0,1.0
11889,mdworker_shared,0.0,0.1832962036132812,0.02153846153846154,0.19098232953976357,195,1007.0,405.0,236.0,1.0
9884,remindd,0.0,0.1224517822265625,0.0,0.1221111842564174,14,1007.0,405.0,236.0,1.0
10124,GMSSELFIngestor,0.0,0.0974655151367187,0.0,0.0974655151367187,50,1007.0,405.0,236.0,1.0
10122,SAExtensionOrchestrator,0.0,0.1125335693359375,0.0,0.1125335693359375,50,1007.0,405.0,236.0,1.0
9891,AssetCacheLocatorService,0.0,0.0406265258789062,0.0,0.04087829589843746,50,1007.0,405.0,236.0,1.0
9900,deleted,0.0,0.0989913940429687,0.0,0.09897549947102859,12,1007.0,405.0,236.0,1.0
9901,pkd,0.0,0.1054763793945312,0.002,0.10622024536132811,50,1007.0,405.0,236.0,1.0
9909,com.apple.geod,0.0,0.093841552734375,0.004,0.09388351440429683,50,1007.0,405.0,236.0,1.0
9946,extensionkitservice,0.0,0.080108642578125,0.0,0.08034324645996094,100,1007.0,405.0,236.0,1.0
9947,networkserviceproxy,0.0,0.1340866088867187,0.0,0.1554603576660156,50,1007.0,405.0,236.0,1.0
9963,swtransparencyd,0.0,0.070953369140625,0.0,0.08174896240234374,50,1007.0,405.0,236.0,1.0
9964,CloudTelemetryService,0.0,0.0612258911132812,0.0,0.06444135050135331,127,1007.0,405.0,236.0,1.0
9965,spotlightknowledged,0.0,0.0791549682617187,0.0,0.04377672749180943,62,1007.0,405.0,236.0,1.0
9967,photoanalysisd,0.0,0.075531005859375,0.0,0.07227384127103363,13,1007.0,405.0,236.0,1.0
9968,CloudTelemetryService,0.0,0.0408172607421875,0.0,0.06444135050135331,127,1007.0,405.0,236.0,1.0
9969,ScopedBookmarkAgent,0.0,0.0528335571289062,0.0,0.0528335571289062,13,1007.0,405.0,236.0,1.0
10123,extensionkitservice,0.0,0.0789642333984375,0.0,0.08034324645996094,100,1007.0,405.0,236.0,1.0
9970,privatecloudcomputed,0.0,0.0640869140625,0.0,0.0640869140625,14,1007.0,405.0,236.0,1.0
9981,localizationswitcherd,0.0,0.0728607177734375,0.0,0.0728607177734375,17,1007.0,405.0,236.0,1.0
9982,contentlinkingd,0.0,0.0772476196289062,0.0,0.08146667480468746,50,1007.0,405.0,236.0,1.0
9984,AuthenticationServicesAgent,0.0,0.1104354858398437,0.0,0.11043548583984371,19,1007.0,405.0,236.0,1.0
9985,keychainsharingmessagingd,0.0,0.046539306640625,0.0,0.046539306640625,18,1007.0,405.0,236.0,1.0
10001,AppPredictionIntentsHelperService,0.0,0.1674652099609375,0.0,0.16557312011718747,50,1007.0,405.0,236.0,1.0
10006,installerauthagent,0.0,0.0261306762695312,0.0,0.0261306762695312,16,1007.0,405.0,236.0,1.0
10009,com.apple.accessibility.mediaaccessibilityd,0.0,0.0261306762695312,0.0,0.0261306762695312,50,1007.0,405.0,236.0,1.0
10010,AudioComponentRegistrar,0.0,0.0425338745117187,0.004,0.04845809936523434,50,1007.0,405.0,236.0,1.0
10011,CarbonComponentScannerXPC,0.0,0.002288818359375,0.0,0.002288818359375,19,1007.0,405.0,236.0,1.0
10015,linkd,0.0,0.0791549682617187,0.0,0.07984924316406244,50,1007.0,405.0,236.0,1.0
10115,iconservicesagent,0.0,0.0902175903320312,0.0,0.0902175903320312,50,1007.0,405.0,236.0,1.0
10121,com.apple.Safari.SafeBrowsing.Service,0.0,0.0741958618164062,0.0,0.07349395751953124,50,1007.0,405.0,236.0,1.0
9971,CloudTelemetryService,0.0,0.0396728515625,0.0,0.06444135050135331,127,1007.0,405.0,236.0,1.0
5379,Code Helper (Plugin),0.0,0.2496719360351562,0.041,0.5363956451416015,500,1007.0,405.0,236.0,1.0
9823,appleaccountd,0.0,0.113677978515625,0.0,0.11508044074563417,17,1007.0,405.0,236.0,1.0
4143,Code Helper (Plugin),0.0,0.2201080322265625,0.041,0.5363956451416015,500,1007.0,405.0,236.0,1.0
623,WallpaperImageExtension,0.0,0.0654220581054687,0.0,0.07489013671874994,50,1007.0,405.0,236.0,1.0
639,sharingd,0.0,0.1338958740234375,0.002,0.14010620117187497,50,1007.0,405.0,236.0,1.0
641,usernoted,0.0,0.1262664794921875,0.02,0.15933227539062497,50,1007.0,405.0,236.0,1.0
642,neagent,0.0,0.1068115234375,0.0,0.1076812744140625,50,1007.0,405.0,236.0,1.0
643,useractivityd,0.0,0.0864028930664062,0.008,0.08467864990234374,50,1007.0,405.0,236.0,1.0
644,com.apple.dock.extra,0.0,0.1445770263671875,0.048,0.17804336547851562,50,1007.0,405.0,236.0,1.0
646,NotificationCenter,0.0,0.2088546752929687,0.024000000000000004,0.24862670898437497,50,1007.0,405.0,236.0,1.0
649,milod,0.0,0.0820159912109375,0.0,0.08232498168945312,50,1007.0,405.0,236.0,1.0
650,familycircled,0.0,0.0677108764648437,0.0,0.06789016723632807,50,1007.0,405.0,236.0,1.0
651,StatusKitAgent,0.0,0.0787734985351562,0.0,0.07876968383789057,50,1007.0,405.0,236.0,1.0
666,ContextStoreAgent,0.0,0.199127197265625,0.11199999999999999,0.1729774475097656,50,1007.0,405.0,236.0,1.0
668,BiomeAgent,0.0,0.1445770263671875,0.126,0.1340827941894531,50,1007.0,405.0,236.0,1.0
616,assistantd,0.0,0.138092041015625,0.004,0.23475265502929685,50,1007.0,405.0,236.0,1.0
670,imklaunchagent,0.0,0.0619888305664062,0.0,0.06198501586914058,50,1007.0,405.0,236.0,1.0
680,AirPlayUIAgent,0.0,0.1024246215820312,0.004,0.09934997558593746,50,1007.0,405.0,236.0,1.0
683,imagent,0.0,0.112152099609375,0.008,0.13217163085937497,50,1007.0,405.0,236.0,1.0
685,diagnostics_agent,0.0,0.0867843627929687,0.002,0.09417724609374996,50,1007.0,405.0,236.0,1.0
686,TextInputMenuAgent,0.0,0.1539230346679687,0.008,0.16139221191406247,50,1007.0,405.0,236.0,1.0
688,Grammarly Desktop Helper,0.0,0.086212158203125,0.002,0.10088729858398436,50,1007.0,405.0,236.0,1.0
699,com.apple.CloudDocs.iCloudDriveFileProvider,0.0,0.0860214233398437,0.008,0.09911346435546875,50,1007.0,405.0,236.0,1.0
704,ctkahp,0.0,0.037384033203125,0.0,0.037380218505859375,50,1007.0,405.0,236.0,1.0
707,WiFiAgent,0.0,0.154876708984375,0.114,0.16522979736328122,50,1007.0,405.0,236.0,1.0
709,nsurlsessiond,0.0,0.1203536987304687,0.032,0.1256752014160156,50,1007.0,405.0,236.0,1.0
713,Spotlight,0.0,0.2986907958984375,0.05,0.27865600585937494,50,1007.0,405.0,236.0,1.0
714,CursorUIViewService,0.0,0.171661376953125,0.07400000000000001,0.15747833251953122,50,1007.0,405.0,236.0,1.0
716,PAH_Extension,0.0,0.1169204711914062,0.014000000000000002,0.11199188232421874,50,1007.0,405.0,236.0,1.0
673,icdd,0.0,0.0349044799804687,0.0,0.034900665283203076,50,1007.0,405.0,236.0,1.0
717,OneDrive,0.0,0.3084182739257812,0.032,0.36077880859375,50,1007.0,405.0,236.0,1.0
615,corespeechd,0.2,0.1190185546875,0.09799999999999999,0.18834686279296872,50,1007.0,405.0,236.0,1.0
608,ViewBridgeAuxiliary,0.0,0.0909805297851562,0.014000000000000002,0.08618545532226561,50,1007.0,405.0,236.0,1.0
376,loginwindow,0.0,0.162506103515625,0.008,0.24020385742187497,50,1007.0,405.0,236.0,1.0
544,cfprefsd,0.0,0.0507354736328125,0.066,0.05707931518554685,50,1007.0,405.0,236.0,1.0
549,UserEventAgent,0.0,0.0957489013671875,0.013999999999999999,0.10488891601562496,50,1007.0,405.0,236.0,1.0
553,WindowManager,0.0,0.2641677856445312,0.11200000000000002,0.24517440795898435,50,1007.0,405.0,236.0,1.0
557,universalaccessd,0.0,0.1008987426757812,0.006000000000000001,0.09207916259765624,50,1007.0,405.0,236.0,1.0
559,Dock,0.0,0.1852035522460937,0.076,0.20318603515624997,50,1007.0,405.0,236.0,1.0
560,ControlCenter,1.2,0.3620147705078125,0.5379999999999999,0.41684722900390625,50,1007.0,405.0,236.0,1.0
561,pboard,0.0,0.0913619995117187,0.002,0.09132385253906246,50,1007.0,405.0,236.0,1.0
562,SystemUIServer,0.0,0.127410888671875,0.006,0.13476562499999997,50,1007.0,405.0,236.0,1.0
564,Finder,0.0,0.3358840942382812,0.07400000000000001,0.4227867126464844,50,1007.0,405.0,236.0,1.0
567,lsd,0.0,0.096893310546875,0.012,0.11196517944335933,50,1007.0,405.0,236.0,1.0
568,AXVisualSupportAgent,1.9,0.1667022705078125,0.6920000000000001,0.16974639892578122,50,1007.0,405.0,236.0,1.0
609,identityservicesd,0.0,0.214385986328125,0.012,0.20082092285156247,50,1007.0,405.0,236.0,1.0
575,rapportd,0.0,0.1070022583007812,0.002,0.1259346008300781,50,1007.0,405.0,236.0,1.0
580,trustd,0.0,0.1153945922851562,0.04,0.11620330810546871,50,1007.0,405.0,236.0,1.0
583,WallpaperAgent,0.0,0.1445770263671875,0.004,0.1629066467285156,50,1007.0,405.0,236.0,1.0
587,com.apple.hiservices-xpcservice,0.0,0.0425338745117187,0.01,0.03719711303710933,50,1007.0,405.0,236.0,1.0
589,sharedfilelistd,0.0,0.064849853515625,0.0,0.08721542358398436,50,1007.0,405.0,236.0,1.0
590,containermanagerd,0.0,0.0459671020507812,0.012,0.04875946044921871,50,1007.0,405.0,236.0,1.0
591,usernotificationsd,0.0,0.0843048095703125,0.008,0.09786605834960933,50,1007.0,405.0,236.0,1.0
596,callservicesd,0.0,0.135040283203125,0.006000000000000001,0.17979049682617185,50,1007.0,405.0,236.0,1.0
600,fontd,0.0,0.0499725341796875,0.002,0.06991577148437499,50,1007.0,405.0,236.0,1.0
602,fileproviderd,0.2,0.13885498046875,0.21200000000000002,0.1446113586425781,50,1007.0,405.0,236.0,1.0
604,AMPDeviceDiscoveryAgent,0.0,0.045013427734375,0.0,0.051746368408203104,50,1007.0,405.0,236.0,1.0
605,ContinuityCaptureAgent,0.0,0.0761032104492187,0.0,0.0761032104492187,50,1007.0,405.0,236.0,1.0
606,fontworker,0.0,0.0581741333007812,0.0,0.05817031860351558,50,1007.0,405.0,236.0,1.0
578,secd,0.0,0.115203857421875,0.006000000000000001,0.15089416503906247,50,1007.0,405.0,236.0,1.0
718,corespotlightd,0.1,0.1613616943359375,0.012,0.15357208251953122,50,1007.0,405.0,236.0,1.0
543,distnoted,0.0,0.0494003295898437,0.028000000000000004,0.05070495605468747,50,1007.0,405.0,236.0,1.0
730,Spotify,0.6,0.9187698364257812,0.5479999999999999,1.0496597290039062,50,1007.0,405.0,236.0,1.0
964,Google Chrome Helper,0.4,0.634765625,0.6,0.42389755249023436,250,1007.0,405.0,236.0,1.0
966,Google Chrome Helper,0.0,0.1955032348632812,0.6,0.42389755249023436,250,1007.0,405.0,236.0,1.0
1015,Google Chrome Helper,0.0,0.1470565795898437,0.6,0.42389755249023436,250,1007.0,405.0,236.0,1.0
1052,spotlightknowledged,0.0,0.0352859497070312,0.0,0.04377672749180943,62,1007.0,405.0,236.0,1.0
1191,storeaccountd,0.0,0.0658035278320312,0.0,0.06579971313476557,50,1007.0,405.0,236.0,1.0
1474,IMAutomaticHistoryDeletionAgent,0.0,0.0730514526367187,0.0,0.08300018310546874,50,1007.0,405.0,236.0,1.0
1718,ServiceExtension,0.0,0.142669677734375,0.0,0.142669677734375,50,1007.0,405.0,236.0,1.0
2095,com.apple.WebKit.WebContent,0.0,0.37078857421875,0.2837142857142857,0.5284216744559151,350,1007.0,405.0,236.0,1.0
2096,com.apple.WebKit.WebContent,0.0,0.4083633422851562,0.2837142857142857,0.5284216744559151,350,1007.0,405.0,236.0,1.0
2641,Google Chrome Helper (Renderer),0.0,0.5830764770507812,0.647816091954023,1.1122661897505837,435,1007.0,405.0,236.0,1.0
2672,Google Chrome Helper (Renderer),15.9,5.69915771484375,0.647816091954023,1.1122661897505837,435,1007.0,405.0,236.0,1.0
2826,Code,0.1,1.439666748046875,1.3619999999999999,1.3807182312011719,50,1007.0,405.0,236.0,1.0
963,Google Chrome Helper,18.6,1.015472412109375,0.6,0.42389755249023436,250,1007.0,405.0,236.0,1.0
2832,chrome_crashpad_handler,0.0,0.0194549560546875,0.0,0.019365310668945288,100,1007.0,405.0,236.0,1.0
2834,Code Helper,0.0,0.3406524658203125,0.32371428571428573,0.48915318080357145,350,1007.0,405.0,236.0,1.0
2835,Code Helper (Renderer),0.2,4.158210754394531,3.5780000000000003,3.886066436767578,50,1007.0,405.0,236.0,1.0
2852,Code Helper,0.0,1.18865966796875,0.32371428571428573,0.48915318080357145,350,1007.0,405.0,236.0,1.0
2878,Code Helper,0.0,0.3465652465820312,0.32371428571428573,0.48915318080357145,350,1007.0,405.0,236.0,1.0
2880,Code Helper,0.0,0.140380859375,0.32371428571428573,0.48915318080357145,350,1007.0,405.0,236.0,1.0
2913,Code Helper,1.2,0.617218017578125,0.32371428571428573,0.48915318080357145,350,1007.0,405.0,236.0,1.0
3033,Code Helper,0.0,0.4018783569335937,0.32371428571428573,0.48915318080357145,350,1007.0,405.0,236.0,1.0
3034,Code Helper (Plugin),0.2,2.037811279296875,0.041,0.5363956451416015,500,1007.0,405.0,236.0,1.0
3045,Code Helper (Plugin),0.0,0.2391815185546875,0.041,0.5363956451416015,500,1007.0,405.0,236.0,1.0
3063,zsh,0.0,0.0047683715820312,0.0,0.009178644112447462,253,1007.0,405.0,236.0,1.0
4030,pet,0.0,0.0217437744140625,0.02,0.02233123779296875,50,1007.0,405.0,236.0,1.0
722,duetexpertd,0.1,0.2965927124023437,0.09,0.26060485839843744,50,1007.0,405.0,236.0,1.0
2833,Code Helper,0.0,0.749969482421875,0.32371428571428573,0.48915318080357145,350,1007.0,405.0,236.0,1.0
961,voicebankingd,0.0,0.0722885131835937,0.0,0.07259750366210932,50,1007.0,405.0,236.0,1.0
4037,zsh,0.0,0.0043869018554687,0.0,0.009178644112447462,253,1007.0,405.0,236.0,1.0
957,Google Chrome,6.2,2.1747589111328125,1.324,2.2691001892089844,50,1007.0,405.0,236.0,1.0
960,chrome_crashpad_handler,0.0,0.0188827514648437,0.0,0.019365310668945288,100,1007.0,405.0,236.0,1.0
733,homed,0.0,0.1100540161132812,0.0,0.1302070617675781,50,1007.0,405.0,236.0,1.0
734,mediaremoteagent,0.0,0.0232696533203125,0.0,0.0232696533203125,50,1007.0,405.0,236.0,1.0
740,Spotify Helper,0.0,0.0396728515625,0.015600000000000001,0.14564056396484373,250,1007.0,405.0,236.0,1.0
741,avconferenced,0.0,0.067901611328125,0.0,0.06789779663085938,50,1007.0,405.0,236.0,1.0
4194,Code Helper (Plugin),0.0,1.2727737426757812,0.041,0.5363956451416015,500,1007.0,405.0,236.0,1.0
747,Spotify Helper,0.0,0.1903533935546875,0.015600000000000001,0.14564056396484373,250,1007.0,405.0,236.0,1.0
748,Spotify Helper,0.0,0.2607345581054687,0.015600000000000001,0.14564056396484373,250,1007.0,405.0,236.0,1.0
755,Grammarly Desktop,1.7,0.7099151611328125,0.524,0.7150344848632812,50,1007.0,405.0,236.0,1.0
768,Spotify Helper (Renderer),0.0,0.2973556518554687,0.044000000000000004,0.4534873962402344,50,1007.0,405.0,236.0,1.0
772,com.apple.WebKit.GPU,0.0,0.0507354736328125,0.102,0.09322547912597655,100,1007.0,405.0,236.0,1.0
774,com.apple.WebKit.WebContent,0.0,0.0186920166015625,0.2837142857142857,0.5284216744559151,350,1007.0,405.0,236.0,1.0
776,com.apple.WebKit.Networking,0.0,0.1287460327148437,0.4,0.16855621337890622,100,1007.0,405.0,236.0,1.0
752,Spotify Helper,0.0,0.1020431518554687,0.015600000000000001,0.14564056396484373,250,1007.0,405.0,236.0,1.0
857,Grammarly Desktop Update Service,0.0,0.1089096069335937,0.006000000000000001,0.11079406738281246,50,1007.0,405.0,236.0,1.0
932,com.apple.WebKit.WebContent,0.1,0.5659103393554688,0.2837142857142857,0.5284216744559151,350,1007.0,405.0,236.0,1.0
792,commerce,0.0,0.0902175903320312,0.0,0.08901596069335932,50,1007.0,405.0,236.0,1.0
930,com.apple.WebKit.WebContent,0.0,0.3253936767578125,0.2837142857142857,0.5284216744559151,350,1007.0,405.0,236.0,1.0
926,peopled,0.0,0.086212158203125,0.0,0.08623886108398438,50,1007.0,405.0,236.0,1.0
921,Spotify Helper,0.0,0.0965118408203125,0.015600000000000001,0.14564056396484373,250,1007.0,405.0,236.0,1.0
919,com.apple.WebKit.Networking,0.0,0.2386093139648437,0.4,0.16855621337890622,100,1007.0,405.0,236.0,1.0
931,com.apple.WebKit.WebContent,0.0,0.463104248046875,0.2837142857142857,0.5284216744559151,350,1007.0,405.0,236.0,1.0
916,com.apple.WebKit.WebContent,0.0,1.1964797973632812,0.2837142857142857,0.5284216744559151,350,1007.0,405.0,236.0,1.0
873,mdbulkimport,0.0,0.0713348388671875,0.0,0.07133102416992188,50,1007.0,405.0,236.0,1.0
913,app_inkwell,0.1,0.2960205078125,0.94,0.29593276977539057,50,1007.0,405.0,236.0,1.0
898,OneDrive Sync Service,0.0,0.1768112182617187,0.004,0.21224594116210935,50,1007.0,405.0,236.0,1.0
918,com.apple.WebKit.GPU,0.0,0.0783920288085937,0.102,0.09322547912597655,100,1007.0,405.0,236.0,1.0
9575,akd,0.0,0.215911865234375,0.002,0.2174873352050781,50,1007.0,405.0,236.0,1.0
9574,findmylocateagent,0.0,0.092315673828125,0.0,0.092315673828125,18,1007.0,405.0,236.0,1.0
9573,donotdisturbd,0.0,0.115966796875,0.0,0.1159562004937066,18,1007.0,405.0,236.0,1.0
9572,proactived,0.0,0.1438140869140625,0.02,0.1299476623535156,50,1007.0,405.0,236.0,1.0
9272,mbuseragent,0.0,0.0368118286132812,0.0,0.036808013916015576,50,1007.0,405.0,236.0,1.0
9271,mdwrite,0.0,0.0329971313476562,0.0,0.032993316650390576,50,1007.0,405.0,236.0,1.0
9223,mapssyncd,0.0,0.0917434692382812,0.0,0.09173965454101557,50,1007.0,405.0,236.0,1.0
9205,IntelligencePlatformComputeService,0.0,0.0879287719726562,0.0,0.0879287719726562,50,1007.0,405.0,236.0,1.0
9138,siriactionsd,0.0,0.1256942749023437,0.004,0.14521408081054685,50,1007.0,405.0,236.0,1.0
9577,CloudTelemetryService,0.0,0.0589370727539062,0.0,0.06444135050135331,127,1007.0,405.0,236.0,1.0
9556,syncdefaultsd,0.0,0.096893310546875,0.006000000000000001,0.11057662963867186,50,1007.0,405.0,236.0,1.0
9649,suggestd,0.0,0.1619338989257812,0.002,0.15771484374999997,50,1007.0,405.0,236.0,1.0
9829,transparencyd,0.0,0.1878738403320312,0.018000000000000002,0.21265792846679685,50,1007.0,405.0,236.0,1.0
9682,keyboardservicesd,0.0,0.081634521484375,0.0,0.0876617431640625,50,1007.0,405.0,236.0,1.0
9706,amsaccountsd,0.0,0.1132965087890625,0.041176470588235294,0.11300479664522058,17,1007.0,405.0,236.0,1.0
9710,photolibraryd,0.0,0.1087188720703125,0.0,0.11319380540114181,13,1007.0,405.0,236.0,1.0
9742,promotedcontentd,0.0,0.10833740234375,0.002,0.11449813842773438,50,1007.0,405.0,236.0,1.0
9754,ctkd,0.0,0.07781982421875,0.0,0.08569717407226562,50,1007.0,405.0,236.0,1.0
9762,coreauthd,0.0,0.0871658325195312,0.0,0.09390640258789058,50,1007.0,405.0,236.0,1.0
9766,followupd,0.0,0.0484466552734375,0.01875,0.05050897598266601,16,1007.0,405.0,236.0,1.0
9767,cdpd,0.0,0.0759124755859375,0.0,0.07590243690892269,19,1007.0,405.0,236.0,1.0
9774,UsageTrackingAgent,0.0,0.0909805297851562,0.0,0.09107028736787681,17,1007.0,405.0,236.0,1.0
9823,appleaccountd,0.0,0.113677978515625,0.0,0.11508044074563417,17,1007.0,405.0,236.0,1.0
9825,CommCenter,0.0,0.1142501831054687,0.006000000000000001,0.23591232299804685,50,1007.0,405.0,236.0,1.0
9842,Keychain Circle Notification,0.0,0.1325607299804687,0.044000000000000004,0.18328857421874997,50,1007.0,405.0,236.0,1.0
9681,AppleSpell,0.0,0.1302719116210937,0.0,0.13717651367187494,50,1007.0,405.0,236.0,1.0
9134,ScreenTimeAgent,0.0,0.0944137573242187,0.0,0.10361862182617183,50,1007.0,405.0,236.0,1.0
8396,audioaccessoryd,0.0,0.0970840454101562,0.0,0.10800170898437496,50,1007.0,405.0,236.0,1.0
9095,calaccessd,0.0,0.1552581787109375,0.002,0.15127944946289057,50,1007.0,405.0,236.0,1.0
5384,zsh,0.0,0.0043869018554687,0.0,0.009178644112447462,253,1007.0,405.0,236.0,1.0
9845,intelligentroutingd,0.0,0.0883102416992187,0.0,0.0883407592773437,50,1007.0,405.0,236.0,1.0
5761,zsh,0.0,0.0131607055664062,0.0,0.009178644112447462,253,1007.0,405.0,236.0,1.0
6986,accountsd,0.0,0.1768112182617187,0.0,0.1851234436035156,50,1007.0,405.0,236.0,1.0
7082,CoreLocationAgent,0.0,0.13885498046875,0.00425531914893617,0.4036964254176363,47,1007.0,405.0,236.0,1.0
8323,Google Chrome Helper (Renderer),0.0,0.745391845703125,0.647816091954023,1.1122661897505837,435,1007.0,405.0,236.0,1.0
8324,Google Chrome Helper (Renderer),0.0,0.2851486206054687,0.647816091954023,1.1122661897505837,435,1007.0,405.0,236.0,1.0
8325,Google Chrome Helper (Renderer),0.0,0.3803253173828125,0.647816091954023,1.1122661897505837,435,1007.0,405.0,236.0,1.0
8326,chronod,0.0,0.1415252685546875,0.01,0.15725708007812497,50,1007.0,405.0,236.0,1.0
8328,Google Chrome Helper (Renderer),0.0,0.5487442016601562,0.647816091954023,1.1122661897505837,435,1007.0,405.0,236.0,1.0
8335,WorldClockWidget,0.0,0.2202987670898437,0.0,0.22029876708984367,50,1007.0,405.0,236.0,1.0
8336,CalendarWidgetExtension,0.0,0.1031875610351562,0.0,0.1031875610351562,50,1007.0,405.0,236.0,1.0
9101,bird,0.0,0.1211166381835937,0.04800000000000001,0.12118530273437494,50,1007.0,405.0,236.0,1.0
8337,WeatherWidget,0.0,0.36163330078125,0.0,0.3655509948730469,50,1007.0,405.0,236.0,1.0
8340,ScreenTimeWidgetExtension,0.0,0.3332138061523437,0.0,0.3311538696289062,50,1007.0,405.0,236.0,1.0
8351,Google Chrome Helper,0.0,0.1705169677734375,0.6,0.42389755249023436,250,1007.0,405.0,236.0,1.0
8410,routined,0.0,0.2046585083007812,0.034,0.19092559814453122,50,1007.0,405.0,236.0,1.0
8666,Google Chrome Helper (Renderer),0.0,0.302886962890625,0.647816091954023,1.1122661897505837,435,1007.0,405.0,236.0,1.0
9000,PowerChime,0.0,0.1394271850585937,0.008,0.14000701904296872,50,1007.0,405.0,236.0,1.0
9032,secinitd,0.0,0.0652313232421875,0.0,0.06522750854492188,50,1007.0,405.0,236.0,1.0
9040,triald,0.0,0.119781494140625,0.0,0.12915039062499997,50,1007.0,405.0,236.0,1.0
9049,tccd,0.0,0.0925064086914062,0.0,0.10362243652343744,50,1007.0,405.0,236.0,1.0
9053,cloudd,0.0,0.1964569091796875,0.016,0.2035255432128906,50,1007.0,405.0,236.0,1.0
9069,searchpartyuseragent,0.0,0.118255615234375,0.002,0.13115692138671872,50,1007.0,405.0,236.0,1.0
9086,knowledge-agent,0.0,0.1239776611328125,0.004,0.13211822509765622,50,1007.0,405.0,236.0,1.0
9088,contactsd,0.0,0.0841140747070312,0.008,0.09849548339843746,50,1007.0,405.0,236.0,1.0
8339,StocksWidget,0.0,0.3248214721679687,0.0,0.3267478942871093,50,1007.0,405.0,236.0,1.0
9847,UIKitSystem,0.0,0.1695632934570312,0.002,0.17118835449218742,50,1007.0,405.0,236.0,1.0
10122,SAExtensionOrchestrator,0.0,0.1125335693359375,0.0,0.1125335693359375,50,1007.0,405.0,236.0,1.0
9879,Siri,0.0,0.1619338989257812,0.016,0.1504554748535156,50,1007.0,405.0,236.0,1.0
10127,BiomeSELFIngestor,0.0,0.0879287719726562,0.0,0.0879287719726562,50,1007.0,405.0,236.0,1.0
10204,CoreServicesUIAgent,0.0,0.1989364624023437,0.004,0.19499969482421872,50,1007.0,405.0,236.0,1.0
10209,Code Helper (Plugin),0.0,0.49591064453125,0.041,0.5363956451416015,500,1007.0,405.0,236.0,1.0
10211,Code Helper (Plugin),0.0,0.4604339599609375,0.041,0.5363956451416015,500,1007.0,405.0,236.0,1.0
10212,Code Helper (Plugin),0.0,0.4762649536132812,0.041,0.5363956451416015,500,1007.0,405.0,236.0,1.0
10213,Code Helper (Plugin),0.0,0.4756927490234375,0.041,0.5363956451416015,500,1007.0,405.0,236.0,1.0
10215,Code Helper (Plugin),0.0,0.4396438598632812,0.041,0.5363956451416015,500,1007.0,405.0,236.0,1.0
10481,Google Chrome Helper (Renderer),0.0,0.9136199951171876,0.647816091954023,1.1122661897505837,435,1007.0,405.0,236.0,1.0
10490,talagentd,0.0,0.1447677612304687,0.002,0.14520263671874997,50,1007.0,405.0,236.0,1.0
10558,pbs,0.0,0.031280517578125,0.002,0.031276702880859375,50,1007.0,405.0,236.0,1.0
11204,MTLCompilerService,0.0,0.0333786010742187,0.0,0.03340148925781246,50,1007.0,405.0,236.0,1.0
11684,mlhostd,0.0,0.1436233520507812,0.0,0.14452743530273432,50,1007.0,405.0,236.0,1.0
11889,mdworker_shared,0.0,0.1832962036132812,0.02153846153846154,0.19098232953976357,195,1007.0,405.0,236.0,1.0
12774,businessservicesd,0.0,0.0812530517578125,0.0,0.081024169921875,50,1007.0,405.0,236.0,1.0
12775,MessagesBlastDoorService,0.0,0.0579833984375,0.0,0.05239105224609375,50,1007.0,405.0,236.0,1.0
12776,feedbackd,0.0,0.0789642333984375,0.0,0.078704833984375,50,1007.0,405.0,236.0,1.0
12777,ProtectedCloudKeySyncing,0.0,0.1007080078125,0.0,0.09304428100585938,50,1007.0,405.0,236.0,1.0
12779,gamecontrolleragentd,0.0,0.0579833984375,0.002,0.060253143310546854,50,1007.0,405.0,236.0,1.0
12806,python3.12,0.8,0.1710891723632812,0.46153846153846156,0.1703031770475618,91,1007.0,405.0,236.0,1.0
12814,mdworker_shared,0.0,0.112152099609375,0.02153846153846154,0.19098232953976357,195,1007.0,405.0,236.0,1.0
12959,ndoagent,0.0,0.0753402709960937,0.0,0.0754165649414062,50,1007.0,405.0,236.0,1.0
12962,mdworker_shared,0.0,0.1440048217773437,0.02153846153846154,0.19098232953976357,195,1007.0,405.0,236.0,1.0
12963,replayd,0.0,0.220489501953125,0.0,0.21639064866669325,49,1007.0,405.0,236.0,1.0
13000,python3.12,0.0,0.1569747924804687,0.46153846153846156,0.1703031770475618,91,1007.0,405.0,236.0,1.0
5379,Code Helper (Plugin),0.0,0.2496719360351562,0.041,0.5363956451416015,500,1007.0,405.0,236.0,1.0
10126,IFTelemetrySELFIngestor,0.0,0.0825881958007812,0.0,0.0825881958007812,50,1007.0,405.0,236.0,1.0
10125,IFTranscriptSELFIngestor,0.0,0.086212158203125,0.0,0.086212158203125,50,1007.0,405.0,236.0,1.0
10124,GMSSELFIngestor,0.0,0.0974655151367187,0.0,0.0974655151367187,50,1007.0,405.0,236.0,1.0
10123,extensionkitservice,0.0,0.0789642333984375,0.0,0.08034324645996094,100,1007.0,405.0,236.0,1.0
9884,remindd,0.0,0.1224517822265625,0.0,0.1221111842564174,14,1007.0,405.0,236.0,1.0
9888,SiriNCService,0.0,0.148773193359375,0.008,0.15225982666015622,50,1007.0,405.0,236.0,1.0
9891,AssetCacheLocatorService,0.0,0.0406265258789062,0.0,0.04087829589843746,50,1007.0,405.0,236.0,1.0
9901,pkd,0.0,0.1140594482421875,0.002,0.10622024536132811,50,1007.0,405.0,236.0,1.0
9909,com.apple.geod,0.0,0.093841552734375,0.004,0.09388351440429683,50,1007.0,405.0,236.0,1.0
9946,extensionkitservice,0.0,0.080108642578125,0.0,0.08034324645996094,100,1007.0,405.0,236.0,1.0
9947,networkserviceproxy,0.0,0.1340866088867187,0.0,0.1554603576660156,50,1007.0,405.0,236.0,1.0
9963,swtransparencyd,0.0,0.070953369140625,0.0,0.08174896240234374,50,1007.0,405.0,236.0,1.0
9964,CloudTelemetryService,0.0,0.0612258911132812,0.0,0.06444135050135331,127,1007.0,405.0,236.0,1.0
9967,photoanalysisd,0.0,0.0751495361328125,0.0,0.07227384127103363,13,1007.0,405.0,236.0,1.0
9968,CloudTelemetryService,0.0,0.0408172607421875,0.0,0.06444135050135331,127,1007.0,405.0,236.0,1.0
9969,ScopedBookmarkAgent,0.0,0.0528335571289062,0.0,0.0528335571289062,13,1007.0,405.0,236.0,1.0
9877,avatarsd,0.0,0.1684188842773437,0.0,0.16840934753417963,20,1007.0,405.0,236.0,1.0
9970,privatecloudcomputed,0.0,0.0640869140625,0.0,0.0640869140625,14,1007.0,405.0,236.0,1.0
9981,localizationswitcherd,0.0,0.0728607177734375,0.0,0.0728607177734375,17,1007.0,405.0,236.0,1.0
9982,contentlinkingd,0.0,0.0772476196289062,0.0,0.08146667480468746,50,1007.0,405.0,236.0,1.0
9984,AuthenticationServicesAgent,0.0,0.1104354858398437,0.0,0.11043548583984371,19,1007.0,405.0,236.0,1.0
9985,keychainsharingmessagingd,0.0,0.046539306640625,0.0,0.046539306640625,18,1007.0,405.0,236.0,1.0
10001,AppPredictionIntentsHelperService,0.0,0.1674652099609375,0.0,0.16557312011718747,50,1007.0,405.0,236.0,1.0
10006,installerauthagent,0.0,0.0261306762695312,0.0,0.0261306762695312,16,1007.0,405.0,236.0,1.0
10009,com.apple.accessibility.mediaaccessibilityd,0.0,0.0261306762695312,0.0,0.0261306762695312,50,1007.0,405.0,236.0,1.0
10010,AudioComponentRegistrar,0.0,0.0425338745117187,0.004,0.04845809936523434,50,1007.0,405.0,236.0,1.0
10011,CarbonComponentScannerXPC,0.0,0.002288818359375,0.0,0.002288818359375,19,1007.0,405.0,236.0,1.0
10015,linkd,0.0,0.0791549682617187,0.0,0.07984924316406244,50,1007.0,405.0,236.0,1.0
10115,iconservicesagent,0.0,0.0902175903320312,0.0,0.0902175903320312,50,1007.0,405.0,236.0,1.0
10121,com.apple.Safari.SafeBrowsing.Service,0.0,0.0741958618164062,0.0,0.07349395751953124,50,1007.0,405.0,236.0,1.0
9971,CloudTelemetryService,0.0,0.0396728515625,0.0,0.06444135050135331,127,1007.0,405.0,236.0,1.0
4194,Code Helper (Plugin),0.0,1.2737274169921875,0.041,0.5363956451416015,500,1007.0,405.0,236.0,1.0
12815,zsh,0.0,0.0276565551757812,0.0,0.009178644112447462,253,1007.0,405.0,236.0,1.0
4037,zsh,0.0,0.0043869018554687,0.0,0.009178644112447462,253,1007.0,405.0,236.0,1.0
616,assistantd,0.0,0.141143798828125,0.004,0.23475265502929685,50,1007.0,405.0,236.0,1.0
623,WallpaperImageExtension,0.0,0.0654220581054687,0.0,0.07489013671874994,50,1007.0,405.0,236.0,1.0
639,sharingd,0.0,0.1338958740234375,0.002,0.14010620117187497,50,1007.0,405.0,236.0,1.0
641,usernoted,0.0,0.1262664794921875,0.02,0.15933227539062497,50,1007.0,405.0,236.0,1.0
642,neagent,0.0,0.1068115234375,0.0,0.1076812744140625,50,1007.0,405.0,236.0,1.0
643,useractivityd,0.0,0.0858306884765625,0.008,0.08467864990234374,50,1007.0,405.0,236.0,1.0
644,com.apple.dock.extra,0.0,0.1445770263671875,0.048,0.17804336547851562,50,1007.0,405.0,236.0,1.0
646,NotificationCenter,0.0,0.2088546752929687,0.024000000000000004,0.24862670898437497,50,1007.0,405.0,236.0,1.0
649,milod,0.0,0.0820159912109375,0.0,0.08232498168945312,50,1007.0,405.0,236.0,1.0
650,familycircled,0.0,0.0677108764648437,0.0,0.06789016723632807,50,1007.0,405.0,236.0,1.0
651,StatusKitAgent,0.0,0.0787734985351562,0.0,0.07876968383789057,50,1007.0,405.0,236.0,1.0
666,ContextStoreAgent,0.0,0.1987457275390625,0.11199999999999999,0.1729774475097656,50,1007.0,405.0,236.0,1.0
668,BiomeAgent,0.0,0.1445770263671875,0.126,0.1340827941894531,50,1007.0,405.0,236.0,1.0
670,imklaunchagent,0.0,0.0619888305664062,0.0,0.06198501586914058,50,1007.0,405.0,236.0,1.0
673,icdd,0.0,0.0349044799804687,0.0,0.034900665283203076,50,1007.0,405.0,236.0,1.0
680,AirPlayUIAgent,0.0,0.1024246215820312,0.004,0.09934997558593746,50,1007.0,405.0,236.0,1.0
683,imagent,0.0,0.112152099609375,0.008,0.13217163085937497,50,1007.0,405.0,236.0,1.0
685,diagnostics_agent,0.0,0.0867843627929687,0.002,0.09417724609374996,50,1007.0,405.0,236.0,1.0
686,TextInputMenuAgent,0.0,0.1539230346679687,0.008,0.16139221191406247,50,1007.0,405.0,236.0,1.0
688,Grammarly Desktop Helper,0.0,0.086212158203125,0.002,0.10088729858398436,50,1007.0,405.0,236.0,1.0
699,com.apple.CloudDocs.iCloudDriveFileProvider,0.0,0.0988006591796875,0.008,0.09911346435546875,50,1007.0,405.0,236.0,1.0
704,ctkahp,0.0,0.037384033203125,0.0,0.037380218505859375,50,1007.0,405.0,236.0,1.0
707,WiFiAgent,0.0,0.154876708984375,0.114,0.16522979736328122,50,1007.0,405.0,236.0,1.0
709,nsurlsessiond,0.0,0.1203536987304687,0.032,0.1256752014160156,50,1007.0,405.0,236.0,1.0
713,Spotlight,0.1,0.2986907958984375,0.05,0.27865600585937494,50,1007.0,405.0,236.0,1.0
615,corespeechd,0.0,0.1443862915039062,0.09799999999999999,0.18834686279296872,50,1007.0,405.0,236.0,1.0
609,identityservicesd,0.0,0.2197265625,0.012,0.20082092285156247,50,1007.0,405.0,236.0,1.0
608,ViewBridgeAuxiliary,0.0,0.0909805297851562,0.014000000000000002,0.08618545532226561,50,1007.0,405.0,236.0,1.0
606,fontworker,0.0,0.0581741333007812,0.0,0.05817031860351558,50,1007.0,405.0,236.0,1.0
4143,Code Helper (Plugin),0.0,0.2201080322265625,0.041,0.5363956451416015,500,1007.0,405.0,236.0,1.0
376,loginwindow,0.0,0.162506103515625,0.008,0.24020385742187497,50,1007.0,405.0,236.0,1.0
544,cfprefsd,0.0,0.0507354736328125,0.066,0.05707931518554685,50,1007.0,405.0,236.0,1.0
549,UserEventAgent,0.0,0.095367431640625,0.013999999999999999,0.10488891601562496,50,1007.0,405.0,236.0,1.0
553,WindowManager,0.0,0.2641677856445312,0.11200000000000002,0.24517440795898435,50,1007.0,405.0,236.0,1.0
557,universalaccessd,0.0,0.1008987426757812,0.006000000000000001,0.09207916259765624,50,1007.0,405.0,236.0,1.0
559,Dock,0.0,0.1852035522460937,0.076,0.20318603515624997,50,1007.0,405.0,236.0,1.0
560,ControlCenter,0.4,0.394439697265625,0.5379999999999999,0.41684722900390625,50,1007.0,405.0,236.0,1.0
561,pboard,0.0,0.0913619995117187,0.002,0.09132385253906246,50,1007.0,405.0,236.0,1.0
562,SystemUIServer,0.0,0.127410888671875,0.006,0.13476562499999997,50,1007.0,405.0,236.0,1.0
564,Finder,0.4,0.3358840942382812,0.07400000000000001,0.4227867126464844,50,1007.0,405.0,236.0,1.0
567,lsd,0.0,0.096893310546875,0.012,0.11196517944335933,50,1007.0,405.0,236.0,1.0
714,CursorUIViewService,0.0,0.1714706420898437,0.07400000000000001,0.15747833251953122,50,1007.0,405.0,236.0,1.0
568,AXVisualSupportAgent,0.0,0.1668930053710937,0.6920000000000001,0.16974639892578122,50,1007.0,405.0,236.0,1.0
578,secd,0.0,0.115203857421875,0.006000000000000001,0.15089416503906247,50,1007.0,405.0,236.0,1.0
580,trustd,0.0,0.1153945922851562,0.04,0.11620330810546871,50,1007.0,405.0,236.0,1.0
583,WallpaperAgent,0.0,0.1445770263671875,0.004,0.1629066467285156,50,1007.0,405.0,236.0,1.0
587,com.apple.hiservices-xpcservice,0.0,0.0425338745117187,0.01,0.03719711303710933,50,1007.0,405.0,236.0,1.0
589,sharedfilelistd,0.0,0.064849853515625,0.0,0.08721542358398436,50,1007.0,405.0,236.0,1.0
590,containermanagerd,0.0,0.0459671020507812,0.012,0.04875946044921871,50,1007.0,405.0,236.0,1.0
591,usernotificationsd,0.0,0.0843048095703125,0.008,0.09786605834960933,50,1007.0,405.0,236.0,1.0
596,callservicesd,0.0,0.1390457153320312,0.006000000000000001,0.17979049682617185,50,1007.0,405.0,236.0,1.0
600,fontd,0.0,0.0499725341796875,0.002,0.06991577148437499,50,1007.0,405.0,236.0,1.0
602,fileproviderd,0.2,0.13885498046875,0.21200000000000002,0.1446113586425781,50,1007.0,405.0,236.0,1.0
604,AMPDeviceDiscoveryAgent,0.0,0.045013427734375,0.0,0.051746368408203104,50,1007.0,405.0,236.0,1.0
605,ContinuityCaptureAgent,0.0,0.0761032104492187,0.0,0.0761032104492187,50,1007.0,405.0,236.0,1.0
575,rapportd,0.0,0.1312255859375,0.002,0.1259346008300781,50,1007.0,405.0,236.0,1.0
716,PAH_Extension,0.0,0.1169204711914062,0.014000000000000002,0.11199188232421874,50,1007.0,405.0,236.0,1.0
543,distnoted,0.0,0.0499725341796875,0.028000000000000004,0.05070495605468747,50,1007.0,405.0,236.0,1.0
718,corespotlightd,0.1,0.1657485961914062,0.012,0.15357208251953122,50,1007.0,405.0,236.0,1.0
963,Google Chrome Helper,1.4,1.0301589965820312,0.6,0.42389755249023436,250,1007.0,405.0,236.0,1.0
964,Google Chrome Helper,0.3,0.6351470947265625,0.6,0.42389755249023436,250,1007.0,405.0,236.0,1.0
966,Google Chrome Helper,0.0,0.1955032348632812,0.6,0.42389755249023436,250,1007.0,405.0,236.0,1.0
1015,Google Chrome Helper,0.0,0.147247314453125,0.6,0.42389755249023436,250,1007.0,405.0,236.0,1.0
1052,spotlightknowledged,0.0,0.0352859497070312,0.0,0.04377672749180943,62,1007.0,405.0,236.0,1.0
1191,storeaccountd,0.0,0.0658035278320312,0.0,0.06579971313476557,50,1007.0,405.0,236.0,1.0
1474,IMAutomaticHistoryDeletionAgent,0.0,0.0730514526367187,0.0,0.08300018310546874,50,1007.0,405.0,236.0,1.0
1718,ServiceExtension,0.0,0.142669677734375,0.0,0.142669677734375,50,1007.0,405.0,236.0,1.0
2095,com.apple.WebKit.WebContent,0.1,0.372314453125,0.2837142857142857,0.5284216744559151,350,1007.0,405.0,236.0,1.0
2096,com.apple.WebKit.WebContent,0.1,0.4146575927734375,0.2837142857142857,0.5284216744559151,350,1007.0,405.0,236.0,1.0
717,OneDrive,0.0,0.3137588500976562,0.032,0.36077880859375,50,1007.0,405.0,236.0,1.0
2672,Google Chrome Helper (Renderer),4.7,5.708503723144531,0.647816091954023,1.1122661897505837,435,1007.0,405.0,236.0,1.0
961,voicebankingd,0.0,0.0722885131835937,0.0,0.07259750366210932,50,1007.0,405.0,236.0,1.0
2826,Code,0.0,1.42822265625,1.3619999999999999,1.3807182312011719,50,1007.0,405.0,236.0,1.0
2833,Code Helper,0.0,0.7593154907226562,0.32371428571428573,0.48915318080357145,350,1007.0,405.0,236.0,1.0
2834,Code Helper,0.0,0.3414154052734375,0.32371428571428573,0.48915318080357145,350,1007.0,405.0,236.0,1.0
2835,Code Helper (Renderer),0.0,4.171943664550781,3.5780000000000003,3.886066436767578,50,1007.0,405.0,236.0,1.0
2852,Code Helper,0.0,1.1905670166015625,0.32371428571428573,0.48915318080357145,350,1007.0,405.0,236.0,1.0
2878,Code Helper,0.0,0.3570556640625,0.32371428571428573,0.48915318080357145,350,1007.0,405.0,236.0,1.0
2880,Code Helper,0.0,0.140380859375,0.32371428571428573,0.48915318080357145,350,1007.0,405.0,236.0,1.0
2913,Code Helper,0.4,0.6189346313476562,0.32371428571428573,0.48915318080357145,350,1007.0,405.0,236.0,1.0
3033,Code Helper,0.1,0.402069091796875,0.32371428571428573,0.48915318080357145,350,1007.0,405.0,236.0,1.0
4030,pet,0.0,0.0217437744140625,0.02,0.02233123779296875,50,1007.0,405.0,236.0,1.0
3034,Code Helper (Plugin),0.1,2.0397186279296875,0.041,0.5363956451416015,500,1007.0,405.0,236.0,1.0
3045,Code Helper (Plugin),0.0,0.2391815185546875,0.041,0.5363956451416015,500,1007.0,405.0,236.0,1.0
3063,zsh,0.0,0.0047683715820312,0.0,0.009178644112447462,253,1007.0,405.0,236.0,1.0
2832,chrome_crashpad_handler,0.0,0.0194549560546875,0.0,0.019365310668945288,100,1007.0,405.0,236.0,1.0
960,chrome_crashpad_handler,0.0,0.0188827514648437,0.0,0.019365310668945288,100,1007.0,405.0,236.0,1.0
2641,Google Chrome Helper (Renderer),0.0,0.5830764770507812,0.647816091954023,1.1122661897505837,435,1007.0,405.0,236.0,1.0
932,com.apple.WebKit.WebContent,0.1,0.572967529296875,0.2837142857142857,0.5284216744559151,350,1007.0,405.0,236.0,1.0
722,duetexpertd,0.1,0.2965927124023437,0.09,0.26060485839843744,50,1007.0,405.0,236.0,1.0
957,Google Chrome,0.4,2.179718017578125,1.324,2.2691001892089844,50,1007.0,405.0,236.0,1.0
730,Spotify,0.5,0.9326934814453124,0.5479999999999999,1.0496597290039062,50,1007.0,405.0,236.0,1.0
733,homed,0.0,0.1100540161132812,0.0,0.1302070617675781,50,1007.0,405.0,236.0,1.0
734,mediaremoteagent,0.0,0.0232696533203125,0.0,0.0232696533203125,50,1007.0,405.0,236.0,1.0
740,Spotify Helper,0.0,0.0396728515625,0.015600000000000001,0.14564056396484373,250,1007.0,405.0,236.0,1.0
741,avconferenced,0.0,0.067901611328125,0.0,0.06789779663085938,50,1007.0,405.0,236.0,1.0
747,Spotify Helper,0.0,0.1932144165039062,0.015600000000000001,0.14564056396484373,250,1007.0,405.0,236.0,1.0
752,Spotify Helper,0.0,0.1020431518554687,0.015600000000000001,0.14564056396484373,250,1007.0,405.0,236.0,1.0
755,Grammarly Desktop,0.3,0.7116317749023438,0.524,0.7150344848632812,50,1007.0,405.0,236.0,1.0
768,Spotify Helper (Renderer),0.0,0.2973556518554687,0.044000000000000004,0.4534873962402344,50,1007.0,405.0,236.0,1.0
772,com.apple.WebKit.GPU,0.0,0.0507354736328125,0.102,0.09322547912597655,100,1007.0,405.0,236.0,1.0
774,com.apple.WebKit.WebContent,0.0,0.0186920166015625,0.2837142857142857,0.5284216744559151,350,1007.0,405.0,236.0,1.0
748,Spotify Helper,0.0,0.2637863159179687,0.015600000000000001,0.14564056396484373,250,1007.0,405.0,236.0,1.0
792,commerce,0.0,0.0902175903320312,0.0,0.08901596069335932,50,1007.0,405.0,236.0,1.0
776,com.apple.WebKit.Networking,0.0,0.128936767578125,0.4,0.16855621337890622,100,1007.0,405.0,236.0,1.0
930,com.apple.WebKit.WebContent,0.0,0.3271102905273437,0.2837142857142857,0.5284216744559151,350,1007.0,405.0,236.0,1.0
926,peopled,0.0,0.086212158203125,0.0,0.08623886108398438,50,1007.0,405.0,236.0,1.0
921,Spotify Helper,0.0,0.0965118408203125,0.015600000000000001,0.14564056396484373,250,1007.0,405.0,236.0,1.0
919,com.apple.WebKit.Networking,0.1,0.24261474609375,0.4,0.16855621337890622,100,1007.0,405.0,236.0,1.0
918,com.apple.WebKit.GPU,0.0,0.078582763671875,0.102,0.09322547912597655,100,1007.0,405.0,236.0,1.0
931,com.apple.WebKit.WebContent,0.1,0.4663467407226562,0.2837142857142857,0.5284216744559151,350,1007.0,405.0,236.0,1.0
913,app_inkwell,0.2,0.2965927124023437,0.94,0.29593276977539057,50,1007.0,405.0,236.0,1.0
898,OneDrive Sync Service,0.1,0.1768112182617187,0.004,0.21224594116210935,50,1007.0,405.0,236.0,1.0
873,mdbulkimport,0.0,0.0713348388671875,0.0,0.07133102416992188,50,1007.0,405.0,236.0,1.0
857,Grammarly Desktop Update Service,0.0,0.1089096069335937,0.006000000000000001,0.11079406738281246,50,1007.0,405.0,236.0,1.0
916,com.apple.WebKit.WebContent,0.1,1.2027740478515625,0.2837142857142857,0.5284216744559151,350,1007.0,405.0,236.0,1.0
9573,donotdisturbd,0.0,0.115966796875,0.0,0.1159562004937066,18,1007.0,395.0,229.0,1.0
9572,proactived,0.0,0.1119613647460937,0.02,0.1299476623535156,50,1007.0,395.0,229.0,1.0
9556,syncdefaultsd,0.0,0.096893310546875,0.006000000000000001,0.11057662963867186,50,1007.0,395.0,229.0,1.0
9272,mbuseragent,0.0,0.0368118286132812,0.0,0.036808013916015576,50,1007.0,395.0,229.0,1.0
9271,mdwrite,0.0,0.0329971313476562,0.0,0.032993316650390576,50,1007.0,395.0,229.0,1.0
9205,IntelligencePlatformComputeService,0.0,0.0879287719726562,0.0,0.0879287719726562,50,1007.0,395.0,229.0,1.0
9138,siriactionsd,0.0,0.1256942749023437,0.004,0.14521408081054685,50,1007.0,395.0,229.0,1.0
9134,ScreenTimeAgent,0.0,0.0944137573242187,0.0,0.10361862182617183,50,1007.0,395.0,229.0,1.0
9101,bird,0.0,0.1211166381835937,0.04800000000000001,0.12118530273437494,50,1007.0,395.0,229.0,1.0
9574,findmylocateagent,0.0,0.092315673828125,0.0,0.092315673828125,18,1007.0,395.0,229.0,1.0
9223,mapssyncd,0.0,0.0917434692382812,0.0,0.09173965454101557,50,1007.0,395.0,229.0,1.0
9575,akd,0.0,0.2157211303710937,0.002,0.2174873352050781,50,1007.0,395.0,229.0,1.0
9825,CommCenter,0.0,0.1140594482421875,0.006000000000000001,0.23591232299804685,50,1007.0,395.0,229.0,1.0
9649,suggestd,0.0,0.1615524291992187,0.002,0.15771484374999997,50,1007.0,395.0,229.0,1.0
9681,AppleSpell,0.0,0.1302719116210937,0.0,0.13717651367187494,50,1007.0,395.0,229.0,1.0
9682,keyboardservicesd,0.0,0.081634521484375,0.0,0.0876617431640625,50,1007.0,395.0,229.0,1.0
9706,amsaccountsd,0.0,0.1132965087890625,0.041176470588235294,0.11300479664522058,17,1007.0,395.0,229.0,1.0
9742,promotedcontentd,0.0,0.10833740234375,0.002,0.11449813842773438,50,1007.0,395.0,229.0,1.0
9754,ctkd,0.0,0.07781982421875,0.0,0.08569717407226562,50,1007.0,395.0,229.0,1.0
9762,coreauthd,0.0,0.0871658325195312,0.0,0.09390640258789058,50,1007.0,395.0,229.0,1.0
9766,followupd,0.0,0.0484466552734375,0.01875,0.05050897598266601,16,1007.0,395.0,229.0,1.0
9767,cdpd,0.0,0.0759124755859375,0.0,0.07590243690892269,19,1007.0,395.0,229.0,1.0
9774,UsageTrackingAgent,0.0,0.0909805297851562,0.0,0.09107028736787681,17,1007.0,395.0,229.0,1.0
9823,appleaccountd,0.0,0.113677978515625,0.0,0.11508044074563417,17,1007.0,395.0,229.0,1.0
9577,CloudTelemetryService,0.0,0.0589370727539062,0.0,0.06444135050135331,127,1007.0,395.0,229.0,1.0
9095,calaccessd,0.0,0.1543045043945312,0.002,0.15127944946289057,50,1007.0,395.0,229.0,1.0
4194,Code Helper (Plugin),0.0,1.2708663940429688,0.041,0.5363956451416015,500,1007.0,395.0,229.0,1.0
9086,knowledge-agent,0.0,0.1239776611328125,0.004,0.13211822509765622,50,1007.0,395.0,229.0,1.0
9829,transparencyd,0.0,0.18768310546875,0.018000000000000002,0.21265792846679685,50,1007.0,395.0,229.0,1.0
5379,Code Helper (Plugin),0.0,0.2496719360351562,0.041,0.5363956451416015,500,1007.0,395.0,229.0,1.0
5384,zsh,0.0,0.0043869018554687,0.0,0.009178644112447462,253,1007.0,395.0,229.0,1.0
5761,zsh,0.0,0.0131607055664062,0.0,0.009178644112447462,253,1007.0,395.0,229.0,1.0
6986,accountsd,0.0,0.176239013671875,0.0,0.1851234436035156,50,1007.0,395.0,229.0,1.0
7082,CoreLocationAgent,0.0,0.1384735107421875,0.00425531914893617,0.4036964254176363,47,1007.0,395.0,229.0,1.0
8323,Google Chrome Helper (Renderer),0.0,0.7450103759765625,0.647816091954023,1.1122661897505837,435,1007.0,395.0,229.0,1.0
8324,Google Chrome Helper (Renderer),0.0,0.2819061279296875,0.647816091954023,1.1122661897505837,435,1007.0,395.0,229.0,1.0
8325,Google Chrome Helper (Renderer),0.0,0.3751754760742187,0.647816091954023,1.1122661897505837,435,1007.0,395.0,229.0,1.0
8326,chronod,0.0,0.1415252685546875,0.01,0.15725708007812497,50,1007.0,395.0,229.0,1.0
8328,Google Chrome Helper (Renderer),0.0,0.5441665649414062,0.647816091954023,1.1122661897505837,435,1007.0,395.0,229.0,1.0
8335,WorldClockWidget,0.0,0.2202987670898437,0.0,0.22029876708984367,50,1007.0,395.0,229.0,1.0
9088,contactsd,0.0,0.0841140747070312,0.008,0.09849548339843746,50,1007.0,395.0,229.0,1.0
8336,CalendarWidgetExtension,0.0,0.1031875610351562,0.0,0.1031875610351562,50,1007.0,395.0,229.0,1.0
8339,StocksWidget,0.0,0.3248214721679687,0.0,0.3267478942871093,50,1007.0,395.0,229.0,1.0
8340,ScreenTimeWidgetExtension,0.0,0.3332138061523437,0.0,0.3311538696289062,50,1007.0,395.0,229.0,1.0
8351,Google Chrome Helper,0.0,0.1707077026367187,0.6,0.42389755249023436,250,1007.0,395.0,229.0,1.0
8396,audioaccessoryd,0.0,0.0970840454101562,0.0,0.10800170898437496,50,1007.0,395.0,229.0,1.0
8410,routined,0.0,0.203704833984375,0.034,0.19092559814453122,50,1007.0,395.0,229.0,1.0
8666,Google Chrome Helper (Renderer),0.0,0.302886962890625,0.647816091954023,1.1122661897505837,435,1007.0,395.0,229.0,1.0
9000,PowerChime,0.0,0.1392364501953125,0.008,0.14000701904296872,50,1007.0,395.0,229.0,1.0
9032,secinitd,0.0,0.0652313232421875,0.0,0.06522750854492188,50,1007.0,395.0,229.0,1.0
9040,triald,0.0,0.119781494140625,0.0,0.12915039062499997,50,1007.0,395.0,229.0,1.0
9049,tccd,0.0,0.0925064086914062,0.0,0.10362243652343744,50,1007.0,395.0,229.0,1.0
9053,cloudd,0.1,0.1979827880859375,0.016,0.2035255432128906,50,1007.0,395.0,229.0,1.0
9069,searchpartyuseragent,0.0,0.118255615234375,0.002,0.13115692138671872,50,1007.0,395.0,229.0,1.0
8337,WeatherWidget,0.0,0.36163330078125,0.0,0.3655509948730469,50,1007.0,395.0,229.0,1.0
9842,Keychain Circle Notification,0.0,0.1323699951171875,0.044000000000000004,0.18328857421874997,50,1007.0,395.0,229.0,1.0
10122,SAExtensionOrchestrator,0.0,0.1125335693359375,0.0,0.1125335693359375,50,1007.0,395.0,229.0,1.0
9847,UIKitSystem,0.0,0.1695632934570312,0.002,0.17118835449218742,50,1007.0,395.0,229.0,1.0
10204,CoreServicesUIAgent,0.0,0.1989364624023437,0.004,0.19499969482421872,50,1007.0,395.0,229.0,1.0
10209,Code Helper (Plugin),0.0,0.49591064453125,0.041,0.5363956451416015,500,1007.0,395.0,229.0,1.0
10211,Code Helper (Plugin),0.0,0.46234130859375,0.041,0.5363956451416015,500,1007.0,395.0,229.0,1.0
10212,Code Helper (Plugin),0.0,0.4762649536132812,0.041,0.5363956451416015,500,1007.0,395.0,229.0,1.0
10213,Code Helper (Plugin),0.0,0.4756927490234375,0.041,0.5363956451416015,500,1007.0,395.0,229.0,1.0
10215,Code Helper (Plugin),0.0,0.4396438598632812,0.041,0.5363956451416015,500,1007.0,395.0,229.0,1.0
10481,Google Chrome Helper (Renderer),0.0,0.9136199951171876,0.647816091954023,1.1122661897505837,435,1007.0,395.0,229.0,1.0
10490,talagentd,0.0,0.1447677612304687,0.002,0.14520263671874997,50,1007.0,395.0,229.0,1.0
10558,pbs,0.0,0.031280517578125,0.002,0.031276702880859375,50,1007.0,395.0,229.0,1.0
11204,MTLCompilerService,0.0,0.0333786010742187,0.0,0.03340148925781246,50,1007.0,395.0,229.0,1.0
11684,mlhostd,0.0,0.1436233520507812,0.0,0.14452743530273432,50,1007.0,395.0,229.0,1.0
11889,mdworker_shared,0.0,0.1832962036132812,0.02153846153846154,0.19098232953976357,195,1007.0,395.0,229.0,1.0
12774,businessservicesd,0.0,0.0812530517578125,0.0,0.081024169921875,50,1007.0,395.0,229.0,1.0
12775,MessagesBlastDoorService,0.0,0.0579833984375,0.0,0.05239105224609375,50,1007.0,395.0,229.0,1.0
12776,feedbackd,0.0,0.0789642333984375,0.0,0.078704833984375,50,1007.0,395.0,229.0,1.0
12777,ProtectedCloudKeySyncing,0.0,0.1007080078125,0.0,0.09304428100585938,50,1007.0,395.0,229.0,1.0
12779,gamecontrolleragentd,0.0,0.0585556030273437,0.002,0.060253143310546854,50,1007.0,395.0,229.0,1.0
12806,python3.12,0.7,0.1714706420898437,0.46153846153846156,0.1703031770475618,91,1007.0,395.0,229.0,1.0
12814,mdworker_shared,0.0,0.1104354858398437,0.02153846153846154,0.19098232953976357,195,1007.0,395.0,229.0,1.0
12815,zsh,0.0,0.0272750854492187,0.0,0.009178644112447462,253,1007.0,395.0,229.0,1.0
12959,ndoagent,0.0,0.0753402709960937,0.0,0.0754165649414062,50,1007.0,395.0,229.0,1.0
12962,mdworker_shared,0.2,0.1440048217773437,0.02153846153846154,0.19098232953976357,195,1007.0,395.0,229.0,1.0
12963,replayd,0.0,0.220489501953125,0.0,0.21639064866669325,49,1007.0,395.0,229.0,1.0
4143,Code Helper (Plugin),0.0,0.2201080322265625,0.041,0.5363956451416015,500,1007.0,395.0,229.0,1.0
13000,python3.12,0.0,0.1569747924804687,0.46153846153846156,0.1703031770475618,91,1007.0,395.0,229.0,1.0
10127,BiomeSELFIngestor,0.0,0.0879287719726562,0.0,0.0879287719726562,50,1007.0,395.0,229.0,1.0
10126,IFTelemetrySELFIngestor,0.0,0.0825881958007812,0.0,0.0825881958007812,50,1007.0,395.0,229.0,1.0
10125,IFTranscriptSELFIngestor,0.0,0.086212158203125,0.0,0.086212158203125,50,1007.0,395.0,229.0,1.0
10124,GMSSELFIngestor,0.0,0.0974655151367187,0.0,0.0974655151367187,50,1007.0,395.0,229.0,1.0
9877,avatarsd,0.0,0.1684188842773437,0.0,0.16840934753417963,20,1007.0,395.0,229.0,1.0
9879,Siri,0.0,0.1617431640625,0.016,0.1504554748535156,50,1007.0,395.0,229.0,1.0
9884,remindd,0.0,0.1232147216796875,0.0,0.1221111842564174,14,1007.0,395.0,229.0,1.0
9888,SiriNCService,0.0,0.1485824584960937,0.008,0.15225982666015622,50,1007.0,395.0,229.0,1.0
9891,AssetCacheLocatorService,0.0,0.0406265258789062,0.0,0.04087829589843746,50,1007.0,395.0,229.0,1.0
9901,pkd,0.0,0.1140594482421875,0.002,0.10622024536132811,50,1007.0,395.0,229.0,1.0
9909,com.apple.geod,0.1,0.093841552734375,0.004,0.09388351440429683,50,1007.0,395.0,229.0,1.0
9946,extensionkitservice,0.0,0.080108642578125,0.0,0.08034324645996094,100,1007.0,395.0,229.0,1.0
9947,networkserviceproxy,0.0,0.144195556640625,0.0,0.1554603576660156,50,1007.0,395.0,229.0,1.0
9963,swtransparencyd,0.0,0.070953369140625,0.0,0.08174896240234374,50,1007.0,395.0,229.0,1.0
9964,CloudTelemetryService,0.0,0.0612258911132812,0.0,0.06444135050135331,127,1007.0,395.0,229.0,1.0
9970,privatecloudcomputed,0.0,0.0640869140625,0.0,0.0640869140625,14,1007.0,395.0,229.0,1.0
9845,intelligentroutingd,0.0,0.0883102416992187,0.0,0.0883407592773437,50,1007.0,395.0,229.0,1.0
9971,CloudTelemetryService,0.0,0.0396728515625,0.0,0.06444135050135331,127,1007.0,395.0,229.0,1.0
9982,contentlinkingd,0.0,0.0772476196289062,0.0,0.08146667480468746,50,1007.0,395.0,229.0,1.0
9984,AuthenticationServicesAgent,0.0,0.1104354858398437,0.0,0.11043548583984371,19,1007.0,395.0,229.0,1.0
9985,keychainsharingmessagingd,0.0,0.046539306640625,0.0,0.046539306640625,18,1007.0,395.0,229.0,1.0
10001,AppPredictionIntentsHelperService,0.0,0.1674652099609375,0.0,0.16557312011718747,50,1007.0,395.0,229.0,1.0
10006,installerauthagent,0.0,0.0261306762695312,0.0,0.0261306762695312,16,1007.0,395.0,229.0,1.0
10009,com.apple.accessibility.mediaaccessibilityd,0.0,0.0261306762695312,0.0,0.0261306762695312,50,1007.0,395.0,229.0,1.0
10010,AudioComponentRegistrar,0.0,0.0425338745117187,0.004,0.04845809936523434,50,1007.0,395.0,229.0,1.0
10011,CarbonComponentScannerXPC,0.0,0.002288818359375,0.0,0.002288818359375,19,1007.0,395.0,229.0,1.0
10015,linkd,0.0,0.0791549682617187,0.0,0.07984924316406244,50,1007.0,395.0,229.0,1.0
10115,iconservicesagent,0.0,0.0902175903320312,0.0,0.0902175903320312,50,1007.0,395.0,229.0,1.0
10121,com.apple.Safari.SafeBrowsing.Service,0.0,0.0741958618164062,0.0,0.07349395751953124,50,1007.0,395.0,229.0,1.0
10123,extensionkitservice,0.0,0.0789642333984375,0.0,0.08034324645996094,100,1007.0,395.0,229.0,1.0
9981,localizationswitcherd,0.0,0.0728607177734375,0.0,0.0728607177734375,17,1007.0,395.0,229.0,1.0
4037,zsh,0.0,0.0043869018554687,0.0,0.009178644112447462,253,1007.0,395.0,229.0,1.0
3045,Code Helper (Plugin),0.0,0.2393722534179687,0.041,0.5363956451416015,500,1007.0,395.0,229.0,1.0
3063,zsh,0.0,0.0047683715820312,0.0,0.009178644112447462,253,1007.0,395.0,229.0,1.0
615,corespeechd,0.0,0.1440048217773437,0.09799999999999999,0.18834686279296872,50,1007.0,395.0,229.0,1.0
616,assistantd,0.0,0.141143798828125,0.004,0.23475265502929685,50,1007.0,395.0,229.0,1.0
623,WallpaperImageExtension,0.0,0.0654220581054687,0.0,0.07489013671874994,50,1007.0,395.0,229.0,1.0
639,sharingd,0.0,0.1338958740234375,0.002,0.14010620117187497,50,1007.0,395.0,229.0,1.0
641,usernoted,0.0,0.1262664794921875,0.02,0.15933227539062497,50,1007.0,395.0,229.0,1.0
642,neagent,0.0,0.1068115234375,0.0,0.1076812744140625,50,1007.0,395.0,229.0,1.0
643,useractivityd,0.0,0.0856399536132812,0.008,0.08467864990234374,50,1007.0,395.0,229.0,1.0
644,com.apple.dock.extra,0.0,0.1445770263671875,0.048,0.17804336547851562,50,1007.0,395.0,229.0,1.0
646,NotificationCenter,0.0,0.2086639404296875,0.024000000000000004,0.24862670898437497,50,1007.0,395.0,229.0,1.0
649,milod,0.0,0.0820159912109375,0.0,0.08232498168945312,50,1007.0,395.0,229.0,1.0
650,familycircled,0.0,0.0677108764648437,0.0,0.06789016723632807,50,1007.0,395.0,229.0,1.0
651,StatusKitAgent,0.0,0.0787734985351562,0.0,0.07876968383789057,50,1007.0,395.0,229.0,1.0
666,ContextStoreAgent,0.0,0.1756668090820312,0.11199999999999999,0.1729774475097656,50,1007.0,395.0,229.0,1.0
668,BiomeAgent,0.0,0.1386642456054687,0.126,0.1340827941894531,50,1007.0,395.0,229.0,1.0
670,imklaunchagent,0.0,0.0619888305664062,0.0,0.06198501586914058,50,1007.0,395.0,229.0,1.0
673,icdd,0.0,0.0349044799804687,0.0,0.034900665283203076,50,1007.0,395.0,229.0,1.0
680,AirPlayUIAgent,0.0,0.10223388671875,0.004,0.09934997558593746,50,1007.0,395.0,229.0,1.0
683,imagent,0.0,0.1123428344726562,0.008,0.13217163085937497,50,1007.0,395.0,229.0,1.0
685,diagnostics_agent,0.0,0.0865936279296875,0.002,0.09417724609374996,50,1007.0,395.0,229.0,1.0
686,TextInputMenuAgent,0.0,0.153350830078125,0.008,0.16139221191406247,50,1007.0,395.0,229.0,1.0
688,Grammarly Desktop Helper,0.0,0.086212158203125,0.002,0.10088729858398436,50,1007.0,395.0,229.0,1.0
699,com.apple.CloudDocs.iCloudDriveFileProvider,0.0,0.0988006591796875,0.008,0.09911346435546875,50,1007.0,395.0,229.0,1.0
704,ctkahp,0.0,0.037384033203125,0.0,0.037380218505859375,50,1007.0,395.0,229.0,1.0
707,WiFiAgent,0.0,0.154876708984375,0.114,0.16522979736328122,50,1007.0,395.0,229.0,1.0
709,nsurlsessiond,0.0,0.1218795776367187,0.032,0.1256752014160156,50,1007.0,395.0,229.0,1.0
608,ViewBridgeAuxiliary,0.0,0.0909805297851562,0.014000000000000002,0.08618545532226561,50,1007.0,395.0,229.0,1.0
713,Spotlight,0.0,0.1993179321289062,0.05,0.27865600585937494,50,1007.0,395.0,229.0,1.0
606,fontworker,0.0,0.0581741333007812,0.0,0.05817031860351558,50,1007.0,395.0,229.0,1.0
604,AMPDeviceDiscoveryAgent,0.0,0.045013427734375,0.0,0.051746368408203104,50,1007.0,395.0,229.0,1.0
4030,pet,0.0,0.0217437744140625,0.02,0.02233123779296875,50,1007.0,395.0,229.0,1.0
376,loginwindow,0.0,0.1623153686523437,0.008,0.24020385742187497,50,1007.0,395.0,229.0,1.0
543,distnoted,0.1,0.0490188598632812,0.028000000000000004,0.05070495605468747,50,1007.0,395.0,229.0,1.0
544,cfprefsd,0.0,0.0520706176757812,0.066,0.05707931518554685,50,1007.0,395.0,229.0,1.0
549,UserEventAgent,0.0,0.095367431640625,0.013999999999999999,0.10488891601562496,50,1007.0,395.0,229.0,1.0
553,WindowManager,0.0,0.2277374267578125,0.11200000000000002,0.24517440795898435,50,1007.0,395.0,229.0,1.0
557,universalaccessd,0.0,0.1003265380859375,0.006000000000000001,0.09207916259765624,50,1007.0,395.0,229.0,1.0
559,Dock,0.0,0.1852035522460937,0.076,0.20318603515624997,50,1007.0,395.0,229.0,1.0
560,ControlCenter,0.4,0.3950119018554687,0.5379999999999999,0.41684722900390625,50,1007.0,395.0,229.0,1.0
561,pboard,0.0,0.0913619995117187,0.002,0.09132385253906246,50,1007.0,395.0,229.0,1.0
562,SystemUIServer,0.0,0.127410888671875,0.006,0.13476562499999997,50,1007.0,395.0,229.0,1.0
564,Finder,0.0,0.3360748291015625,0.07400000000000001,0.4227867126464844,50,1007.0,395.0,229.0,1.0
567,lsd,0.0,0.0972747802734375,0.012,0.11196517944335933,50,1007.0,395.0,229.0,1.0
568,AXVisualSupportAgent,2.2,0.1667022705078125,0.6920000000000001,0.16974639892578122,50,1007.0,395.0,229.0,1.0
575,rapportd,0.0,0.1317977905273437,0.002,0.1259346008300781,50,1007.0,395.0,229.0,1.0
578,secd,0.0,0.1249313354492187,0.006000000000000001,0.15089416503906247,50,1007.0,395.0,229.0,1.0
580,trustd,0.0,0.1146316528320312,0.04,0.11620330810546871,50,1007.0,395.0,229.0,1.0
583,WallpaperAgent,0.0,0.1445770263671875,0.004,0.1629066467285156,50,1007.0,395.0,229.0,1.0
587,com.apple.hiservices-xpcservice,0.0,0.0307083129882812,0.01,0.03719711303710933,50,1007.0,395.0,229.0,1.0
589,sharedfilelistd,0.0,0.064849853515625,0.0,0.08721542358398436,50,1007.0,395.0,229.0,1.0
590,containermanagerd,0.0,0.0459671020507812,0.012,0.04875946044921871,50,1007.0,395.0,229.0,1.0
591,usernotificationsd,0.0,0.0843048095703125,0.008,0.09786605834960933,50,1007.0,395.0,229.0,1.0
596,callservicesd,0.0,0.1390457153320312,0.006000000000000001,0.17979049682617185,50,1007.0,395.0,229.0,1.0
600,fontd,0.0,0.0499725341796875,0.002,0.06991577148437499,50,1007.0,395.0,229.0,1.0
602,fileproviderd,0.2,0.13885498046875,0.21200000000000002,0.1446113586425781,50,1007.0,395.0,229.0,1.0
605,ContinuityCaptureAgent,0.0,0.0761032104492187,0.0,0.0761032104492187,50,1007.0,395.0,229.0,1.0
714,CursorUIViewService,0.0,0.1712799072265625,0.07400000000000001,0.15747833251953122,50,1007.0,395.0,229.0,1.0
609,identityservicesd,0.0,0.2197265625,0.012,0.20082092285156247,50,1007.0,395.0,229.0,1.0
717,OneDrive,0.0,0.3213882446289062,0.032,0.36077880859375,50,1007.0,395.0,229.0,1.0
960,chrome_crashpad_handler,0.0,0.0188827514648437,0.0,0.019365310668945288,100,1007.0,395.0,229.0,1.0
961,voicebankingd,0.0,0.0722885131835937,0.0,0.07259750366210932,50,1007.0,395.0,229.0,1.0
963,Google Chrome Helper,22.8,1.0351181030273438,0.6,0.42389755249023436,250,1007.0,395.0,229.0,1.0
964,Google Chrome Helper,0.3,0.653076171875,0.6,0.42389755249023436,250,1007.0,395.0,229.0,1.0
966,Google Chrome Helper,0.0,0.19073486328125,0.6,0.42389755249023436,250,1007.0,395.0,229.0,1.0
1015,Google Chrome Helper,0.0,0.147247314453125,0.6,0.42389755249023436,250,1007.0,395.0,229.0,1.0
1052,spotlightknowledged,0.0,0.0352859497070312,0.0,0.04377672749180943,62,1007.0,395.0,229.0,1.0
1191,storeaccountd,0.0,0.0658035278320312,0.0,0.06579971313476557,50,1007.0,395.0,229.0,1.0
1474,IMAutomaticHistoryDeletionAgent,0.0,0.0730514526367187,0.0,0.08300018310546874,50,1007.0,395.0,229.0,1.0
1718,ServiceExtension,0.0,0.142669677734375,0.0,0.142669677734375,50,1007.0,395.0,229.0,1.0
2095,com.apple.WebKit.WebContent,0.0,0.3696441650390625,0.2837142857142857,0.5284216744559151,350,1007.0,395.0,229.0,1.0
2096,com.apple.WebKit.WebContent,0.0,0.4198074340820312,0.2837142857142857,0.5284216744559151,350,1007.0,395.0,229.0,1.0
2641,Google Chrome Helper (Renderer),0.0,0.5830764770507812,0.647816091954023,1.1122661897505837,435,1007.0,395.0,229.0,1.0
2672,Google Chrome Helper (Renderer),18.4,5.732154846191406,0.647816091954023,1.1122661897505837,435,1007.0,395.0,229.0,1.0
2826,Code,0.1,1.3071060180664062,1.3619999999999999,1.3807182312011719,50,1007.0,395.0,229.0,1.0
2832,chrome_crashpad_handler,0.0,0.0194549560546875,0.0,0.019365310668945288,100,1007.0,395.0,229.0,1.0
2833,Code Helper,0.0,0.7383346557617188,0.32371428571428573,0.48915318080357145,350,1007.0,395.0,229.0,1.0
2834,Code Helper,0.0,0.3454208374023437,0.32371428571428573,0.48915318080357145,350,1007.0,395.0,229.0,1.0
2835,Code Helper (Renderer),0.0,4.145240783691406,3.5780000000000003,3.886066436767578,50,1007.0,395.0,229.0,1.0
2852,Code Helper,5.1,1.1631011962890625,0.32371428571428573,0.48915318080357145,350,1007.0,395.0,229.0,1.0
2878,Code Helper,0.1,0.3587722778320312,0.32371428571428573,0.48915318080357145,350,1007.0,395.0,229.0,1.0
2880,Code Helper,0.0,0.140380859375,0.32371428571428573,0.48915318080357145,350,1007.0,395.0,229.0,1.0
2913,Code Helper,0.5,0.6191253662109375,0.32371428571428573,0.48915318080357145,350,1007.0,395.0,229.0,1.0
3033,Code Helper,0.0,0.402069091796875,0.32371428571428573,0.48915318080357145,350,1007.0,395.0,229.0,1.0
716,PAH_Extension,0.0,0.115966796875,0.014000000000000002,0.11199188232421874,50,1007.0,395.0,229.0,1.0
957,Google Chrome,5.8,2.1717071533203125,1.324,2.2691001892089844,50,1007.0,395.0,229.0,1.0
932,com.apple.WebKit.WebContent,0.1,0.5758285522460938,0.2837142857142857,0.5284216744559151,350,1007.0,395.0,229.0,1.0
3034,Code Helper (Plugin),0.1,2.0212173461914062,0.041,0.5363956451416015,500,1007.0,395.0,229.0,1.0
930,com.apple.WebKit.WebContent,0.0,0.3297805786132812,0.2837142857142857,0.5284216744559151,350,1007.0,395.0,229.0,1.0
931,com.apple.WebKit.WebContent,0.0,0.4316329956054687,0.2837142857142857,0.5284216744559151,350,1007.0,395.0,229.0,1.0
722,duetexpertd,0.0,0.2925872802734375,0.09,0.26060485839843744,50,1007.0,395.0,229.0,1.0
730,Spotify,0.3,0.933837890625,0.5479999999999999,1.0496597290039062,50,1007.0,395.0,229.0,1.0
733,homed,0.0,0.1100540161132812,0.0,0.1302070617675781,50,1007.0,395.0,229.0,1.0
734,mediaremoteagent,0.0,0.0232696533203125,0.0,0.0232696533203125,50,1007.0,395.0,229.0,1.0
740,Spotify Helper,0.0,0.0396728515625,0.015600000000000001,0.14564056396484373,250,1007.0,395.0,229.0,1.0
741,avconferenced,0.0,0.067901611328125,0.0,0.06789779663085938,50,1007.0,395.0,229.0,1.0
747,Spotify Helper,0.0,0.1932144165039062,0.015600000000000001,0.14564056396484373,250,1007.0,395.0,229.0,1.0
748,Spotify Helper,0.0,0.2637863159179687,0.015600000000000001,0.14564056396484373,250,1007.0,395.0,229.0,1.0
752,Spotify Helper,0.0,0.1020431518554687,0.015600000000000001,0.14564056396484373,250,1007.0,395.0,229.0,1.0
755,Grammarly Desktop,2.3,0.7093429565429688,0.524,0.7150344848632812,50,1007.0,395.0,229.0,1.0
768,Spotify Helper (Renderer),0.0,0.2973556518554687,0.044000000000000004,0.4534873962402344,50,1007.0,395.0,229.0,1.0
772,com.apple.WebKit.GPU,0.0,0.0507354736328125,0.102,0.09322547912597655,100,1007.0,395.0,229.0,1.0
718,corespotlightd,0.0,0.1461029052734375,0.012,0.15357208251953122,50,1007.0,395.0,229.0,1.0
776,com.apple.WebKit.Networking,0.0,0.1279830932617187,0.4,0.16855621337890622,100,1007.0,395.0,229.0,1.0
792,commerce,0.0,0.0902175903320312,0.0,0.08901596069335932,50,1007.0,395.0,229.0,1.0
857,Grammarly Desktop Update Service,0.0,0.1094818115234375,0.006000000000000001,0.11079406738281246,50,1007.0,395.0,229.0,1.0
873,mdbulkimport,0.0,0.0713348388671875,0.0,0.07133102416992188,50,1007.0,395.0,229.0,1.0
898,OneDrive Sync Service,0.0,0.182342529296875,0.004,0.21224594116210935,50,1007.0,395.0,229.0,1.0
913,app_inkwell,0.0,0.29754638671875,0.94,0.29593276977539057,50,1007.0,395.0,229.0,1.0
916,com.apple.WebKit.WebContent,0.0,1.1913299560546875,0.2837142857142857,0.5284216744559151,350,1007.0,395.0,229.0,1.0
918,com.apple.WebKit.GPU,0.0,0.0782012939453125,0.102,0.09322547912597655,100,1007.0,395.0,229.0,1.0
919,com.apple.WebKit.Networking,0.0,0.2368927001953125,0.4,0.16855621337890622,100,1007.0,395.0,229.0,1.0
921,Spotify Helper,0.0,0.096893310546875,0.015600000000000001,0.14564056396484373,250,1007.0,395.0,229.0,1.0
926,peopled,0.0,0.086212158203125,0.0,0.08623886108398438,50,1007.0,395.0,229.0,1.0
774,com.apple.WebKit.WebContent,0.0,0.0186920166015625,0.2837142857142857,0.5284216744559151,350,1007.0,395.0,229.0,1.0
9556,syncdefaultsd,0.0,0.1085281372070312,0.006000000000000001,0.11057662963867186,50,1007.0,395.0,229.0,1.0
9272,mbuseragent,0.0,0.0368118286132812,0.0,0.036808013916015576,50,1007.0,395.0,229.0,1.0
9271,mdwrite,0.0,0.0329971313476562,0.0,0.032993316650390576,50,1007.0,395.0,229.0,1.0
9223,mapssyncd,0.0,0.0917434692382812,0.0,0.09173965454101557,50,1007.0,395.0,229.0,1.0
9088,contactsd,0.0,0.0841140747070312,0.008,0.09849548339843746,50,1007.0,395.0,229.0,1.0
9138,siriactionsd,0.0,0.1256942749023437,0.004,0.14521408081054685,50,1007.0,395.0,229.0,1.0
9134,ScreenTimeAgent,0.0,0.0944137573242187,0.0,0.10361862182617183,50,1007.0,395.0,229.0,1.0
9101,bird,0.0,0.1211166381835937,0.04800000000000001,0.12118530273437494,50,1007.0,395.0,229.0,1.0
9095,calaccessd,0.0,0.1543045043945312,0.002,0.15127944946289057,50,1007.0,395.0,229.0,1.0
9767,cdpd,0.0,0.0759124755859375,0.0,0.07590243690892269,19,1007.0,395.0,229.0,1.0
9205,IntelligencePlatformComputeService,0.0,0.0879287719726562,0.0,0.0879287719726562,50,1007.0,395.0,229.0,1.0
9572,proactived,0.0,0.1119613647460937,0.02,0.1299476623535156,50,1007.0,395.0,229.0,1.0
9681,AppleSpell,0.0,0.1302719116210937,0.0,0.13717651367187494,50,1007.0,395.0,229.0,1.0
9574,findmylocateagent,0.0,0.092315673828125,0.0,0.092315673828125,18,1007.0,395.0,229.0,1.0
9575,akd,0.0,0.21820068359375,0.002,0.2174873352050781,50,1007.0,395.0,229.0,1.0
9577,CloudTelemetryService,0.0,0.0589370727539062,0.0,0.06444135050135331,127,1007.0,395.0,229.0,1.0
9649,suggestd,0.0,0.1615524291992187,0.002,0.15771484374999997,50,1007.0,395.0,229.0,1.0
9682,keyboardservicesd,0.0,0.081634521484375,0.0,0.0876617431640625,50,1007.0,395.0,229.0,1.0
9706,amsaccountsd,0.0,0.1127243041992187,0.041176470588235294,0.11300479664522058,17,1007.0,395.0,229.0,1.0
9742,promotedcontentd,0.0,0.10833740234375,0.002,0.11449813842773438,50,1007.0,395.0,229.0,1.0
9754,ctkd,0.0,0.07781982421875,0.0,0.08569717407226562,50,1007.0,395.0,229.0,1.0
9762,coreauthd,0.0,0.0871658325195312,0.0,0.09390640258789058,50,1007.0,395.0,229.0,1.0
9766,followupd,0.0,0.0484466552734375,0.01875,0.05050897598266601,16,1007.0,395.0,229.0,1.0
9086,knowledge-agent,0.0,0.1239776611328125,0.004,0.13211822509765622,50,1007.0,395.0,229.0,1.0
9573,donotdisturbd,0.0,0.115966796875,0.0,0.1159562004937066,18,1007.0,395.0,229.0,1.0
9069,searchpartyuseragent,0.0,0.1176834106445312,0.002,0.13115692138671872,50,1007.0,395.0,229.0,1.0
8335,WorldClockWidget,0.0,0.2202987670898437,0.0,0.22029876708984367,50,1007.0,395.0,229.0,1.0
9049,tccd,0.0,0.0925064086914062,0.0,0.10362243652343744,50,1007.0,395.0,229.0,1.0
9774,UsageTrackingAgent,0.0,0.0909805297851562,0.0,0.09107028736787681,17,1007.0,395.0,229.0,1.0
4037,zsh,0.0,0.0043869018554687,0.0,0.009178644112447462,253,1007.0,395.0,229.0,1.0
4143,Code Helper (Plugin),0.0,0.2201080322265625,0.041,0.5363956451416015,500,1007.0,395.0,229.0,1.0
4194,Code Helper (Plugin),0.0,1.2714385986328125,0.041,0.5363956451416015,500,1007.0,395.0,229.0,1.0
5379,Code Helper (Plugin),0.0,0.2496719360351562,0.041,0.5363956451416015,500,1007.0,395.0,229.0,1.0
5384,zsh,0.0,0.0043869018554687,0.0,0.009178644112447462,253,1007.0,395.0,229.0,1.0
5761,zsh,0.0,0.0131607055664062,0.0,0.009178644112447462,253,1007.0,395.0,229.0,1.0
6986,accountsd,0.0,0.176239013671875,0.0,0.1851234436035156,50,1007.0,395.0,229.0,1.0
7082,CoreLocationAgent,0.0,0.1384735107421875,0.00425531914893617,0.4036964254176363,47,1007.0,395.0,229.0,1.0
8323,Google Chrome Helper (Renderer),0.0,0.7471084594726562,0.647816091954023,1.1122661897505837,435,1007.0,395.0,229.0,1.0
8324,Google Chrome Helper (Renderer),0.0,0.2819061279296875,0.647816091954023,1.1122661897505837,435,1007.0,395.0,229.0,1.0
8325,Google Chrome Helper (Renderer),0.0,0.3751754760742187,0.647816091954023,1.1122661897505837,435,1007.0,395.0,229.0,1.0
8326,chronod,0.0,0.1415252685546875,0.01,0.15725708007812497,50,1007.0,395.0,229.0,1.0
8328,Google Chrome Helper (Renderer),0.0,0.5441665649414062,0.647816091954023,1.1122661897505837,435,1007.0,395.0,229.0,1.0
8336,CalendarWidgetExtension,0.0,0.1031875610351562,0.0,0.1031875610351562,50,1007.0,395.0,229.0,1.0
8337,WeatherWidget,0.0,0.36163330078125,0.0,0.3655509948730469,50,1007.0,395.0,229.0,1.0
8339,StocksWidget,0.0,0.3248214721679687,0.0,0.3267478942871093,50,1007.0,395.0,229.0,1.0
8340,ScreenTimeWidgetExtension,0.0,0.3332138061523437,0.0,0.3311538696289062,50,1007.0,395.0,229.0,1.0
8351,Google Chrome Helper,0.0,0.1707077026367187,0.6,0.42389755249023436,250,1007.0,395.0,229.0,1.0
8396,audioaccessoryd,0.0,0.0970840454101562,0.0,0.10800170898437496,50,1007.0,395.0,229.0,1.0
8410,routined,0.0,0.203704833984375,0.034,0.19092559814453122,50,1007.0,395.0,229.0,1.0
8666,Google Chrome Helper (Renderer),0.0,0.302886962890625,0.647816091954023,1.1122661897505837,435,1007.0,395.0,229.0,1.0
9000,PowerChime,0.0,0.1392364501953125,0.008,0.14000701904296872,50,1007.0,395.0,229.0,1.0
9032,secinitd,0.0,0.0652313232421875,0.0,0.06522750854492188,50,1007.0,395.0,229.0,1.0
9040,triald,0.0,0.119781494140625,0.0,0.12915039062499997,50,1007.0,395.0,229.0,1.0
9053,cloudd,0.0,0.2040863037109375,0.016,0.2035255432128906,50,1007.0,395.0,229.0,1.0
9823,appleaccountd,0.0,0.113677978515625,0.0,0.11508044074563417,17,1007.0,395.0,229.0,1.0
4030,pet,0.0,0.0217437744140625,0.02,0.02233123779296875,50,1007.0,395.0,229.0,1.0
9829,transparencyd,0.0,0.18768310546875,0.018000000000000002,0.21265792846679685,50,1007.0,395.0,229.0,1.0
10126,IFTelemetrySELFIngestor,0.0,0.0825881958007812,0.0,0.0825881958007812,50,1007.0,395.0,229.0,1.0
10127,BiomeSELFIngestor,0.0,0.0879287719726562,0.0,0.0879287719726562,50,1007.0,395.0,229.0,1.0
10204,CoreServicesUIAgent,0.0,0.1989364624023437,0.004,0.19499969482421872,50,1007.0,395.0,229.0,1.0
10209,Code Helper (Plugin),0.0,0.49591064453125,0.041,0.5363956451416015,500,1007.0,395.0,229.0,1.0
10211,Code Helper (Plugin),0.0,0.46234130859375,0.041,0.5363956451416015,500,1007.0,395.0,229.0,1.0
10212,Code Helper (Plugin),0.0,0.4762649536132812,0.041,0.5363956451416015,500,1007.0,395.0,229.0,1.0
10213,Code Helper (Plugin),0.0,0.4756927490234375,0.041,0.5363956451416015,500,1007.0,395.0,229.0,1.0
10215,Code Helper (Plugin),0.0,0.4396438598632812,0.041,0.5363956451416015,500,1007.0,395.0,229.0,1.0
10481,Google Chrome Helper (Renderer),0.0,0.9136199951171876,0.647816091954023,1.1122661897505837,435,1007.0,395.0,229.0,1.0
10490,talagentd,0.0,0.1447677612304687,0.002,0.14520263671874997,50,1007.0,395.0,229.0,1.0
10558,pbs,0.0,0.031280517578125,0.002,0.031276702880859375,50,1007.0,395.0,229.0,1.0
11204,MTLCompilerService,0.0,0.0333786010742187,0.0,0.03340148925781246,50,1007.0,395.0,229.0,1.0
11684,mlhostd,0.0,0.1436233520507812,0.0,0.14452743530273432,50,1007.0,395.0,229.0,1.0
11889,mdworker_shared,0.6,0.1832962036132812,0.02153846153846154,0.19098232953976357,195,1007.0,395.0,229.0,1.0
12774,businessservicesd,0.0,0.0812530517578125,0.0,0.081024169921875,50,1007.0,395.0,229.0,1.0
12775,MessagesBlastDoorService,0.0,0.0579833984375,0.0,0.05239105224609375,50,1007.0,395.0,229.0,1.0
12776,feedbackd,0.0,0.0789642333984375,0.0,0.078704833984375,50,1007.0,395.0,229.0,1.0
12777,ProtectedCloudKeySyncing,0.0,0.1007080078125,0.0,0.09304428100585938,50,1007.0,395.0,229.0,1.0
12779,gamecontrolleragentd,0.0,0.0589370727539062,0.002,0.060253143310546854,50,1007.0,395.0,229.0,1.0
12806,python3.12,0.6,0.1743316650390625,0.46153846153846156,0.1703031770475618,91,1007.0,395.0,229.0,1.0
12815,zsh,0.0,0.0272750854492187,0.0,0.009178644112447462,253,1007.0,395.0,229.0,1.0
12959,ndoagent,0.0,0.0753402709960937,0.0,0.0754165649414062,50,1007.0,395.0,229.0,1.0
12962,mdworker_shared,0.6,0.1443862915039062,0.02153846153846154,0.19098232953976357,195,1007.0,395.0,229.0,1.0
12963,replayd,0.0,0.220489501953125,0.0,0.21639064866669325,49,1007.0,395.0,229.0,1.0
13000,python3.12,0.0,0.1638412475585937,0.46153846153846156,0.1703031770475618,91,1007.0,395.0,229.0,1.0
10125,IFTranscriptSELFIngestor,0.0,0.086212158203125,0.0,0.086212158203125,50,1007.0,395.0,229.0,1.0
9825,CommCenter,0.0,0.1140594482421875,0.006000000000000001,0.23591232299804685,50,1007.0,395.0,229.0,1.0
10124,GMSSELFIngestor,0.0,0.0974655151367187,0.0,0.0974655151367187,50,1007.0,395.0,229.0,1.0
10122,SAExtensionOrchestrator,0.0,0.1125335693359375,0.0,0.1125335693359375,50,1007.0,395.0,229.0,1.0
9842,Keychain Circle Notification,0.0,0.1323699951171875,0.044000000000000004,0.18328857421874997,50,1007.0,395.0,229.0,1.0
9845,intelligentroutingd,0.0,0.0883102416992187,0.0,0.0883407592773437,50,1007.0,395.0,229.0,1.0
9847,UIKitSystem,0.0,0.1695632934570312,0.002,0.17118835449218742,50,1007.0,395.0,229.0,1.0
9877,avatarsd,0.0,0.1684188842773437,0.0,0.16840934753417963,20,1007.0,395.0,229.0,1.0
9879,Siri,0.0,0.1617431640625,0.016,0.1504554748535156,50,1007.0,395.0,229.0,1.0
9888,SiriNCService,0.0,0.1485824584960937,0.008,0.15225982666015622,50,1007.0,395.0,229.0,1.0
9891,AssetCacheLocatorService,0.0,0.0406265258789062,0.0,0.04087829589843746,50,1007.0,395.0,229.0,1.0
9901,pkd,0.0,0.1142501831054687,0.002,0.10622024536132811,50,1007.0,395.0,229.0,1.0
9909,com.apple.geod,0.0,0.098419189453125,0.004,0.09388351440429683,50,1007.0,395.0,229.0,1.0
9946,extensionkitservice,0.0,0.080108642578125,0.0,0.08034324645996094,100,1007.0,395.0,229.0,1.0
9947,networkserviceproxy,0.0,0.144195556640625,0.0,0.1554603576660156,50,1007.0,395.0,229.0,1.0
9963,swtransparencyd,0.0,0.070953369140625,0.0,0.08174896240234374,50,1007.0,395.0,229.0,1.0
9964,CloudTelemetryService,0.0,0.0612258911132812,0.0,0.06444135050135331,127,1007.0,395.0,229.0,1.0
9981,localizationswitcherd,0.0,0.0728607177734375,0.0,0.0728607177734375,17,1007.0,395.0,229.0,1.0
9982,contentlinkingd,0.0,0.0772476196289062,0.0,0.08146667480468746,50,1007.0,395.0,229.0,1.0
9984,AuthenticationServicesAgent,0.0,0.1104354858398437,0.0,0.11043548583984371,19,1007.0,395.0,229.0,1.0
9985,keychainsharingmessagingd,0.0,0.046539306640625,0.0,0.046539306640625,18,1007.0,395.0,229.0,1.0
10001,AppPredictionIntentsHelperService,0.0,0.1674652099609375,0.0,0.16557312011718747,50,1007.0,395.0,229.0,1.0
10006,installerauthagent,0.0,0.0261306762695312,0.0,0.0261306762695312,16,1007.0,395.0,229.0,1.0
10009,com.apple.accessibility.mediaaccessibilityd,0.0,0.0261306762695312,0.0,0.0261306762695312,50,1007.0,395.0,229.0,1.0
10010,AudioComponentRegistrar,0.0,0.0425338745117187,0.004,0.04845809936523434,50,1007.0,395.0,229.0,1.0
10011,CarbonComponentScannerXPC,0.0,0.002288818359375,0.0,0.002288818359375,19,1007.0,395.0,229.0,1.0
10015,linkd,0.0,0.0791549682617187,0.0,0.07984924316406244,50,1007.0,395.0,229.0,1.0
10115,iconservicesagent,0.0,0.0902175903320312,0.0,0.0902175903320312,50,1007.0,395.0,229.0,1.0
10121,com.apple.Safari.SafeBrowsing.Service,0.0,0.0743865966796875,0.0,0.07349395751953124,50,1007.0,395.0,229.0,1.0
10123,extensionkitservice,0.0,0.0789642333984375,0.0,0.08034324645996094,100,1007.0,395.0,229.0,1.0
3063,zsh,0.0,0.0047683715820312,0.0,0.009178644112447462,253,1007.0,395.0,229.0,1.0
2835,Code Helper (Renderer),0.2,4.1595458984375,3.5780000000000003,3.886066436767578,50,1007.0,395.0,229.0,1.0
3034,Code Helper (Plugin),0.1,2.0212173461914062,0.041,0.5363956451416015,500,1007.0,395.0,229.0,1.0
615,corespeechd,0.0,0.1440048217773437,0.09799999999999999,0.18834686279296872,50,1007.0,395.0,229.0,1.0
616,assistantd,0.0,0.1405715942382812,0.004,0.23475265502929685,50,1007.0,395.0,229.0,1.0
623,WallpaperImageExtension,0.0,0.0654220581054687,0.0,0.07489013671874994,50,1007.0,395.0,229.0,1.0
639,sharingd,0.0,0.1338958740234375,0.002,0.14010620117187497,50,1007.0,395.0,229.0,1.0
641,usernoted,0.0,0.148773193359375,0.02,0.15933227539062497,50,1007.0,395.0,229.0,1.0
642,neagent,0.0,0.1068115234375,0.0,0.1076812744140625,50,1007.0,395.0,229.0,1.0
643,useractivityd,0.0,0.0856399536132812,0.008,0.08467864990234374,50,1007.0,395.0,229.0,1.0
644,com.apple.dock.extra,0.0,0.1445770263671875,0.048,0.17804336547851562,50,1007.0,395.0,229.0,1.0
646,NotificationCenter,0.0,0.2086639404296875,0.024000000000000004,0.24862670898437497,50,1007.0,395.0,229.0,1.0
649,milod,0.0,0.0820159912109375,0.0,0.08232498168945312,50,1007.0,395.0,229.0,1.0
650,familycircled,0.0,0.0677108764648437,0.0,0.06789016723632807,50,1007.0,395.0,229.0,1.0
609,identityservicesd,0.0,0.2201080322265625,0.012,0.20082092285156247,50,1007.0,395.0,229.0,1.0
651,StatusKitAgent,0.0,0.0787734985351562,0.0,0.07876968383789057,50,1007.0,395.0,229.0,1.0
668,BiomeAgent,0.0,0.1386642456054687,0.126,0.1340827941894531,50,1007.0,395.0,229.0,1.0
670,imklaunchagent,0.0,0.0619888305664062,0.0,0.06198501586914058,50,1007.0,395.0,229.0,1.0
673,icdd,0.0,0.0349044799804687,0.0,0.034900665283203076,50,1007.0,395.0,229.0,1.0
680,AirPlayUIAgent,0.0,0.10223388671875,0.004,0.09934997558593746,50,1007.0,395.0,229.0,1.0
683,imagent,0.0,0.1123428344726562,0.008,0.13217163085937497,50,1007.0,395.0,229.0,1.0
685,diagnostics_agent,0.0,0.0865936279296875,0.002,0.09417724609374996,50,1007.0,395.0,229.0,1.0
686,TextInputMenuAgent,0.0,0.153350830078125,0.008,0.16139221191406247,50,1007.0,395.0,229.0,1.0
688,Grammarly Desktop Helper,0.0,0.086212158203125,0.002,0.10088729858398436,50,1007.0,395.0,229.0,1.0
699,com.apple.CloudDocs.iCloudDriveFileProvider,0.0,0.0988006591796875,0.008,0.09911346435546875,50,1007.0,395.0,229.0,1.0
704,ctkahp,0.0,0.037384033203125,0.0,0.037380218505859375,50,1007.0,395.0,229.0,1.0
707,WiFiAgent,0.0,0.154876708984375,0.114,0.16522979736328122,50,1007.0,395.0,229.0,1.0
666,ContextStoreAgent,0.0,0.1756668090820312,0.11199999999999999,0.1729774475097656,50,1007.0,395.0,229.0,1.0
608,ViewBridgeAuxiliary,0.0,0.0909805297851562,0.014000000000000002,0.08618545532226561,50,1007.0,395.0,229.0,1.0
606,fontworker,0.0,0.0581741333007812,0.0,0.05817031860351558,50,1007.0,395.0,229.0,1.0
605,ContinuityCaptureAgent,0.0,0.0761032104492187,0.0,0.0761032104492187,50,1007.0,395.0,229.0,1.0
376,loginwindow,0.0,0.1623153686523437,0.008,0.24020385742187497,50,1007.0,395.0,229.0,1.0
543,distnoted,0.0,0.0494003295898437,0.028000000000000004,0.05070495605468747,50,1007.0,395.0,229.0,1.0
544,cfprefsd,0.8,0.0532150268554687,0.066,0.05707931518554685,50,1007.0,395.0,229.0,1.0
549,UserEventAgent,0.0,0.0980377197265625,0.013999999999999999,0.10488891601562496,50,1007.0,395.0,229.0,1.0
553,WindowManager,0.0,0.2277374267578125,0.11200000000000002,0.24517440795898435,50,1007.0,395.0,229.0,1.0
557,universalaccessd,0.0,0.1003265380859375,0.006000000000000001,0.09207916259765624,50,1007.0,395.0,229.0,1.0
559,Dock,0.0,0.1852035522460937,0.076,0.20318603515624997,50,1007.0,395.0,229.0,1.0
560,ControlCenter,0.5,0.397491455078125,0.5379999999999999,0.41684722900390625,50,1007.0,395.0,229.0,1.0
561,pboard,0.0,0.0913619995117187,0.002,0.09132385253906246,50,1007.0,395.0,229.0,1.0
562,SystemUIServer,0.0,0.127410888671875,0.006,0.13476562499999997,50,1007.0,395.0,229.0,1.0
564,Finder,0.0,0.336456298828125,0.07400000000000001,0.4227867126464844,50,1007.0,395.0,229.0,1.0
567,lsd,0.3,0.0972747802734375,0.012,0.11196517944335933,50,1007.0,395.0,229.0,1.0
568,AXVisualSupportAgent,0.1,0.1667022705078125,0.6920000000000001,0.16974639892578122,50,1007.0,395.0,229.0,1.0
575,rapportd,0.0,0.1321792602539062,0.002,0.1259346008300781,50,1007.0,395.0,229.0,1.0
578,secd,0.0,0.1249313354492187,0.006000000000000001,0.15089416503906247,50,1007.0,395.0,229.0,1.0
580,trustd,0.0,0.1148223876953125,0.04,0.11620330810546871,50,1007.0,395.0,229.0,1.0
583,WallpaperAgent,0.0,0.1445770263671875,0.004,0.1629066467285156,50,1007.0,395.0,229.0,1.0
587,com.apple.hiservices-xpcservice,0.0,0.0307083129882812,0.01,0.03719711303710933,50,1007.0,395.0,229.0,1.0
589,sharedfilelistd,0.0,0.064849853515625,0.0,0.08721542358398436,50,1007.0,395.0,229.0,1.0
590,containermanagerd,0.0,0.0459671020507812,0.012,0.04875946044921871,50,1007.0,395.0,229.0,1.0
591,usernotificationsd,0.0,0.1047134399414062,0.008,0.09786605834960933,50,1007.0,395.0,229.0,1.0
596,callservicesd,0.0,0.1390457153320312,0.006000000000000001,0.17979049682617185,50,1007.0,395.0,229.0,1.0
600,fontd,0.0,0.0499725341796875,0.002,0.06991577148437499,50,1007.0,395.0,229.0,1.0
602,fileproviderd,0.2,0.13885498046875,0.21200000000000002,0.1446113586425781,50,1007.0,395.0,229.0,1.0
604,AMPDeviceDiscoveryAgent,0.0,0.045013427734375,0.0,0.051746368408203104,50,1007.0,395.0,229.0,1.0
709,nsurlsessiond,0.0,0.1220703125,0.032,0.1256752014160156,50,1007.0,395.0,229.0,1.0
713,Spotlight,0.0,0.199127197265625,0.05,0.27865600585937494,50,1007.0,395.0,229.0,1.0
3045,Code Helper (Plugin),0.0,0.2399444580078125,0.041,0.5363956451416015,500,1007.0,395.0,229.0,1.0
716,PAH_Extension,0.0,0.115966796875,0.014000000000000002,0.11199188232421874,50,1007.0,395.0,229.0,1.0
957,Google Chrome,0.2,2.1841049194335938,1.324,2.2691001892089844,50,1007.0,395.0,229.0,1.0
960,chrome_crashpad_handler,0.0,0.0188827514648437,0.0,0.019365310668945288,100,1007.0,395.0,229.0,1.0
961,voicebankingd,0.0,0.0722885131835937,0.0,0.07259750366210932,50,1007.0,395.0,229.0,1.0
963,Google Chrome Helper,1.7,0.9918212890625,0.6,0.42389755249023436,250,1007.0,395.0,229.0,1.0
964,Google Chrome Helper,0.0,0.65765380859375,0.6,0.42389755249023436,250,1007.0,395.0,229.0,1.0
966,Google Chrome Helper,0.0,0.2000808715820312,0.6,0.42389755249023436,250,1007.0,395.0,229.0,1.0
1015,Google Chrome Helper,0.0,0.1474380493164062,0.6,0.42389755249023436,250,1007.0,395.0,229.0,1.0
1052,spotlightknowledged,0.0,0.0352859497070312,0.0,0.04377672749180943,62,1007.0,395.0,229.0,1.0
1191,storeaccountd,0.0,0.0658035278320312,0.0,0.06579971313476557,50,1007.0,395.0,229.0,1.0
1474,IMAutomaticHistoryDeletionAgent,0.0,0.0730514526367187,0.0,0.08300018310546874,50,1007.0,395.0,229.0,1.0
2095,com.apple.WebKit.WebContent,0.0,0.3726959228515625,0.2837142857142857,0.5284216744559151,350,1007.0,395.0,229.0,1.0
932,com.apple.WebKit.WebContent,0.1,0.583648681640625,0.2837142857142857,0.5284216744559151,350,1007.0,395.0,229.0,1.0
2096,com.apple.WebKit.WebContent,0.1,0.4247665405273437,0.2837142857142857,0.5284216744559151,350,1007.0,395.0,229.0,1.0
2672,Google Chrome Helper (Renderer),4.9,5.7460784912109375,0.647816091954023,1.1122661897505837,435,1007.0,395.0,229.0,1.0
2826,Code,0.1,1.309967041015625,1.3619999999999999,1.3807182312011719,50,1007.0,395.0,229.0,1.0
2832,chrome_crashpad_handler,0.0,0.0194549560546875,0.0,0.019365310668945288,100,1007.0,395.0,229.0,1.0
2833,Code Helper,0.0,0.7383346557617188,0.32371428571428573,0.48915318080357145,350,1007.0,395.0,229.0,1.0
2834,Code Helper,0.0,0.3454208374023437,0.32371428571428573,0.48915318080357145,350,1007.0,395.0,229.0,1.0
2852,Code Helper,0.0,0.7585525512695312,0.32371428571428573,0.48915318080357145,350,1007.0,395.0,229.0,1.0
2878,Code Helper,0.1,0.3627777099609375,0.32371428571428573,0.48915318080357145,350,1007.0,395.0,229.0,1.0
2880,Code Helper,0.0,0.140380859375,0.32371428571428573,0.48915318080357145,350,1007.0,395.0,229.0,1.0
2913,Code Helper,0.4,0.6259918212890625,0.32371428571428573,0.48915318080357145,350,1007.0,395.0,229.0,1.0
3033,Code Helper,0.0,0.4022598266601562,0.32371428571428573,0.48915318080357145,350,1007.0,395.0,229.0,1.0
714,CursorUIViewService,0.0,0.1712799072265625,0.07400000000000001,0.15747833251953122,50,1007.0,395.0,229.0,1.0
2641,Google Chrome Helper (Renderer),0.0,0.5830764770507812,0.647816091954023,1.1122661897505837,435,1007.0,395.0,229.0,1.0
931,com.apple.WebKit.WebContent,0.1,0.4405975341796875,0.2837142857142857,0.5284216744559151,350,1007.0,395.0,229.0,1.0
1718,ServiceExtension,0.0,0.142669677734375,0.0,0.142669677734375,50,1007.0,395.0,229.0,1.0
926,peopled,0.0,0.086212158203125,0.0,0.08623886108398438,50,1007.0,395.0,229.0,1.0
717,OneDrive,0.0,0.3210067749023437,0.032,0.36077880859375,50,1007.0,395.0,229.0,1.0
930,com.apple.WebKit.WebContent,0.0,0.331878662109375,0.2837142857142857,0.5284216744559151,350,1007.0,395.0,229.0,1.0
722,duetexpertd,0.0,0.2925872802734375,0.09,0.26060485839843744,50,1007.0,395.0,229.0,1.0
730,Spotify,0.4,0.9809494018554688,0.5479999999999999,1.0496597290039062,50,1007.0,395.0,229.0,1.0
733,homed,0.0,0.1100540161132812,0.0,0.1302070617675781,50,1007.0,395.0,229.0,1.0
734,mediaremoteagent,0.0,0.0232696533203125,0.0,0.0232696533203125,50,1007.0,395.0,229.0,1.0
740,Spotify Helper,0.0,0.0396728515625,0.015600000000000001,0.14564056396484373,250,1007.0,395.0,229.0,1.0
741,avconferenced,0.0,0.067901611328125,0.0,0.06789779663085938,50,1007.0,395.0,229.0,1.0
747,Spotify Helper,0.0,0.1934051513671875,0.015600000000000001,0.14564056396484373,250,1007.0,395.0,229.0,1.0
748,Spotify Helper,0.0,0.2637863159179687,0.015600000000000001,0.14564056396484373,250,1007.0,395.0,229.0,1.0
752,Spotify Helper,0.0,0.1020431518554687,0.015600000000000001,0.14564056396484373,250,1007.0,395.0,229.0,1.0
755,Grammarly Desktop,0.2,0.7110595703125,0.524,0.7150344848632812,50,1007.0,395.0,229.0,1.0
768,Spotify Helper (Renderer),0.0,0.2973556518554687,0.044000000000000004,0.4534873962402344,50,1007.0,395.0,229.0,1.0
718,corespotlightd,0.0,0.1470565795898437,0.012,0.15357208251953122,50,1007.0,395.0,229.0,1.0
919,com.apple.WebKit.Networking,0.1,0.2374649047851562,0.4,0.16855621337890622,100,1007.0,395.0,229.0,1.0
774,com.apple.WebKit.WebContent,0.0,0.0186920166015625,0.2837142857142857,0.5284216744559151,350,1007.0,395.0,229.0,1.0
776,com.apple.WebKit.Networking,0.0,0.1279830932617187,0.4,0.16855621337890622,100,1007.0,395.0,229.0,1.0
792,commerce,0.0,0.0902175903320312,0.0,0.08901596069335932,50,1007.0,395.0,229.0,1.0
857,Grammarly Desktop Update Service,0.0,0.1094818115234375,0.006000000000000001,0.11079406738281246,50,1007.0,395.0,229.0,1.0
873,mdbulkimport,0.0,0.0713348388671875,0.0,0.07133102416992188,50,1007.0,395.0,229.0,1.0
921,Spotify Helper,0.0,0.0982284545898437,0.015600000000000001,0.14564056396484373,250,1007.0,395.0,229.0,1.0
898,OneDrive Sync Service,0.0,0.182342529296875,0.004,0.21224594116210935,50,1007.0,395.0,229.0,1.0
913,app_inkwell,0.2,0.2988815307617187,0.94,0.29593276977539057,50,1007.0,395.0,229.0,1.0
916,com.apple.WebKit.WebContent,0.1,1.2014389038085938,0.2837142857142857,0.5284216744559151,350,1007.0,395.0,229.0,1.0
918,com.apple.WebKit.GPU,0.0,0.0782012939453125,0.102,0.09322547912597655,100,1007.0,395.0,229.0,1.0
772,com.apple.WebKit.GPU,0.0,0.0507354736328125,0.102,0.09322547912597655,100,1007.0,395.0,229.0,1.0
9573,donotdisturbd,0.0,0.115966796875,0.0,0.1159562004937066,18,1007.0,391.0,228.0,1.0
9572,proactived,0.0,0.11138916015625,0.02,0.1299476623535156,50,1007.0,391.0,228.0,1.0
9556,syncdefaultsd,0.0,0.10833740234375,0.006000000000000001,0.11057662963867186,50,1007.0,391.0,228.0,1.0
9272,mbuseragent,0.0,0.0368118286132812,0.0,0.036808013916015576,50,1007.0,391.0,228.0,1.0
9101,bird,0.0,0.1211166381835937,0.04800000000000001,0.12118530273437494,50,1007.0,391.0,228.0,1.0
9223,mapssyncd,0.0,0.0917434692382812,0.0,0.09173965454101557,50,1007.0,391.0,228.0,1.0
9205,IntelligencePlatformComputeService,0.0,0.0879287719726562,0.0,0.0879287719726562,50,1007.0,391.0,228.0,1.0
9138,siriactionsd,0.0,0.1447677612304687,0.004,0.14521408081054685,50,1007.0,391.0,228.0,1.0
9134,ScreenTimeAgent,0.0,0.0944137573242187,0.0,0.10361862182617183,50,1007.0,391.0,228.0,1.0
9574,findmylocateagent,0.0,0.092315673828125,0.0,0.092315673828125,18,1007.0,391.0,228.0,1.0
9271,mdwrite,0.0,0.0329971313476562,0.0,0.032993316650390576,50,1007.0,391.0,228.0,1.0
9575,akd,0.0,0.2166748046875,0.002,0.2174873352050781,50,1007.0,391.0,228.0,1.0
9742,promotedcontentd,0.0,0.10833740234375,0.002,0.11449813842773438,50,1007.0,391.0,228.0,1.0
9649,suggestd,0.0,0.1626968383789062,0.002,0.15771484374999997,50,1007.0,391.0,228.0,1.0
9681,AppleSpell,0.0,0.1422882080078125,0.0,0.13717651367187494,50,1007.0,391.0,228.0,1.0
9682,keyboardservicesd,0.0,0.092315673828125,0.0,0.0876617431640625,50,1007.0,391.0,228.0,1.0
9706,amsaccountsd,0.0,0.1125335693359375,0.041176470588235294,0.11300479664522058,17,1007.0,391.0,228.0,1.0
9754,ctkd,0.0,0.09002685546875,0.0,0.08569717407226562,50,1007.0,391.0,228.0,1.0
9762,coreauthd,0.0,0.0871658325195312,0.0,0.09390640258789058,50,1007.0,391.0,228.0,1.0
9766,followupd,0.0,0.0484466552734375,0.01875,0.05050897598266601,16,1007.0,391.0,228.0,1.0
9767,cdpd,0.0,0.0759124755859375,0.0,0.07590243690892269,19,1007.0,391.0,228.0,1.0
9774,UsageTrackingAgent,0.0,0.0909805297851562,0.0,0.09107028736787681,17,1007.0,391.0,228.0,1.0
9823,appleaccountd,0.0,0.1171112060546875,0.0,0.11508044074563417,17,1007.0,391.0,228.0,1.0
9825,CommCenter,0.0,0.1214981079101562,0.006000000000000001,0.23591232299804685,50,1007.0,391.0,228.0,1.0
9577,CloudTelemetryService,0.0,0.0589370727539062,0.0,0.06444135050135331,127,1007.0,391.0,228.0,1.0
9095,calaccessd,0.0,0.1543045043945312,0.002,0.15127944946289057,50,1007.0,391.0,228.0,1.0
4194,Code Helper (Plugin),0.0,0.6654739379882812,0.041,0.5363956451416015,500,1007.0,391.0,228.0,1.0
9086,knowledge-agent,0.0,0.1239776611328125,0.004,0.13211822509765622,50,1007.0,391.0,228.0,1.0
4143,Code Helper (Plugin),0.0,0.2042770385742187,0.041,0.5363956451416015,500,1007.0,391.0,228.0,1.0
9829,transparencyd,0.0,0.217437744140625,0.018000000000000002,0.21265792846679685,50,1007.0,391.0,228.0,1.0
5379,Code Helper (Plugin),0.0,0.2285003662109375,0.041,0.5363956451416015,500,1007.0,391.0,228.0,1.0
5384,zsh,0.0,0.0043869018554687,0.0,0.009178644112447462,253,1007.0,391.0,228.0,1.0
5761,zsh,0.0,0.0131607055664062,0.0,0.009178644112447462,253,1007.0,391.0,228.0,1.0
6986,accountsd,0.0,0.1764297485351562,0.0,0.1851234436035156,50,1007.0,391.0,228.0,1.0
8323,Google Chrome Helper (Renderer),0.0,0.6765365600585938,0.647816091954023,1.1122661897505837,435,1007.0,391.0,228.0,1.0
8324,Google Chrome Helper (Renderer),0.0,0.2620697021484375,0.647816091954023,1.1122661897505837,435,1007.0,391.0,228.0,1.0
8325,Google Chrome Helper (Renderer),0.0,0.3587722778320312,0.647816091954023,1.1122661897505837,435,1007.0,391.0,228.0,1.0
8326,chronod,0.0,0.1445770263671875,0.01,0.15725708007812497,50,1007.0,391.0,228.0,1.0
8328,Google Chrome Helper (Renderer),0.0,0.502777099609375,0.647816091954023,1.1122661897505837,435,1007.0,391.0,228.0,1.0
8335,WorldClockWidget,0.0,0.2202987670898437,0.0,0.22029876708984367,50,1007.0,391.0,228.0,1.0
9088,contactsd,0.0,0.0841140747070312,0.008,0.09849548339843746,50,1007.0,391.0,228.0,1.0
8336,CalendarWidgetExtension,0.0,0.1031875610351562,0.0,0.1031875610351562,50,1007.0,391.0,228.0,1.0
8339,StocksWidget,0.0,0.3248214721679687,0.0,0.3267478942871093,50,1007.0,391.0,228.0,1.0
8340,ScreenTimeWidgetExtension,0.0,0.3332138061523437,0.0,0.3311538696289062,50,1007.0,391.0,228.0,1.0
8351,Google Chrome Helper,0.0,0.1705169677734375,0.6,0.42389755249023436,250,1007.0,391.0,228.0,1.0
8396,audioaccessoryd,0.0,0.0970840454101562,0.0,0.10800170898437496,50,1007.0,391.0,228.0,1.0
8410,routined,0.0,0.20294189453125,0.034,0.19092559814453122,50,1007.0,391.0,228.0,1.0
8666,Google Chrome Helper (Renderer),0.1,0.2885818481445312,0.647816091954023,1.1122661897505837,435,1007.0,391.0,228.0,1.0
9000,PowerChime,0.0,0.1392364501953125,0.008,0.14000701904296872,50,1007.0,391.0,228.0,1.0
9032,secinitd,0.0,0.0652313232421875,0.0,0.06522750854492188,50,1007.0,391.0,228.0,1.0
9040,triald,0.0,0.1516342163085937,0.0,0.12915039062499997,50,1007.0,391.0,228.0,1.0
9049,tccd,0.0,0.10986328125,0.0,0.10362243652343744,50,1007.0,391.0,228.0,1.0
9053,cloudd,0.0,0.2002716064453125,0.016,0.2035255432128906,50,1007.0,391.0,228.0,1.0
9069,searchpartyuseragent,0.0,0.1333236694335937,0.002,0.13115692138671872,50,1007.0,391.0,228.0,1.0
8337,WeatherWidget,0.0,0.36163330078125,0.0,0.3655509948730469,50,1007.0,391.0,228.0,1.0
9842,Keychain Circle Notification,0.0,0.1321792602539062,0.044000000000000004,0.18328857421874997,50,1007.0,391.0,228.0,1.0
10124,GMSSELFIngestor,0.0,0.0974655151367187,0.0,0.0974655151367187,50,1007.0,391.0,228.0,1.0
9847,UIKitSystem,0.0,0.1695632934570312,0.002,0.17118835449218742,50,1007.0,391.0,228.0,1.0
10211,Code Helper (Plugin),0.0,0.4487991333007812,0.041,0.5363956451416015,500,1007.0,391.0,228.0,1.0
10212,Code Helper (Plugin),0.0,0.4926681518554687,0.041,0.5363956451416015,500,1007.0,391.0,228.0,1.0
10213,Code Helper (Plugin),0.0,0.4901885986328125,0.041,0.5363956451416015,500,1007.0,391.0,228.0,1.0
10215,Code Helper (Plugin),0.0,0.449371337890625,0.041,0.5363956451416015,500,1007.0,391.0,228.0,1.0
10481,Google Chrome Helper (Renderer),0.0,0.9136199951171876,0.647816091954023,1.1122661897505837,435,1007.0,391.0,228.0,1.0
10490,talagentd,0.0,0.1468658447265625,0.002,0.14520263671874997,50,1007.0,391.0,228.0,1.0
10558,pbs,0.0,0.031280517578125,0.002,0.031276702880859375,50,1007.0,391.0,228.0,1.0
11204,MTLCompilerService,0.0,0.0333786010742187,0.0,0.03340148925781246,50,1007.0,391.0,228.0,1.0
11684,mlhostd,0.0,0.1436233520507812,0.0,0.14452743530273432,50,1007.0,391.0,228.0,1.0
11889,mdworker_shared,0.0,0.2140045166015625,0.02153846153846154,0.19098232953976357,195,1007.0,391.0,228.0,1.0
12774,businessservicesd,0.0,0.0812530517578125,0.0,0.081024169921875,50,1007.0,391.0,228.0,1.0
12775,MessagesBlastDoorService,0.0,0.0579833984375,0.0,0.05239105224609375,50,1007.0,391.0,228.0,1.0
12776,feedbackd,0.0,0.0789642333984375,0.0,0.078704833984375,50,1007.0,391.0,228.0,1.0
12777,ProtectedCloudKeySyncing,0.0,0.1005172729492187,0.0,0.09304428100585938,50,1007.0,391.0,228.0,1.0
12779,gamecontrolleragentd,0.0,0.0585556030273437,0.002,0.060253143310546854,50,1007.0,391.0,228.0,1.0
12806,python3.12,0.7,0.1733779907226562,0.46153846153846156,0.1703031770475618,91,1007.0,391.0,228.0,1.0
12815,zsh,0.0,0.0156402587890625,0.0,0.009178644112447462,253,1007.0,391.0,228.0,1.0
12959,ndoagent,0.0,0.0753402709960937,0.0,0.0754165649414062,50,1007.0,391.0,228.0,1.0
12962,mdworker_shared,0.0,0.2086639404296875,0.02153846153846154,0.19098232953976357,195,1007.0,391.0,228.0,1.0
12963,replayd,0.0,0.220489501953125,0.0,0.21639064866669325,49,1007.0,391.0,228.0,1.0
13000,python3.12,0.0,0.1588821411132812,0.46153846153846156,0.1703031770475618,91,1007.0,391.0,228.0,1.0
13020,mdworker_shared,0.0,0.1895904541015625,0.02153846153846154,0.19098232953976357,195,1007.0,391.0,228.0,1.0
13021,mdworker_shared,0.0,0.237274169921875,0.02153846153846154,0.19098232953976357,195,1007.0,391.0,228.0,1.0
4037,zsh,0.0,0.0043869018554687,0.0,0.009178644112447462,253,1007.0,391.0,228.0,1.0
13026,biomesyncd,0.0,0.1819610595703125,0.0,0.12089014053344724,16,1007.0,391.0,228.0,1.0
10209,Code Helper (Plugin),0.0,0.4739761352539062,0.041,0.5363956451416015,500,1007.0,391.0,228.0,1.0
9845,intelligentroutingd,0.0,0.0883102416992187,0.0,0.0883407592773437,50,1007.0,391.0,228.0,1.0
10204,CoreServicesUIAgent,0.0,0.1985549926757812,0.004,0.19499969482421872,50,1007.0,391.0,228.0,1.0
10126,IFTelemetrySELFIngestor,0.0,0.0825881958007812,0.0,0.0825881958007812,50,1007.0,391.0,228.0,1.0
9877,avatarsd,0.0,0.1684188842773437,0.0,0.16840934753417963,20,1007.0,391.0,228.0,1.0
9879,Siri,0.0,0.1546859741210937,0.016,0.1504554748535156,50,1007.0,391.0,228.0,1.0
9888,SiriNCService,0.0,0.16326904296875,0.008,0.15225982666015622,50,1007.0,391.0,228.0,1.0
9891,AssetCacheLocatorService,0.0,0.0406265258789062,0.0,0.04087829589843746,50,1007.0,391.0,228.0,1.0
9901,pkd,0.0,0.1138687133789062,0.002,0.10622024536132811,50,1007.0,391.0,228.0,1.0
9909,com.apple.geod,0.0,0.0980377197265625,0.004,0.09388351440429683,50,1007.0,391.0,228.0,1.0
9946,extensionkitservice,0.0,0.080108642578125,0.0,0.08034324645996094,100,1007.0,391.0,228.0,1.0
9947,networkserviceproxy,0.0,0.1476287841796875,0.0,0.1554603576660156,50,1007.0,391.0,228.0,1.0
9963,swtransparencyd,0.0,0.070953369140625,0.0,0.08174896240234374,50,1007.0,391.0,228.0,1.0
9964,CloudTelemetryService,0.0,0.0612258911132812,0.0,0.06444135050135331,127,1007.0,391.0,228.0,1.0
9981,localizationswitcherd,0.0,0.0728607177734375,0.0,0.0728607177734375,17,1007.0,391.0,228.0,1.0
9982,contentlinkingd,0.0,0.0848770141601562,0.0,0.08146667480468746,50,1007.0,391.0,228.0,1.0
9984,AuthenticationServicesAgent,0.0,0.1104354858398437,0.0,0.11043548583984371,19,1007.0,391.0,228.0,1.0
9985,keychainsharingmessagingd,0.0,0.046539306640625,0.0,0.046539306640625,18,1007.0,391.0,228.0,1.0
10001,AppPredictionIntentsHelperService,0.0,0.1674652099609375,0.0,0.16557312011718747,50,1007.0,391.0,228.0,1.0
10006,installerauthagent,0.0,0.0261306762695312,0.0,0.0261306762695312,16,1007.0,391.0,228.0,1.0
10009,com.apple.accessibility.mediaaccessibilityd,0.0,0.0261306762695312,0.0,0.0261306762695312,50,1007.0,391.0,228.0,1.0
10010,AudioComponentRegistrar,0.0,0.0425338745117187,0.004,0.04845809936523434,50,1007.0,391.0,228.0,1.0
10011,CarbonComponentScannerXPC,0.0,0.002288818359375,0.0,0.002288818359375,19,1007.0,391.0,228.0,1.0
10015,linkd,0.0,0.0791549682617187,0.0,0.07984924316406244,50,1007.0,391.0,228.0,1.0
10115,iconservicesagent,0.0,0.0902175903320312,0.0,0.0902175903320312,50,1007.0,391.0,228.0,1.0
10121,com.apple.Safari.SafeBrowsing.Service,0.0,0.0743865966796875,0.0,0.07349395751953124,50,1007.0,391.0,228.0,1.0
10122,SAExtensionOrchestrator,0.0,0.1125335693359375,0.0,0.1125335693359375,50,1007.0,391.0,228.0,1.0
10123,extensionkitservice,0.0,0.0789642333984375,0.0,0.08034324645996094,100,1007.0,391.0,228.0,1.0
10125,IFTranscriptSELFIngestor,0.0,0.086212158203125,0.0,0.086212158203125,50,1007.0,391.0,228.0,1.0
10127,BiomeSELFIngestor,0.0,0.0879287719726562,0.0,0.0879287719726562,50,1007.0,391.0,228.0,1.0
4030,pet,0.0,0.0217437744140625,0.02,0.02233123779296875,50,1007.0,391.0,228.0,1.0
13025,com.apple.siri.embeddedspeech,1.1,0.8419036865234375,0.03142857142857143,0.17331804547991067,35,1007.0,391.0,228.0,1.0
3045,Code Helper (Plugin),0.0,0.2437591552734375,0.041,0.5363956451416015,500,1007.0,391.0,228.0,1.0
615,corespeechd,3.5,0.2391815185546875,0.09799999999999999,0.18834686279296872,50,1007.0,391.0,228.0,1.0
616,assistantd,0.0,0.3192901611328125,0.004,0.23475265502929685,50,1007.0,391.0,228.0,1.0
623,WallpaperImageExtension,0.0,0.0654220581054687,0.0,0.07489013671874994,50,1007.0,391.0,228.0,1.0
639,sharingd,0.0,0.1384735107421875,0.002,0.14010620117187497,50,1007.0,391.0,228.0,1.0
641,usernoted,0.0,0.1560211181640625,0.02,0.15933227539062497,50,1007.0,391.0,228.0,1.0
642,neagent,0.0,0.1068115234375,0.0,0.1076812744140625,50,1007.0,391.0,228.0,1.0
643,useractivityd,0.0,0.0844955444335937,0.008,0.08467864990234374,50,1007.0,391.0,228.0,1.0
644,com.apple.dock.extra,0.6,0.1438140869140625,0.048,0.17804336547851562,50,1007.0,391.0,228.0,1.0
646,NotificationCenter,0.0,0.2092361450195312,0.024000000000000004,0.24862670898437497,50,1007.0,391.0,228.0,1.0
649,milod,0.0,0.0820159912109375,0.0,0.08232498168945312,50,1007.0,391.0,228.0,1.0
650,familycircled,0.0,0.0677108764648437,0.0,0.06789016723632807,50,1007.0,391.0,228.0,1.0
651,StatusKitAgent,0.0,0.0787734985351562,0.0,0.07876968383789057,50,1007.0,391.0,228.0,1.0
666,ContextStoreAgent,0.0,0.1657485961914062,0.11199999999999999,0.1729774475097656,50,1007.0,391.0,228.0,1.0
668,BiomeAgent,0.1,0.1447677612304687,0.126,0.1340827941894531,50,1007.0,391.0,228.0,1.0
670,imklaunchagent,0.0,0.0619888305664062,0.0,0.06198501586914058,50,1007.0,391.0,228.0,1.0
673,icdd,0.0,0.0349044799804687,0.0,0.034900665283203076,50,1007.0,391.0,228.0,1.0
680,AirPlayUIAgent,0.0,0.1020431518554687,0.004,0.09934997558593746,50,1007.0,391.0,228.0,1.0
683,imagent,0.0,0.1239776611328125,0.008,0.13217163085937497,50,1007.0,391.0,228.0,1.0
685,diagnostics_agent,0.0,0.0898361206054687,0.002,0.09417724609374996,50,1007.0,391.0,228.0,1.0
686,TextInputMenuAgent,0.0,0.15106201171875,0.008,0.16139221191406247,50,1007.0,391.0,228.0,1.0
688,Grammarly Desktop Helper,0.0,0.1003265380859375,0.002,0.10088729858398436,50,1007.0,391.0,228.0,1.0
699,com.apple.CloudDocs.iCloudDriveFileProvider,0.0,0.0986099243164062,0.008,0.09911346435546875,50,1007.0,391.0,228.0,1.0
704,ctkahp,0.0,0.037384033203125,0.0,0.037380218505859375,50,1007.0,391.0,228.0,1.0
707,WiFiAgent,0.0,0.15411376953125,0.114,0.16522979736328122,50,1007.0,391.0,228.0,1.0
709,nsurlsessiond,0.0,0.12969970703125,0.032,0.1256752014160156,50,1007.0,391.0,228.0,1.0
608,ViewBridgeAuxiliary,0.0,0.0837326049804687,0.014000000000000002,0.08618545532226561,50,1007.0,391.0,228.0,1.0
713,Spotlight,0.0,0.197601318359375,0.05,0.27865600585937494,50,1007.0,391.0,228.0,1.0
606,fontworker,0.0,0.0581741333007812,0.0,0.05817031860351558,50,1007.0,391.0,228.0,1.0
604,AMPDeviceDiscoveryAgent,0.0,0.045013427734375,0.0,0.051746368408203104,50,1007.0,391.0,228.0,1.0
3063,zsh,0.0,0.0047683715820312,0.0,0.009178644112447462,253,1007.0,391.0,228.0,1.0
376,loginwindow,0.0,0.2302169799804687,0.008,0.24020385742187497,50,1007.0,391.0,228.0,1.0
543,distnoted,0.0,0.0501632690429687,0.028000000000000004,0.05070495605468747,50,1007.0,391.0,228.0,1.0
544,cfprefsd,0.0,0.0598907470703125,0.066,0.05707931518554685,50,1007.0,391.0,228.0,1.0
549,UserEventAgent,0.0,0.0980377197265625,0.013999999999999999,0.10488891601562496,50,1007.0,391.0,228.0,1.0
553,WindowManager,0.0,0.23651123046875,0.11200000000000002,0.24517440795898435,50,1007.0,391.0,228.0,1.0
557,universalaccessd,0.0,0.09613037109375,0.006000000000000001,0.09207916259765624,50,1007.0,391.0,228.0,1.0
559,Dock,0.0,0.1920700073242187,0.076,0.20318603515624997,50,1007.0,391.0,228.0,1.0
560,ControlCenter,0.8,0.3938674926757812,0.5379999999999999,0.41684722900390625,50,1007.0,391.0,228.0,1.0
561,pboard,0.0,0.0894546508789062,0.002,0.09132385253906246,50,1007.0,391.0,228.0,1.0
562,SystemUIServer,0.0,0.127410888671875,0.006,0.13476562499999997,50,1007.0,391.0,228.0,1.0
564,Finder,0.0,0.341796875,0.07400000000000001,0.4227867126464844,50,1007.0,391.0,228.0,1.0
567,lsd,0.0,0.1140594482421875,0.012,0.11196517944335933,50,1007.0,391.0,228.0,1.0
568,AXVisualSupportAgent,1.4,0.1651763916015625,0.6920000000000001,0.16974639892578122,50,1007.0,391.0,228.0,1.0
575,rapportd,0.0,0.1317977905273437,0.002,0.1259346008300781,50,1007.0,391.0,228.0,1.0
578,secd,0.0,0.1478195190429687,0.006000000000000001,0.15089416503906247,50,1007.0,391.0,228.0,1.0
580,trustd,0.0,0.112152099609375,0.04,0.11620330810546871,50,1007.0,391.0,228.0,1.0
583,WallpaperAgent,0.0,0.144195556640625,0.004,0.1629066467285156,50,1007.0,391.0,228.0,1.0
587,com.apple.hiservices-xpcservice,0.0,0.0280380249023437,0.01,0.03719711303710933,50,1007.0,391.0,228.0,1.0
589,sharedfilelistd,0.0,0.0881195068359375,0.0,0.08721542358398436,50,1007.0,391.0,228.0,1.0
590,containermanagerd,0.0,0.0459671020507812,0.012,0.04875946044921871,50,1007.0,391.0,228.0,1.0
591,usernotificationsd,0.0,0.1039505004882812,0.008,0.09786605834960933,50,1007.0,391.0,228.0,1.0
596,callservicesd,0.0,0.1440048217773437,0.006000000000000001,0.17979049682617185,50,1007.0,391.0,228.0,1.0
600,fontd,0.0,0.0499725341796875,0.002,0.06991577148437499,50,1007.0,391.0,228.0,1.0
602,fileproviderd,0.2,0.138092041015625,0.21200000000000002,0.1446113586425781,50,1007.0,391.0,228.0,1.0
605,ContinuityCaptureAgent,0.0,0.0761032104492187,0.0,0.0761032104492187,50,1007.0,391.0,228.0,1.0
714,CursorUIViewService,0.0,0.1377105712890625,0.07400000000000001,0.15747833251953122,50,1007.0,391.0,228.0,1.0
609,identityservicesd,0.0,0.2035140991210937,0.012,0.20082092285156247,50,1007.0,391.0,228.0,1.0
717,OneDrive,0.0,0.331878662109375,0.032,0.36077880859375,50,1007.0,391.0,228.0,1.0
960,chrome_crashpad_handler,0.0,0.0188827514648437,0.0,0.019365310668945288,100,1007.0,391.0,228.0,1.0
961,voicebankingd,0.0,0.0722885131835937,0.0,0.07259750366210932,50,1007.0,391.0,228.0,1.0
963,Google Chrome Helper,15.1,0.923919677734375,0.6,0.42389755249023436,250,1007.0,391.0,228.0,1.0
964,Google Chrome Helper,0.2,0.6465911865234375,0.6,0.42389755249023436,250,1007.0,391.0,228.0,1.0
966,Google Chrome Helper,0.0,0.1983642578125,0.6,0.42389755249023436,250,1007.0,391.0,228.0,1.0
1015,Google Chrome Helper,0.0,0.1474380493164062,0.6,0.42389755249023436,250,1007.0,391.0,228.0,1.0
1052,spotlightknowledged,0.0,0.0352859497070312,0.0,0.04377672749180943,62,1007.0,391.0,228.0,1.0
1191,storeaccountd,0.0,0.0658035278320312,0.0,0.06579971313476557,50,1007.0,391.0,228.0,1.0
1474,IMAutomaticHistoryDeletionAgent,0.0,0.0730514526367187,0.0,0.08300018310546874,50,1007.0,391.0,228.0,1.0
1718,ServiceExtension,0.0,0.142669677734375,0.0,0.142669677734375,50,1007.0,391.0,228.0,1.0
2095,com.apple.WebKit.WebContent,0.2,0.3719329833984375,0.2837142857142857,0.5284216744559151,350,1007.0,391.0,228.0,1.0
2096,com.apple.WebKit.WebContent,0.5,0.4093170166015625,0.2837142857142857,0.5284216744559151,350,1007.0,391.0,228.0,1.0
2641,Google Chrome Helper (Renderer),0.0,0.5830764770507812,0.647816091954023,1.1122661897505837,435,1007.0,391.0,228.0,1.0
2672,Google Chrome Helper (Renderer),14.1,5.536079406738281,0.647816091954023,1.1122661897505837,435,1007.0,391.0,228.0,1.0
2826,Code,0.1,1.1899948120117188,1.3619999999999999,1.3807182312011719,50,1007.0,391.0,228.0,1.0
2832,chrome_crashpad_handler,0.0,0.0194549560546875,0.0,0.019365310668945288,100,1007.0,391.0,228.0,1.0
2833,Code Helper,0.0,0.667572021484375,0.32371428571428573,0.48915318080357145,350,1007.0,391.0,228.0,1.0
2834,Code Helper,0.0,0.3253936767578125,0.32371428571428573,0.48915318080357145,350,1007.0,391.0,228.0,1.0
2835,Code Helper (Renderer),0.1,4.0370941162109375,3.5780000000000003,3.886066436767578,50,1007.0,391.0,228.0,1.0
2852,Code Helper,0.0,0.7007598876953125,0.32371428571428573,0.48915318080357145,350,1007.0,391.0,228.0,1.0
2878,Code Helper,0.0,0.3664016723632812,0.32371428571428573,0.48915318080357145,350,1007.0,391.0,228.0,1.0
2880,Code Helper,0.0,0.1543045043945312,0.32371428571428573,0.48915318080357145,350,1007.0,391.0,228.0,1.0
2913,Code Helper,0.5,0.5443572998046875,0.32371428571428573,0.48915318080357145,350,1007.0,391.0,228.0,1.0
3033,Code Helper,0.0,0.4007339477539062,0.32371428571428573,0.48915318080357145,350,1007.0,391.0,228.0,1.0
716,PAH_Extension,0.0,0.1150131225585937,0.014000000000000002,0.11199188232421874,50,1007.0,391.0,228.0,1.0
957,Google Chrome,4.8,2.152061462402344,1.324,2.2691001892089844,50,1007.0,391.0,228.0,1.0
932,com.apple.WebKit.WebContent,0.6,0.5695343017578125,0.2837142857142857,0.5284216744559151,350,1007.0,391.0,228.0,1.0
3034,Code Helper (Plugin),0.2,0.872039794921875,0.041,0.5363956451416015,500,1007.0,391.0,228.0,1.0
930,com.apple.WebKit.WebContent,0.1,0.3316879272460937,0.2837142857142857,0.5284216744559151,350,1007.0,391.0,228.0,1.0
931,com.apple.WebKit.WebContent,0.4,0.4228591918945312,0.2837142857142857,0.5284216744559151,350,1007.0,391.0,228.0,1.0
722,duetexpertd,0.0,0.2985000610351562,0.09,0.26060485839843744,50,1007.0,391.0,228.0,1.0
730,Spotify,2.0,0.8625030517578125,0.5479999999999999,1.0496597290039062,50,1007.0,391.0,228.0,1.0
733,homed,0.0,0.12054443359375,0.0,0.1302070617675781,50,1007.0,391.0,228.0,1.0
734,mediaremoteagent,0.0,0.0232696533203125,0.0,0.0232696533203125,50,1007.0,391.0,228.0,1.0
740,Spotify Helper,0.0,0.0396728515625,0.015600000000000001,0.14564056396484373,250,1007.0,391.0,228.0,1.0
741,avconferenced,0.0,0.067901611328125,0.0,0.06789779663085938,50,1007.0,391.0,228.0,1.0
747,Spotify Helper,0.0,0.1920700073242187,0.015600000000000001,0.14564056396484373,250,1007.0,391.0,228.0,1.0
748,Spotify Helper,0.0,0.2626419067382812,0.015600000000000001,0.14564056396484373,250,1007.0,391.0,228.0,1.0
752,Spotify Helper,0.0,0.0949859619140625,0.015600000000000001,0.14564056396484373,250,1007.0,391.0,228.0,1.0
755,Grammarly Desktop,1.2,0.6868362426757812,0.524,0.7150344848632812,50,1007.0,391.0,228.0,1.0
768,Spotify Helper (Renderer),0.0,0.27008056640625,0.044000000000000004,0.4534873962402344,50,1007.0,391.0,228.0,1.0
772,com.apple.WebKit.GPU,0.0,0.0507354736328125,0.102,0.09322547912597655,100,1007.0,391.0,228.0,1.0
718,corespotlightd,0.0,0.146484375,0.012,0.15357208251953122,50,1007.0,391.0,228.0,1.0
776,com.apple.WebKit.Networking,0.0,0.1314163208007812,0.4,0.16855621337890622,100,1007.0,391.0,228.0,1.0
792,commerce,0.0,0.0902175903320312,0.0,0.08901596069335932,50,1007.0,391.0,228.0,1.0
857,Grammarly Desktop Update Service,0.0,0.1092910766601562,0.006000000000000001,0.11079406738281246,50,1007.0,391.0,228.0,1.0
873,mdbulkimport,0.0,0.0713348388671875,0.0,0.07133102416992188,50,1007.0,391.0,228.0,1.0
898,OneDrive Sync Service,0.0,0.1970291137695312,0.004,0.21224594116210935,50,1007.0,391.0,228.0,1.0
913,app_inkwell,1.0,0.2958297729492187,0.94,0.29593276977539057,50,1007.0,391.0,228.0,1.0
916,com.apple.WebKit.WebContent,6.0,0.9845733642578124,0.2837142857142857,0.5284216744559151,350,1007.0,391.0,228.0,1.0
918,com.apple.WebKit.GPU,0.0,0.0780105590820312,0.102,0.09322547912597655,100,1007.0,391.0,228.0,1.0
919,com.apple.WebKit.Networking,6.1,0.2264022827148437,0.4,0.16855621337890622,100,1007.0,391.0,228.0,1.0
921,Spotify Helper,0.0,0.087738037109375,0.015600000000000001,0.14564056396484373,250,1007.0,391.0,228.0,1.0
926,peopled,0.0,0.086212158203125,0.0,0.08623886108398438,50,1007.0,391.0,228.0,1.0
774,com.apple.WebKit.WebContent,0.0,0.0186920166015625,0.2837142857142857,0.5284216744559151,350,1007.0,391.0,228.0,1.0
9572,proactived,0.0,0.11138916015625,0.02,0.1299476623535156,50,1007.0,391.0,228.0,1.0
9556,syncdefaultsd,0.0,0.1079559326171875,0.006000000000000001,0.11057662963867186,50,1007.0,391.0,228.0,1.0
9272,mbuseragent,0.0,0.0368118286132812,0.0,0.036808013916015576,50,1007.0,391.0,228.0,1.0
9271,mdwrite,0.0,0.0329971313476562,0.0,0.032993316650390576,50,1007.0,391.0,228.0,1.0
9095,calaccessd,0.0,0.152587890625,0.002,0.15127944946289057,50,1007.0,391.0,228.0,1.0
9205,IntelligencePlatformComputeService,0.0,0.0879287719726562,0.0,0.0879287719726562,50,1007.0,391.0,228.0,1.0
9138,siriactionsd,0.0,0.1438140869140625,0.004,0.14521408081054685,50,1007.0,391.0,228.0,1.0
9134,ScreenTimeAgent,0.0,0.0944137573242187,0.0,0.10361862182617183,50,1007.0,391.0,228.0,1.0
9101,bird,0.0,0.1211166381835937,0.04800000000000001,0.12118530273437494,50,1007.0,391.0,228.0,1.0
9825,CommCenter,0.0,0.1203536987304687,0.006000000000000001,0.23591232299804685,50,1007.0,391.0,228.0,1.0
9223,mapssyncd,0.0,0.0917434692382812,0.0,0.09173965454101557,50,1007.0,391.0,228.0,1.0
9573,donotdisturbd,0.0,0.115966796875,0.0,0.1159562004937066,18,1007.0,391.0,228.0,1.0
9682,keyboardservicesd,0.0,0.0919342041015625,0.0,0.0876617431640625,50,1007.0,391.0,228.0,1.0
9575,akd,0.0,0.2222061157226562,0.002,0.2174873352050781,50,1007.0,391.0,228.0,1.0
9577,CloudTelemetryService,0.0,0.0589370727539062,0.0,0.06444135050135331,127,1007.0,391.0,228.0,1.0
9649,suggestd,0.0,0.1623153686523437,0.002,0.15771484374999997,50,1007.0,391.0,228.0,1.0
9681,AppleSpell,0.0,0.1420974731445312,0.0,0.13717651367187494,50,1007.0,391.0,228.0,1.0
9706,amsaccountsd,0.0,0.1155853271484375,0.041176470588235294,0.11300479664522058,17,1007.0,391.0,228.0,1.0
9742,promotedcontentd,0.0,0.10833740234375,0.002,0.11449813842773438,50,1007.0,391.0,228.0,1.0
9754,ctkd,0.0,0.0896453857421875,0.0,0.08569717407226562,50,1007.0,391.0,228.0,1.0
9762,coreauthd,0.0,0.0871658325195312,0.0,0.09390640258789058,50,1007.0,391.0,228.0,1.0
9767,cdpd,0.0,0.0759124755859375,0.0,0.07590243690892269,19,1007.0,391.0,228.0,1.0
9774,UsageTrackingAgent,0.0,0.0909805297851562,0.0,0.09107028736787681,17,1007.0,391.0,228.0,1.0
9823,appleaccountd,0.0,0.1203536987304687,0.0,0.11508044074563417,17,1007.0,391.0,228.0,1.0
9088,contactsd,0.0,0.0841140747070312,0.008,0.09849548339843746,50,1007.0,391.0,228.0,1.0
9574,findmylocateagent,0.0,0.092315673828125,0.0,0.092315673828125,18,1007.0,391.0,228.0,1.0
9086,knowledge-agent,0.0,0.1239776611328125,0.004,0.13211822509765622,50,1007.0,391.0,228.0,1.0
8337,WeatherWidget,0.0,0.36163330078125,0.0,0.3655509948730469,50,1007.0,391.0,228.0,1.0
9053,cloudd,0.0,0.2008438110351562,0.016,0.2035255432128906,50,1007.0,391.0,228.0,1.0
9829,transparencyd,0.1,0.2195358276367187,0.018000000000000002,0.21265792846679685,50,1007.0,391.0,228.0,1.0
4037,zsh,0.0,0.0043869018554687,0.0,0.009178644112447462,253,1007.0,391.0,228.0,1.0
4143,Code Helper (Plugin),0.0,0.2038955688476562,0.041,0.5363956451416015,500,1007.0,391.0,228.0,1.0
4194,Code Helper (Plugin),0.0,0.6761550903320312,0.041,0.5363956451416015,500,1007.0,391.0,228.0,1.0
5379,Code Helper (Plugin),0.0,0.228118896484375,0.041,0.5363956451416015,500,1007.0,391.0,228.0,1.0
5384,zsh,0.0,0.0043869018554687,0.0,0.009178644112447462,253,1007.0,391.0,228.0,1.0
5761,zsh,0.0,0.0131607055664062,0.0,0.009178644112447462,253,1007.0,391.0,228.0,1.0
6986,accountsd,0.0,0.176239013671875,0.0,0.1851234436035156,50,1007.0,391.0,228.0,1.0
8323,Google Chrome Helper (Renderer),0.0,0.6641387939453125,0.647816091954023,1.1122661897505837,435,1007.0,391.0,228.0,1.0
8324,Google Chrome Helper (Renderer),0.0,0.2672195434570312,0.647816091954023,1.1122661897505837,435,1007.0,391.0,228.0,1.0
8325,Google Chrome Helper (Renderer),0.0,0.3650665283203125,0.647816091954023,1.1122661897505837,435,1007.0,391.0,228.0,1.0
8326,chronod,0.0,0.1445770263671875,0.01,0.15725708007812497,50,1007.0,391.0,228.0,1.0
8328,Google Chrome Helper (Renderer),0.0,0.5163192749023438,0.647816091954023,1.1122661897505837,435,1007.0,391.0,228.0,1.0
8335,WorldClockWidget,0.0,0.2202987670898437,0.0,0.22029876708984367,50,1007.0,391.0,228.0,1.0
8336,CalendarWidgetExtension,0.0,0.1031875610351562,0.0,0.1031875610351562,50,1007.0,391.0,228.0,1.0
8339,StocksWidget,0.0,0.3248214721679687,0.0,0.3267478942871093,50,1007.0,391.0,228.0,1.0
8340,ScreenTimeWidgetExtension,0.0,0.3332138061523437,0.0,0.3311538696289062,50,1007.0,391.0,228.0,1.0
8351,Google Chrome Helper,0.0,0.1834869384765625,0.6,0.42389755249023436,250,1007.0,391.0,228.0,1.0
8396,audioaccessoryd,0.0,0.0970840454101562,0.0,0.10800170898437496,50,1007.0,391.0,228.0,1.0
8410,routined,0.0,0.201416015625,0.034,0.19092559814453122,50,1007.0,391.0,228.0,1.0
8666,Google Chrome Helper (Renderer),0.0,0.3103256225585937,0.647816091954023,1.1122661897505837,435,1007.0,391.0,228.0,1.0
9000,PowerChime,0.0,0.1392364501953125,0.008,0.14000701904296872,50,1007.0,391.0,228.0,1.0
9032,secinitd,0.0,0.0652313232421875,0.0,0.06522750854492188,50,1007.0,391.0,228.0,1.0
9040,triald,0.0,0.1443862915039062,0.0,0.12915039062499997,50,1007.0,391.0,228.0,1.0
9049,tccd,0.0,0.1085281372070312,0.0,0.10362243652343744,50,1007.0,391.0,228.0,1.0
9069,searchpartyuseragent,0.0,0.1323699951171875,0.002,0.13115692138671872,50,1007.0,391.0,228.0,1.0
9842,Keychain Circle Notification,0.0,0.1321792602539062,0.044000000000000004,0.18328857421874997,50,1007.0,391.0,228.0,1.0
13029,mdworker_shared,0.2,0.164794921875,0.02153846153846154,0.19098232953976357,195,1007.0,391.0,228.0,1.0
9847,UIKitSystem,0.0,0.1695632934570312,0.002,0.17118835449218742,50,1007.0,391.0,228.0,1.0
10211,Code Helper (Plugin),0.0,0.4486083984375,0.041,0.5363956451416015,500,1007.0,391.0,228.0,1.0
10212,Code Helper (Plugin),0.0,0.492095947265625,0.041,0.5363956451416015,500,1007.0,391.0,228.0,1.0
10213,Code Helper (Plugin),0.0,0.4901885986328125,0.041,0.5363956451416015,500,1007.0,391.0,228.0,1.0
10215,Code Helper (Plugin),0.0,0.4487991333007812,0.041,0.5363956451416015,500,1007.0,391.0,228.0,1.0
10481,Google Chrome Helper (Renderer),0.7,0.9450912475585938,0.647816091954023,1.1122661897505837,435,1007.0,391.0,228.0,1.0
10490,talagentd,0.0,0.146484375,0.002,0.14520263671874997,50,1007.0,391.0,228.0,1.0
10558,pbs,0.0,0.031280517578125,0.002,0.031276702880859375,50,1007.0,391.0,228.0,1.0
11204,MTLCompilerService,0.0,0.0333786010742187,0.0,0.03340148925781246,50,1007.0,391.0,228.0,1.0
11684,mlhostd,0.0,0.1436233520507812,0.0,0.14452743530273432,50,1007.0,391.0,228.0,1.0
11889,mdworker_shared,0.0,0.20751953125,0.02153846153846154,0.19098232953976357,195,1007.0,391.0,228.0,1.0
12774,businessservicesd,0.0,0.0812530517578125,0.0,0.081024169921875,50,1007.0,391.0,228.0,1.0
12775,MessagesBlastDoorService,0.0,0.0579833984375,0.0,0.05239105224609375,50,1007.0,391.0,228.0,1.0
12776,feedbackd,0.0,0.0789642333984375,0.0,0.078704833984375,50,1007.0,391.0,228.0,1.0
12777,ProtectedCloudKeySyncing,0.0,0.1003265380859375,0.0,0.09304428100585938,50,1007.0,391.0,228.0,1.0
12779,gamecontrolleragentd,0.0,0.0585556030273437,0.002,0.060253143310546854,50,1007.0,391.0,228.0,1.0
12806,python3.12,1.0,0.1708984375,0.46153846153846156,0.1703031770475618,91,1007.0,391.0,228.0,1.0
12815,zsh,0.0,0.0156402587890625,0.0,0.009178644112447462,253,1007.0,391.0,228.0,1.0
12959,ndoagent,0.0,0.0753402709960937,0.0,0.0754165649414062,50,1007.0,391.0,228.0,1.0
12962,mdworker_shared,0.0,0.2069473266601562,0.02153846153846154,0.19098232953976357,195,1007.0,391.0,228.0,1.0
12963,replayd,0.0,0.220489501953125,0.0,0.21639064866669325,49,1007.0,391.0,228.0,1.0
13000,python3.12,0.0,0.1613616943359375,0.46153846153846156,0.1703031770475618,91,1007.0,391.0,228.0,1.0
13020,mdworker_shared,0.0,0.1295089721679687,0.02153846153846154,0.19098232953976357,195,1007.0,391.0,228.0,1.0
13021,mdworker_shared,0.0,0.1775741577148437,0.02153846153846154,0.19098232953976357,195,1007.0,391.0,228.0,1.0
13025,com.apple.siri.embeddedspeech,0.0,0.25787353515625,0.03142857142857143,0.17331804547991067,35,1007.0,391.0,228.0,1.0
13026,biomesyncd,0.0,0.1142501831054687,0.0,0.12089014053344724,16,1007.0,391.0,228.0,1.0
10209,Code Helper (Plugin),0.0,0.4739761352539062,0.041,0.5363956451416015,500,1007.0,391.0,228.0,1.0
9845,intelligentroutingd,0.0,0.0883102416992187,0.0,0.0883407592773437,50,1007.0,391.0,228.0,1.0
10204,CoreServicesUIAgent,0.0,0.1985549926757812,0.004,0.19499969482421872,50,1007.0,391.0,228.0,1.0
10126,IFTelemetrySELFIngestor,0.0,0.0825881958007812,0.0,0.0825881958007812,50,1007.0,391.0,228.0,1.0
9877,avatarsd,0.0,0.1684188842773437,0.0,0.16840934753417963,20,1007.0,391.0,228.0,1.0
9879,Siri,0.0,0.1546859741210937,0.016,0.1504554748535156,50,1007.0,391.0,228.0,1.0
9888,SiriNCService,0.0,0.1607894897460937,0.008,0.15225982666015622,50,1007.0,391.0,228.0,1.0
9891,AssetCacheLocatorService,0.0,0.0406265258789062,0.0,0.04087829589843746,50,1007.0,391.0,228.0,1.0
9901,pkd,0.0,0.1138687133789062,0.002,0.10622024536132811,50,1007.0,391.0,228.0,1.0
9909,com.apple.geod,0.0,0.098419189453125,0.004,0.09388351440429683,50,1007.0,391.0,228.0,1.0
9946,extensionkitservice,0.0,0.080108642578125,0.0,0.08034324645996094,100,1007.0,391.0,228.0,1.0
9947,networkserviceproxy,0.0,0.1478195190429687,0.0,0.1554603576660156,50,1007.0,391.0,228.0,1.0
9963,swtransparencyd,0.0,0.070953369140625,0.0,0.08174896240234374,50,1007.0,391.0,228.0,1.0
9964,CloudTelemetryService,0.0,0.0612258911132812,0.0,0.06444135050135331,127,1007.0,391.0,228.0,1.0
9981,localizationswitcherd,0.0,0.0728607177734375,0.0,0.0728607177734375,17,1007.0,391.0,228.0,1.0
9982,contentlinkingd,0.0,0.0829696655273437,0.0,0.08146667480468746,50,1007.0,391.0,228.0,1.0
9984,AuthenticationServicesAgent,0.0,0.1104354858398437,0.0,0.11043548583984371,19,1007.0,391.0,228.0,1.0
9985,keychainsharingmessagingd,0.0,0.046539306640625,0.0,0.046539306640625,18,1007.0,391.0,228.0,1.0
10001,AppPredictionIntentsHelperService,0.0,0.1634597778320312,0.0,0.16557312011718747,50,1007.0,391.0,228.0,1.0
10009,com.apple.accessibility.mediaaccessibilityd,0.0,0.0261306762695312,0.0,0.0261306762695312,50,1007.0,391.0,228.0,1.0
10010,AudioComponentRegistrar,0.0,0.0425338745117187,0.004,0.04845809936523434,50,1007.0,391.0,228.0,1.0
10011,CarbonComponentScannerXPC,0.0,0.002288818359375,0.0,0.002288818359375,19,1007.0,391.0,228.0,1.0
10015,linkd,0.0,0.0791549682617187,0.0,0.07984924316406244,50,1007.0,391.0,228.0,1.0
10115,iconservicesagent,0.0,0.0902175903320312,0.0,0.0902175903320312,50,1007.0,391.0,228.0,1.0
10121,com.apple.Safari.SafeBrowsing.Service,0.0,0.0743865966796875,0.0,0.07349395751953124,50,1007.0,391.0,228.0,1.0
10122,SAExtensionOrchestrator,0.0,0.1125335693359375,0.0,0.1125335693359375,50,1007.0,391.0,228.0,1.0
10123,extensionkitservice,0.0,0.0789642333984375,0.0,0.08034324645996094,100,1007.0,391.0,228.0,1.0
10124,GMSSELFIngestor,0.0,0.0974655151367187,0.0,0.0974655151367187,50,1007.0,391.0,228.0,1.0
10125,IFTranscriptSELFIngestor,0.0,0.086212158203125,0.0,0.086212158203125,50,1007.0,391.0,228.0,1.0
10127,BiomeSELFIngestor,0.0,0.0879287719726562,0.0,0.0879287719726562,50,1007.0,391.0,228.0,1.0
4030,pet,0.0,0.0217437744140625,0.02,0.02233123779296875,50,1007.0,391.0,228.0,1.0
3045,Code Helper (Plugin),0.0,0.2443313598632812,0.041,0.5363956451416015,500,1007.0,391.0,228.0,1.0
3034,Code Helper (Plugin),0.1,0.8802413940429688,0.041,0.5363956451416015,500,1007.0,391.0,228.0,1.0
615,corespeechd,0.0,0.225067138671875,0.09799999999999999,0.18834686279296872,50,1007.0,391.0,228.0,1.0
616,assistantd,0.1,0.2939224243164062,0.004,0.23475265502929685,50,1007.0,391.0,228.0,1.0
623,WallpaperImageExtension,0.0,0.0654220581054687,0.0,0.07489013671874994,50,1007.0,391.0,228.0,1.0
639,sharingd,0.0,0.1379013061523437,0.002,0.14010620117187497,50,1007.0,391.0,228.0,1.0
641,usernoted,0.0,0.1581192016601562,0.02,0.15933227539062497,50,1007.0,391.0,228.0,1.0
642,neagent,0.0,0.1068115234375,0.0,0.1076812744140625,50,1007.0,391.0,228.0,1.0
643,useractivityd,0.0,0.0823974609375,0.008,0.08467864990234374,50,1007.0,391.0,228.0,1.0
644,com.apple.dock.extra,0.0,0.1848220825195312,0.048,0.17804336547851562,50,1007.0,391.0,228.0,1.0
646,NotificationCenter,0.0,0.2092361450195312,0.024000000000000004,0.24862670898437497,50,1007.0,391.0,228.0,1.0
649,milod,0.0,0.0820159912109375,0.0,0.08232498168945312,50,1007.0,391.0,228.0,1.0
650,familycircled,0.0,0.0677108764648437,0.0,0.06789016723632807,50,1007.0,391.0,228.0,1.0
609,identityservicesd,0.0,0.2019882202148437,0.012,0.20082092285156247,50,1007.0,391.0,228.0,1.0
651,StatusKitAgent,0.0,0.0787734985351562,0.0,0.07876968383789057,50,1007.0,391.0,228.0,1.0
668,BiomeAgent,0.0,0.1420974731445312,0.126,0.1340827941894531,50,1007.0,391.0,228.0,1.0
670,imklaunchagent,0.0,0.0619888305664062,0.0,0.06198501586914058,50,1007.0,391.0,228.0,1.0
673,icdd,0.0,0.0349044799804687,0.0,0.034900665283203076,50,1007.0,391.0,228.0,1.0
680,AirPlayUIAgent,0.0,0.1020431518554687,0.004,0.09934997558593746,50,1007.0,391.0,228.0,1.0
683,imagent,0.0,0.1234054565429687,0.008,0.13217163085937497,50,1007.0,391.0,228.0,1.0
685,diagnostics_agent,0.0,0.089263916015625,0.002,0.09417724609374996,50,1007.0,391.0,228.0,1.0
686,TextInputMenuAgent,0.0,0.15106201171875,0.008,0.16139221191406247,50,1007.0,391.0,228.0,1.0
688,Grammarly Desktop Helper,0.0,0.099945068359375,0.002,0.10088729858398436,50,1007.0,391.0,228.0,1.0
699,com.apple.CloudDocs.iCloudDriveFileProvider,0.0,0.098419189453125,0.008,0.09911346435546875,50,1007.0,391.0,228.0,1.0
704,ctkahp,0.0,0.037384033203125,0.0,0.037380218505859375,50,1007.0,391.0,228.0,1.0
707,WiFiAgent,0.0,0.15411376953125,0.114,0.16522979736328122,50,1007.0,391.0,228.0,1.0
666,ContextStoreAgent,0.0,0.1642227172851562,0.11199999999999999,0.1729774475097656,50,1007.0,391.0,228.0,1.0
608,ViewBridgeAuxiliary,0.0,0.0835418701171875,0.014000000000000002,0.08618545532226561,50,1007.0,391.0,228.0,1.0
606,fontworker,0.0,0.0581741333007812,0.0,0.05817031860351558,50,1007.0,391.0,228.0,1.0
605,ContinuityCaptureAgent,0.0,0.0761032104492187,0.0,0.0761032104492187,50,1007.0,391.0,228.0,1.0
3063,zsh,0.0,0.0047683715820312,0.0,0.009178644112447462,253,1007.0,391.0,228.0,1.0
543,distnoted,0.0,0.0507354736328125,0.028000000000000004,0.05070495605468747,50,1007.0,391.0,228.0,1.0
544,cfprefsd,0.0,0.0576019287109375,0.066,0.05707931518554685,50,1007.0,391.0,228.0,1.0
549,UserEventAgent,0.0,0.0974655151367187,0.013999999999999999,0.10488891601562496,50,1007.0,391.0,228.0,1.0
553,WindowManager,0.0,0.2294540405273437,0.11200000000000002,0.24517440795898435,50,1007.0,391.0,228.0,1.0
557,universalaccessd,0.0,0.089263916015625,0.006000000000000001,0.09207916259765624,50,1007.0,391.0,228.0,1.0
559,Dock,0.0,0.20294189453125,0.076,0.20318603515624997,50,1007.0,391.0,228.0,1.0
560,ControlCenter,0.5,0.3931045532226562,0.5379999999999999,0.41684722900390625,50,1007.0,391.0,228.0,1.0
561,pboard,0.0,0.0888824462890625,0.002,0.09132385253906246,50,1007.0,391.0,228.0,1.0
562,SystemUIServer,0.0,0.1272201538085937,0.006,0.13476562499999997,50,1007.0,391.0,228.0,1.0
564,Finder,0.0,0.3416061401367187,0.07400000000000001,0.4227867126464844,50,1007.0,391.0,228.0,1.0
567,lsd,0.0,0.1131057739257812,0.012,0.11196517944335933,50,1007.0,391.0,228.0,1.0
568,AXVisualSupportAgent,0.1,0.1657485961914062,0.6920000000000001,0.16974639892578122,50,1007.0,391.0,228.0,1.0
575,rapportd,0.0,0.1310348510742187,0.002,0.1259346008300781,50,1007.0,391.0,228.0,1.0
578,secd,0.0,0.1470565795898437,0.006000000000000001,0.15089416503906247,50,1007.0,391.0,228.0,1.0
580,trustd,0.0,0.1119613647460937,0.04,0.11620330810546871,50,1007.0,391.0,228.0,1.0
583,WallpaperAgent,0.0,0.144195556640625,0.004,0.1629066467285156,50,1007.0,391.0,228.0,1.0
587,com.apple.hiservices-xpcservice,0.0,0.0278472900390625,0.01,0.03719711303710933,50,1007.0,391.0,228.0,1.0
589,sharedfilelistd,0.0,0.086212158203125,0.0,0.08721542358398436,50,1007.0,391.0,228.0,1.0
590,containermanagerd,0.0,0.0459671020507812,0.012,0.04875946044921871,50,1007.0,391.0,228.0,1.0
591,usernotificationsd,0.0,0.1033782958984375,0.008,0.09786605834960933,50,1007.0,391.0,228.0,1.0
596,callservicesd,0.0,0.1432418823242187,0.006000000000000001,0.17979049682617185,50,1007.0,391.0,228.0,1.0
600,fontd,0.0,0.0499725341796875,0.002,0.06991577148437499,50,1007.0,391.0,228.0,1.0
602,fileproviderd,0.1,0.13885498046875,0.21200000000000002,0.1446113586425781,50,1007.0,391.0,228.0,1.0
604,AMPDeviceDiscoveryAgent,0.0,0.045013427734375,0.0,0.051746368408203104,50,1007.0,391.0,228.0,1.0
709,nsurlsessiond,0.0,0.1306533813476562,0.032,0.1256752014160156,50,1007.0,391.0,228.0,1.0
713,Spotlight,0.0,0.1947402954101562,0.05,0.27865600585937494,50,1007.0,391.0,228.0,1.0
376,loginwindow,0.0,0.2302169799804687,0.008,0.24020385742187497,50,1007.0,391.0,228.0,1.0
716,PAH_Extension,0.0,0.1150131225585937,0.014000000000000002,0.11199188232421874,50,1007.0,391.0,228.0,1.0
957,Google Chrome,0.7,2.158164978027344,1.324,2.2691001892089844,50,1007.0,391.0,228.0,1.0
960,chrome_crashpad_handler,0.0,0.0188827514648437,0.0,0.019365310668945288,100,1007.0,391.0,228.0,1.0
961,voicebankingd,0.0,0.0722885131835937,0.0,0.07259750366210932,50,1007.0,391.0,228.0,1.0
963,Google Chrome Helper,1.2,0.9996414184570312,0.6,0.42389755249023436,250,1007.0,391.0,228.0,1.0
964,Google Chrome Helper,0.7,0.6357192993164062,0.6,0.42389755249023436,250,1007.0,391.0,228.0,1.0
966,Google Chrome Helper,0.0,0.2040863037109375,0.6,0.42389755249023436,250,1007.0,391.0,228.0,1.0
1015,Google Chrome Helper,0.0,0.15869140625,0.6,0.42389755249023436,250,1007.0,391.0,228.0,1.0
1052,spotlightknowledged,0.0,0.0352859497070312,0.0,0.04377672749180943,62,1007.0,391.0,228.0,1.0
1191,storeaccountd,0.0,0.0658035278320312,0.0,0.06579971313476557,50,1007.0,391.0,228.0,1.0
1474,IMAutomaticHistoryDeletionAgent,0.0,0.0730514526367187,0.0,0.08300018310546874,50,1007.0,391.0,228.0,1.0
1718,ServiceExtension,0.0,0.142669677734375,0.0,0.142669677734375,50,1007.0,391.0,228.0,1.0
2095,com.apple.WebKit.WebContent,0.2,0.1825332641601562,0.2837142857142857,0.5284216744559151,350,1007.0,391.0,228.0,1.0
2096,com.apple.WebKit.WebContent,0.6,0.3244400024414062,0.2837142857142857,0.5284216744559151,350,1007.0,391.0,228.0,1.0
2641,Google Chrome Helper (Renderer),0.0,0.6280899047851562,0.647816091954023,1.1122661897505837,435,1007.0,391.0,228.0,1.0
2672,Google Chrome Helper (Renderer),4.7,5.7331085205078125,0.647816091954023,1.1122661897505837,435,1007.0,391.0,228.0,1.0
2826,Code,0.0,1.1714935302734375,1.3619999999999999,1.3807182312011719,50,1007.0,391.0,228.0,1.0
2832,chrome_crashpad_handler,0.0,0.0194549560546875,0.0,0.019365310668945288,100,1007.0,391.0,228.0,1.0
2833,Code Helper,0.0,0.5968093872070312,0.32371428571428573,0.48915318080357145,350,1007.0,391.0,228.0,1.0
2834,Code Helper,0.0,0.322723388671875,0.32371428571428573,0.48915318080357145,350,1007.0,391.0,228.0,1.0
2835,Code Helper (Renderer),0.1,3.7034988403320312,3.5780000000000003,3.886066436767578,50,1007.0,391.0,228.0,1.0
2852,Code Helper,0.0,0.699615478515625,0.32371428571428573,0.48915318080357145,350,1007.0,391.0,228.0,1.0
2878,Code Helper,0.0,0.3665924072265625,0.32371428571428573,0.48915318080357145,350,1007.0,391.0,228.0,1.0
2880,Code Helper,0.0,0.15411376953125,0.32371428571428573,0.48915318080357145,350,1007.0,391.0,228.0,1.0
2913,Code Helper,0.8,0.5430221557617188,0.32371428571428573,0.48915318080357145,350,1007.0,391.0,228.0,1.0
714,CursorUIViewService,0.0,0.1369476318359375,0.07400000000000001,0.15747833251953122,50,1007.0,391.0,228.0,1.0
932,com.apple.WebKit.WebContent,0.7,0.5033493041992188,0.2837142857142857,0.5284216744559151,350,1007.0,391.0,228.0,1.0
931,com.apple.WebKit.WebContent,0.5,0.3984451293945312,0.2837142857142857,0.5284216744559151,350,1007.0,391.0,228.0,1.0
3033,Code Helper,0.0,0.4011154174804687,0.32371428571428573,0.48915318080357145,350,1007.0,391.0,228.0,1.0
926,peopled,0.0,0.086212158203125,0.0,0.08623886108398438,50,1007.0,391.0,228.0,1.0
930,com.apple.WebKit.WebContent,0.2,0.18768310546875,0.2837142857142857,0.5284216744559151,350,1007.0,391.0,228.0,1.0
717,OneDrive,0.1,0.3309249877929687,0.032,0.36077880859375,50,1007.0,391.0,228.0,1.0
718,corespotlightd,0.0,0.1459121704101562,0.012,0.15357208251953122,50,1007.0,391.0,228.0,1.0
722,duetexpertd,0.0,0.284576416015625,0.09,0.26060485839843744,50,1007.0,391.0,228.0,1.0
730,Spotify,0.7,1.0204315185546875,0.5479999999999999,1.0496597290039062,50,1007.0,391.0,228.0,1.0
733,homed,0.0,0.121307373046875,0.0,0.1302070617675781,50,1007.0,391.0,228.0,1.0
734,mediaremoteagent,0.0,0.0232696533203125,0.0,0.0232696533203125,50,1007.0,391.0,228.0,1.0
740,Spotify Helper,0.0,0.0396728515625,0.015600000000000001,0.14564056396484373,250,1007.0,391.0,228.0,1.0
747,Spotify Helper,0.0,0.1922607421875,0.015600000000000001,0.14564056396484373,250,1007.0,391.0,228.0,1.0
748,Spotify Helper,0.3,0.262451171875,0.015600000000000001,0.14564056396484373,250,1007.0,391.0,228.0,1.0
752,Spotify Helper,0.1,0.0949859619140625,0.015600000000000001,0.14564056396484373,250,1007.0,391.0,228.0,1.0
755,Grammarly Desktop,0.4,0.6816864013671875,0.524,0.7150344848632812,50,1007.0,391.0,228.0,1.0
741,avconferenced,0.0,0.067901611328125,0.0,0.06789779663085938,50,1007.0,391.0,228.0,1.0
772,com.apple.WebKit.GPU,0.0,0.0507354736328125,0.102,0.09322547912597655,100,1007.0,391.0,228.0,1.0
921,Spotify Helper,0.0,0.087738037109375,0.015600000000000001,0.14564056396484373,250,1007.0,391.0,228.0,1.0
768,Spotify Helper (Renderer),1.8,0.27008056640625,0.044000000000000004,0.4534873962402344,50,1007.0,391.0,228.0,1.0
918,com.apple.WebKit.GPU,0.0,0.0780105590820312,0.102,0.09322547912597655,100,1007.0,391.0,228.0,1.0
916,com.apple.WebKit.WebContent,6.6,0.6757736206054688,0.2837142857142857,0.5284216744559151,350,1007.0,391.0,228.0,1.0
913,app_inkwell,1.1,0.2851486206054687,0.94,0.29593276977539057,50,1007.0,391.0,228.0,1.0
898,OneDrive Sync Service,0.0,0.1966476440429687,0.004,0.21224594116210935,50,1007.0,391.0,228.0,1.0
919,com.apple.WebKit.Networking,6.6,0.223541259765625,0.4,0.16855621337890622,100,1007.0,391.0,228.0,1.0
857,Grammarly Desktop Update Service,0.0,0.109100341796875,0.006000000000000001,0.11079406738281246,50,1007.0,391.0,228.0,1.0
792,commerce,0.0,0.0902175903320312,0.0,0.08901596069335932,50,1007.0,391.0,228.0,1.0
776,com.apple.WebKit.Networking,0.0,0.1308441162109375,0.4,0.16855621337890622,100,1007.0,391.0,228.0,1.0
774,com.apple.WebKit.WebContent,0.0,0.0186920166015625,0.2837142857142857,0.5284216744559151,350,1007.0,391.0,228.0,1.0
873,mdbulkimport,0.0,0.0713348388671875,0.0,0.07133102416992188,50,1007.0,391.0,228.0,1.0
9272,mbuseragent,0.0,0.0368118286132812,0.0,0.036808013916015576,50,1007.0,381.0,222.0,1.0
9086,knowledge-agent,0.2,0.1239776611328125,0.004,0.13211822509765622,50,1007.0,381.0,222.0,1.0
9088,contactsd,0.0,0.0841140747070312,0.008,0.09849548339843746,50,1007.0,381.0,222.0,1.0
9095,calaccessd,0.0,0.152587890625,0.002,0.15127944946289057,50,1007.0,381.0,222.0,1.0
9101,bird,0.0,0.1211166381835937,0.04800000000000001,0.12118530273437494,50,1007.0,381.0,222.0,1.0
9134,ScreenTimeAgent,0.0,0.0944137573242187,0.0,0.10361862182617183,50,1007.0,381.0,222.0,1.0
9138,siriactionsd,0.0,0.1438140869140625,0.004,0.14521408081054685,50,1007.0,381.0,222.0,1.0
9205,IntelligencePlatformComputeService,0.0,0.0879287719726562,0.0,0.0879287719726562,50,1007.0,381.0,222.0,1.0
9223,mapssyncd,0.0,0.0917434692382812,0.0,0.09173965454101557,50,1007.0,381.0,222.0,1.0
9271,mdwrite,0.0,0.0329971313476562,0.0,0.032993316650390576,50,1007.0,381.0,222.0,1.0
9556,syncdefaultsd,0.0,0.1079559326171875,0.006000000000000001,0.11057662963867186,50,1007.0,381.0,222.0,1.0
9825,CommCenter,0.0,0.1203536987304687,0.006000000000000001,0.23591232299804685,50,1007.0,381.0,222.0,1.0
9573,donotdisturbd,0.0,0.115966796875,0.0,0.1159562004937066,18,1007.0,381.0,222.0,1.0
9574,findmylocateagent,0.0,0.092315673828125,0.0,0.092315673828125,18,1007.0,381.0,222.0,1.0
9575,akd,0.0,0.2222061157226562,0.002,0.2174873352050781,50,1007.0,381.0,222.0,1.0
9577,CloudTelemetryService,0.0,0.0589370727539062,0.0,0.06444135050135331,127,1007.0,381.0,222.0,1.0
9649,suggestd,0.0,0.1623153686523437,0.002,0.15771484374999997,50,1007.0,381.0,222.0,1.0
9681,AppleSpell,0.0,0.1420974731445312,0.0,0.13717651367187494,50,1007.0,381.0,222.0,1.0
9682,keyboardservicesd,0.0,0.0919342041015625,0.0,0.0876617431640625,50,1007.0,381.0,222.0,1.0
9742,promotedcontentd,0.0,0.10833740234375,0.002,0.11449813842773438,50,1007.0,381.0,222.0,1.0
9754,ctkd,0.0,0.0896453857421875,0.0,0.08569717407226562,50,1007.0,381.0,222.0,1.0
9762,coreauthd,0.0,0.0871658325195312,0.0,0.09390640258789058,50,1007.0,381.0,222.0,1.0
9767,cdpd,0.0,0.0759124755859375,0.0,0.07590243690892269,19,1007.0,381.0,222.0,1.0
9572,proactived,0.0,0.11138916015625,0.02,0.1299476623535156,50,1007.0,381.0,222.0,1.0
9069,searchpartyuseragent,0.0,0.13275146484375,0.002,0.13115692138671872,50,1007.0,381.0,222.0,1.0
8336,CalendarWidgetExtension,0.0,0.1031875610351562,0.0,0.1031875610351562,50,1007.0,381.0,222.0,1.0
9049,tccd,0.0,0.109100341796875,0.0,0.10362243652343744,50,1007.0,381.0,222.0,1.0
9829,transparencyd,0.0,0.220489501953125,0.018000000000000002,0.21265792846679685,50,1007.0,381.0,222.0,1.0
4030,pet,0.0,0.0217437744140625,0.02,0.02233123779296875,50,1007.0,381.0,222.0,1.0
4037,zsh,0.0,0.0043869018554687,0.0,0.009178644112447462,253,1007.0,381.0,222.0,1.0
4143,Code Helper (Plugin),0.0,0.2048492431640625,0.041,0.5363956451416015,500,1007.0,381.0,222.0,1.0
4194,Code Helper (Plugin),0.2,0.6780624389648438,0.041,0.5363956451416015,500,1007.0,381.0,222.0,1.0
5379,Code Helper (Plugin),0.0,0.2288818359375,0.041,0.5363956451416015,500,1007.0,381.0,222.0,1.0
5384,zsh,0.0,0.0043869018554687,0.0,0.009178644112447462,253,1007.0,381.0,222.0,1.0
5761,zsh,0.0,0.0131607055664062,0.0,0.009178644112447462,253,1007.0,381.0,222.0,1.0
6986,accountsd,0.0,0.1758575439453125,0.0,0.1851234436035156,50,1007.0,381.0,222.0,1.0
8323,Google Chrome Helper (Renderer),0.0,0.6641387939453125,0.647816091954023,1.1122661897505837,435,1007.0,381.0,222.0,1.0
8324,Google Chrome Helper (Renderer),0.0,0.2672195434570312,0.647816091954023,1.1122661897505837,435,1007.0,381.0,222.0,1.0
8325,Google Chrome Helper (Renderer),0.0,0.3650665283203125,0.647816091954023,1.1122661897505837,435,1007.0,381.0,222.0,1.0
8326,chronod,0.0,0.150299072265625,0.01,0.15725708007812497,50,1007.0,381.0,222.0,1.0
8328,Google Chrome Helper (Renderer),0.0,0.5163192749023438,0.647816091954023,1.1122661897505837,435,1007.0,381.0,222.0,1.0
8335,WorldClockWidget,0.0,0.2202987670898437,0.0,0.22029876708984367,50,1007.0,381.0,222.0,1.0
8337,WeatherWidget,0.0,0.36163330078125,0.0,0.3655509948730469,50,1007.0,381.0,222.0,1.0
8339,StocksWidget,0.0,0.3248214721679687,0.0,0.3267478942871093,50,1007.0,381.0,222.0,1.0
8340,ScreenTimeWidgetExtension,0.0,0.3332138061523437,0.0,0.3311538696289062,50,1007.0,381.0,222.0,1.0
8351,Google Chrome Helper,0.0,0.1834869384765625,0.6,0.42389755249023436,250,1007.0,381.0,222.0,1.0
8396,audioaccessoryd,0.0,0.0970840454101562,0.0,0.10800170898437496,50,1007.0,381.0,222.0,1.0
8410,routined,0.0,0.201416015625,0.034,0.19092559814453122,50,1007.0,381.0,222.0,1.0
8666,Google Chrome Helper (Renderer),0.0,0.3103256225585937,0.647816091954023,1.1122661897505837,435,1007.0,381.0,222.0,1.0
9000,PowerChime,0.0,0.1392364501953125,0.008,0.14000701904296872,50,1007.0,381.0,222.0,1.0
9032,secinitd,0.0,0.0652313232421875,0.0,0.06522750854492188,50,1007.0,381.0,222.0,1.0
9040,triald,0.0,0.1443862915039062,0.0,0.12915039062499997,50,1007.0,381.0,222.0,1.0
9053,cloudd,0.1,0.2349853515625,0.016,0.2035255432128906,50,1007.0,381.0,222.0,1.0
9842,Keychain Circle Notification,0.0,0.1321792602539062,0.044000000000000004,0.18328857421874997,50,1007.0,381.0,222.0,1.0
10127,BiomeSELFIngestor,0.0,0.0879287719726562,0.0,0.0879287719726562,50,1007.0,381.0,222.0,1.0
9847,UIKitSystem,0.0,0.1695632934570312,0.002,0.17118835449218742,50,1007.0,381.0,222.0,1.0
10213,Code Helper (Plugin),0.0,0.4911422729492187,0.041,0.5363956451416015,500,1007.0,381.0,222.0,1.0
10215,Code Helper (Plugin),0.0,0.4495620727539062,0.041,0.5363956451416015,500,1007.0,381.0,222.0,1.0
10481,Google Chrome Helper (Renderer),0.0,1.0084152221679688,0.647816091954023,1.1122661897505837,435,1007.0,381.0,222.0,1.0
10490,talagentd,0.0,0.1468658447265625,0.002,0.14520263671874997,50,1007.0,381.0,222.0,1.0
10558,pbs,0.0,0.031280517578125,0.002,0.031276702880859375,50,1007.0,381.0,222.0,1.0
11204,MTLCompilerService,0.0,0.0333786010742187,0.0,0.03340148925781246,50,1007.0,381.0,222.0,1.0
11684,mlhostd,0.0,0.1436233520507812,0.0,0.14452743530273432,50,1007.0,381.0,222.0,1.0
11889,mdworker_shared,0.0,0.20751953125,0.02153846153846154,0.19098232953976357,195,1007.0,381.0,222.0,1.0
12774,businessservicesd,0.0,0.0812530517578125,0.0,0.081024169921875,50,1007.0,381.0,222.0,1.0
12775,MessagesBlastDoorService,0.0,0.0579833984375,0.0,0.05239105224609375,50,1007.0,381.0,222.0,1.0
12776,feedbackd,0.0,0.0789642333984375,0.0,0.078704833984375,50,1007.0,381.0,222.0,1.0
10212,Code Helper (Plugin),0.0,0.4930496215820312,0.041,0.5363956451416015,500,1007.0,381.0,222.0,1.0
12777,ProtectedCloudKeySyncing,0.0,0.1003265380859375,0.0,0.09304428100585938,50,1007.0,381.0,222.0,1.0
12806,python3.12,0.7,0.1712799072265625,0.46153846153846156,0.1703031770475618,91,1007.0,381.0,222.0,1.0
12815,zsh,0.0,0.0156402587890625,0.0,0.009178644112447462,253,1007.0,381.0,222.0,1.0
12959,ndoagent,0.0,0.0753402709960937,0.0,0.0754165649414062,50,1007.0,381.0,222.0,1.0
12962,mdworker_shared,0.0,0.2069473266601562,0.02153846153846154,0.19098232953976357,195,1007.0,381.0,222.0,1.0
12963,replayd,0.0,0.220489501953125,0.0,0.21639064866669325,49,1007.0,381.0,222.0,1.0
13000,python3.12,0.0,0.1613616943359375,0.46153846153846156,0.1703031770475618,91,1007.0,381.0,222.0,1.0
13020,mdworker_shared,0.0,0.1295089721679687,0.02153846153846154,0.19098232953976357,195,1007.0,381.0,222.0,1.0
13021,mdworker_shared,0.0,0.1775741577148437,0.02153846153846154,0.19098232953976357,195,1007.0,381.0,222.0,1.0
13025,com.apple.siri.embeddedspeech,0.0,0.25787353515625,0.03142857142857143,0.17331804547991067,35,1007.0,381.0,222.0,1.0
13026,biomesyncd,0.0,0.1171112060546875,0.0,0.12089014053344724,16,1007.0,381.0,222.0,1.0
3063,zsh,0.0,0.0047683715820312,0.0,0.009178644112447462,253,1007.0,381.0,222.0,1.0
12779,gamecontrolleragentd,0.0,0.0585556030273437,0.002,0.060253143310546854,50,1007.0,381.0,222.0,1.0
10211,Code Helper (Plugin),0.0,0.4495620727539062,0.041,0.5363956451416015,500,1007.0,381.0,222.0,1.0
10209,Code Helper (Plugin),0.0,0.4749298095703125,0.041,0.5363956451416015,500,1007.0,381.0,222.0,1.0
10204,CoreServicesUIAgent,0.0,0.1985549926757812,0.004,0.19499969482421872,50,1007.0,381.0,222.0,1.0
9877,avatarsd,0.0,0.1684188842773437,0.0,0.16840934753417963,20,1007.0,381.0,222.0,1.0
9879,Siri,0.0,0.1546859741210937,0.016,0.1504554748535156,50,1007.0,381.0,222.0,1.0
9888,SiriNCService,0.0,0.1607894897460937,0.008,0.15225982666015622,50,1007.0,381.0,222.0,1.0
9891,AssetCacheLocatorService,0.0,0.0406265258789062,0.0,0.04087829589843746,50,1007.0,381.0,222.0,1.0
9901,pkd,0.0,0.1138687133789062,0.002,0.10622024536132811,50,1007.0,381.0,222.0,1.0
9909,com.apple.geod,0.0,0.098419189453125,0.004,0.09388351440429683,50,1007.0,381.0,222.0,1.0
9946,extensionkitservice,0.0,0.080108642578125,0.0,0.08034324645996094,100,1007.0,381.0,222.0,1.0
9947,networkserviceproxy,0.0,0.1491546630859375,0.0,0.1554603576660156,50,1007.0,381.0,222.0,1.0
9963,swtransparencyd,0.0,0.070953369140625,0.0,0.08174896240234374,50,1007.0,381.0,222.0,1.0
9964,CloudTelemetryService,0.0,0.0612258911132812,0.0,0.06444135050135331,127,1007.0,381.0,222.0,1.0
9982,contentlinkingd,0.0,0.0829696655273437,0.0,0.08146667480468746,50,1007.0,381.0,222.0,1.0
9984,AuthenticationServicesAgent,0.0,0.1104354858398437,0.0,0.11043548583984371,19,1007.0,381.0,222.0,1.0
9985,keychainsharingmessagingd,0.0,0.046539306640625,0.0,0.046539306640625,18,1007.0,381.0,222.0,1.0
10001,AppPredictionIntentsHelperService,0.0,0.1634597778320312,0.0,0.16557312011718747,50,1007.0,381.0,222.0,1.0
10009,com.apple.accessibility.mediaaccessibilityd,0.0,0.0261306762695312,0.0,0.0261306762695312,50,1007.0,381.0,222.0,1.0
10010,AudioComponentRegistrar,0.0,0.0425338745117187,0.004,0.04845809936523434,50,1007.0,381.0,222.0,1.0
10011,CarbonComponentScannerXPC,0.0,0.002288818359375,0.0,0.002288818359375,19,1007.0,381.0,222.0,1.0
10015,linkd,0.0,0.0791549682617187,0.0,0.07984924316406244,50,1007.0,381.0,222.0,1.0
10115,iconservicesagent,0.0,0.0902175903320312,0.0,0.0902175903320312,50,1007.0,381.0,222.0,1.0
10121,com.apple.Safari.SafeBrowsing.Service,0.0,0.0743865966796875,0.0,0.07349395751953124,50,1007.0,381.0,222.0,1.0
13029,mdworker_shared,0.0,0.164794921875,0.02153846153846154,0.19098232953976357,195,1007.0,381.0,222.0,1.0
10123,extensionkitservice,0.0,0.0789642333984375,0.0,0.08034324645996094,100,1007.0,381.0,222.0,1.0
10124,GMSSELFIngestor,0.0,0.0974655151367187,0.0,0.0974655151367187,50,1007.0,381.0,222.0,1.0
10125,IFTranscriptSELFIngestor,0.0,0.086212158203125,0.0,0.086212158203125,50,1007.0,381.0,222.0,1.0
10126,IFTelemetrySELFIngestor,0.0,0.0825881958007812,0.0,0.0825881958007812,50,1007.0,381.0,222.0,1.0
9845,intelligentroutingd,0.0,0.0883102416992187,0.0,0.0883407592773437,50,1007.0,381.0,222.0,1.0
3045,Code Helper (Plugin),0.0,0.2452850341796875,0.041,0.5363956451416015,500,1007.0,381.0,222.0,1.0
10122,SAExtensionOrchestrator,0.0,0.1125335693359375,0.0,0.1125335693359375,50,1007.0,381.0,222.0,1.0
3033,Code Helper,0.1,0.40130615234375,0.32371428571428573,0.48915318080357145,350,1007.0,381.0,222.0,1.0
615,corespeechd,0.0,0.2239227294921875,0.09799999999999999,0.18834686279296872,50,1007.0,381.0,222.0,1.0
616,assistantd,0.0,0.2925872802734375,0.004,0.23475265502929685,50,1007.0,381.0,222.0,1.0
623,WallpaperImageExtension,0.0,0.0654220581054687,0.0,0.07489013671874994,50,1007.0,381.0,222.0,1.0
639,sharingd,0.0,0.1379013061523437,0.002,0.14010620117187497,50,1007.0,381.0,222.0,1.0
641,usernoted,0.0,0.1615524291992187,0.02,0.15933227539062497,50,1007.0,381.0,222.0,1.0
642,neagent,0.0,0.1068115234375,0.0,0.1076812744140625,50,1007.0,381.0,222.0,1.0
643,useractivityd,0.0,0.0823974609375,0.008,0.08467864990234374,50,1007.0,381.0,222.0,1.0
644,com.apple.dock.extra,0.0,0.1848220825195312,0.048,0.17804336547851562,50,1007.0,381.0,222.0,1.0
646,NotificationCenter,0.0,0.2092361450195312,0.024000000000000004,0.24862670898437497,50,1007.0,381.0,222.0,1.0
649,milod,0.0,0.0820159912109375,0.0,0.08232498168945312,50,1007.0,381.0,222.0,1.0
650,familycircled,0.0,0.0677108764648437,0.0,0.06789016723632807,50,1007.0,381.0,222.0,1.0
609,identityservicesd,0.3,0.2096176147460937,0.012,0.20082092285156247,50,1007.0,381.0,222.0,1.0
651,StatusKitAgent,0.0,0.0787734985351562,0.0,0.07876968383789057,50,1007.0,381.0,222.0,1.0
668,BiomeAgent,0.0,0.1420974731445312,0.126,0.1340827941894531,50,1007.0,381.0,222.0,1.0
670,imklaunchagent,0.0,0.0619888305664062,0.0,0.06198501586914058,50,1007.0,381.0,222.0,1.0
673,icdd,0.0,0.0349044799804687,0.0,0.034900665283203076,50,1007.0,381.0,222.0,1.0
680,AirPlayUIAgent,0.0,0.1020431518554687,0.004,0.09934997558593746,50,1007.0,381.0,222.0,1.0
683,imagent,0.0,0.1245498657226562,0.008,0.13217163085937497,50,1007.0,381.0,222.0,1.0
685,diagnostics_agent,0.0,0.089263916015625,0.002,0.09417724609374996,50,1007.0,381.0,222.0,1.0
686,TextInputMenuAgent,0.0,0.15106201171875,0.008,0.16139221191406247,50,1007.0,381.0,222.0,1.0
688,Grammarly Desktop Helper,0.0,0.099945068359375,0.002,0.10088729858398436,50,1007.0,381.0,222.0,1.0
699,com.apple.CloudDocs.iCloudDriveFileProvider,0.0,0.098419189453125,0.008,0.09911346435546875,50,1007.0,381.0,222.0,1.0
704,ctkahp,0.0,0.037384033203125,0.0,0.037380218505859375,50,1007.0,381.0,222.0,1.0
707,WiFiAgent,0.0,0.15411376953125,0.114,0.16522979736328122,50,1007.0,381.0,222.0,1.0
666,ContextStoreAgent,0.0,0.1646041870117187,0.11199999999999999,0.1729774475097656,50,1007.0,381.0,222.0,1.0
608,ViewBridgeAuxiliary,0.0,0.0835418701171875,0.014000000000000002,0.08618545532226561,50,1007.0,381.0,222.0,1.0
606,fontworker,0.0,0.0581741333007812,0.0,0.05817031860351558,50,1007.0,381.0,222.0,1.0
605,ContinuityCaptureAgent,0.0,0.0761032104492187,0.0,0.0761032104492187,50,1007.0,381.0,222.0,1.0
3034,Code Helper (Plugin),0.1,1.0585784912109375,0.041,0.5363956451416015,500,1007.0,381.0,222.0,1.0
543,distnoted,0.0,0.0507354736328125,0.028000000000000004,0.05070495605468747,50,1007.0,381.0,222.0,1.0
544,cfprefsd,0.0,0.0579833984375,0.066,0.05707931518554685,50,1007.0,381.0,222.0,1.0
549,UserEventAgent,0.1,0.0974655151367187,0.013999999999999999,0.10488891601562496,50,1007.0,381.0,222.0,1.0
553,WindowManager,0.0,0.2294540405273437,0.11200000000000002,0.24517440795898435,50,1007.0,381.0,222.0,1.0
557,universalaccessd,0.0,0.089263916015625,0.006000000000000001,0.09207916259765624,50,1007.0,381.0,222.0,1.0
559,Dock,0.0,0.20294189453125,0.076,0.20318603515624997,50,1007.0,381.0,222.0,1.0
560,ControlCenter,0.5,0.3950119018554687,0.5379999999999999,0.41684722900390625,50,1007.0,381.0,222.0,1.0
561,pboard,0.0,0.0888824462890625,0.002,0.09132385253906246,50,1007.0,381.0,222.0,1.0
562,SystemUIServer,0.0,0.1272201538085937,0.006,0.13476562499999997,50,1007.0,381.0,222.0,1.0
564,Finder,0.0,0.341796875,0.07400000000000001,0.4227867126464844,50,1007.0,381.0,222.0,1.0
567,lsd,0.0,0.1138687133789062,0.012,0.11196517944335933,50,1007.0,381.0,222.0,1.0
568,AXVisualSupportAgent,0.0,0.1657485961914062,0.6920000000000001,0.16974639892578122,50,1007.0,381.0,222.0,1.0
575,rapportd,0.0,0.1310348510742187,0.002,0.1259346008300781,50,1007.0,381.0,222.0,1.0
578,secd,0.0,0.1482009887695312,0.006000000000000001,0.15089416503906247,50,1007.0,381.0,222.0,1.0
580,trustd,0.0,0.1119613647460937,0.04,0.11620330810546871,50,1007.0,381.0,222.0,1.0
583,WallpaperAgent,0.0,0.144195556640625,0.004,0.1629066467285156,50,1007.0,381.0,222.0,1.0
587,com.apple.hiservices-xpcservice,0.0,0.0278472900390625,0.01,0.03719711303710933,50,1007.0,381.0,222.0,1.0
589,sharedfilelistd,0.0,0.0867843627929687,0.0,0.08721542358398436,50,1007.0,381.0,222.0,1.0
590,containermanagerd,0.0,0.0459671020507812,0.012,0.04875946044921871,50,1007.0,381.0,222.0,1.0
591,usernotificationsd,0.0,0.1050949096679687,0.008,0.09786605834960933,50,1007.0,381.0,222.0,1.0
596,callservicesd,0.0,0.1430511474609375,0.006000000000000001,0.17979049682617185,50,1007.0,381.0,222.0,1.0
600,fontd,0.0,0.0499725341796875,0.002,0.06991577148437499,50,1007.0,381.0,222.0,1.0
602,fileproviderd,0.1,0.13885498046875,0.21200000000000002,0.1446113586425781,50,1007.0,381.0,222.0,1.0
604,AMPDeviceDiscoveryAgent,0.0,0.045013427734375,0.0,0.051746368408203104,50,1007.0,381.0,222.0,1.0
709,nsurlsessiond,0.0,0.1308441162109375,0.032,0.1256752014160156,50,1007.0,381.0,222.0,1.0
713,Spotlight,0.0,0.1947402954101562,0.05,0.27865600585937494,50,1007.0,381.0,222.0,1.0
376,loginwindow,0.0,0.23193359375,0.008,0.24020385742187497,50,1007.0,381.0,222.0,1.0
716,PAH_Extension,0.0,0.1150131225585937,0.014000000000000002,0.11199188232421874,50,1007.0,381.0,222.0,1.0
957,Google Chrome,0.1,2.17132568359375,1.324,2.2691001892089844,50,1007.0,381.0,222.0,1.0
960,chrome_crashpad_handler,0.0,0.0188827514648437,0.0,0.019365310668945288,100,1007.0,381.0,222.0,1.0
961,voicebankingd,0.0,0.0722885131835937,0.0,0.07259750366210932,50,1007.0,381.0,222.0,1.0
963,Google Chrome Helper,1.1,0.99029541015625,0.6,0.42389755249023436,250,1007.0,381.0,222.0,1.0
964,Google Chrome Helper,0.0,0.6443023681640625,0.6,0.42389755249023436,250,1007.0,381.0,222.0,1.0
966,Google Chrome Helper,0.0,0.2103805541992187,0.6,0.42389755249023436,250,1007.0,381.0,222.0,1.0
1015,Google Chrome Helper,0.0,0.159454345703125,0.6,0.42389755249023436,250,1007.0,381.0,222.0,1.0
1052,spotlightknowledged,0.0,0.0352859497070312,0.0,0.04377672749180943,62,1007.0,381.0,222.0,1.0
1191,storeaccountd,0.0,0.0658035278320312,0.0,0.06579971313476557,50,1007.0,381.0,222.0,1.0
1474,IMAutomaticHistoryDeletionAgent,0.0,0.0730514526367187,0.0,0.08300018310546874,50,1007.0,381.0,222.0,1.0
1718,ServiceExtension,0.0,0.142669677734375,0.0,0.142669677734375,50,1007.0,381.0,222.0,1.0
932,com.apple.WebKit.WebContent,0.9,0.5056381225585938,0.2837142857142857,0.5284216744559151,350,1007.0,381.0,222.0,1.0
2095,com.apple.WebKit.WebContent,1.1,0.183868408203125,0.2837142857142857,0.5284216744559151,350,1007.0,381.0,222.0,1.0
2641,Google Chrome Helper (Renderer),0.0,0.6280899047851562,0.647816091954023,1.1122661897505837,435,1007.0,381.0,222.0,1.0
2672,Google Chrome Helper (Renderer),4.4,5.737495422363281,0.647816091954023,1.1122661897505837,435,1007.0,381.0,222.0,1.0
2826,Code,0.1,1.1762619018554688,1.3619999999999999,1.3807182312011719,50,1007.0,381.0,222.0,1.0
2832,chrome_crashpad_handler,0.0,0.0194549560546875,0.0,0.019365310668945288,100,1007.0,381.0,222.0,1.0
2833,Code Helper,0.0,0.5971908569335938,0.32371428571428573,0.48915318080357145,350,1007.0,381.0,222.0,1.0
2834,Code Helper,0.0,0.322723388671875,0.32371428571428573,0.48915318080357145,350,1007.0,381.0,222.0,1.0
2835,Code Helper (Renderer),0.0,3.7546157836914062,3.5780000000000003,3.886066436767578,50,1007.0,381.0,222.0,1.0
2852,Code Helper,0.1,0.7213592529296875,0.32371428571428573,0.48915318080357145,350,1007.0,381.0,222.0,1.0
2878,Code Helper,0.0,0.3717422485351562,0.32371428571428573,0.48915318080357145,350,1007.0,381.0,222.0,1.0
2880,Code Helper,0.0,0.1550674438476562,0.32371428571428573,0.48915318080357145,350,1007.0,381.0,222.0,1.0
714,CursorUIViewService,0.0,0.1369476318359375,0.07400000000000001,0.15747833251953122,50,1007.0,381.0,222.0,1.0
2096,com.apple.WebKit.WebContent,0.7,0.3255844116210937,0.2837142857142857,0.5284216744559151,350,1007.0,381.0,222.0,1.0
931,com.apple.WebKit.WebContent,0.7,0.3988265991210937,0.2837142857142857,0.5284216744559151,350,1007.0,381.0,222.0,1.0
2913,Code Helper,0.3,0.5632400512695312,0.32371428571428573,0.48915318080357145,350,1007.0,381.0,222.0,1.0
926,peopled,0.0,0.086212158203125,0.0,0.08623886108398438,50,1007.0,381.0,222.0,1.0
930,com.apple.WebKit.WebContent,0.8,0.1882553100585937,0.2837142857142857,0.5284216744559151,350,1007.0,381.0,222.0,1.0
717,OneDrive,0.0,0.3322601318359375,0.032,0.36077880859375,50,1007.0,381.0,222.0,1.0
718,corespotlightd,0.0,0.1459121704101562,0.012,0.15357208251953122,50,1007.0,381.0,222.0,1.0
722,duetexpertd,0.0,0.284576416015625,0.09,0.26060485839843744,50,1007.0,381.0,222.0,1.0
730,Spotify,0.7,1.067352294921875,0.5479999999999999,1.0496597290039062,50,1007.0,381.0,222.0,1.0
733,homed,0.0,0.121307373046875,0.0,0.1302070617675781,50,1007.0,381.0,222.0,1.0
734,mediaremoteagent,0.0,0.0232696533203125,0.0,0.0232696533203125,50,1007.0,381.0,222.0,1.0
740,Spotify Helper,0.0,0.0396728515625,0.015600000000000001,0.14564056396484373,250,1007.0,381.0,222.0,1.0
747,Spotify Helper,0.0,0.1922607421875,0.015600000000000001,0.14564056396484373,250,1007.0,381.0,222.0,1.0
748,Spotify Helper,0.0,0.2851486206054687,0.015600000000000001,0.14564056396484373,250,1007.0,381.0,222.0,1.0
752,Spotify Helper,0.0,0.1039505004882812,0.015600000000000001,0.14564056396484373,250,1007.0,381.0,222.0,1.0
755,Grammarly Desktop,0.1,0.6839752197265625,0.524,0.7150344848632812,50,1007.0,381.0,222.0,1.0
741,avconferenced,0.0,0.067901611328125,0.0,0.06789779663085938,50,1007.0,381.0,222.0,1.0
772,com.apple.WebKit.GPU,0.0,0.0507354736328125,0.102,0.09322547912597655,100,1007.0,381.0,222.0,1.0
921,Spotify Helper,0.0,0.087738037109375,0.015600000000000001,0.14564056396484373,250,1007.0,381.0,222.0,1.0
768,Spotify Helper (Renderer),0.0,0.5649566650390625,0.044000000000000004,0.4534873962402344,50,1007.0,381.0,222.0,1.0
918,com.apple.WebKit.GPU,0.0,0.0780105590820312,0.102,0.09322547912597655,100,1007.0,381.0,222.0,1.0
916,com.apple.WebKit.WebContent,6.3,0.6805419921875,0.2837142857142857,0.5284216744559151,350,1007.0,381.0,222.0,1.0
913,app_inkwell,1.3,0.2851486206054687,0.94,0.29593276977539057,50,1007.0,381.0,222.0,1.0
898,OneDrive Sync Service,0.0,0.1970291137695312,0.004,0.21224594116210935,50,1007.0,381.0,222.0,1.0
919,com.apple.WebKit.Networking,6.9,0.2262115478515625,0.4,0.16855621337890622,100,1007.0,381.0,222.0,1.0
857,Grammarly Desktop Update Service,0.0,0.109100341796875,0.006000000000000001,0.11079406738281246,50,1007.0,381.0,222.0,1.0
792,commerce,0.0,0.0902175903320312,0.0,0.08901596069335932,50,1007.0,381.0,222.0,1.0
776,com.apple.WebKit.Networking,0.0,0.140380859375,0.4,0.16855621337890622,100,1007.0,381.0,222.0,1.0
774,com.apple.WebKit.WebContent,0.0,0.0186920166015625,0.2837142857142857,0.5284216744559151,350,1007.0,381.0,222.0,1.0
873,mdbulkimport,0.0,0.0713348388671875,0.0,0.07133102416992188,50,1007.0,381.0,222.0,1.0
9271,mdwrite,0.0,0.0329971313476562,0.0,0.032993316650390576,50,1007.0,381.0,222.0,1.0
9069,searchpartyuseragent,0.0,0.1367568969726562,0.002,0.13115692138671872,50,1007.0,381.0,222.0,1.0
9086,knowledge-agent,0.0,0.1398086547851562,0.004,0.13211822509765622,50,1007.0,381.0,222.0,1.0
9088,contactsd,0.3,0.0841140747070312,0.008,0.09849548339843746,50,1007.0,381.0,222.0,1.0
9095,calaccessd,0.0,0.1596450805664062,0.002,0.15127944946289057,50,1007.0,381.0,222.0,1.0
9101,bird,0.0,0.128173828125,0.04800000000000001,0.12118530273437494,50,1007.0,381.0,222.0,1.0
9134,ScreenTimeAgent,0.0,0.1127243041992187,0.0,0.10361862182617183,50,1007.0,381.0,222.0,1.0
9138,siriactionsd,0.1,0.153350830078125,0.004,0.14521408081054685,50,1007.0,381.0,222.0,1.0
9205,IntelligencePlatformComputeService,0.0,0.0879287719726562,0.0,0.0879287719726562,50,1007.0,381.0,222.0,1.0
9223,mapssyncd,0.0,0.0917434692382812,0.0,0.09173965454101557,50,1007.0,381.0,222.0,1.0
9272,mbuseragent,0.0,0.0368118286132812,0.0,0.036808013916015576,50,1007.0,381.0,222.0,1.0
9842,Keychain Circle Notification,0.0,0.1321792602539062,0.044000000000000004,0.18328857421874997,50,1007.0,381.0,222.0,1.0
9572,proactived,0.1,0.11138916015625,0.02,0.1299476623535156,50,1007.0,381.0,222.0,1.0
9575,akd,0.0,0.2222061157226562,0.002,0.2174873352050781,50,1007.0,381.0,222.0,1.0
9577,CloudTelemetryService,0.0,0.07781982421875,0.0,0.06444135050135331,127,1007.0,381.0,222.0,1.0
9649,suggestd,0.0,0.1623153686523437,0.002,0.15771484374999997,50,1007.0,381.0,222.0,1.0
9681,AppleSpell,0.0,0.1420974731445312,0.0,0.13717651367187494,50,1007.0,381.0,222.0,1.0
9682,keyboardservicesd,0.0,0.0919342041015625,0.0,0.0876617431640625,50,1007.0,381.0,222.0,1.0
9742,promotedcontentd,0.0,0.1224517822265625,0.002,0.11449813842773438,50,1007.0,381.0,222.0,1.0
9754,ctkd,0.0,0.0896453857421875,0.0,0.08569717407226562,50,1007.0,381.0,222.0,1.0
9762,coreauthd,0.0,0.0871658325195312,0.0,0.09390640258789058,50,1007.0,381.0,222.0,1.0
9767,cdpd,0.0,0.0759124755859375,0.0,0.07590243690892269,19,1007.0,381.0,222.0,1.0
9829,transparencyd,0.0,0.2248764038085937,0.018000000000000002,0.21265792846679685,50,1007.0,381.0,222.0,1.0
9556,syncdefaultsd,0.0,0.1256942749023437,0.006000000000000001,0.11057662963867186,50,1007.0,381.0,222.0,1.0
9053,cloudd,0.1,0.2260208129882812,0.016,0.2035255432128906,50,1007.0,381.0,222.0,1.0
8335,WorldClockWidget,0.0,0.2202987670898437,0.0,0.22029876708984367,50,1007.0,381.0,222.0,1.0
9040,triald,0.0,0.1466751098632812,0.0,0.12915039062499997,50,1007.0,381.0,222.0,1.0
3063,zsh,0.0,0.0047683715820312,0.0,0.009178644112447462,253,1007.0,381.0,222.0,1.0
9845,intelligentroutingd,0.0,0.0883102416992187,0.0,0.0883407592773437,50,1007.0,381.0,222.0,1.0
4030,pet,0.0,0.0217437744140625,0.02,0.02233123779296875,50,1007.0,381.0,222.0,1.0
4037,zsh,0.0,0.0043869018554687,0.0,0.009178644112447462,253,1007.0,381.0,222.0,1.0
4143,Code Helper (Plugin),0.0,0.2046585083007812,0.041,0.5363956451416015,500,1007.0,381.0,222.0,1.0
4194,Code Helper (Plugin),0.0,0.6879806518554688,0.041,0.5363956451416015,500,1007.0,381.0,222.0,1.0
5379,Code Helper (Plugin),0.0,0.2285003662109375,0.041,0.5363956451416015,500,1007.0,381.0,222.0,1.0
5384,zsh,0.0,0.0043869018554687,0.0,0.009178644112447462,253,1007.0,381.0,222.0,1.0
5761,zsh,0.0,0.0131607055664062,0.0,0.009178644112447462,253,1007.0,381.0,222.0,1.0
6986,accountsd,0.0,0.2042770385742187,0.0,0.1851234436035156,50,1007.0,381.0,222.0,1.0
8323,Google Chrome Helper (Renderer),0.0,0.6567001342773438,0.647816091954023,1.1122661897505837,435,1007.0,381.0,222.0,1.0
8324,Google Chrome Helper (Renderer),0.0,0.26702880859375,0.647816091954023,1.1122661897505837,435,1007.0,381.0,222.0,1.0
8325,Google Chrome Helper (Renderer),0.0,0.3637313842773437,0.647816091954023,1.1122661897505837,435,1007.0,381.0,222.0,1.0
8326,chronod,0.0,0.1575469970703125,0.01,0.15725708007812497,50,1007.0,381.0,222.0,1.0
8328,Google Chrome Helper (Renderer),0.0,0.5157470703125,0.647816091954023,1.1122661897505837,435,1007.0,381.0,222.0,1.0
8336,CalendarWidgetExtension,0.0,0.1031875610351562,0.0,0.1031875610351562,50,1007.0,381.0,222.0,1.0
8337,WeatherWidget,0.0,0.36163330078125,0.0,0.3655509948730469,50,1007.0,381.0,222.0,1.0
8339,StocksWidget,0.0,0.3248214721679687,0.0,0.3267478942871093,50,1007.0,381.0,222.0,1.0
8340,ScreenTimeWidgetExtension,0.0,0.3332138061523437,0.0,0.3311538696289062,50,1007.0,381.0,222.0,1.0
8351,Google Chrome Helper,0.0,0.1834869384765625,0.6,0.42389755249023436,250,1007.0,381.0,222.0,1.0
8396,audioaccessoryd,0.0,0.1178741455078125,0.0,0.10800170898437496,50,1007.0,381.0,222.0,1.0
8410,routined,0.0,0.206756591796875,0.034,0.19092559814453122,50,1007.0,381.0,222.0,1.0
8666,Google Chrome Helper (Renderer),0.0,0.3103256225585937,0.647816091954023,1.1122661897505837,435,1007.0,381.0,222.0,1.0
9000,PowerChime,0.0,0.1392364501953125,0.008,0.14000701904296872,50,1007.0,381.0,222.0,1.0
9032,secinitd,0.0,0.0652313232421875,0.0,0.06522750854492188,50,1007.0,381.0,222.0,1.0
9049,tccd,0.0,0.110626220703125,0.0,0.10362243652343744,50,1007.0,381.0,222.0,1.0
9847,UIKitSystem,0.0,0.1695632934570312,0.002,0.17118835449218742,50,1007.0,381.0,222.0,1.0
10209,Code Helper (Plugin),0.0,0.4791259765625,0.041,0.5363956451416015,500,1007.0,381.0,222.0,1.0
9879,Siri,0.0,0.1544952392578125,0.016,0.1504554748535156,50,1007.0,381.0,222.0,1.0
10481,Google Chrome Helper (Renderer),0.0,1.009368896484375,0.647816091954023,1.1122661897505837,435,1007.0,381.0,222.0,1.0
10490,talagentd,0.0,0.14801025390625,0.002,0.14520263671874997,50,1007.0,381.0,222.0,1.0
10558,pbs,0.0,0.031280517578125,0.002,0.031276702880859375,50,1007.0,381.0,222.0,1.0
11204,MTLCompilerService,0.0,0.0333786010742187,0.0,0.03340148925781246,50,1007.0,381.0,222.0,1.0
11684,mlhostd,0.0,0.1436233520507812,0.0,0.14452743530273432,50,1007.0,381.0,222.0,1.0
11889,mdworker_shared,0.0,0.20751953125,0.02153846153846154,0.19098232953976357,195,1007.0,381.0,222.0,1.0
12774,businessservicesd,0.0,0.0812530517578125,0.0,0.081024169921875,50,1007.0,381.0,222.0,1.0
12775,MessagesBlastDoorService,0.0,0.0579833984375,0.0,0.05239105224609375,50,1007.0,381.0,222.0,1.0
12776,feedbackd,0.0,0.0789642333984375,0.0,0.078704833984375,50,1007.0,381.0,222.0,1.0
12777,ProtectedCloudKeySyncing,0.0,0.1003265380859375,0.0,0.09304428100585938,50,1007.0,381.0,222.0,1.0
12779,gamecontrolleragentd,0.0,0.0589370727539062,0.002,0.060253143310546854,50,1007.0,381.0,222.0,1.0
10215,Code Helper (Plugin),0.0,0.4495620727539062,0.041,0.5363956451416015,500,1007.0,381.0,222.0,1.0
12806,python3.12,0.8,0.168609619140625,0.46153846153846156,0.1703031770475618,91,1007.0,381.0,222.0,1.0
12959,ndoagent,0.0,0.0753402709960937,0.0,0.0754165649414062,50,1007.0,381.0,222.0,1.0
12962,mdworker_shared,0.0,0.2069473266601562,0.02153846153846154,0.19098232953976357,195,1007.0,381.0,222.0,1.0
12963,replayd,0.0,0.220489501953125,0.0,0.21639064866669325,49,1007.0,381.0,222.0,1.0
13000,python3.12,0.0,0.1613616943359375,0.46153846153846156,0.1703031770475618,91,1007.0,381.0,222.0,1.0
13020,mdworker_shared,0.0,0.1295089721679687,0.02153846153846154,0.19098232953976357,195,1007.0,381.0,222.0,1.0
13021,mdworker_shared,0.0,0.1947402954101562,0.02153846153846154,0.19098232953976357,195,1007.0,381.0,222.0,1.0
13025,com.apple.siri.embeddedspeech,0.0,0.2153396606445312,0.03142857142857143,0.17331804547991067,35,1007.0,381.0,222.0,1.0
13029,mdworker_shared,0.0,0.164794921875,0.02153846153846154,0.19098232953976357,195,1007.0,381.0,222.0,1.0
13036,CommCenter,0.0,0.344085693359375,0.006000000000000001,0.23591232299804685,50,1007.0,381.0,222.0,1.0
13037,CoreLocationAgent,0.0,0.5605697631835938,0.00425531914893617,0.4036964254176363,47,1007.0,381.0,222.0,1.0
3045,Code Helper (Plugin),0.0,0.2454757690429687,0.041,0.5363956451416015,500,1007.0,381.0,222.0,1.0
12815,zsh,0.0,0.0156402587890625,0.0,0.009178644112447462,253,1007.0,381.0,222.0,1.0
9877,avatarsd,0.0,0.1684188842773437,0.0,0.16840934753417963,20,1007.0,381.0,222.0,1.0
10213,Code Helper (Plugin),0.0,0.4911422729492187,0.041,0.5363956451416015,500,1007.0,381.0,222.0,1.0
10211,Code Helper (Plugin),0.0,0.4499435424804687,0.041,0.5363956451416015,500,1007.0,381.0,222.0,1.0
9888,SiriNCService,0.0,0.1607894897460937,0.008,0.15225982666015622,50,1007.0,381.0,222.0,1.0
9891,AssetCacheLocatorService,0.0,0.0406265258789062,0.0,0.04087829589843746,50,1007.0,381.0,222.0,1.0
9901,pkd,0.0,0.1138687133789062,0.002,0.10622024536132811,50,1007.0,381.0,222.0,1.0
9909,com.apple.geod,0.0,0.0951766967773437,0.004,0.09388351440429683,50,1007.0,381.0,222.0,1.0
9946,extensionkitservice,0.0,0.080108642578125,0.0,0.08034324645996094,100,1007.0,381.0,222.0,1.0
9947,networkserviceproxy,0.0,0.1493453979492187,0.0,0.1554603576660156,50,1007.0,381.0,222.0,1.0
9963,swtransparencyd,0.0,0.0896453857421875,0.0,0.08174896240234374,50,1007.0,381.0,222.0,1.0
9964,CloudTelemetryService,0.0,0.0783920288085937,0.0,0.06444135050135331,127,1007.0,381.0,222.0,1.0
9982,contentlinkingd,0.0,0.0848770141601562,0.0,0.08146667480468746,50,1007.0,381.0,222.0,1.0
9984,AuthenticationServicesAgent,0.0,0.1104354858398437,0.0,0.11043548583984371,19,1007.0,381.0,222.0,1.0
10001,AppPredictionIntentsHelperService,0.0,0.1634597778320312,0.0,0.16557312011718747,50,1007.0,381.0,222.0,1.0
10212,Code Helper (Plugin),0.0,0.49285888671875,0.041,0.5363956451416015,500,1007.0,381.0,222.0,1.0
10009,com.apple.accessibility.mediaaccessibilityd,0.0,0.0261306762695312,0.0,0.0261306762695312,50,1007.0,381.0,222.0,1.0
10011,CarbonComponentScannerXPC,0.0,0.002288818359375,0.0,0.002288818359375,19,1007.0,381.0,222.0,1.0
10015,linkd,0.0,0.0791549682617187,0.0,0.07984924316406244,50,1007.0,381.0,222.0,1.0
10115,iconservicesagent,0.0,0.0902175903320312,0.0,0.0902175903320312,50,1007.0,381.0,222.0,1.0
10121,com.apple.Safari.SafeBrowsing.Service,0.0,0.0743865966796875,0.0,0.07349395751953124,50,1007.0,381.0,222.0,1.0
10122,SAExtensionOrchestrator,0.0,0.1125335693359375,0.0,0.1125335693359375,50,1007.0,381.0,222.0,1.0
10123,extensionkitservice,0.0,0.0789642333984375,0.0,0.08034324645996094,100,1007.0,381.0,222.0,1.0
10124,GMSSELFIngestor,0.0,0.0974655151367187,0.0,0.0974655151367187,50,1007.0,381.0,222.0,1.0
10125,IFTranscriptSELFIngestor,0.0,0.086212158203125,0.0,0.086212158203125,50,1007.0,381.0,222.0,1.0
10126,IFTelemetrySELFIngestor,0.0,0.0825881958007812,0.0,0.0825881958007812,50,1007.0,381.0,222.0,1.0
10127,BiomeSELFIngestor,0.0,0.0879287719726562,0.0,0.0879287719726562,50,1007.0,381.0,222.0,1.0
10204,CoreServicesUIAgent,0.0,0.1985549926757812,0.004,0.19499969482421872,50,1007.0,381.0,222.0,1.0
10010,AudioComponentRegistrar,0.0,0.0425338745117187,0.004,0.04845809936523434,50,1007.0,381.0,222.0,1.0
3034,Code Helper (Plugin),0.1,0.9542465209960938,0.041,0.5363956451416015,500,1007.0,381.0,222.0,1.0
13026,biomesyncd,0.0,0.1171112060546875,0.0,0.12089014053344724,16,1007.0,381.0,222.0,1.0
2913,Code Helper,0.4,0.5697250366210938,0.32371428571428573,0.48915318080357145,350,1007.0,381.0,222.0,1.0
609,identityservicesd,0.2,0.2162933349609375,0.012,0.20082092285156247,50,1007.0,381.0,222.0,1.0
615,corespeechd,0.0,0.2222061157226562,0.09799999999999999,0.18834686279296872,50,1007.0,381.0,222.0,1.0
616,assistantd,0.0,0.2941131591796875,0.004,0.23475265502929685,50,1007.0,381.0,222.0,1.0
623,WallpaperImageExtension,0.0,0.0654220581054687,0.0,0.07489013671874994,50,1007.0,381.0,222.0,1.0
639,sharingd,0.0,0.1482009887695312,0.002,0.14010620117187497,50,1007.0,381.0,222.0,1.0
641,usernoted,0.1,0.1615524291992187,0.02,0.15933227539062497,50,1007.0,381.0,222.0,1.0
642,neagent,0.0,0.1068115234375,0.0,0.1076812744140625,50,1007.0,381.0,222.0,1.0
643,useractivityd,0.0,0.08544921875,0.008,0.08467864990234374,50,1007.0,381.0,222.0,1.0
644,com.apple.dock.extra,0.0,0.18463134765625,0.048,0.17804336547851562,50,1007.0,381.0,222.0,1.0
646,NotificationCenter,0.5,0.2092361450195312,0.024000000000000004,0.24862670898437497,50,1007.0,381.0,222.0,1.0
649,milod,0.0,0.0820159912109375,0.0,0.08232498168945312,50,1007.0,381.0,222.0,1.0
608,ViewBridgeAuxiliary,0.0,0.0833511352539062,0.014000000000000002,0.08618545532226561,50,1007.0,381.0,222.0,1.0
650,familycircled,0.0,0.0677108764648437,0.0,0.06789016723632807,50,1007.0,381.0,222.0,1.0
666,ContextStoreAgent,0.0,0.1657485961914062,0.11199999999999999,0.1729774475097656,50,1007.0,381.0,222.0,1.0
668,BiomeAgent,0.0,0.1409530639648437,0.126,0.1340827941894531,50,1007.0,381.0,222.0,1.0
670,imklaunchagent,0.0,0.0619888305664062,0.0,0.06198501586914058,50,1007.0,381.0,222.0,1.0
673,icdd,0.0,0.0349044799804687,0.0,0.034900665283203076,50,1007.0,381.0,222.0,1.0
680,AirPlayUIAgent,0.0,0.1020431518554687,0.004,0.09934997558593746,50,1007.0,381.0,222.0,1.0
683,imagent,0.1,0.1420974731445312,0.008,0.13217163085937497,50,1007.0,381.0,222.0,1.0
685,diagnostics_agent,0.0,0.101470947265625,0.002,0.09417724609374996,50,1007.0,381.0,222.0,1.0
686,TextInputMenuAgent,0.0,0.15106201171875,0.008,0.16139221191406247,50,1007.0,381.0,222.0,1.0
688,Grammarly Desktop Helper,0.0,0.101470947265625,0.002,0.10088729858398436,50,1007.0,381.0,222.0,1.0
699,com.apple.CloudDocs.iCloudDriveFileProvider,0.0,0.1056671142578125,0.008,0.09911346435546875,50,1007.0,381.0,222.0,1.0
704,ctkahp,0.0,0.037384033203125,0.0,0.037380218505859375,50,1007.0,381.0,222.0,1.0
651,StatusKitAgent,0.0,0.0787734985351562,0.0,0.07876968383789057,50,1007.0,381.0,222.0,1.0
707,WiFiAgent,0.0,0.168609619140625,0.114,0.16522979736328122,50,1007.0,381.0,222.0,1.0
606,fontworker,0.0,0.0581741333007812,0.0,0.05817031860351558,50,1007.0,381.0,222.0,1.0
604,AMPDeviceDiscoveryAgent,0.0,0.058746337890625,0.0,0.051746368408203104,50,1007.0,381.0,222.0,1.0
376,loginwindow,0.0,0.2382278442382812,0.008,0.24020385742187497,50,1007.0,381.0,222.0,1.0
3033,Code Helper,0.0,0.405120849609375,0.32371428571428573,0.48915318080357145,350,1007.0,381.0,222.0,1.0
544,cfprefsd,0.0,0.06103515625,0.066,0.05707931518554685,50,1007.0,381.0,222.0,1.0
549,UserEventAgent,0.0,0.1171112060546875,0.013999999999999999,0.10488891601562496,50,1007.0,381.0,222.0,1.0
553,WindowManager,0.0,0.2462387084960937,0.11200000000000002,0.24517440795898435,50,1007.0,381.0,222.0,1.0
557,universalaccessd,0.0,0.0888824462890625,0.006000000000000001,0.09207916259765624,50,1007.0,381.0,222.0,1.0
559,Dock,0.0,0.1979827880859375,0.076,0.20318603515624997,50,1007.0,381.0,222.0,1.0
560,ControlCenter,0.6,0.4041671752929687,0.5379999999999999,0.41684722900390625,50,1007.0,381.0,222.0,1.0
561,pboard,0.0,0.092315673828125,0.002,0.09132385253906246,50,1007.0,381.0,222.0,1.0
562,SystemUIServer,0.0,0.1272201538085937,0.006,0.13476562499999997,50,1007.0,381.0,222.0,1.0
564,Finder,0.2,0.376129150390625,0.07400000000000001,0.4227867126464844,50,1007.0,381.0,222.0,1.0
605,ContinuityCaptureAgent,0.0,0.0761032104492187,0.0,0.0761032104492187,50,1007.0,381.0,222.0,1.0
567,lsd,0.0,0.1230239868164062,0.012,0.11196517944335933,50,1007.0,381.0,222.0,1.0
575,rapportd,0.0,0.131988525390625,0.002,0.1259346008300781,50,1007.0,381.0,222.0,1.0
578,secd,0.0,0.1630783081054687,0.006000000000000001,0.15089416503906247,50,1007.0,381.0,222.0,1.0
580,trustd,0.0,0.1171112060546875,0.04,0.11620330810546871,50,1007.0,381.0,222.0,1.0
583,WallpaperAgent,0.0,0.144195556640625,0.004,0.1629066467285156,50,1007.0,381.0,222.0,1.0
587,com.apple.hiservices-xpcservice,0.0,0.0278472900390625,0.01,0.03719711303710933,50,1007.0,381.0,222.0,1.0
589,sharedfilelistd,0.0,0.1064300537109375,0.0,0.08721542358398436,50,1007.0,381.0,222.0,1.0
590,containermanagerd,0.0,0.0459671020507812,0.012,0.04875946044921871,50,1007.0,381.0,222.0,1.0
591,usernotificationsd,0.0,0.1050949096679687,0.008,0.09786605834960933,50,1007.0,381.0,222.0,1.0
596,callservicesd,0.0,0.2218246459960937,0.006000000000000001,0.17979049682617185,50,1007.0,381.0,222.0,1.0
600,fontd,0.0,0.0499725341796875,0.002,0.06991577148437499,50,1007.0,381.0,222.0,1.0
602,fileproviderd,0.2,0.1474380493164062,0.21200000000000002,0.1446113586425781,50,1007.0,381.0,222.0,1.0
568,AXVisualSupportAgent,0.0,0.1649856567382812,0.6920000000000001,0.16974639892578122,50,1007.0,381.0,222.0,1.0
709,nsurlsessiond,0.0,0.130462646484375,0.032,0.1256752014160156,50,1007.0,381.0,222.0,1.0
543,distnoted,0.1,0.0520706176757812,0.028000000000000004,0.05070495605468747,50,1007.0,381.0,222.0,1.0
714,CursorUIViewService,0.0,0.1367568969726562,0.07400000000000001,0.15747833251953122,50,1007.0,381.0,222.0,1.0
932,com.apple.WebKit.WebContent,0.1,0.4365921020507812,0.2837142857142857,0.5284216744559151,350,1007.0,381.0,222.0,1.0
957,Google Chrome,0.1,2.1575927734375,1.324,2.2691001892089844,50,1007.0,381.0,222.0,1.0
960,chrome_crashpad_handler,0.0,0.0188827514648437,0.0,0.019365310668945288,100,1007.0,381.0,222.0,1.0
961,voicebankingd,0.0,0.0722885131835937,0.0,0.07259750366210932,50,1007.0,381.0,222.0,1.0
963,Google Chrome Helper,1.2,0.9187698364257812,0.6,0.42389755249023436,250,1007.0,381.0,222.0,1.0
964,Google Chrome Helper,0.0,0.6748199462890625,0.6,0.42389755249023436,250,1007.0,381.0,222.0,1.0
966,Google Chrome Helper,0.0,0.206756591796875,0.6,0.42389755249023436,250,1007.0,381.0,222.0,1.0
1015,Google Chrome Helper,0.0,0.159454345703125,0.6,0.42389755249023436,250,1007.0,381.0,222.0,1.0
1052,spotlightknowledged,0.0,0.0352859497070312,0.0,0.04377672749180943,62,1007.0,381.0,222.0,1.0
1191,storeaccountd,0.0,0.0658035278320312,0.0,0.06579971313476557,50,1007.0,381.0,222.0,1.0
1474,IMAutomaticHistoryDeletionAgent,0.0,0.0926971435546875,0.0,0.08300018310546874,50,1007.0,381.0,222.0,1.0
931,com.apple.WebKit.WebContent,0.0,0.37841796875,0.2837142857142857,0.5284216744559151,350,1007.0,381.0,222.0,1.0
1718,ServiceExtension,0.0,0.142669677734375,0.0,0.142669677734375,50,1007.0,381.0,222.0,1.0
2096,com.apple.WebKit.WebContent,0.0,0.32958984375,0.2837142857142857,0.5284216744559151,350,1007.0,381.0,222.0,1.0
2641,Google Chrome Helper (Renderer),0.0,0.6280899047851562,0.647816091954023,1.1122661897505837,435,1007.0,381.0,222.0,1.0
2672,Google Chrome Helper (Renderer),4.6,5.718994140625,0.647816091954023,1.1122661897505837,435,1007.0,381.0,222.0,1.0
2826,Code,0.1,1.18560791015625,1.3619999999999999,1.3807182312011719,50,1007.0,381.0,222.0,1.0
2832,chrome_crashpad_handler,0.0,0.0194549560546875,0.0,0.019365310668945288,100,1007.0,381.0,222.0,1.0
2833,Code Helper,0.0,0.5815505981445312,0.32371428571428573,0.48915318080357145,350,1007.0,381.0,222.0,1.0
2834,Code Helper,0.0,0.3564834594726562,0.32371428571428573,0.48915318080357145,350,1007.0,381.0,222.0,1.0
2835,Code Helper (Renderer),0.2,3.7595748901367183,3.5780000000000003,3.886066436767578,50,1007.0,381.0,222.0,1.0
2852,Code Helper,0.0,0.726318359375,0.32371428571428573,0.48915318080357145,350,1007.0,381.0,222.0,1.0
2880,Code Helper,0.0,0.1560211181640625,0.32371428571428573,0.48915318080357145,350,1007.0,381.0,222.0,1.0
713,Spotlight,0.0,0.1932144165039062,0.05,0.27865600585937494,50,1007.0,381.0,222.0,1.0
2095,com.apple.WebKit.WebContent,0.0,0.2676010131835937,0.2837142857142857,0.5284216744559151,350,1007.0,381.0,222.0,1.0
930,com.apple.WebKit.WebContent,0.0,0.2506256103515625,0.2837142857142857,0.5284216744559151,350,1007.0,381.0,222.0,1.0
2878,Code Helper,0.1,0.37841796875,0.32371428571428573,0.48915318080357145,350,1007.0,381.0,222.0,1.0
921,Spotify Helper,0.0,0.087738037109375,0.015600000000000001,0.14564056396484373,250,1007.0,381.0,222.0,1.0
717,OneDrive,0.0,0.347137451171875,0.032,0.36077880859375,50,1007.0,381.0,222.0,1.0
716,PAH_Extension,0.0,0.1150131225585937,0.014000000000000002,0.11199188232421874,50,1007.0,381.0,222.0,1.0
718,corespotlightd,0.0,0.145721435546875,0.012,0.15357208251953122,50,1007.0,381.0,222.0,1.0
722,duetexpertd,0.2,0.2408981323242187,0.09,0.26060485839843744,50,1007.0,381.0,222.0,1.0
730,Spotify,0.8,1.0808944702148438,0.5479999999999999,1.0496597290039062,50,1007.0,381.0,222.0,1.0
733,homed,0.0,0.1451492309570312,0.0,0.1302070617675781,50,1007.0,381.0,222.0,1.0
734,mediaremoteagent,0.0,0.0232696533203125,0.0,0.0232696533203125,50,1007.0,381.0,222.0,1.0
926,peopled,0.0,0.086212158203125,0.0,0.08623886108398438,50,1007.0,381.0,222.0,1.0
741,avconferenced,0.0,0.067901611328125,0.0,0.06789779663085938,50,1007.0,381.0,222.0,1.0
747,Spotify Helper,0.0,0.191497802734375,0.015600000000000001,0.14564056396484373,250,1007.0,381.0,222.0,1.0
748,Spotify Helper,0.0,0.3055572509765625,0.015600000000000001,0.14564056396484373,250,1007.0,381.0,222.0,1.0
752,Spotify Helper,0.0,0.1068115234375,0.015600000000000001,0.14564056396484373,250,1007.0,381.0,222.0,1.0
740,Spotify Helper,0.0,0.0396728515625,0.015600000000000001,0.14564056396484373,250,1007.0,381.0,222.0,1.0
768,Spotify Helper (Renderer),0.0,0.5649566650390625,0.044000000000000004,0.4534873962402344,50,1007.0,381.0,222.0,1.0
919,com.apple.WebKit.Networking,0.2,0.2262115478515625,0.4,0.16855621337890622,100,1007.0,381.0,222.0,1.0
755,Grammarly Desktop,0.2,0.69122314453125,0.524,0.7150344848632812,50,1007.0,381.0,222.0,1.0
916,com.apple.WebKit.WebContent,0.0,0.6528854370117188,0.2837142857142857,0.5284216744559151,350,1007.0,381.0,222.0,1.0
913,app_inkwell,0.0,0.2798080444335937,0.94,0.29593276977539057,50,1007.0,381.0,222.0,1.0
898,OneDrive Sync Service,0.0,0.213623046875,0.004,0.21224594116210935,50,1007.0,381.0,222.0,1.0
918,com.apple.WebKit.GPU,0.0,0.07781982421875,0.102,0.09322547912597655,100,1007.0,381.0,222.0,1.0
857,Grammarly Desktop Update Service,0.0,0.109100341796875,0.006000000000000001,0.11079406738281246,50,1007.0,381.0,222.0,1.0
792,commerce,0.0,0.0860214233398437,0.0,0.08901596069335932,50,1007.0,381.0,222.0,1.0
776,com.apple.WebKit.Networking,0.0,0.1333236694335937,0.4,0.16855621337890622,100,1007.0,381.0,222.0,1.0
774,com.apple.WebKit.WebContent,0.0,0.0186920166015625,0.2837142857142857,0.5284216744559151,350,1007.0,381.0,222.0,1.0
772,com.apple.WebKit.GPU,0.0,0.0507354736328125,0.102,0.09322547912597655,100,1007.0,381.0,222.0,1.0
873,mdbulkimport,0.0,0.0713348388671875,0.0,0.07133102416992188,50,1007.0,381.0,222.0,1.0
9138,siriactionsd,0.0,0.1607894897460937,0.004,0.14521408081054685,50,1007.0,381.0,222.0,1.0
9134,ScreenTimeAgent,0.0,0.1127243041992187,0.0,0.10361862182617183,50,1007.0,381.0,222.0,1.0
9101,bird,0.0,0.1279830932617187,0.04800000000000001,0.12118530273437494,50,1007.0,381.0,222.0,1.0
9095,calaccessd,0.0,0.1596450805664062,0.002,0.15127944946289057,50,1007.0,381.0,222.0,1.0
9069,searchpartyuseragent,0.0,0.1363754272460937,0.002,0.13115692138671872,50,1007.0,381.0,222.0,1.0
9086,knowledge-agent,0.0,0.1394271850585937,0.004,0.13211822509765622,50,1007.0,381.0,222.0,1.0
9053,cloudd,0.0,0.2254486083984375,0.016,0.2035255432128906,50,1007.0,381.0,222.0,1.0
9049,tccd,0.0,0.110626220703125,0.0,0.10362243652343744,50,1007.0,381.0,222.0,1.0
9040,triald,0.0,0.1466751098632812,0.0,0.12915039062499997,50,1007.0,381.0,222.0,1.0
9088,contactsd,0.0,0.11138916015625,0.008,0.09849548339843746,50,1007.0,381.0,222.0,1.0
9205,IntelligencePlatformComputeService,0.0,0.0879287719726562,0.0,0.0879287719726562,50,1007.0,381.0,222.0,1.0
9754,ctkd,0.0,0.0896453857421875,0.0,0.08569717407226562,50,1007.0,381.0,222.0,1.0
9271,mdwrite,0.0,0.0329971313476562,0.0,0.032993316650390576,50,1007.0,381.0,222.0,1.0
9272,mbuseragent,0.0,0.0368118286132812,0.0,0.036808013916015576,50,1007.0,381.0,222.0,1.0
9556,syncdefaultsd,0.0,0.1255035400390625,0.006000000000000001,0.11057662963867186,50,1007.0,381.0,222.0,1.0
9572,proactived,0.0,0.1262664794921875,0.02,0.1299476623535156,50,1007.0,381.0,222.0,1.0
9575,akd,0.0,0.2227783203125,0.002,0.2174873352050781,50,1007.0,381.0,222.0,1.0
9577,CloudTelemetryService,0.0,0.07781982421875,0.0,0.06444135050135331,127,1007.0,381.0,222.0,1.0
9649,suggestd,0.0,0.1623153686523437,0.002,0.15771484374999997,50,1007.0,381.0,222.0,1.0
9681,AppleSpell,0.0,0.1420974731445312,0.0,0.13717651367187494,50,1007.0,381.0,222.0,1.0
9682,keyboardservicesd,0.0,0.0919342041015625,0.0,0.0876617431640625,50,1007.0,381.0,222.0,1.0
9742,promotedcontentd,0.0,0.1220703125,0.002,0.11449813842773438,50,1007.0,381.0,222.0,1.0
9762,coreauthd,0.0,0.0982284545898437,0.0,0.09390640258789058,50,1007.0,381.0,222.0,1.0
9223,mapssyncd,0.0,0.0917434692382812,0.0,0.09173965454101557,50,1007.0,381.0,222.0,1.0
9032,secinitd,0.0,0.0652313232421875,0.0,0.06522750854492188,50,1007.0,381.0,222.0,1.0
8325,Google Chrome Helper (Renderer),0.0,0.3637313842773437,0.647816091954023,1.1122661897505837,435,1007.0,381.0,222.0,1.0
8666,Google Chrome Helper (Renderer),0.0,0.3103256225585937,0.647816091954023,1.1122661897505837,435,1007.0,381.0,222.0,1.0
3034,Code Helper (Plugin),0.2,1.1545181274414062,0.041,0.5363956451416015,500,1007.0,381.0,222.0,1.0
9829,transparencyd,0.0,0.2244949340820312,0.018000000000000002,0.21265792846679685,50,1007.0,381.0,222.0,1.0
3045,Code Helper (Plugin),0.0,0.2561569213867187,0.041,0.5363956451416015,500,1007.0,381.0,222.0,1.0
3063,zsh,0.0,0.0047683715820312,0.0,0.009178644112447462,253,1007.0,381.0,222.0,1.0
4030,pet,0.0,0.0217437744140625,0.02,0.02233123779296875,50,1007.0,381.0,222.0,1.0
4037,zsh,0.0,0.0043869018554687,0.0,0.009178644112447462,253,1007.0,381.0,222.0,1.0
4143,Code Helper (Plugin),0.0,0.2048492431640625,0.041,0.5363956451416015,500,1007.0,381.0,222.0,1.0
4194,Code Helper (Plugin),0.0,0.77362060546875,0.041,0.5363956451416015,500,1007.0,381.0,222.0,1.0
5379,Code Helper (Plugin),0.0,0.2290725708007812,0.041,0.5363956451416015,500,1007.0,381.0,222.0,1.0
5384,zsh,0.0,0.0043869018554687,0.0,0.009178644112447462,253,1007.0,381.0,222.0,1.0
5761,zsh,0.0,0.0131607055664062,0.0,0.009178644112447462,253,1007.0,381.0,222.0,1.0
9000,PowerChime,0.0,0.1392364501953125,0.008,0.14000701904296872,50,1007.0,381.0,222.0,1.0
6986,accountsd,0.0,0.2063751220703125,0.0,0.1851234436035156,50,1007.0,381.0,222.0,1.0
8324,Google Chrome Helper (Renderer),0.0,0.26702880859375,0.647816091954023,1.1122661897505837,435,1007.0,381.0,222.0,1.0
8326,chronod,0.0,0.1575469970703125,0.01,0.15725708007812497,50,1007.0,381.0,222.0,1.0
8328,Google Chrome Helper (Renderer),0.0,0.5157470703125,0.647816091954023,1.1122661897505837,435,1007.0,381.0,222.0,1.0
8335,WorldClockWidget,0.0,0.2202987670898437,0.0,0.22029876708984367,50,1007.0,381.0,222.0,1.0
8336,CalendarWidgetExtension,0.0,0.1031875610351562,0.0,0.1031875610351562,50,1007.0,381.0,222.0,1.0
8337,WeatherWidget,0.0,0.36163330078125,0.0,0.3655509948730469,50,1007.0,381.0,222.0,1.0
8339,StocksWidget,0.0,0.3248214721679687,0.0,0.3267478942871093,50,1007.0,381.0,222.0,1.0
8340,ScreenTimeWidgetExtension,0.0,0.3332138061523437,0.0,0.3311538696289062,50,1007.0,381.0,222.0,1.0
8351,Google Chrome Helper,0.0,0.1834869384765625,0.6,0.42389755249023436,250,1007.0,381.0,222.0,1.0
8396,audioaccessoryd,0.0,0.1176834106445312,0.0,0.10800170898437496,50,1007.0,381.0,222.0,1.0
8410,routined,0.0,0.2063751220703125,0.034,0.19092559814453122,50,1007.0,381.0,222.0,1.0
8323,Google Chrome Helper (Renderer),0.0,0.6567001342773438,0.647816091954023,1.1122661897505837,435,1007.0,381.0,222.0,1.0
9842,Keychain Circle Notification,0.0,0.1321792602539062,0.044000000000000004,0.18328857421874997,50,1007.0,381.0,222.0,1.0
10211,Code Helper (Plugin),0.0,0.45013427734375,0.041,0.5363956451416015,500,1007.0,381.0,222.0,1.0
9847,UIKitSystem,0.0,0.1695632934570312,0.002,0.17118835449218742,50,1007.0,381.0,222.0,1.0
10481,Google Chrome Helper (Renderer),0.0,1.009368896484375,0.647816091954023,1.1122661897505837,435,1007.0,381.0,222.0,1.0
10490,talagentd,0.0,0.1478195190429687,0.002,0.14520263671874997,50,1007.0,381.0,222.0,1.0
10558,pbs,0.0,0.031280517578125,0.002,0.031276702880859375,50,1007.0,381.0,222.0,1.0
11204,MTLCompilerService,0.0,0.0333786010742187,0.0,0.03340148925781246,50,1007.0,381.0,222.0,1.0
11684,mlhostd,0.0,0.1436233520507812,0.0,0.14452743530273432,50,1007.0,381.0,222.0,1.0
11889,mdworker_shared,0.0,0.20751953125,0.02153846153846154,0.19098232953976357,195,1007.0,381.0,222.0,1.0
12774,businessservicesd,0.0,0.0812530517578125,0.0,0.081024169921875,50,1007.0,381.0,222.0,1.0
12775,MessagesBlastDoorService,0.0,0.0579833984375,0.0,0.05239105224609375,50,1007.0,381.0,222.0,1.0
12776,feedbackd,0.0,0.0789642333984375,0.0,0.078704833984375,50,1007.0,381.0,222.0,1.0
12777,ProtectedCloudKeySyncing,0.0,0.1003265380859375,0.0,0.09304428100585938,50,1007.0,381.0,222.0,1.0
12779,gamecontrolleragentd,0.0,0.0591278076171875,0.002,0.060253143310546854,50,1007.0,381.0,222.0,1.0
10215,Code Helper (Plugin),0.0,0.4499435424804687,0.041,0.5363956451416015,500,1007.0,381.0,222.0,1.0
12806,python3.12,0.6,0.1688003540039062,0.46153846153846156,0.1703031770475618,91,1007.0,381.0,222.0,1.0
12959,ndoagent,0.0,0.0753402709960937,0.0,0.0754165649414062,50,1007.0,381.0,222.0,1.0
12962,mdworker_shared,0.0,0.2069473266601562,0.02153846153846154,0.19098232953976357,195,1007.0,381.0,222.0,1.0
12963,replayd,0.0,0.220489501953125,0.0,0.21639064866669325,49,1007.0,381.0,222.0,1.0
13000,python3.12,0.0,0.165557861328125,0.46153846153846156,0.1703031770475618,91,1007.0,381.0,222.0,1.0
13020,mdworker_shared,0.0,0.1295089721679687,0.02153846153846154,0.19098232953976357,195,1007.0,381.0,222.0,1.0
13021,mdworker_shared,0.0,0.1947402954101562,0.02153846153846154,0.19098232953976357,195,1007.0,381.0,222.0,1.0
13025,com.apple.siri.embeddedspeech,0.0,0.2153396606445312,0.03142857142857143,0.17331804547991067,35,1007.0,381.0,222.0,1.0
13026,biomesyncd,0.0,0.1171112060546875,0.0,0.12089014053344724,16,1007.0,381.0,222.0,1.0
13029,mdworker_shared,0.0,0.164794921875,0.02153846153846154,0.19098232953976357,195,1007.0,381.0,222.0,1.0
13036,CommCenter,0.1,0.3406524658203125,0.006000000000000001,0.23591232299804685,50,1007.0,381.0,222.0,1.0
13037,CoreLocationAgent,0.0,0.5601882934570312,0.00425531914893617,0.4036964254176363,47,1007.0,381.0,222.0,1.0
12815,zsh,0.0,0.0156402587890625,0.0,0.009178644112447462,253,1007.0,381.0,222.0,1.0
9845,intelligentroutingd,0.0,0.0883102416992187,0.0,0.0883407592773437,50,1007.0,381.0,222.0,1.0
10213,Code Helper (Plugin),0.0,0.4917144775390625,0.041,0.5363956451416015,500,1007.0,381.0,222.0,1.0
10209,Code Helper (Plugin),0.0,0.4796981811523437,0.041,0.5363956451416015,500,1007.0,381.0,222.0,1.0
9877,avatarsd,0.0,0.1684188842773437,0.0,0.16840934753417963,20,1007.0,381.0,222.0,1.0
9879,Siri,0.0,0.1544952392578125,0.016,0.1504554748535156,50,1007.0,381.0,222.0,1.0
9888,SiriNCService,0.0,0.1607894897460937,0.008,0.15225982666015622,50,1007.0,381.0,222.0,1.0
9891,AssetCacheLocatorService,0.0,0.0406265258789062,0.0,0.04087829589843746,50,1007.0,381.0,222.0,1.0
9901,pkd,0.0,0.115203857421875,0.002,0.10622024536132811,50,1007.0,381.0,222.0,1.0
9909,com.apple.geod,0.0,0.0947952270507812,0.004,0.09388351440429683,50,1007.0,381.0,222.0,1.0
9946,extensionkitservice,0.0,0.080108642578125,0.0,0.08034324645996094,100,1007.0,381.0,222.0,1.0
9947,networkserviceproxy,0.0,0.1497268676757812,0.0,0.1554603576660156,50,1007.0,381.0,222.0,1.0
9963,swtransparencyd,0.0,0.089263916015625,0.0,0.08174896240234374,50,1007.0,381.0,222.0,1.0
9964,CloudTelemetryService,0.0,0.0783920288085937,0.0,0.06444135050135331,127,1007.0,381.0,222.0,1.0
9982,contentlinkingd,0.0,0.0856399536132812,0.0,0.08146667480468746,50,1007.0,381.0,222.0,1.0
10212,Code Helper (Plugin),0.0,0.4934310913085937,0.041,0.5363956451416015,500,1007.0,381.0,222.0,1.0
10001,AppPredictionIntentsHelperService,0.0,0.1634597778320312,0.0,0.16557312011718747,50,1007.0,381.0,222.0,1.0
10010,AudioComponentRegistrar,0.2,0.0425338745117187,0.004,0.04845809936523434,50,1007.0,381.0,222.0,1.0
10015,linkd,0.0,0.0791549682617187,0.0,0.07984924316406244,50,1007.0,381.0,222.0,1.0
10115,iconservicesagent,0.0,0.0902175903320312,0.0,0.0902175903320312,50,1007.0,381.0,222.0,1.0
10121,com.apple.Safari.SafeBrowsing.Service,0.0,0.0743865966796875,0.0,0.07349395751953124,50,1007.0,381.0,222.0,1.0
10122,SAExtensionOrchestrator,0.0,0.1125335693359375,0.0,0.1125335693359375,50,1007.0,381.0,222.0,1.0
10123,extensionkitservice,0.0,0.0789642333984375,0.0,0.08034324645996094,100,1007.0,381.0,222.0,1.0
10124,GMSSELFIngestor,0.0,0.0974655151367187,0.0,0.0974655151367187,50,1007.0,381.0,222.0,1.0
10125,IFTranscriptSELFIngestor,0.0,0.086212158203125,0.0,0.086212158203125,50,1007.0,381.0,222.0,1.0
10126,IFTelemetrySELFIngestor,0.0,0.0825881958007812,0.0,0.0825881958007812,50,1007.0,381.0,222.0,1.0
10127,BiomeSELFIngestor,0.0,0.0879287719726562,0.0,0.0879287719726562,50,1007.0,381.0,222.0,1.0
10204,CoreServicesUIAgent,0.0,0.1985549926757812,0.004,0.19499969482421872,50,1007.0,381.0,222.0,1.0
10009,com.apple.accessibility.mediaaccessibilityd,0.0,0.0261306762695312,0.0,0.0261306762695312,50,1007.0,381.0,222.0,1.0
3033,Code Helper,0.0,0.4056930541992187,0.32371428571428573,0.48915318080357145,350,1007.0,381.0,222.0,1.0
2878,Code Helper,0.1,0.3780364990234375,0.32371428571428573,0.48915318080357145,350,1007.0,381.0,222.0,1.0
2880,Code Helper,0.0,0.1560211181640625,0.32371428571428573,0.48915318080357145,350,1007.0,381.0,222.0,1.0
609,identityservicesd,0.0,0.2164840698242187,0.012,0.20082092285156247,50,1007.0,381.0,222.0,1.0
615,corespeechd,0.0,0.2222061157226562,0.09799999999999999,0.18834686279296872,50,1007.0,381.0,222.0,1.0
616,assistantd,0.0,0.2935409545898437,0.004,0.23475265502929685,50,1007.0,381.0,222.0,1.0
623,WallpaperImageExtension,0.0,0.0654220581054687,0.0,0.07489013671874994,50,1007.0,381.0,222.0,1.0
639,sharingd,0.0,0.1476287841796875,0.002,0.14010620117187497,50,1007.0,381.0,222.0,1.0
641,usernoted,0.0,0.1682281494140625,0.02,0.15933227539062497,50,1007.0,381.0,222.0,1.0
642,neagent,0.0,0.1068115234375,0.0,0.1076812744140625,50,1007.0,381.0,222.0,1.0
643,useractivityd,0.0,0.08544921875,0.008,0.08467864990234374,50,1007.0,381.0,222.0,1.0
644,com.apple.dock.extra,0.0,0.18463134765625,0.048,0.17804336547851562,50,1007.0,381.0,222.0,1.0
646,NotificationCenter,0.0,0.2248764038085937,0.024000000000000004,0.24862670898437497,50,1007.0,381.0,222.0,1.0
649,milod,0.0,0.0820159912109375,0.0,0.08232498168945312,50,1007.0,381.0,222.0,1.0
650,familycircled,0.0,0.0677108764648437,0.0,0.06789016723632807,50,1007.0,381.0,222.0,1.0
651,StatusKitAgent,0.0,0.0787734985351562,0.0,0.07876968383789057,50,1007.0,381.0,222.0,1.0
666,ContextStoreAgent,0.0,0.16632080078125,0.11199999999999999,0.1729774475097656,50,1007.0,381.0,222.0,1.0
668,BiomeAgent,0.0,0.1409530639648437,0.126,0.1340827941894531,50,1007.0,381.0,222.0,1.0
670,imklaunchagent,0.0,0.0619888305664062,0.0,0.06198501586914058,50,1007.0,381.0,222.0,1.0
673,icdd,0.0,0.0349044799804687,0.0,0.034900665283203076,50,1007.0,381.0,222.0,1.0
680,AirPlayUIAgent,0.0,0.1020431518554687,0.004,0.09934997558593746,50,1007.0,381.0,222.0,1.0
683,imagent,0.0,0.1470565795898437,0.008,0.13217163085937497,50,1007.0,381.0,222.0,1.0
685,diagnostics_agent,0.0,0.1024246215820312,0.002,0.09417724609374996,50,1007.0,381.0,222.0,1.0
686,TextInputMenuAgent,0.0,0.15106201171875,0.008,0.16139221191406247,50,1007.0,381.0,222.0,1.0
688,Grammarly Desktop Helper,0.0,0.1028060913085937,0.002,0.10088729858398436,50,1007.0,381.0,222.0,1.0
699,com.apple.CloudDocs.iCloudDriveFileProvider,0.0,0.1056671142578125,0.008,0.09911346435546875,50,1007.0,381.0,222.0,1.0
606,fontworker,0.0,0.0581741333007812,0.0,0.05817031860351558,50,1007.0,381.0,222.0,1.0
605,ContinuityCaptureAgent,0.0,0.0761032104492187,0.0,0.0761032104492187,50,1007.0,381.0,222.0,1.0
604,AMPDeviceDiscoveryAgent,0.0,0.058746337890625,0.0,0.051746368408203104,50,1007.0,381.0,222.0,1.0
602,fileproviderd,0.2,0.1474380493164062,0.21200000000000002,0.1446113586425781,50,1007.0,381.0,222.0,1.0
2913,Code Helper,0.3,0.5723953247070312,0.32371428571428573,0.48915318080357145,350,1007.0,381.0,222.0,1.0
376,loginwindow,0.0,0.2397537231445312,0.008,0.24020385742187497,50,1007.0,381.0,222.0,1.0
543,distnoted,0.1,0.0522613525390625,0.028000000000000004,0.05070495605468747,50,1007.0,381.0,222.0,1.0
544,cfprefsd,0.0,0.0616073608398437,0.066,0.05707931518554685,50,1007.0,381.0,222.0,1.0
549,UserEventAgent,0.0,0.1165390014648437,0.013999999999999999,0.10488891601562496,50,1007.0,381.0,222.0,1.0
553,WindowManager,0.0,0.2462387084960937,0.11200000000000002,0.24517440795898435,50,1007.0,381.0,222.0,1.0
557,universalaccessd,0.0,0.0888824462890625,0.006000000000000001,0.09207916259765624,50,1007.0,381.0,222.0,1.0
559,Dock,0.0,0.2002716064453125,0.076,0.20318603515624997,50,1007.0,381.0,222.0,1.0
560,ControlCenter,0.5,0.4064559936523437,0.5379999999999999,0.41684722900390625,50,1007.0,381.0,222.0,1.0
561,pboard,0.0,0.092315673828125,0.002,0.09132385253906246,50,1007.0,381.0,222.0,1.0
562,SystemUIServer,0.0,0.1272201538085937,0.006,0.13476562499999997,50,1007.0,381.0,222.0,1.0
704,ctkahp,0.0,0.037384033203125,0.0,0.037380218505859375,50,1007.0,381.0,222.0,1.0
564,Finder,0.0,0.3757476806640625,0.07400000000000001,0.4227867126464844,50,1007.0,381.0,222.0,1.0
568,AXVisualSupportAgent,0.0,0.1649856567382812,0.6920000000000001,0.16974639892578122,50,1007.0,381.0,222.0,1.0
575,rapportd,0.0,0.131988525390625,0.002,0.1259346008300781,50,1007.0,381.0,222.0,1.0
578,secd,0.0,0.1649856567382812,0.006000000000000001,0.15089416503906247,50,1007.0,381.0,222.0,1.0
580,trustd,0.0,0.1140594482421875,0.04,0.11620330810546871,50,1007.0,381.0,222.0,1.0
583,WallpaperAgent,0.0,0.144195556640625,0.004,0.1629066467285156,50,1007.0,381.0,222.0,1.0
587,com.apple.hiservices-xpcservice,0.0,0.0370025634765625,0.01,0.03719711303710933,50,1007.0,381.0,222.0,1.0
589,sharedfilelistd,0.0,0.1064300537109375,0.0,0.08721542358398436,50,1007.0,381.0,222.0,1.0
590,containermanagerd,0.0,0.0459671020507812,0.012,0.04875946044921871,50,1007.0,381.0,222.0,1.0
591,usernotificationsd,0.0,0.106048583984375,0.008,0.09786605834960933,50,1007.0,381.0,222.0,1.0
596,callservicesd,0.0,0.2199172973632812,0.006000000000000001,0.17979049682617185,50,1007.0,381.0,222.0,1.0
600,fontd,0.0,0.0499725341796875,0.002,0.06991577148437499,50,1007.0,381.0,222.0,1.0
567,lsd,0.0,0.1230239868164062,0.012,0.11196517944335933,50,1007.0,381.0,222.0,1.0
707,WiFiAgent,0.0,0.1678466796875,0.114,0.16522979736328122,50,1007.0,381.0,222.0,1.0
608,ViewBridgeAuxiliary,0.0,0.0850677490234375,0.014000000000000002,0.08618545532226561,50,1007.0,381.0,222.0,1.0
713,Spotlight,0.0,0.1932144165039062,0.05,0.27865600585937494,50,1007.0,381.0,222.0,1.0
930,com.apple.WebKit.WebContent,0.0,0.2504348754882812,0.2837142857142857,0.5284216744559151,350,1007.0,381.0,222.0,1.0
931,com.apple.WebKit.WebContent,0.3,0.379180908203125,0.2837142857142857,0.5284216744559151,350,1007.0,381.0,222.0,1.0
932,com.apple.WebKit.WebContent,0.1,0.4360198974609375,0.2837142857142857,0.5284216744559151,350,1007.0,381.0,222.0,1.0
957,Google Chrome,0.1,2.1589279174804688,1.324,2.2691001892089844,50,1007.0,381.0,222.0,1.0
960,chrome_crashpad_handler,0.0,0.0188827514648437,0.0,0.019365310668945288,100,1007.0,381.0,222.0,1.0
961,voicebankingd,0.0,0.0722885131835937,0.0,0.07259750366210932,50,1007.0,381.0,222.0,1.0
963,Google Chrome Helper,1.2,0.9166717529296876,0.6,0.42389755249023436,250,1007.0,381.0,222.0,1.0
964,Google Chrome Helper,0.0,0.6744384765625,0.6,0.42389755249023436,250,1007.0,381.0,222.0,1.0
966,Google Chrome Helper,0.0,0.206756591796875,0.6,0.42389755249023436,250,1007.0,381.0,222.0,1.0
1015,Google Chrome Helper,0.0,0.159454345703125,0.6,0.42389755249023436,250,1007.0,381.0,222.0,1.0
1052,spotlightknowledged,0.0,0.0352859497070312,0.0,0.04377672749180943,62,1007.0,381.0,222.0,1.0
926,peopled,0.0,0.086212158203125,0.0,0.08623886108398438,50,1007.0,381.0,222.0,1.0
1191,storeaccountd,0.0,0.0658035278320312,0.0,0.06579971313476557,50,1007.0,381.0,222.0,1.0
1718,ServiceExtension,0.0,0.142669677734375,0.0,0.142669677734375,50,1007.0,381.0,222.0,1.0
2095,com.apple.WebKit.WebContent,0.0,0.26702880859375,0.2837142857142857,0.5284216744559151,350,1007.0,381.0,222.0,1.0
2096,com.apple.WebKit.WebContent,0.0,0.3290176391601562,0.2837142857142857,0.5284216744559151,350,1007.0,381.0,222.0,1.0
2641,Google Chrome Helper (Renderer),0.0,0.6292343139648438,0.647816091954023,1.1122661897505837,435,1007.0,381.0,222.0,1.0
2672,Google Chrome Helper (Renderer),4.6,5.7186126708984375,0.647816091954023,1.1122661897505837,435,1007.0,381.0,222.0,1.0
2826,Code,0.1,1.1907577514648438,1.3619999999999999,1.3807182312011719,50,1007.0,381.0,222.0,1.0
2832,chrome_crashpad_handler,0.0,0.0194549560546875,0.0,0.019365310668945288,100,1007.0,381.0,222.0,1.0
2833,Code Helper,0.0,0.5817413330078125,0.32371428571428573,0.48915318080357145,350,1007.0,381.0,222.0,1.0
2834,Code Helper,0.0,0.3557205200195312,0.32371428571428573,0.48915318080357145,350,1007.0,381.0,222.0,1.0
2835,Code Helper (Renderer),0.0,3.6838531494140625,3.5780000000000003,3.886066436767578,50,1007.0,381.0,222.0,1.0
709,nsurlsessiond,0.0,0.1312255859375,0.032,0.1256752014160156,50,1007.0,381.0,222.0,1.0
1474,IMAutomaticHistoryDeletionAgent,0.0,0.092315673828125,0.0,0.08300018310546874,50,1007.0,381.0,222.0,1.0
921,Spotify Helper,0.0,0.087738037109375,0.015600000000000001,0.14564056396484373,250,1007.0,381.0,222.0,1.0
2852,Code Helper,0.0,0.7160186767578125,0.32371428571428573,0.48915318080357145,350,1007.0,381.0,222.0,1.0
918,com.apple.WebKit.GPU,0.0,0.07781982421875,0.102,0.09322547912597655,100,1007.0,381.0,222.0,1.0
919,com.apple.WebKit.Networking,0.0,0.225830078125,0.4,0.16855621337890622,100,1007.0,381.0,222.0,1.0
716,PAH_Extension,0.0,0.1150131225585937,0.014000000000000002,0.11199188232421874,50,1007.0,381.0,222.0,1.0
717,OneDrive,0.0,0.3459930419921875,0.032,0.36077880859375,50,1007.0,381.0,222.0,1.0
718,corespotlightd,0.0,0.145721435546875,0.012,0.15357208251953122,50,1007.0,381.0,222.0,1.0
722,duetexpertd,0.0,0.2471923828125,0.09,0.26060485839843744,50,1007.0,381.0,222.0,1.0
730,Spotify,1.2,1.0822296142578125,0.5479999999999999,1.0496597290039062,50,1007.0,381.0,222.0,1.0
733,homed,0.0,0.1438140869140625,0.0,0.1302070617675781,50,1007.0,381.0,222.0,1.0
734,mediaremoteagent,0.0,0.0232696533203125,0.0,0.0232696533203125,50,1007.0,381.0,222.0,1.0
740,Spotify Helper,0.0,0.0396728515625,0.015600000000000001,0.14564056396484373,250,1007.0,381.0,222.0,1.0
741,avconferenced,0.0,0.067901611328125,0.0,0.06789779663085938,50,1007.0,381.0,222.0,1.0
747,Spotify Helper,0.0,0.1916885375976562,0.015600000000000001,0.14564056396484373,250,1007.0,381.0,222.0,1.0
748,Spotify Helper,0.0,0.30517578125,0.015600000000000001,0.14564056396484373,250,1007.0,381.0,222.0,1.0
714,CursorUIViewService,0.0,0.1367568969726562,0.07400000000000001,0.15747833251953122,50,1007.0,381.0,222.0,1.0
755,Grammarly Desktop,0.2,0.6916046142578125,0.524,0.7150344848632812,50,1007.0,381.0,222.0,1.0
768,Spotify Helper (Renderer),0.0,0.5649566650390625,0.044000000000000004,0.4534873962402344,50,1007.0,381.0,222.0,1.0
772,com.apple.WebKit.GPU,0.0,0.0507354736328125,0.102,0.09322547912597655,100,1007.0,381.0,222.0,1.0
774,com.apple.WebKit.WebContent,0.0,0.0186920166015625,0.2837142857142857,0.5284216744559151,350,1007.0,381.0,222.0,1.0
776,com.apple.WebKit.Networking,0.0,0.13427734375,0.4,0.16855621337890622,100,1007.0,381.0,222.0,1.0
792,commerce,0.0,0.0860214233398437,0.0,0.08901596069335932,50,1007.0,381.0,222.0,1.0
857,Grammarly Desktop Update Service,0.0,0.109100341796875,0.006000000000000001,0.11079406738281246,50,1007.0,381.0,222.0,1.0
873,mdbulkimport,0.0,0.0713348388671875,0.0,0.07133102416992188,50,1007.0,381.0,222.0,1.0
898,OneDrive Sync Service,0.0,0.2126693725585937,0.004,0.21224594116210935,50,1007.0,381.0,222.0,1.0
913,app_inkwell,0.0,0.2790451049804687,0.94,0.29593276977539057,50,1007.0,381.0,222.0,1.0
916,com.apple.WebKit.WebContent,0.0,0.6513595581054688,0.2837142857142857,0.5284216744559151,350,1007.0,381.0,222.0,1.0
752,Spotify Helper,0.0,0.1068115234375,0.015600000000000001,0.14564056396484373,250,1007.0,381.0,222.0,1.0
9138,siriactionsd,0.0,0.1611709594726562,0.004,0.14521408081054685,50,1007.0,372.0,218.0,1.0
9134,ScreenTimeAgent,0.0,0.1127243041992187,0.0,0.10361862182617183,50,1007.0,372.0,218.0,1.0
9101,bird,0.0,0.1279830932617187,0.04800000000000001,0.12118530273437494,50,1007.0,372.0,218.0,1.0
9095,calaccessd,0.0,0.1596450805664062,0.002,0.15127944946289057,50,1007.0,372.0,218.0,1.0
9049,tccd,0.0,0.110626220703125,0.0,0.10362243652343744,50,1007.0,372.0,218.0,1.0
9086,knowledge-agent,0.0,0.1394271850585937,0.004,0.13211822509765622,50,1007.0,372.0,218.0,1.0
9069,searchpartyuseragent,0.0,0.1363754272460937,0.002,0.13115692138671872,50,1007.0,372.0,218.0,1.0
9053,cloudd,0.1,0.2254486083984375,0.016,0.2035255432128906,50,1007.0,372.0,218.0,1.0
9762,coreauthd,0.0,0.0980377197265625,0.0,0.09390640258789058,50,1007.0,372.0,218.0,1.0
9088,contactsd,0.0,0.1096725463867187,0.008,0.09849548339843746,50,1007.0,372.0,218.0,1.0
9205,IntelligencePlatformComputeService,0.0,0.0879287719726562,0.0,0.0879287719726562,50,1007.0,372.0,218.0,1.0
9575,akd,0.0,0.2227783203125,0.002,0.2174873352050781,50,1007.0,372.0,218.0,1.0
9271,mdwrite,0.0,0.0329971313476562,0.0,0.032993316650390576,50,1007.0,372.0,218.0,1.0
9272,mbuseragent,0.0,0.0368118286132812,0.0,0.036808013916015576,50,1007.0,372.0,218.0,1.0
9556,syncdefaultsd,0.0,0.1255035400390625,0.006000000000000001,0.11057662963867186,50,1007.0,372.0,218.0,1.0
9572,proactived,0.0,0.1264572143554687,0.02,0.1299476623535156,50,1007.0,372.0,218.0,1.0
9577,CloudTelemetryService,0.0,0.07781982421875,0.0,0.06444135050135331,127,1007.0,372.0,218.0,1.0
9649,suggestd,0.0,0.1623153686523437,0.002,0.15771484374999997,50,1007.0,372.0,218.0,1.0
9681,AppleSpell,0.0,0.1420974731445312,0.0,0.13717651367187494,50,1007.0,372.0,218.0,1.0
9682,keyboardservicesd,0.0,0.0919342041015625,0.0,0.0876617431640625,50,1007.0,372.0,218.0,1.0
9742,promotedcontentd,0.0,0.1220703125,0.002,0.11449813842773438,50,1007.0,372.0,218.0,1.0
9754,ctkd,0.0,0.0896453857421875,0.0,0.08569717407226562,50,1007.0,372.0,218.0,1.0
9040,triald,0.0,0.1466751098632812,0.0,0.12915039062499997,50,1007.0,372.0,218.0,1.0
9223,mapssyncd,0.0,0.0917434692382812,0.0,0.09173965454101557,50,1007.0,372.0,218.0,1.0
9032,secinitd,0.0,0.0652313232421875,0.0,0.06522750854492188,50,1007.0,372.0,218.0,1.0
8325,Google Chrome Helper (Renderer),0.0,0.3637313842773437,0.647816091954023,1.1122661897505837,435,1007.0,372.0,218.0,1.0
8666,Google Chrome Helper (Renderer),0.0,0.3103256225585937,0.647816091954023,1.1122661897505837,435,1007.0,372.0,218.0,1.0
9829,transparencyd,0.0,0.2244949340820312,0.018000000000000002,0.21265792846679685,50,1007.0,372.0,218.0,1.0
3034,Code Helper (Plugin),0.1,1.1585235595703125,0.041,0.5363956451416015,500,1007.0,372.0,218.0,1.0
3045,Code Helper (Plugin),0.0,0.2567291259765625,0.041,0.5363956451416015,500,1007.0,372.0,218.0,1.0
3063,zsh,0.0,0.0047683715820312,0.0,0.009178644112447462,253,1007.0,372.0,218.0,1.0
4030,pet,0.0,0.0217437744140625,0.02,0.02233123779296875,50,1007.0,372.0,218.0,1.0
4037,zsh,0.0,0.0043869018554687,0.0,0.009178644112447462,253,1007.0,372.0,218.0,1.0
4143,Code Helper (Plugin),0.0,0.2048492431640625,0.041,0.5363956451416015,500,1007.0,372.0,218.0,1.0
4194,Code Helper (Plugin),0.0,0.7747650146484375,0.041,0.5363956451416015,500,1007.0,372.0,218.0,1.0
5379,Code Helper (Plugin),0.0,0.2290725708007812,0.041,0.5363956451416015,500,1007.0,372.0,218.0,1.0
5384,zsh,0.0,0.0043869018554687,0.0,0.009178644112447462,253,1007.0,372.0,218.0,1.0
5761,zsh,0.0,0.0131607055664062,0.0,0.009178644112447462,253,1007.0,372.0,218.0,1.0
9000,PowerChime,0.0,0.1392364501953125,0.008,0.14000701904296872,50,1007.0,372.0,218.0,1.0
6986,accountsd,0.0,0.2058029174804687,0.0,0.1851234436035156,50,1007.0,372.0,218.0,1.0
8324,Google Chrome Helper (Renderer),0.0,0.26702880859375,0.647816091954023,1.1122661897505837,435,1007.0,372.0,218.0,1.0
8326,chronod,0.0,0.1575469970703125,0.01,0.15725708007812497,50,1007.0,372.0,218.0,1.0
8328,Google Chrome Helper (Renderer),0.0,0.5157470703125,0.647816091954023,1.1122661897505837,435,1007.0,372.0,218.0,1.0
8335,WorldClockWidget,0.0,0.2202987670898437,0.0,0.22029876708984367,50,1007.0,372.0,218.0,1.0
8336,CalendarWidgetExtension,0.0,0.1031875610351562,0.0,0.1031875610351562,50,1007.0,372.0,218.0,1.0
8337,WeatherWidget,0.0,0.36163330078125,0.0,0.3655509948730469,50,1007.0,372.0,218.0,1.0
8339,StocksWidget,0.0,0.3248214721679687,0.0,0.3267478942871093,50,1007.0,372.0,218.0,1.0
8340,ScreenTimeWidgetExtension,0.0,0.3332138061523437,0.0,0.3311538696289062,50,1007.0,372.0,218.0,1.0
8351,Google Chrome Helper,0.0,0.1834869384765625,0.6,0.42389755249023436,250,1007.0,372.0,218.0,1.0
8396,audioaccessoryd,0.0,0.1176834106445312,0.0,0.10800170898437496,50,1007.0,372.0,218.0,1.0
8410,routined,0.0,0.2063751220703125,0.034,0.19092559814453122,50,1007.0,372.0,218.0,1.0
8323,Google Chrome Helper (Renderer),0.0,0.6567001342773438,0.647816091954023,1.1122661897505837,435,1007.0,372.0,218.0,1.0
9845,intelligentroutingd,0.0,0.0883102416992187,0.0,0.0883407592773437,50,1007.0,372.0,218.0,1.0
3033,Code Helper,0.0,0.4064559936523437,0.32371428571428573,0.48915318080357145,350,1007.0,372.0,218.0,1.0
9879,Siri,0.0,0.1544952392578125,0.016,0.1504554748535156,50,1007.0,372.0,218.0,1.0
10490,talagentd,0.0,0.1478195190429687,0.002,0.14520263671874997,50,1007.0,372.0,218.0,1.0
10558,pbs,0.0,0.031280517578125,0.002,0.031276702880859375,50,1007.0,372.0,218.0,1.0
11204,MTLCompilerService,0.0,0.0333786010742187,0.0,0.03340148925781246,50,1007.0,372.0,218.0,1.0
11684,mlhostd,0.0,0.1436233520507812,0.0,0.14452743530273432,50,1007.0,372.0,218.0,1.0
11889,mdworker_shared,0.0,0.20751953125,0.02153846153846154,0.19098232953976357,195,1007.0,372.0,218.0,1.0
12774,businessservicesd,0.0,0.0812530517578125,0.0,0.081024169921875,50,1007.0,372.0,218.0,1.0
12775,MessagesBlastDoorService,0.0,0.0579833984375,0.0,0.05239105224609375,50,1007.0,372.0,218.0,1.0
12776,feedbackd,0.0,0.0789642333984375,0.0,0.078704833984375,50,1007.0,372.0,218.0,1.0
12777,ProtectedCloudKeySyncing,0.0,0.1003265380859375,0.0,0.09304428100585938,50,1007.0,372.0,218.0,1.0
12779,gamecontrolleragentd,0.0,0.0591278076171875,0.002,0.060253143310546854,50,1007.0,372.0,218.0,1.0
12806,python3.12,0.7,0.1720428466796875,0.46153846153846156,0.1703031770475618,91,1007.0,372.0,218.0,1.0
12815,zsh,0.0,0.0156402587890625,0.0,0.009178644112447462,253,1007.0,372.0,218.0,1.0
12959,ndoagent,0.0,0.0753402709960937,0.0,0.0754165649414062,50,1007.0,372.0,218.0,1.0
12962,mdworker_shared,0.0,0.2069473266601562,0.02153846153846154,0.19098232953976357,195,1007.0,372.0,218.0,1.0
12963,replayd,0.0,0.220489501953125,0.0,0.21639064866669325,49,1007.0,372.0,218.0,1.0
13000,python3.12,0.0,0.165557861328125,0.46153846153846156,0.1703031770475618,91,1007.0,372.0,218.0,1.0
13020,mdworker_shared,0.0,0.1295089721679687,0.02153846153846154,0.19098232953976357,195,1007.0,372.0,218.0,1.0
13021,mdworker_shared,0.0,0.1947402954101562,0.02153846153846154,0.19098232953976357,195,1007.0,372.0,218.0,1.0
13025,com.apple.siri.embeddedspeech,0.0,0.2153396606445312,0.03142857142857143,0.17331804547991067,35,1007.0,372.0,218.0,1.0
13043,Keychain Circle Notification,1.3,0.2532958984375,0.044000000000000004,0.18328857421874997,50,1007.0,372.0,218.0,1.0
13029,mdworker_shared,0.0,0.164794921875,0.02153846153846154,0.19098232953976357,195,1007.0,372.0,218.0,1.0
13036,CommCenter,0.0,0.34027099609375,0.006000000000000001,0.23591232299804685,50,1007.0,372.0,218.0,1.0
13037,CoreLocationAgent,0.0,0.5584716796875,0.00425531914893617,0.4036964254176363,47,1007.0,372.0,218.0,1.0
10481,Google Chrome Helper (Renderer),0.0,1.009368896484375,0.647816091954023,1.1122661897505837,435,1007.0,372.0,218.0,1.0
10215,Code Helper (Plugin),0.0,0.4499435424804687,0.041,0.5363956451416015,500,1007.0,372.0,218.0,1.0
10213,Code Helper (Plugin),0.0,0.4917144775390625,0.041,0.5363956451416015,500,1007.0,372.0,218.0,1.0
10212,Code Helper (Plugin),0.0,0.4934310913085937,0.041,0.5363956451416015,500,1007.0,372.0,218.0,1.0
9888,SiriNCService,0.0,0.1607894897460937,0.008,0.15225982666015622,50,1007.0,372.0,218.0,1.0
9891,AssetCacheLocatorService,0.0,0.0406265258789062,0.0,0.04087829589843746,50,1007.0,372.0,218.0,1.0
9901,pkd,0.0,0.115203857421875,0.002,0.10622024536132811,50,1007.0,372.0,218.0,1.0
9909,com.apple.geod,0.0,0.095367431640625,0.004,0.09388351440429683,50,1007.0,372.0,218.0,1.0
9946,extensionkitservice,0.0,0.080108642578125,0.0,0.08034324645996094,100,1007.0,372.0,218.0,1.0
9947,networkserviceproxy,0.0,0.1497268676757812,0.0,0.1554603576660156,50,1007.0,372.0,218.0,1.0
9963,swtransparencyd,0.0,0.089263916015625,0.0,0.08174896240234374,50,1007.0,372.0,218.0,1.0
9964,CloudTelemetryService,0.0,0.0783920288085937,0.0,0.06444135050135331,127,1007.0,372.0,218.0,1.0
9982,contentlinkingd,0.0,0.086212158203125,0.0,0.08146667480468746,50,1007.0,372.0,218.0,1.0
10001,AppPredictionIntentsHelperService,0.0,0.1634597778320312,0.0,0.16557312011718747,50,1007.0,372.0,218.0,1.0
10009,com.apple.accessibility.mediaaccessibilityd,0.0,0.0261306762695312,0.0,0.0261306762695312,50,1007.0,372.0,218.0,1.0
9847,UIKitSystem,0.0,0.1695632934570312,0.002,0.17118835449218742,50,1007.0,372.0,218.0,1.0
10010,AudioComponentRegistrar,0.0,0.054931640625,0.004,0.04845809936523434,50,1007.0,372.0,218.0,1.0
10115,iconservicesagent,0.0,0.0902175903320312,0.0,0.0902175903320312,50,1007.0,372.0,218.0,1.0
10121,com.apple.Safari.SafeBrowsing.Service,0.0,0.0743865966796875,0.0,0.07349395751953124,50,1007.0,372.0,218.0,1.0
10122,SAExtensionOrchestrator,0.0,0.1125335693359375,0.0,0.1125335693359375,50,1007.0,372.0,218.0,1.0
10123,extensionkitservice,0.0,0.0789642333984375,0.0,0.08034324645996094,100,1007.0,372.0,218.0,1.0
10124,GMSSELFIngestor,0.0,0.0974655151367187,0.0,0.0974655151367187,50,1007.0,372.0,218.0,1.0
10125,IFTranscriptSELFIngestor,0.0,0.086212158203125,0.0,0.086212158203125,50,1007.0,372.0,218.0,1.0
10126,IFTelemetrySELFIngestor,0.0,0.0825881958007812,0.0,0.0825881958007812,50,1007.0,372.0,218.0,1.0
10127,BiomeSELFIngestor,0.0,0.0879287719726562,0.0,0.0879287719726562,50,1007.0,372.0,218.0,1.0
10204,CoreServicesUIAgent,0.0,0.1985549926757812,0.004,0.19499969482421872,50,1007.0,372.0,218.0,1.0
10209,Code Helper (Plugin),0.0,0.4796981811523437,0.041,0.5363956451416015,500,1007.0,372.0,218.0,1.0
10211,Code Helper (Plugin),0.0,0.45013427734375,0.041,0.5363956451416015,500,1007.0,372.0,218.0,1.0
10015,linkd,0.0,0.0791549682617187,0.0,0.07984924316406244,50,1007.0,372.0,218.0,1.0
2913,Code Helper,0.3,0.5762100219726562,0.32371428571428573,0.48915318080357145,350,1007.0,372.0,218.0,1.0
13026,biomesyncd,0.0,0.1171112060546875,0.0,0.12089014053344724,16,1007.0,372.0,218.0,1.0
2878,Code Helper,0.1,0.37994384765625,0.32371428571428573,0.48915318080357145,350,1007.0,372.0,218.0,1.0
609,identityservicesd,0.0,0.2145767211914062,0.012,0.20082092285156247,50,1007.0,372.0,218.0,1.0
615,corespeechd,0.0,0.2222061157226562,0.09799999999999999,0.18834686279296872,50,1007.0,372.0,218.0,1.0
616,assistantd,0.0,0.2954483032226562,0.004,0.23475265502929685,50,1007.0,372.0,218.0,1.0
623,WallpaperImageExtension,0.0,0.0654220581054687,0.0,0.07489013671874994,50,1007.0,372.0,218.0,1.0
639,sharingd,0.0,0.1476287841796875,0.002,0.14010620117187497,50,1007.0,372.0,218.0,1.0
641,usernoted,0.0,0.1811981201171875,0.02,0.15933227539062497,50,1007.0,372.0,218.0,1.0
642,neagent,0.0,0.1068115234375,0.0,0.1076812744140625,50,1007.0,372.0,218.0,1.0
643,useractivityd,0.0,0.0848770141601562,0.008,0.08467864990234374,50,1007.0,372.0,218.0,1.0
644,com.apple.dock.extra,0.0,0.18463134765625,0.048,0.17804336547851562,50,1007.0,372.0,218.0,1.0
646,NotificationCenter,0.0,0.2277374267578125,0.024000000000000004,0.24862670898437497,50,1007.0,372.0,218.0,1.0
649,milod,0.0,0.0820159912109375,0.0,0.08232498168945312,50,1007.0,372.0,218.0,1.0
650,familycircled,0.0,0.0677108764648437,0.0,0.06789016723632807,50,1007.0,372.0,218.0,1.0
651,StatusKitAgent,0.0,0.0787734985351562,0.0,0.07876968383789057,50,1007.0,372.0,218.0,1.0
666,ContextStoreAgent,0.0,0.16632080078125,0.11199999999999999,0.1729774475097656,50,1007.0,372.0,218.0,1.0
668,BiomeAgent,0.0,0.1409530639648437,0.126,0.1340827941894531,50,1007.0,372.0,218.0,1.0
670,imklaunchagent,0.0,0.0619888305664062,0.0,0.06198501586914058,50,1007.0,372.0,218.0,1.0
673,icdd,0.0,0.0349044799804687,0.0,0.034900665283203076,50,1007.0,372.0,218.0,1.0
680,AirPlayUIAgent,0.0,0.1020431518554687,0.004,0.09934997558593746,50,1007.0,372.0,218.0,1.0
683,imagent,0.0,0.1470565795898437,0.008,0.13217163085937497,50,1007.0,372.0,218.0,1.0
685,diagnostics_agent,0.0,0.1033782958984375,0.002,0.09417724609374996,50,1007.0,372.0,218.0,1.0
686,TextInputMenuAgent,0.0,0.15106201171875,0.008,0.16139221191406247,50,1007.0,372.0,218.0,1.0
688,Grammarly Desktop Helper,0.0,0.1035690307617187,0.002,0.10088729858398436,50,1007.0,372.0,218.0,1.0
699,com.apple.CloudDocs.iCloudDriveFileProvider,0.0,0.1056671142578125,0.008,0.09911346435546875,50,1007.0,372.0,218.0,1.0
608,ViewBridgeAuxiliary,0.0,0.0856399536132812,0.014000000000000002,0.08618545532226561,50,1007.0,372.0,218.0,1.0
606,fontworker,0.0,0.0581741333007812,0.0,0.05817031860351558,50,1007.0,372.0,218.0,1.0
605,ContinuityCaptureAgent,0.0,0.0761032104492187,0.0,0.0761032104492187,50,1007.0,372.0,218.0,1.0
604,AMPDeviceDiscoveryAgent,0.0,0.0591278076171875,0.0,0.051746368408203104,50,1007.0,372.0,218.0,1.0
376,loginwindow,0.0,0.2445220947265625,0.008,0.24020385742187497,50,1007.0,372.0,218.0,1.0
543,distnoted,0.0,0.0524520874023437,0.028000000000000004,0.05070495605468747,50,1007.0,372.0,218.0,1.0
544,cfprefsd,0.0,0.0619888305664062,0.066,0.05707931518554685,50,1007.0,372.0,218.0,1.0
549,UserEventAgent,0.0,0.1165390014648437,0.013999999999999999,0.10488891601562496,50,1007.0,372.0,218.0,1.0
553,WindowManager,0.0,0.2477645874023437,0.11200000000000002,0.24517440795898435,50,1007.0,372.0,218.0,1.0
557,universalaccessd,0.0,0.0888824462890625,0.006000000000000001,0.09207916259765624,50,1007.0,372.0,218.0,1.0
559,Dock,0.0,0.2012252807617187,0.076,0.20318603515624997,50,1007.0,372.0,218.0,1.0
560,ControlCenter,0.5,0.4064559936523437,0.5379999999999999,0.41684722900390625,50,1007.0,372.0,218.0,1.0
561,pboard,0.0,0.0928878784179687,0.002,0.09132385253906246,50,1007.0,372.0,218.0,1.0
562,SystemUIServer,0.0,0.1272201538085937,0.006,0.13476562499999997,50,1007.0,372.0,218.0,1.0
564,Finder,0.1,0.3757476806640625,0.07400000000000001,0.4227867126464844,50,1007.0,372.0,218.0,1.0
704,ctkahp,0.0,0.037384033203125,0.0,0.037380218505859375,50,1007.0,372.0,218.0,1.0
567,lsd,0.0,0.1253128051757812,0.012,0.11196517944335933,50,1007.0,372.0,218.0,1.0
575,rapportd,0.0,0.131988525390625,0.002,0.1259346008300781,50,1007.0,372.0,218.0,1.0
578,secd,0.0,0.1699447631835937,0.006000000000000001,0.15089416503906247,50,1007.0,372.0,218.0,1.0
580,trustd,0.0,0.1232147216796875,0.04,0.11620330810546871,50,1007.0,372.0,218.0,1.0
583,WallpaperAgent,0.0,0.144195556640625,0.004,0.1629066467285156,50,1007.0,372.0,218.0,1.0
587,com.apple.hiservices-xpcservice,0.0,0.0370025634765625,0.01,0.03719711303710933,50,1007.0,372.0,218.0,1.0
589,sharedfilelistd,0.0,0.1064300537109375,0.0,0.08721542358398436,50,1007.0,372.0,218.0,1.0
590,containermanagerd,0.0,0.0459671020507812,0.012,0.04875946044921871,50,1007.0,372.0,218.0,1.0
591,usernotificationsd,0.0,0.106048583984375,0.008,0.09786605834960933,50,1007.0,372.0,218.0,1.0
596,callservicesd,0.0,0.2199172973632812,0.006000000000000001,0.17979049682617185,50,1007.0,372.0,218.0,1.0
600,fontd,0.0,0.0499725341796875,0.002,0.06991577148437499,50,1007.0,372.0,218.0,1.0
602,fileproviderd,0.2,0.1474380493164062,0.21200000000000002,0.1446113586425781,50,1007.0,372.0,218.0,1.0
568,AXVisualSupportAgent,0.0,0.1649856567382812,0.6920000000000001,0.16974639892578122,50,1007.0,372.0,218.0,1.0
707,WiFiAgent,0.0,0.1678466796875,0.114,0.16522979736328122,50,1007.0,372.0,218.0,1.0
2880,Code Helper,0.0,0.1560211181640625,0.32371428571428573,0.48915318080357145,350,1007.0,372.0,218.0,1.0
713,Spotlight,0.0,0.1932144165039062,0.05,0.27865600585937494,50,1007.0,372.0,218.0,1.0
930,com.apple.WebKit.WebContent,0.0,0.250244140625,0.2837142857142857,0.5284216744559151,350,1007.0,372.0,218.0,1.0
931,com.apple.WebKit.WebContent,0.0,0.4487991333007812,0.2837142857142857,0.5284216744559151,350,1007.0,372.0,218.0,1.0
932,com.apple.WebKit.WebContent,0.1,0.4358291625976562,0.2837142857142857,0.5284216744559151,350,1007.0,372.0,218.0,1.0
957,Google Chrome,0.2,2.1595001220703125,1.324,2.2691001892089844,50,1007.0,372.0,218.0,1.0
960,chrome_crashpad_handler,0.0,0.0188827514648437,0.0,0.019365310668945288,100,1007.0,372.0,218.0,1.0
961,voicebankingd,0.0,0.0722885131835937,0.0,0.07259750366210932,50,1007.0,372.0,218.0,1.0
963,Google Chrome Helper,1.3,0.9159088134765624,0.6,0.42389755249023436,250,1007.0,372.0,218.0,1.0
964,Google Chrome Helper,0.0,0.6744384765625,0.6,0.42389755249023436,250,1007.0,372.0,218.0,1.0
966,Google Chrome Helper,0.0,0.206756591796875,0.6,0.42389755249023436,250,1007.0,372.0,218.0,1.0
1015,Google Chrome Helper,0.0,0.1605987548828125,0.6,0.42389755249023436,250,1007.0,372.0,218.0,1.0
1052,spotlightknowledged,0.0,0.0352859497070312,0.0,0.04377672749180943,62,1007.0,372.0,218.0,1.0
926,peopled,0.0,0.086212158203125,0.0,0.08623886108398438,50,1007.0,372.0,218.0,1.0
1191,storeaccountd,0.0,0.0658035278320312,0.0,0.06579971313476557,50,1007.0,372.0,218.0,1.0
1718,ServiceExtension,0.0,0.142669677734375,0.0,0.142669677734375,50,1007.0,372.0,218.0,1.0
2095,com.apple.WebKit.WebContent,0.0,0.2668380737304687,0.2837142857142857,0.5284216744559151,350,1007.0,372.0,218.0,1.0
2096,com.apple.WebKit.WebContent,0.0,0.328826904296875,0.2837142857142857,0.5284216744559151,350,1007.0,372.0,218.0,1.0
2641,Google Chrome Helper (Renderer),0.0,0.6292343139648438,0.647816091954023,1.1122661897505837,435,1007.0,372.0,218.0,1.0
2672,Google Chrome Helper (Renderer),4.4,5.719947814941406,0.647816091954023,1.1122661897505837,435,1007.0,372.0,218.0,1.0
2826,Code,0.1,1.1919021606445312,1.3619999999999999,1.3807182312011719,50,1007.0,372.0,218.0,1.0
2832,chrome_crashpad_handler,0.0,0.0194549560546875,0.0,0.019365310668945288,100,1007.0,372.0,218.0,1.0
2833,Code Helper,0.0,0.5817413330078125,0.32371428571428573,0.48915318080357145,350,1007.0,372.0,218.0,1.0
2834,Code Helper,0.0,0.3557205200195312,0.32371428571428573,0.48915318080357145,350,1007.0,372.0,218.0,1.0
2835,Code Helper (Renderer),0.0,3.6289215087890625,3.5780000000000003,3.886066436767578,50,1007.0,372.0,218.0,1.0
709,nsurlsessiond,0.0,0.1314163208007812,0.032,0.1256752014160156,50,1007.0,372.0,218.0,1.0
1474,IMAutomaticHistoryDeletionAgent,0.0,0.092315673828125,0.0,0.08300018310546874,50,1007.0,372.0,218.0,1.0
921,Spotify Helper,0.0,0.087738037109375,0.015600000000000001,0.14564056396484373,250,1007.0,372.0,218.0,1.0
2852,Code Helper,0.0,0.7162094116210938,0.32371428571428573,0.48915318080357145,350,1007.0,372.0,218.0,1.0
918,com.apple.WebKit.GPU,0.0,0.07781982421875,0.102,0.09322547912597655,100,1007.0,372.0,218.0,1.0
919,com.apple.WebKit.Networking,0.0,0.2288818359375,0.4,0.16855621337890622,100,1007.0,372.0,218.0,1.0
716,PAH_Extension,0.0,0.1150131225585937,0.014000000000000002,0.11199188232421874,50,1007.0,372.0,218.0,1.0
717,OneDrive,0.0,0.3459930419921875,0.032,0.36077880859375,50,1007.0,372.0,218.0,1.0
718,corespotlightd,0.0,0.145721435546875,0.012,0.15357208251953122,50,1007.0,372.0,218.0,1.0
722,duetexpertd,0.0,0.2470016479492187,0.09,0.26060485839843744,50,1007.0,372.0,218.0,1.0
730,Spotify,0.6,1.1026382446289062,0.5479999999999999,1.0496597290039062,50,1007.0,372.0,218.0,1.0
733,homed,0.0,0.1438140869140625,0.0,0.1302070617675781,50,1007.0,372.0,218.0,1.0
734,mediaremoteagent,0.0,0.0232696533203125,0.0,0.0232696533203125,50,1007.0,372.0,218.0,1.0
740,Spotify Helper,0.0,0.0396728515625,0.015600000000000001,0.14564056396484373,250,1007.0,372.0,218.0,1.0
741,avconferenced,0.0,0.067901611328125,0.0,0.06789779663085938,50,1007.0,372.0,218.0,1.0
747,Spotify Helper,0.0,0.1916885375976562,0.015600000000000001,0.14564056396484373,250,1007.0,372.0,218.0,1.0
748,Spotify Helper,0.0,0.30517578125,0.015600000000000001,0.14564056396484373,250,1007.0,372.0,218.0,1.0
714,CursorUIViewService,0.0,0.1367568969726562,0.07400000000000001,0.15747833251953122,50,1007.0,372.0,218.0,1.0
755,Grammarly Desktop,0.2,0.691986083984375,0.524,0.7150344848632812,50,1007.0,372.0,218.0,1.0
768,Spotify Helper (Renderer),0.0,0.5649566650390625,0.044000000000000004,0.4534873962402344,50,1007.0,372.0,218.0,1.0
772,com.apple.WebKit.GPU,0.0,0.0507354736328125,0.102,0.09322547912597655,100,1007.0,372.0,218.0,1.0
774,com.apple.WebKit.WebContent,0.0,0.0186920166015625,0.2837142857142857,0.5284216744559151,350,1007.0,372.0,218.0,1.0
776,com.apple.WebKit.Networking,0.0,0.1340866088867187,0.4,0.16855621337890622,100,1007.0,372.0,218.0,1.0
792,commerce,0.0,0.0902175903320312,0.0,0.08901596069335932,50,1007.0,372.0,218.0,1.0
857,Grammarly Desktop Update Service,0.0,0.109100341796875,0.006000000000000001,0.11079406738281246,50,1007.0,372.0,218.0,1.0
873,mdbulkimport,0.0,0.0713348388671875,0.0,0.07133102416992188,50,1007.0,372.0,218.0,1.0
898,OneDrive Sync Service,0.0,0.2126693725585937,0.004,0.21224594116210935,50,1007.0,372.0,218.0,1.0
913,app_inkwell,0.1,0.2790451049804687,0.94,0.29593276977539057,50,1007.0,372.0,218.0,1.0
916,com.apple.WebKit.WebContent,0.0,0.6763458251953125,0.2837142857142857,0.5284216744559151,350,1007.0,372.0,218.0,1.0
752,Spotify Helper,0.0,0.1068115234375,0.015600000000000001,0.14564056396484373,250,1007.0,372.0,218.0,1.0
9138,siriactionsd,0.1,0.1611709594726562,0.004,0.14521408081054685,50,1007.0,372.0,218.0,1.0
9134,ScreenTimeAgent,0.0,0.1127243041992187,0.0,0.10361862182617183,50,1007.0,372.0,218.0,1.0
9101,bird,0.0,0.1279830932617187,0.04800000000000001,0.12118530273437494,50,1007.0,372.0,218.0,1.0
9095,calaccessd,0.0,0.1596450805664062,0.002,0.15127944946289057,50,1007.0,372.0,218.0,1.0
9049,tccd,0.0,0.1104354858398437,0.0,0.10362243652343744,50,1007.0,372.0,218.0,1.0
9086,knowledge-agent,0.0,0.1394271850585937,0.004,0.13211822509765622,50,1007.0,372.0,218.0,1.0
9069,searchpartyuseragent,0.0,0.1367568969726562,0.002,0.13115692138671872,50,1007.0,372.0,218.0,1.0
9053,cloudd,0.0,0.2237319946289062,0.016,0.2035255432128906,50,1007.0,372.0,218.0,1.0
9040,triald,0.0,0.1466751098632812,0.0,0.12915039062499997,50,1007.0,372.0,218.0,1.0
9088,contactsd,0.0,0.1096725463867187,0.008,0.09849548339843746,50,1007.0,372.0,218.0,1.0
9205,IntelligencePlatformComputeService,0.0,0.0879287719726562,0.0,0.0879287719726562,50,1007.0,372.0,218.0,1.0
9572,proactived,0.0,0.1264572143554687,0.02,0.1299476623535156,50,1007.0,372.0,218.0,1.0
9271,mdwrite,0.0,0.0329971313476562,0.0,0.032993316650390576,50,1007.0,372.0,218.0,1.0
9272,mbuseragent,0.0,0.0368118286132812,0.0,0.036808013916015576,50,1007.0,372.0,218.0,1.0
9556,syncdefaultsd,0.0,0.1255035400390625,0.006000000000000001,0.11057662963867186,50,1007.0,372.0,218.0,1.0
9575,akd,0.0,0.2227783203125,0.002,0.2174873352050781,50,1007.0,372.0,218.0,1.0
9577,CloudTelemetryService,0.0,0.07781982421875,0.0,0.06444135050135331,127,1007.0,372.0,218.0,1.0
9649,suggestd,0.0,0.1623153686523437,0.002,0.15771484374999997,50,1007.0,372.0,218.0,1.0
9681,AppleSpell,0.0,0.1420974731445312,0.0,0.13717651367187494,50,1007.0,372.0,218.0,1.0
9682,keyboardservicesd,0.0,0.0919342041015625,0.0,0.0876617431640625,50,1007.0,372.0,218.0,1.0
9742,promotedcontentd,0.0,0.1220703125,0.002,0.11449813842773438,50,1007.0,372.0,218.0,1.0
9032,secinitd,0.0,0.0652313232421875,0.0,0.06522750854492188,50,1007.0,372.0,218.0,1.0
9762,coreauthd,0.0,0.0980377197265625,0.0,0.09390640258789058,50,1007.0,372.0,218.0,1.0
9223,mapssyncd,0.0,0.0917434692382812,0.0,0.09173965454101557,50,1007.0,372.0,218.0,1.0
9754,ctkd,0.0,0.0896453857421875,0.0,0.08569717407226562,50,1007.0,372.0,218.0,1.0
8325,Google Chrome Helper (Renderer),0.0,0.3637313842773437,0.647816091954023,1.1122661897505837,435,1007.0,372.0,218.0,1.0
8410,routined,0.0,0.2063751220703125,0.034,0.19092559814453122,50,1007.0,372.0,218.0,1.0
9829,transparencyd,0.0,0.2244949340820312,0.018000000000000002,0.21265792846679685,50,1007.0,372.0,218.0,1.0
3034,Code Helper (Plugin),0.2,1.4493942260742188,0.041,0.5363956451416015,500,1007.0,372.0,218.0,1.0
3045,Code Helper (Plugin),0.0,0.2569198608398437,0.041,0.5363956451416015,500,1007.0,372.0,218.0,1.0
3063,zsh,0.0,0.0047683715820312,0.0,0.009178644112447462,253,1007.0,372.0,218.0,1.0
4030,pet,0.0,0.0217437744140625,0.02,0.02233123779296875,50,1007.0,372.0,218.0,1.0
4037,zsh,0.0,0.0043869018554687,0.0,0.009178644112447462,253,1007.0,372.0,218.0,1.0
4143,Code Helper (Plugin),0.0,0.2046585083007812,0.041,0.5363956451416015,500,1007.0,372.0,218.0,1.0
4194,Code Helper (Plugin),0.0,0.7755279541015625,0.041,0.5363956451416015,500,1007.0,372.0,218.0,1.0
5379,Code Helper (Plugin),0.0,0.2288818359375,0.041,0.5363956451416015,500,1007.0,372.0,218.0,1.0
5384,zsh,0.0,0.0043869018554687,0.0,0.009178644112447462,253,1007.0,372.0,218.0,1.0
5761,zsh,0.0,0.0131607055664062,0.0,0.009178644112447462,253,1007.0,372.0,218.0,1.0
6986,accountsd,0.0,0.2058029174804687,0.0,0.1851234436035156,50,1007.0,372.0,218.0,1.0
8323,Google Chrome Helper (Renderer),0.0,0.6567001342773438,0.647816091954023,1.1122661897505837,435,1007.0,372.0,218.0,1.0
8324,Google Chrome Helper (Renderer),0.0,0.26702880859375,0.647816091954023,1.1122661897505837,435,1007.0,372.0,218.0,1.0
8326,chronod,0.0,0.1619338989257812,0.01,0.15725708007812497,50,1007.0,372.0,218.0,1.0
8328,Google Chrome Helper (Renderer),0.0,0.5159378051757812,0.647816091954023,1.1122661897505837,435,1007.0,372.0,218.0,1.0
8335,WorldClockWidget,0.0,0.2202987670898437,0.0,0.22029876708984367,50,1007.0,372.0,218.0,1.0
8336,CalendarWidgetExtension,0.0,0.1031875610351562,0.0,0.1031875610351562,50,1007.0,372.0,218.0,1.0
8337,WeatherWidget,0.0,0.36163330078125,0.0,0.3655509948730469,50,1007.0,372.0,218.0,1.0
8339,StocksWidget,0.0,0.3248214721679687,0.0,0.3267478942871093,50,1007.0,372.0,218.0,1.0
8340,ScreenTimeWidgetExtension,0.0,0.3332138061523437,0.0,0.3311538696289062,50,1007.0,372.0,218.0,1.0
8351,Google Chrome Helper,0.0,0.1834869384765625,0.6,0.42389755249023436,250,1007.0,372.0,218.0,1.0
8396,audioaccessoryd,0.0,0.1176834106445312,0.0,0.10800170898437496,50,1007.0,372.0,218.0,1.0
8666,Google Chrome Helper (Renderer),0.0,0.310516357421875,0.647816091954023,1.1122661897505837,435,1007.0,372.0,218.0,1.0
9845,intelligentroutingd,0.0,0.0883102416992187,0.0,0.0883407592773437,50,1007.0,372.0,218.0,1.0
10212,Code Helper (Plugin),0.0,0.4932403564453125,0.041,0.5363956451416015,500,1007.0,372.0,218.0,1.0
9879,Siri,0.0,0.1544952392578125,0.016,0.1504554748535156,50,1007.0,372.0,218.0,1.0
10490,talagentd,0.0,0.1478195190429687,0.002,0.14520263671874997,50,1007.0,372.0,218.0,1.0
10558,pbs,0.0,0.031280517578125,0.002,0.031276702880859375,50,1007.0,372.0,218.0,1.0
11204,MTLCompilerService,0.0,0.0333786010742187,0.0,0.03340148925781246,50,1007.0,372.0,218.0,1.0
11684,mlhostd,0.0,0.1436233520507812,0.0,0.14452743530273432,50,1007.0,372.0,218.0,1.0
11889,mdworker_shared,0.0,0.20751953125,0.02153846153846154,0.19098232953976357,195,1007.0,372.0,218.0,1.0
12774,businessservicesd,0.0,0.0812530517578125,0.0,0.081024169921875,50,1007.0,372.0,218.0,1.0
12775,MessagesBlastDoorService,0.0,0.0579833984375,0.0,0.05239105224609375,50,1007.0,372.0,218.0,1.0
12776,feedbackd,0.0,0.0789642333984375,0.0,0.078704833984375,50,1007.0,372.0,218.0,1.0
12777,ProtectedCloudKeySyncing,0.0,0.1003265380859375,0.0,0.09304428100585938,50,1007.0,372.0,218.0,1.0
12779,gamecontrolleragentd,0.0,0.0591278076171875,0.002,0.060253143310546854,50,1007.0,372.0,218.0,1.0
12806,python3.12,0.8,0.17242431640625,0.46153846153846156,0.1703031770475618,91,1007.0,372.0,218.0,1.0
10481,Google Chrome Helper (Renderer),0.0,1.009368896484375,0.647816091954023,1.1122661897505837,435,1007.0,372.0,218.0,1.0
12815,zsh,0.0,0.0156402587890625,0.0,0.009178644112447462,253,1007.0,372.0,218.0,1.0
12962,mdworker_shared,0.0,0.2069473266601562,0.02153846153846154,0.19098232953976357,195,1007.0,372.0,218.0,1.0
12963,replayd,0.0,0.220489501953125,0.0,0.21639064866669325,49,1007.0,372.0,218.0,1.0
13000,python3.12,0.0,0.1661300659179687,0.46153846153846156,0.1703031770475618,91,1007.0,372.0,218.0,1.0
13020,mdworker_shared,0.0,0.1295089721679687,0.02153846153846154,0.19098232953976357,195,1007.0,372.0,218.0,1.0
13021,mdworker_shared,0.0,0.2166748046875,0.02153846153846154,0.19098232953976357,195,1007.0,372.0,218.0,1.0
13025,com.apple.siri.embeddedspeech,0.0,0.2153396606445312,0.03142857142857143,0.17331804547991067,35,1007.0,372.0,218.0,1.0
13026,biomesyncd,0.0,0.1171112060546875,0.0,0.12089014053344724,16,1007.0,372.0,218.0,1.0
13029,mdworker_shared,0.0,0.164794921875,0.02153846153846154,0.19098232953976357,195,1007.0,372.0,218.0,1.0
13036,CommCenter,0.0,0.3406524658203125,0.006000000000000001,0.23591232299804685,50,1007.0,372.0,218.0,1.0
13037,CoreLocationAgent,0.0,0.5586624145507812,0.00425531914893617,0.4036964254176363,47,1007.0,372.0,218.0,1.0
13043,Keychain Circle Notification,0.8,0.2532958984375,0.044000000000000004,0.18328857421874997,50,1007.0,372.0,218.0,1.0
12959,ndoagent,0.0,0.0753402709960937,0.0,0.0754165649414062,50,1007.0,372.0,218.0,1.0
9847,UIKitSystem,0.0,0.1695632934570312,0.002,0.17118835449218742,50,1007.0,372.0,218.0,1.0
10215,Code Helper (Plugin),0.0,0.4497528076171875,0.041,0.5363956451416015,500,1007.0,372.0,218.0,1.0
3033,Code Helper,0.0,0.4064559936523437,0.32371428571428573,0.48915318080357145,350,1007.0,372.0,218.0,1.0
9888,SiriNCService,0.0,0.1607894897460937,0.008,0.15225982666015622,50,1007.0,372.0,218.0,1.0
9891,AssetCacheLocatorService,0.0,0.0406265258789062,0.0,0.04087829589843746,50,1007.0,372.0,218.0,1.0
9901,pkd,0.0,0.1146316528320312,0.002,0.10622024536132811,50,1007.0,372.0,218.0,1.0
9909,com.apple.geod,0.0,0.0988006591796875,0.004,0.09388351440429683,50,1007.0,372.0,218.0,1.0
9946,extensionkitservice,0.0,0.080108642578125,0.0,0.08034324645996094,100,1007.0,372.0,218.0,1.0
9947,networkserviceproxy,0.0,0.1491546630859375,0.0,0.1554603576660156,50,1007.0,372.0,218.0,1.0
9963,swtransparencyd,0.0,0.089263916015625,0.0,0.08174896240234374,50,1007.0,372.0,218.0,1.0
9964,CloudTelemetryService,0.0,0.0783920288085937,0.0,0.06444135050135331,127,1007.0,372.0,218.0,1.0
9982,contentlinkingd,0.0,0.0865936279296875,0.0,0.08146667480468746,50,1007.0,372.0,218.0,1.0
10001,AppPredictionIntentsHelperService,0.0,0.1634597778320312,0.0,0.16557312011718747,50,1007.0,372.0,218.0,1.0
10009,com.apple.accessibility.mediaaccessibilityd,0.0,0.0261306762695312,0.0,0.0261306762695312,50,1007.0,372.0,218.0,1.0
10213,Code Helper (Plugin),0.0,0.4915237426757812,0.041,0.5363956451416015,500,1007.0,372.0,218.0,1.0
10010,AudioComponentRegistrar,0.0,0.054931640625,0.004,0.04845809936523434,50,1007.0,372.0,218.0,1.0
10115,iconservicesagent,0.0,0.0902175903320312,0.0,0.0902175903320312,50,1007.0,372.0,218.0,1.0
10121,com.apple.Safari.SafeBrowsing.Service,0.0,0.0743865966796875,0.0,0.07349395751953124,50,1007.0,372.0,218.0,1.0
10122,SAExtensionOrchestrator,0.0,0.1125335693359375,0.0,0.1125335693359375,50,1007.0,372.0,218.0,1.0
10123,extensionkitservice,0.0,0.0789642333984375,0.0,0.08034324645996094,100,1007.0,372.0,218.0,1.0
10124,GMSSELFIngestor,0.0,0.0974655151367187,0.0,0.0974655151367187,50,1007.0,372.0,218.0,1.0
10125,IFTranscriptSELFIngestor,0.0,0.086212158203125,0.0,0.086212158203125,50,1007.0,372.0,218.0,1.0
10126,IFTelemetrySELFIngestor,0.0,0.0825881958007812,0.0,0.0825881958007812,50,1007.0,372.0,218.0,1.0
10127,BiomeSELFIngestor,0.0,0.0879287719726562,0.0,0.0879287719726562,50,1007.0,372.0,218.0,1.0
10204,CoreServicesUIAgent,0.0,0.1985549926757812,0.004,0.19499969482421872,50,1007.0,372.0,218.0,1.0
10209,Code Helper (Plugin),0.0,0.4795074462890625,0.041,0.5363956451416015,500,1007.0,372.0,218.0,1.0
10211,Code Helper (Plugin),0.0,0.4499435424804687,0.041,0.5363956451416015,500,1007.0,372.0,218.0,1.0
10015,linkd,0.0,0.0791549682617187,0.0,0.07984924316406244,50,1007.0,372.0,218.0,1.0
2913,Code Helper,0.6,0.5762100219726562,0.32371428571428573,0.48915318080357145,350,1007.0,372.0,218.0,1.0
9000,PowerChime,0.0,0.1392364501953125,0.008,0.14000701904296872,50,1007.0,372.0,218.0,1.0
2878,Code Helper,0.0,0.3942489624023437,0.32371428571428573,0.48915318080357145,350,1007.0,372.0,218.0,1.0
609,identityservicesd,0.0,0.2145767211914062,0.012,0.20082092285156247,50,1007.0,372.0,218.0,1.0
615,corespeechd,0.0,0.2222061157226562,0.09799999999999999,0.18834686279296872,50,1007.0,372.0,218.0,1.0
616,assistantd,0.0,0.2948760986328125,0.004,0.23475265502929685,50,1007.0,372.0,218.0,1.0
623,WallpaperImageExtension,0.0,0.0654220581054687,0.0,0.07489013671874994,50,1007.0,372.0,218.0,1.0
639,sharingd,0.0,0.1476287841796875,0.002,0.14010620117187497,50,1007.0,372.0,218.0,1.0
641,usernoted,0.0,0.1811981201171875,0.02,0.15933227539062497,50,1007.0,372.0,218.0,1.0
642,neagent,0.0,0.1068115234375,0.0,0.1076812744140625,50,1007.0,372.0,218.0,1.0
643,useractivityd,0.0,0.0848770141601562,0.008,0.08467864990234374,50,1007.0,372.0,218.0,1.0
644,com.apple.dock.extra,0.0,0.18463134765625,0.048,0.17804336547851562,50,1007.0,372.0,218.0,1.0
646,NotificationCenter,0.0,0.2277374267578125,0.024000000000000004,0.24862670898437497,50,1007.0,372.0,218.0,1.0
649,milod,0.0,0.0820159912109375,0.0,0.08232498168945312,50,1007.0,372.0,218.0,1.0
650,familycircled,0.0,0.0677108764648437,0.0,0.06789016723632807,50,1007.0,372.0,218.0,1.0
651,StatusKitAgent,0.0,0.0787734985351562,0.0,0.07876968383789057,50,1007.0,372.0,218.0,1.0
666,ContextStoreAgent,0.0,0.16632080078125,0.11199999999999999,0.1729774475097656,50,1007.0,372.0,218.0,1.0
668,BiomeAgent,0.0,0.1409530639648437,0.126,0.1340827941894531,50,1007.0,372.0,218.0,1.0
670,imklaunchagent,0.0,0.0619888305664062,0.0,0.06198501586914058,50,1007.0,372.0,218.0,1.0
673,icdd,0.0,0.0349044799804687,0.0,0.034900665283203076,50,1007.0,372.0,218.0,1.0
680,AirPlayUIAgent,0.0,0.1020431518554687,0.004,0.09934997558593746,50,1007.0,372.0,218.0,1.0
683,imagent,0.0,0.1470565795898437,0.008,0.13217163085937497,50,1007.0,372.0,218.0,1.0
685,diagnostics_agent,0.0,0.1033782958984375,0.002,0.09417724609374996,50,1007.0,372.0,218.0,1.0
686,TextInputMenuAgent,0.0,0.15106201171875,0.008,0.16139221191406247,50,1007.0,372.0,218.0,1.0
688,Grammarly Desktop Helper,0.0,0.1035690307617187,0.002,0.10088729858398436,50,1007.0,372.0,218.0,1.0
699,com.apple.CloudDocs.iCloudDriveFileProvider,0.0,0.1056671142578125,0.008,0.09911346435546875,50,1007.0,372.0,218.0,1.0
608,ViewBridgeAuxiliary,0.0,0.0856399536132812,0.014000000000000002,0.08618545532226561,50,1007.0,372.0,218.0,1.0
606,fontworker,0.0,0.0581741333007812,0.0,0.05817031860351558,50,1007.0,372.0,218.0,1.0
605,ContinuityCaptureAgent,0.0,0.0761032104492187,0.0,0.0761032104492187,50,1007.0,372.0,218.0,1.0
604,AMPDeviceDiscoveryAgent,0.0,0.0591278076171875,0.0,0.051746368408203104,50,1007.0,372.0,218.0,1.0
376,loginwindow,0.0,0.2445220947265625,0.008,0.24020385742187497,50,1007.0,372.0,218.0,1.0
543,distnoted,0.0,0.0524520874023437,0.028000000000000004,0.05070495605468747,50,1007.0,372.0,218.0,1.0
544,cfprefsd,0.0,0.061798095703125,0.066,0.05707931518554685,50,1007.0,372.0,218.0,1.0
549,UserEventAgent,0.0,0.1176834106445312,0.013999999999999999,0.10488891601562496,50,1007.0,372.0,218.0,1.0
553,WindowManager,0.0,0.2477645874023437,0.11200000000000002,0.24517440795898435,50,1007.0,372.0,218.0,1.0
557,universalaccessd,0.0,0.0888824462890625,0.006000000000000001,0.09207916259765624,50,1007.0,372.0,218.0,1.0
559,Dock,0.0,0.2012252807617187,0.076,0.20318603515624997,50,1007.0,372.0,218.0,1.0
560,ControlCenter,0.5,0.4064559936523437,0.5379999999999999,0.41684722900390625,50,1007.0,372.0,218.0,1.0
561,pboard,0.0,0.0928878784179687,0.002,0.09132385253906246,50,1007.0,372.0,218.0,1.0
562,SystemUIServer,0.0,0.1272201538085937,0.006,0.13476562499999997,50,1007.0,372.0,218.0,1.0
564,Finder,0.0,0.3757476806640625,0.07400000000000001,0.4227867126464844,50,1007.0,372.0,218.0,1.0
704,ctkahp,0.0,0.037384033203125,0.0,0.037380218505859375,50,1007.0,372.0,218.0,1.0
567,lsd,0.0,0.1253128051757812,0.012,0.11196517944335933,50,1007.0,372.0,218.0,1.0
575,rapportd,0.0,0.131988525390625,0.002,0.1259346008300781,50,1007.0,372.0,218.0,1.0
578,secd,0.0,0.1699447631835937,0.006000000000000001,0.15089416503906247,50,1007.0,372.0,218.0,1.0
580,trustd,0.0,0.1186370849609375,0.04,0.11620330810546871,50,1007.0,372.0,218.0,1.0
583,WallpaperAgent,0.0,0.144195556640625,0.004,0.1629066467285156,50,1007.0,372.0,218.0,1.0
587,com.apple.hiservices-xpcservice,0.0,0.0368118286132812,0.01,0.03719711303710933,50,1007.0,372.0,218.0,1.0
589,sharedfilelistd,0.0,0.1064300537109375,0.0,0.08721542358398436,50,1007.0,372.0,218.0,1.0
590,containermanagerd,0.0,0.0459671020507812,0.012,0.04875946044921871,50,1007.0,372.0,218.0,1.0
591,usernotificationsd,0.0,0.10528564453125,0.008,0.09786605834960933,50,1007.0,372.0,218.0,1.0
596,callservicesd,0.0,0.2199172973632812,0.006000000000000001,0.17979049682617185,50,1007.0,372.0,218.0,1.0
600,fontd,0.1,0.0499725341796875,0.002,0.06991577148437499,50,1007.0,372.0,218.0,1.0
602,fileproviderd,0.2,0.1474380493164062,0.21200000000000002,0.1446113586425781,50,1007.0,372.0,218.0,1.0
568,AXVisualSupportAgent,0.0,0.1649856567382812,0.6920000000000001,0.16974639892578122,50,1007.0,372.0,218.0,1.0
707,WiFiAgent,0.0,0.1678466796875,0.114,0.16522979736328122,50,1007.0,372.0,218.0,1.0
2880,Code Helper,0.0,0.1558303833007812,0.32371428571428573,0.48915318080357145,350,1007.0,372.0,218.0,1.0
713,Spotlight,0.0,0.1932144165039062,0.05,0.27865600585937494,50,1007.0,372.0,218.0,1.0
930,com.apple.WebKit.WebContent,0.0,0.2500534057617187,0.2837142857142857,0.5284216744559151,350,1007.0,372.0,218.0,1.0
931,com.apple.WebKit.WebContent,0.0,0.4486083984375,0.2837142857142857,0.5284216744559151,350,1007.0,372.0,218.0,1.0
932,com.apple.WebKit.WebContent,0.1,0.4358291625976562,0.2837142857142857,0.5284216744559151,350,1007.0,372.0,218.0,1.0
957,Google Chrome,0.3,2.1638870239257812,1.324,2.2691001892089844,50,1007.0,372.0,218.0,1.0
960,chrome_crashpad_handler,0.0,0.0188827514648437,0.0,0.019365310668945288,100,1007.0,372.0,218.0,1.0
961,voicebankingd,0.0,0.0722885131835937,0.0,0.07259750366210932,50,1007.0,372.0,218.0,1.0
963,Google Chrome Helper,1.3,0.9166717529296876,0.6,0.42389755249023436,250,1007.0,372.0,218.0,1.0
964,Google Chrome Helper,0.3,0.6805419921875,0.6,0.42389755249023436,250,1007.0,372.0,218.0,1.0
966,Google Chrome Helper,0.0,0.206756591796875,0.6,0.42389755249023436,250,1007.0,372.0,218.0,1.0
1015,Google Chrome Helper,0.0,0.162506103515625,0.6,0.42389755249023436,250,1007.0,372.0,218.0,1.0
1191,storeaccountd,0.0,0.0658035278320312,0.0,0.06579971313476557,50,1007.0,372.0,218.0,1.0
926,peopled,0.0,0.086212158203125,0.0,0.08623886108398438,50,1007.0,372.0,218.0,1.0
1474,IMAutomaticHistoryDeletionAgent,0.0,0.092315673828125,0.0,0.08300018310546874,50,1007.0,372.0,218.0,1.0
2095,com.apple.WebKit.WebContent,0.0,0.2668380737304687,0.2837142857142857,0.5284216744559151,350,1007.0,372.0,218.0,1.0
2096,com.apple.WebKit.WebContent,0.0,0.328826904296875,0.2837142857142857,0.5284216744559151,350,1007.0,372.0,218.0,1.0
2641,Google Chrome Helper (Renderer),0.0,0.6292343139648438,0.647816091954023,1.1122661897505837,435,1007.0,372.0,218.0,1.0
2672,Google Chrome Helper (Renderer),4.5,5.724334716796875,0.647816091954023,1.1122661897505837,435,1007.0,372.0,218.0,1.0
2826,Code,0.0,1.1943817138671875,1.3619999999999999,1.3807182312011719,50,1007.0,372.0,218.0,1.0
2832,chrome_crashpad_handler,0.0,0.0194549560546875,0.0,0.019365310668945288,100,1007.0,372.0,218.0,1.0
2833,Code Helper,0.0,0.5817413330078125,0.32371428571428573,0.48915318080357145,350,1007.0,372.0,218.0,1.0
2834,Code Helper,0.0,0.3557205200195312,0.32371428571428573,0.48915318080357145,350,1007.0,372.0,218.0,1.0
2835,Code Helper (Renderer),0.1,3.6661148071289062,3.5780000000000003,3.886066436767578,50,1007.0,372.0,218.0,1.0
2852,Code Helper,0.0,0.7173538208007812,0.32371428571428573,0.48915318080357145,350,1007.0,372.0,218.0,1.0
709,nsurlsessiond,0.0,0.1308441162109375,0.032,0.1256752014160156,50,1007.0,372.0,218.0,1.0
1718,ServiceExtension,0.0,0.142669677734375,0.0,0.142669677734375,50,1007.0,372.0,218.0,1.0
921,Spotify Helper,0.0,0.087738037109375,0.015600000000000001,0.14564056396484373,250,1007.0,372.0,218.0,1.0
1052,spotlightknowledged,0.0,0.0352859497070312,0.0,0.04377672749180943,62,1007.0,372.0,218.0,1.0
918,com.apple.WebKit.GPU,0.0,0.07781982421875,0.102,0.09322547912597655,100,1007.0,372.0,218.0,1.0
919,com.apple.WebKit.Networking,0.0,0.2277374267578125,0.4,0.16855621337890622,100,1007.0,372.0,218.0,1.0
716,PAH_Extension,0.0,0.1150131225585937,0.014000000000000002,0.11199188232421874,50,1007.0,372.0,218.0,1.0
717,OneDrive,0.0,0.3459930419921875,0.032,0.36077880859375,50,1007.0,372.0,218.0,1.0
718,corespotlightd,0.0,0.145721435546875,0.012,0.15357208251953122,50,1007.0,372.0,218.0,1.0
722,duetexpertd,0.0,0.2471923828125,0.09,0.26060485839843744,50,1007.0,372.0,218.0,1.0
730,Spotify,0.4,1.1035919189453125,0.5479999999999999,1.0496597290039062,50,1007.0,372.0,218.0,1.0
733,homed,0.0,0.1438140869140625,0.0,0.1302070617675781,50,1007.0,372.0,218.0,1.0
740,Spotify Helper,0.0,0.0396728515625,0.015600000000000001,0.14564056396484373,250,1007.0,372.0,218.0,1.0
741,avconferenced,0.0,0.067901611328125,0.0,0.06789779663085938,50,1007.0,372.0,218.0,1.0
747,Spotify Helper,0.0,0.194549560546875,0.015600000000000001,0.14564056396484373,250,1007.0,372.0,218.0,1.0
748,Spotify Helper,0.0,0.30517578125,0.015600000000000001,0.14564056396484373,250,1007.0,372.0,218.0,1.0
752,Spotify Helper,0.0,0.1104354858398437,0.015600000000000001,0.14564056396484373,250,1007.0,372.0,218.0,1.0
734,mediaremoteagent,0.0,0.0232696533203125,0.0,0.0232696533203125,50,1007.0,372.0,218.0,1.0
714,CursorUIViewService,0.0,0.1367568969726562,0.07400000000000001,0.15747833251953122,50,1007.0,372.0,218.0,1.0
755,Grammarly Desktop,0.2,0.7110595703125,0.524,0.7150344848632812,50,1007.0,372.0,218.0,1.0
913,app_inkwell,0.0,0.27923583984375,0.94,0.29593276977539057,50,1007.0,372.0,218.0,1.0
898,OneDrive Sync Service,0.0,0.21209716796875,0.004,0.21224594116210935,50,1007.0,372.0,218.0,1.0
873,mdbulkimport,0.0,0.0713348388671875,0.0,0.07133102416992188,50,1007.0,372.0,218.0,1.0
857,Grammarly Desktop Update Service,0.0,0.109100341796875,0.006000000000000001,0.11079406738281246,50,1007.0,372.0,218.0,1.0
916,com.apple.WebKit.WebContent,0.0,0.6763458251953125,0.2837142857142857,0.5284216744559151,350,1007.0,372.0,218.0,1.0
776,com.apple.WebKit.Networking,0.0,0.1338958740234375,0.4,0.16855621337890622,100,1007.0,372.0,218.0,1.0
774,com.apple.WebKit.WebContent,0.0,0.0186920166015625,0.2837142857142857,0.5284216744559151,350,1007.0,372.0,218.0,1.0
772,com.apple.WebKit.GPU,0.0,0.0507354736328125,0.102,0.09322547912597655,100,1007.0,372.0,218.0,1.0
768,Spotify Helper (Renderer),0.0,0.5649566650390625,0.044000000000000004,0.4534873962402344,50,1007.0,372.0,218.0,1.0
792,commerce,0.0,0.0902175903320312,0.0,0.08901596069335932,50,1007.0,372.0,218.0,1.0
9138,siriactionsd,0.0,0.1605987548828125,0.004,0.14521408081054685,50,1007.0,372.0,218.0,1.0
9040,triald,0.0,0.1466751098632812,0.0,0.12915039062499997,50,1007.0,372.0,218.0,1.0
9049,tccd,0.0,0.1104354858398437,0.0,0.10362243652343744,50,1007.0,372.0,218.0,1.0
9053,cloudd,0.0,0.2229690551757812,0.016,0.2035255432128906,50,1007.0,372.0,218.0,1.0
9069,searchpartyuseragent,0.0,0.1367568969726562,0.002,0.13115692138671872,50,1007.0,372.0,218.0,1.0
9086,knowledge-agent,0.0,0.1394271850585937,0.004,0.13211822509765622,50,1007.0,372.0,218.0,1.0
9088,contactsd,0.0,0.1096725463867187,0.008,0.09849548339843746,50,1007.0,372.0,218.0,1.0
9095,calaccessd,0.0,0.1596450805664062,0.002,0.15127944946289057,50,1007.0,372.0,218.0,1.0
9101,bird,0.0,0.1279830932617187,0.04800000000000001,0.12118530273437494,50,1007.0,372.0,218.0,1.0
9134,ScreenTimeAgent,0.0,0.1127243041992187,0.0,0.10361862182617183,50,1007.0,372.0,218.0,1.0
9205,IntelligencePlatformComputeService,0.0,0.0879287719726562,0.0,0.0879287719726562,50,1007.0,372.0,218.0,1.0
9754,ctkd,0.0,0.0896453857421875,0.0,0.08569717407226562,50,1007.0,372.0,218.0,1.0
9271,mdwrite,0.0,0.0329971313476562,0.0,0.032993316650390576,50,1007.0,372.0,218.0,1.0
9272,mbuseragent,0.0,0.0368118286132812,0.0,0.036808013916015576,50,1007.0,372.0,218.0,1.0
9556,syncdefaultsd,0.0,0.1255035400390625,0.006000000000000001,0.11057662963867186,50,1007.0,372.0,218.0,1.0
9572,proactived,0.0,0.1264572143554687,0.02,0.1299476623535156,50,1007.0,372.0,218.0,1.0
9575,akd,0.0,0.2227783203125,0.002,0.2174873352050781,50,1007.0,372.0,218.0,1.0
9577,CloudTelemetryService,0.0,0.07781982421875,0.0,0.06444135050135331,127,1007.0,372.0,218.0,1.0
9649,suggestd,0.0,0.1623153686523437,0.002,0.15771484374999997,50,1007.0,372.0,218.0,1.0
9681,AppleSpell,0.0,0.1420974731445312,0.0,0.13717651367187494,50,1007.0,372.0,218.0,1.0
9682,keyboardservicesd,0.0,0.0919342041015625,0.0,0.0876617431640625,50,1007.0,372.0,218.0,1.0
9742,promotedcontentd,0.0,0.1220703125,0.002,0.11449813842773438,50,1007.0,372.0,218.0,1.0
9032,secinitd,0.0,0.0652313232421875,0.0,0.06522750854492188,50,1007.0,372.0,218.0,1.0
9223,mapssyncd,0.0,0.0917434692382812,0.0,0.09173965454101557,50,1007.0,372.0,218.0,1.0
9000,PowerChime,0.0,0.1392364501953125,0.008,0.14000701904296872,50,1007.0,372.0,218.0,1.0
3033,Code Helper,0.1,0.406646728515625,0.32371428571428573,0.48915318080357145,350,1007.0,372.0,218.0,1.0
8410,routined,0.0,0.2063751220703125,0.034,0.19092559814453122,50,1007.0,372.0,218.0,1.0
9762,coreauthd,0.0,0.0980377197265625,0.0,0.09390640258789058,50,1007.0,372.0,218.0,1.0
3034,Code Helper (Plugin),0.3,1.4619827270507812,0.041,0.5363956451416015,500,1007.0,372.0,218.0,1.0
3045,Code Helper (Plugin),0.0,0.2672195434570312,0.041,0.5363956451416015,500,1007.0,372.0,218.0,1.0
3063,zsh,0.0,0.0047683715820312,0.0,0.009178644112447462,253,1007.0,372.0,218.0,1.0
4030,pet,0.0,0.0217437744140625,0.02,0.02233123779296875,50,1007.0,372.0,218.0,1.0
4037,zsh,0.0,0.0043869018554687,0.0,0.009178644112447462,253,1007.0,372.0,218.0,1.0
4143,Code Helper (Plugin),0.0,0.2046585083007812,0.041,0.5363956451416015,500,1007.0,372.0,218.0,1.0
4194,Code Helper (Plugin),0.0,0.7968902587890625,0.041,0.5363956451416015,500,1007.0,372.0,218.0,1.0
5379,Code Helper (Plugin),0.0,0.2288818359375,0.041,0.5363956451416015,500,1007.0,372.0,218.0,1.0
5384,zsh,0.0,0.0043869018554687,0.0,0.009178644112447462,253,1007.0,372.0,218.0,1.0
5761,zsh,0.0,0.0131607055664062,0.0,0.009178644112447462,253,1007.0,372.0,218.0,1.0
8666,Google Chrome Helper (Renderer),0.0,0.3110885620117187,0.647816091954023,1.1122661897505837,435,1007.0,372.0,218.0,1.0
6986,accountsd,0.0,0.2058029174804687,0.0,0.1851234436035156,50,1007.0,372.0,218.0,1.0
8324,Google Chrome Helper (Renderer),0.0,0.26702880859375,0.647816091954023,1.1122661897505837,435,1007.0,372.0,218.0,1.0
8325,Google Chrome Helper (Renderer),0.0,0.3637313842773437,0.647816091954023,1.1122661897505837,435,1007.0,372.0,218.0,1.0
8326,chronod,0.0,0.1619338989257812,0.01,0.15725708007812497,50,1007.0,372.0,218.0,1.0
8328,Google Chrome Helper (Renderer),0.0,0.5159378051757812,0.647816091954023,1.1122661897505837,435,1007.0,372.0,218.0,1.0
8335,WorldClockWidget,0.0,0.2202987670898437,0.0,0.22029876708984367,50,1007.0,372.0,218.0,1.0
8336,CalendarWidgetExtension,0.0,0.1031875610351562,0.0,0.1031875610351562,50,1007.0,372.0,218.0,1.0
8337,WeatherWidget,0.0,0.36163330078125,0.0,0.3655509948730469,50,1007.0,372.0,218.0,1.0
8339,StocksWidget,0.0,0.3248214721679687,0.0,0.3267478942871093,50,1007.0,372.0,218.0,1.0
8340,ScreenTimeWidgetExtension,0.0,0.3332138061523437,0.0,0.3311538696289062,50,1007.0,372.0,218.0,1.0
8351,Google Chrome Helper,0.0,0.1834869384765625,0.6,0.42389755249023436,250,1007.0,372.0,218.0,1.0
8396,audioaccessoryd,0.0,0.1176834106445312,0.0,0.10800170898437496,50,1007.0,372.0,218.0,1.0
8323,Google Chrome Helper (Renderer),0.0,0.6567001342773438,0.647816091954023,1.1122661897505837,435,1007.0,372.0,218.0,1.0
9829,transparencyd,0.0,0.2244949340820312,0.018000000000000002,0.21265792846679685,50,1007.0,372.0,218.0,1.0
10211,Code Helper (Plugin),0.0,0.4522323608398437,0.041,0.5363956451416015,500,1007.0,372.0,218.0,1.0
9847,UIKitSystem,0.0,0.1695632934570312,0.002,0.17118835449218742,50,1007.0,372.0,218.0,1.0
10490,talagentd,0.0,0.1478195190429687,0.002,0.14520263671874997,50,1007.0,372.0,218.0,1.0
10558,pbs,0.0,0.031280517578125,0.002,0.031276702880859375,50,1007.0,372.0,218.0,1.0
11204,MTLCompilerService,0.0,0.0333786010742187,0.0,0.03340148925781246,50,1007.0,372.0,218.0,1.0
11684,mlhostd,0.0,0.1436233520507812,0.0,0.14452743530273432,50,1007.0,372.0,218.0,1.0
11889,mdworker_shared,0.0,0.20751953125,0.02153846153846154,0.19098232953976357,195,1007.0,372.0,218.0,1.0
12774,businessservicesd,0.0,0.0812530517578125,0.0,0.081024169921875,50,1007.0,372.0,218.0,1.0
12775,MessagesBlastDoorService,0.0,0.0579833984375,0.0,0.05239105224609375,50,1007.0,372.0,218.0,1.0
12776,feedbackd,0.0,0.0789642333984375,0.0,0.078704833984375,50,1007.0,372.0,218.0,1.0
12777,ProtectedCloudKeySyncing,0.0,0.1003265380859375,0.0,0.09304428100585938,50,1007.0,372.0,218.0,1.0
12779,gamecontrolleragentd,0.0,0.0591278076171875,0.002,0.060253143310546854,50,1007.0,372.0,218.0,1.0
12806,python3.12,0.9,0.17242431640625,0.46153846153846156,0.1703031770475618,91,1007.0,372.0,218.0,1.0
10481,Google Chrome Helper (Renderer),0.0,1.009368896484375,0.647816091954023,1.1122661897505837,435,1007.0,372.0,218.0,1.0
12815,zsh,0.0,0.0156402587890625,0.0,0.009178644112447462,253,1007.0,372.0,218.0,1.0
12962,mdworker_shared,0.0,0.2069473266601562,0.02153846153846154,0.19098232953976357,195,1007.0,372.0,218.0,1.0
12963,replayd,0.0,0.220489501953125,0.0,0.21639064866669325,49,1007.0,372.0,218.0,1.0
13000,python3.12,0.0,0.1661300659179687,0.46153846153846156,0.1703031770475618,91,1007.0,372.0,218.0,1.0
13020,mdworker_shared,0.0,0.1295089721679687,0.02153846153846154,0.19098232953976357,195,1007.0,372.0,218.0,1.0
13021,mdworker_shared,0.0,0.2166748046875,0.02153846153846154,0.19098232953976357,195,1007.0,372.0,218.0,1.0
13025,com.apple.siri.embeddedspeech,0.0,0.2153396606445312,0.03142857142857143,0.17331804547991067,35,1007.0,372.0,218.0,1.0
13026,biomesyncd,0.0,0.1171112060546875,0.0,0.12089014053344724,16,1007.0,372.0,218.0,1.0
13029,mdworker_shared,0.0,0.164794921875,0.02153846153846154,0.19098232953976357,195,1007.0,372.0,218.0,1.0
13036,CommCenter,0.0,0.3406524658203125,0.006000000000000001,0.23591232299804685,50,1007.0,372.0,218.0,1.0
13037,CoreLocationAgent,0.0,0.5580902099609375,0.00425531914893617,0.4036964254176363,47,1007.0,372.0,218.0,1.0
2913,Code Helper,0.3,0.5739212036132812,0.32371428571428573,0.48915318080357145,350,1007.0,372.0,218.0,1.0
12959,ndoagent,0.0,0.0753402709960937,0.0,0.0754165649414062,50,1007.0,372.0,218.0,1.0
9845,intelligentroutingd,0.0,0.0883102416992187,0.0,0.0883407592773437,50,1007.0,372.0,218.0,1.0
10215,Code Helper (Plugin),0.1,0.4497528076171875,0.041,0.5363956451416015,500,1007.0,372.0,218.0,1.0
10212,Code Helper (Plugin),0.0,0.49896240234375,0.041,0.5363956451416015,500,1007.0,372.0,218.0,1.0
9879,Siri,0.0,0.1544952392578125,0.016,0.1504554748535156,50,1007.0,372.0,218.0,1.0
9888,SiriNCService,0.0,0.1607894897460937,0.008,0.15225982666015622,50,1007.0,372.0,218.0,1.0
9891,AssetCacheLocatorService,0.0,0.0406265258789062,0.0,0.04087829589843746,50,1007.0,372.0,218.0,1.0
9901,pkd,0.0,0.1146316528320312,0.002,0.10622024536132811,50,1007.0,372.0,218.0,1.0
9909,com.apple.geod,0.0,0.0986099243164062,0.004,0.09388351440429683,50,1007.0,372.0,218.0,1.0
9946,extensionkitservice,0.0,0.080108642578125,0.0,0.08034324645996094,100,1007.0,372.0,218.0,1.0
9947,networkserviceproxy,0.0,0.1491546630859375,0.0,0.1554603576660156,50,1007.0,372.0,218.0,1.0
9963,swtransparencyd,0.0,0.089263916015625,0.0,0.08174896240234374,50,1007.0,372.0,218.0,1.0
9964,CloudTelemetryService,0.0,0.0783920288085937,0.0,0.06444135050135331,127,1007.0,372.0,218.0,1.0
9982,contentlinkingd,0.0,0.0860214233398437,0.0,0.08146667480468746,50,1007.0,372.0,218.0,1.0
10001,AppPredictionIntentsHelperService,0.0,0.1634597778320312,0.0,0.16557312011718747,50,1007.0,372.0,218.0,1.0
10213,Code Helper (Plugin),0.0,0.5010604858398438,0.041,0.5363956451416015,500,1007.0,372.0,218.0,1.0
10009,com.apple.accessibility.mediaaccessibilityd,0.0,0.0261306762695312,0.0,0.0261306762695312,50,1007.0,372.0,218.0,1.0
10015,linkd,0.0,0.0791549682617187,0.0,0.07984924316406244,50,1007.0,372.0,218.0,1.0
10115,iconservicesagent,0.0,0.0902175903320312,0.0,0.0902175903320312,50,1007.0,372.0,218.0,1.0
10121,com.apple.Safari.SafeBrowsing.Service,0.0,0.0743865966796875,0.0,0.07349395751953124,50,1007.0,372.0,218.0,1.0
10122,SAExtensionOrchestrator,0.0,0.1125335693359375,0.0,0.1125335693359375,50,1007.0,372.0,218.0,1.0
10123,extensionkitservice,0.0,0.0789642333984375,0.0,0.08034324645996094,100,1007.0,372.0,218.0,1.0
10124,GMSSELFIngestor,0.0,0.0974655151367187,0.0,0.0974655151367187,50,1007.0,372.0,218.0,1.0
10125,IFTranscriptSELFIngestor,0.0,0.086212158203125,0.0,0.086212158203125,50,1007.0,372.0,218.0,1.0
10126,IFTelemetrySELFIngestor,0.0,0.0825881958007812,0.0,0.0825881958007812,50,1007.0,372.0,218.0,1.0
10127,BiomeSELFIngestor,0.0,0.0879287719726562,0.0,0.0879287719726562,50,1007.0,372.0,218.0,1.0
10204,CoreServicesUIAgent,0.0,0.1985549926757812,0.004,0.19499969482421872,50,1007.0,372.0,218.0,1.0
10209,Code Helper (Plugin),0.1,0.4795074462890625,0.041,0.5363956451416015,500,1007.0,372.0,218.0,1.0
10010,AudioComponentRegistrar,0.0,0.054931640625,0.004,0.04845809936523434,50,1007.0,372.0,218.0,1.0
13043,Keychain Circle Notification,0.0,0.2521514892578125,0.044000000000000004,0.18328857421874997,50,1007.0,372.0,218.0,1.0
2880,Code Helper,0.0,0.1604080200195312,0.32371428571428573,0.48915318080357145,350,1007.0,372.0,218.0,1.0
2852,Code Helper,0.0,0.7173538208007812,0.32371428571428573,0.48915318080357145,350,1007.0,372.0,218.0,1.0
609,identityservicesd,0.0,0.2140045166015625,0.012,0.20082092285156247,50,1007.0,372.0,218.0,1.0
615,corespeechd,0.0,0.2222061157226562,0.09799999999999999,0.18834686279296872,50,1007.0,372.0,218.0,1.0
616,assistantd,0.0,0.2948760986328125,0.004,0.23475265502929685,50,1007.0,372.0,218.0,1.0
623,WallpaperImageExtension,0.0,0.0654220581054687,0.0,0.07489013671874994,50,1007.0,372.0,218.0,1.0
639,sharingd,0.0,0.1476287841796875,0.002,0.14010620117187497,50,1007.0,372.0,218.0,1.0
641,usernoted,0.0,0.1804351806640625,0.02,0.15933227539062497,50,1007.0,372.0,218.0,1.0
642,neagent,0.0,0.1068115234375,0.0,0.1076812744140625,50,1007.0,372.0,218.0,1.0
643,useractivityd,0.0,0.0848770141601562,0.008,0.08467864990234374,50,1007.0,372.0,218.0,1.0
644,com.apple.dock.extra,0.0,0.18463134765625,0.048,0.17804336547851562,50,1007.0,372.0,218.0,1.0
646,NotificationCenter,0.0,0.2277374267578125,0.024000000000000004,0.24862670898437497,50,1007.0,372.0,218.0,1.0
649,milod,0.0,0.0820159912109375,0.0,0.08232498168945312,50,1007.0,372.0,218.0,1.0
650,familycircled,0.0,0.0677108764648437,0.0,0.06789016723632807,50,1007.0,372.0,218.0,1.0
651,StatusKitAgent,0.0,0.0787734985351562,0.0,0.07876968383789057,50,1007.0,372.0,218.0,1.0
666,ContextStoreAgent,0.0,0.1657485961914062,0.11199999999999999,0.1729774475097656,50,1007.0,372.0,218.0,1.0
668,BiomeAgent,0.0,0.1409530639648437,0.126,0.1340827941894531,50,1007.0,372.0,218.0,1.0
670,imklaunchagent,0.0,0.0619888305664062,0.0,0.06198501586914058,50,1007.0,372.0,218.0,1.0
673,icdd,0.0,0.0349044799804687,0.0,0.034900665283203076,50,1007.0,372.0,218.0,1.0
680,AirPlayUIAgent,0.0,0.1020431518554687,0.004,0.09934997558593746,50,1007.0,372.0,218.0,1.0
683,imagent,0.0,0.147247314453125,0.008,0.13217163085937497,50,1007.0,372.0,218.0,1.0
685,diagnostics_agent,0.0,0.1028060913085937,0.002,0.09417724609374996,50,1007.0,372.0,218.0,1.0
686,TextInputMenuAgent,0.0,0.15106201171875,0.008,0.16139221191406247,50,1007.0,372.0,218.0,1.0
688,Grammarly Desktop Helper,0.0,0.102996826171875,0.002,0.10088729858398436,50,1007.0,372.0,218.0,1.0
699,com.apple.CloudDocs.iCloudDriveFileProvider,0.0,0.1056671142578125,0.008,0.09911346435546875,50,1007.0,372.0,218.0,1.0
608,ViewBridgeAuxiliary,0.0,0.08544921875,0.014000000000000002,0.08618545532226561,50,1007.0,372.0,218.0,1.0
606,fontworker,0.0,0.0581741333007812,0.0,0.05817031860351558,50,1007.0,372.0,218.0,1.0
605,ContinuityCaptureAgent,0.0,0.0761032104492187,0.0,0.0761032104492187,50,1007.0,372.0,218.0,1.0
604,AMPDeviceDiscoveryAgent,0.0,0.0585556030273437,0.0,0.051746368408203104,50,1007.0,372.0,218.0,1.0
376,loginwindow,0.0,0.3213882446289062,0.008,0.24020385742187497,50,1007.0,372.0,218.0,1.0
543,distnoted,0.0,0.0528335571289062,0.028000000000000004,0.05070495605468747,50,1007.0,372.0,218.0,1.0
544,cfprefsd,0.0,0.06103515625,0.066,0.05707931518554685,50,1007.0,372.0,218.0,1.0
549,UserEventAgent,0.0,0.1171112060546875,0.013999999999999999,0.10488891601562496,50,1007.0,372.0,218.0,1.0
553,WindowManager,0.0,0.2471923828125,0.11200000000000002,0.24517440795898435,50,1007.0,372.0,218.0,1.0
557,universalaccessd,0.0,0.0888824462890625,0.006000000000000001,0.09207916259765624,50,1007.0,372.0,218.0,1.0
559,Dock,0.0,0.200653076171875,0.076,0.20318603515624997,50,1007.0,372.0,218.0,1.0
560,ControlCenter,1.2,0.406646728515625,0.5379999999999999,0.41684722900390625,50,1007.0,372.0,218.0,1.0
561,pboard,0.0,0.092315673828125,0.002,0.09132385253906246,50,1007.0,372.0,218.0,1.0
562,SystemUIServer,0.0,0.1272201538085937,0.006,0.13476562499999997,50,1007.0,372.0,218.0,1.0
564,Finder,0.0,0.531768798828125,0.07400000000000001,0.4227867126464844,50,1007.0,372.0,218.0,1.0
704,ctkahp,0.0,0.037384033203125,0.0,0.037380218505859375,50,1007.0,372.0,218.0,1.0
567,lsd,0.0,0.1241683959960937,0.012,0.11196517944335933,50,1007.0,372.0,218.0,1.0
575,rapportd,0.0,0.131988525390625,0.002,0.1259346008300781,50,1007.0,372.0,218.0,1.0
578,secd,0.0,0.1688003540039062,0.006000000000000001,0.15089416503906247,50,1007.0,372.0,218.0,1.0
580,trustd,0.0,0.1184463500976562,0.04,0.11620330810546871,50,1007.0,372.0,218.0,1.0
583,WallpaperAgent,0.0,0.144195556640625,0.004,0.1629066467285156,50,1007.0,372.0,218.0,1.0
587,com.apple.hiservices-xpcservice,0.0,0.0368118286132812,0.01,0.03719711303710933,50,1007.0,372.0,218.0,1.0
589,sharedfilelistd,0.0,0.1064300537109375,0.0,0.08721542358398436,50,1007.0,372.0,218.0,1.0
590,containermanagerd,0.0,0.0459671020507812,0.012,0.04875946044921871,50,1007.0,372.0,218.0,1.0
591,usernotificationsd,0.0,0.10528564453125,0.008,0.09786605834960933,50,1007.0,372.0,218.0,1.0
596,callservicesd,0.0,0.2187728881835937,0.006000000000000001,0.17979049682617185,50,1007.0,372.0,218.0,1.0
600,fontd,0.0,0.0562667846679687,0.002,0.06991577148437499,50,1007.0,372.0,218.0,1.0
602,fileproviderd,0.2,0.1474380493164062,0.21200000000000002,0.1446113586425781,50,1007.0,372.0,218.0,1.0
568,AXVisualSupportAgent,0.0,0.1649856567382812,0.6920000000000001,0.16974639892578122,50,1007.0,372.0,218.0,1.0
707,WiFiAgent,0.0,0.1699447631835937,0.114,0.16522979736328122,50,1007.0,372.0,218.0,1.0
2878,Code Helper,0.0,0.3942489624023437,0.32371428571428573,0.48915318080357145,350,1007.0,372.0,218.0,1.0
713,Spotlight,0.0,0.1932144165039062,0.05,0.27865600585937494,50,1007.0,372.0,218.0,1.0
930,com.apple.WebKit.WebContent,0.0,0.2500534057617187,0.2837142857142857,0.5284216744559151,350,1007.0,372.0,218.0,1.0
931,com.apple.WebKit.WebContent,0.0,0.4486083984375,0.2837142857142857,0.5284216744559151,350,1007.0,372.0,218.0,1.0
932,com.apple.WebKit.WebContent,0.1,0.4358291625976562,0.2837142857142857,0.5284216744559151,350,1007.0,372.0,218.0,1.0
957,Google Chrome,0.2,2.1638870239257812,1.324,2.2691001892089844,50,1007.0,372.0,218.0,1.0
960,chrome_crashpad_handler,0.0,0.0188827514648437,0.0,0.019365310668945288,100,1007.0,372.0,218.0,1.0
961,voicebankingd,0.0,0.0722885131835937,0.0,0.07259750366210932,50,1007.0,372.0,218.0,1.0
963,Google Chrome Helper,1.1,0.9166717529296876,0.6,0.42389755249023436,250,1007.0,372.0,218.0,1.0
964,Google Chrome Helper,0.3,0.6855010986328125,0.6,0.42389755249023436,250,1007.0,372.0,218.0,1.0
966,Google Chrome Helper,0.0,0.206756591796875,0.6,0.42389755249023436,250,1007.0,372.0,218.0,1.0
1052,spotlightknowledged,0.0,0.0352859497070312,0.0,0.04377672749180943,62,1007.0,372.0,218.0,1.0
1191,storeaccountd,0.0,0.0658035278320312,0.0,0.06579971313476557,50,1007.0,372.0,218.0,1.0
1474,IMAutomaticHistoryDeletionAgent,0.0,0.092315673828125,0.0,0.08300018310546874,50,1007.0,372.0,218.0,1.0
1718,ServiceExtension,0.0,0.142669677734375,0.0,0.142669677734375,50,1007.0,372.0,218.0,1.0
2095,com.apple.WebKit.WebContent,0.0,0.2668380737304687,0.2837142857142857,0.5284216744559151,350,1007.0,372.0,218.0,1.0
2096,com.apple.WebKit.WebContent,0.0,0.328826904296875,0.2837142857142857,0.5284216744559151,350,1007.0,372.0,218.0,1.0
2641,Google Chrome Helper (Renderer),0.0,0.6292343139648438,0.647816091954023,1.1122661897505837,435,1007.0,372.0,218.0,1.0
2672,Google Chrome Helper (Renderer),4.6,5.724334716796875,0.647816091954023,1.1122661897505837,435,1007.0,372.0,218.0,1.0
2826,Code,0.0,1.2125015258789062,1.3619999999999999,1.3807182312011719,50,1007.0,372.0,218.0,1.0
2832,chrome_crashpad_handler,0.0,0.0194549560546875,0.0,0.019365310668945288,100,1007.0,372.0,218.0,1.0
2833,Code Helper,0.3,0.5817413330078125,0.32371428571428573,0.48915318080357145,350,1007.0,372.0,218.0,1.0
2834,Code Helper,0.0,0.3557205200195312,0.32371428571428573,0.48915318080357145,350,1007.0,372.0,218.0,1.0
2835,Code Helper (Renderer),0.2,3.6794662475585938,3.5780000000000003,3.886066436767578,50,1007.0,372.0,218.0,1.0
709,nsurlsessiond,0.0,0.1302719116210937,0.032,0.1256752014160156,50,1007.0,372.0,218.0,1.0
926,peopled,0.0,0.086212158203125,0.0,0.08623886108398438,50,1007.0,372.0,218.0,1.0
921,Spotify Helper,0.0,0.087738037109375,0.015600000000000001,0.14564056396484373,250,1007.0,372.0,218.0,1.0
1015,Google Chrome Helper,0.0,0.162506103515625,0.6,0.42389755249023436,250,1007.0,372.0,218.0,1.0
918,com.apple.WebKit.GPU,0.0,0.07781982421875,0.102,0.09322547912597655,100,1007.0,372.0,218.0,1.0
919,com.apple.WebKit.Networking,0.0,0.2277374267578125,0.4,0.16855621337890622,100,1007.0,372.0,218.0,1.0
716,PAH_Extension,0.0,0.1150131225585937,0.014000000000000002,0.11199188232421874,50,1007.0,372.0,218.0,1.0
717,OneDrive,0.9,0.3459930419921875,0.032,0.36077880859375,50,1007.0,372.0,218.0,1.0
718,corespotlightd,0.0,0.145721435546875,0.012,0.15357208251953122,50,1007.0,372.0,218.0,1.0
722,duetexpertd,0.0,0.2471923828125,0.09,0.26060485839843744,50,1007.0,372.0,218.0,1.0
730,Spotify,0.5,1.1198043823242188,0.5479999999999999,1.0496597290039062,50,1007.0,372.0,218.0,1.0
733,homed,0.0,0.1438140869140625,0.0,0.1302070617675781,50,1007.0,372.0,218.0,1.0
740,Spotify Helper,0.0,0.0396728515625,0.015600000000000001,0.14564056396484373,250,1007.0,372.0,218.0,1.0
741,avconferenced,0.0,0.067901611328125,0.0,0.06789779663085938,50,1007.0,372.0,218.0,1.0
747,Spotify Helper,0.0,0.194549560546875,0.015600000000000001,0.14564056396484373,250,1007.0,372.0,218.0,1.0
748,Spotify Helper,0.0,0.3076553344726562,0.015600000000000001,0.14564056396484373,250,1007.0,372.0,218.0,1.0
752,Spotify Helper,0.0,0.1104354858398437,0.015600000000000001,0.14564056396484373,250,1007.0,372.0,218.0,1.0
734,mediaremoteagent,0.0,0.0232696533203125,0.0,0.0232696533203125,50,1007.0,372.0,218.0,1.0
714,CursorUIViewService,0.0,0.1367568969726562,0.07400000000000001,0.15747833251953122,50,1007.0,372.0,218.0,1.0
755,Grammarly Desktop,0.2,0.7762908935546875,0.524,0.7150344848632812,50,1007.0,372.0,218.0,1.0
913,app_inkwell,0.0,0.27923583984375,0.94,0.29593276977539057,50,1007.0,372.0,218.0,1.0
898,OneDrive Sync Service,0.0,0.2124786376953125,0.004,0.21224594116210935,50,1007.0,372.0,218.0,1.0
873,mdbulkimport,0.0,0.0713348388671875,0.0,0.07133102416992188,50,1007.0,372.0,218.0,1.0
857,Grammarly Desktop Update Service,0.0,0.109100341796875,0.006000000000000001,0.11079406738281246,50,1007.0,372.0,218.0,1.0
916,com.apple.WebKit.WebContent,0.0,0.6763458251953125,0.2837142857142857,0.5284216744559151,350,1007.0,372.0,218.0,1.0
776,com.apple.WebKit.Networking,0.0,0.1338958740234375,0.4,0.16855621337890622,100,1007.0,372.0,218.0,1.0
774,com.apple.WebKit.WebContent,0.0,0.0186920166015625,0.2837142857142857,0.5284216744559151,350,1007.0,372.0,218.0,1.0
772,com.apple.WebKit.GPU,0.0,0.0507354736328125,0.102,0.09322547912597655,100,1007.0,372.0,218.0,1.0
768,Spotify Helper (Renderer),0.0,0.5649566650390625,0.044000000000000004,0.4534873962402344,50,1007.0,372.0,218.0,1.0
792,commerce,0.0,0.0902175903320312,0.0,0.08901596069335932,50,1007.0,372.0,218.0,1.0
9205,IntelligencePlatformComputeService,0.0,0.0879287719726562,0.0,0.0879287719726562,50,1007.0,372.0,218.0,1.0
9049,tccd,0.0,0.1104354858398437,0.0,0.10362243652343744,50,1007.0,372.0,218.0,1.0
9053,cloudd,0.0,0.2231597900390625,0.016,0.2035255432128906,50,1007.0,372.0,218.0,1.0
9069,searchpartyuseragent,0.0,0.1367568969726562,0.002,0.13115692138671872,50,1007.0,372.0,218.0,1.0
9086,knowledge-agent,0.0,0.1394271850585937,0.004,0.13211822509765622,50,1007.0,372.0,218.0,1.0
9088,contactsd,0.0,0.1096725463867187,0.008,0.09849548339843746,50,1007.0,372.0,218.0,1.0
9095,calaccessd,0.0,0.1596450805664062,0.002,0.15127944946289057,50,1007.0,372.0,218.0,1.0
9101,bird,0.0,0.1279830932617187,0.04800000000000001,0.12118530273437494,50,1007.0,372.0,218.0,1.0
9134,ScreenTimeAgent,0.0,0.1127243041992187,0.0,0.10361862182617183,50,1007.0,372.0,218.0,1.0
9138,siriactionsd,0.0,0.1605987548828125,0.004,0.14521408081054685,50,1007.0,372.0,218.0,1.0
9223,mapssyncd,0.0,0.0917434692382812,0.0,0.09173965454101557,50,1007.0,372.0,218.0,1.0
9762,coreauthd,0.0,0.0980377197265625,0.0,0.09390640258789058,50,1007.0,372.0,218.0,1.0
9272,mbuseragent,0.0,0.0368118286132812,0.0,0.036808013916015576,50,1007.0,372.0,218.0,1.0
9556,syncdefaultsd,0.0,0.1255035400390625,0.006000000000000001,0.11057662963867186,50,1007.0,372.0,218.0,1.0
9572,proactived,0.0,0.1264572143554687,0.02,0.1299476623535156,50,1007.0,372.0,218.0,1.0
9575,akd,0.0,0.2227783203125,0.002,0.2174873352050781,50,1007.0,372.0,218.0,1.0
9577,CloudTelemetryService,0.0,0.07781982421875,0.0,0.06444135050135331,127,1007.0,372.0,218.0,1.0
9649,suggestd,0.0,0.1623153686523437,0.002,0.15771484374999997,50,1007.0,372.0,218.0,1.0
9681,AppleSpell,0.0,0.1420974731445312,0.0,0.13717651367187494,50,1007.0,372.0,218.0,1.0
9682,keyboardservicesd,0.0,0.0919342041015625,0.0,0.0876617431640625,50,1007.0,372.0,218.0,1.0
9742,promotedcontentd,0.0,0.1224517822265625,0.002,0.11449813842773438,50,1007.0,372.0,218.0,1.0
9754,ctkd,0.0,0.0896453857421875,0.0,0.08569717407226562,50,1007.0,372.0,218.0,1.0
9040,triald,0.0,0.1466751098632812,0.0,0.12915039062499997,50,1007.0,372.0,218.0,1.0
9271,mdwrite,0.0,0.0329971313476562,0.0,0.032993316650390576,50,1007.0,372.0,218.0,1.0
9032,secinitd,0.0,0.0652313232421875,0.0,0.06522750854492188,50,1007.0,372.0,218.0,1.0
3034,Code Helper (Plugin),0.1,1.4707565307617188,0.041,0.5363956451416015,500,1007.0,372.0,218.0,1.0
8666,Google Chrome Helper (Renderer),0.0,0.3114700317382812,0.647816091954023,1.1122661897505837,435,1007.0,372.0,218.0,1.0
9829,transparencyd,0.0,0.2244949340820312,0.018000000000000002,0.21265792846679685,50,1007.0,372.0,218.0,1.0
3045,Code Helper (Plugin),0.0,0.2710342407226562,0.041,0.5363956451416015,500,1007.0,372.0,218.0,1.0
3063,zsh,0.0,0.0047683715820312,0.0,0.009178644112447462,253,1007.0,372.0,218.0,1.0
4030,pet,0.0,0.0217437744140625,0.02,0.02233123779296875,50,1007.0,372.0,218.0,1.0
4037,zsh,0.0,0.0043869018554687,0.0,0.009178644112447462,253,1007.0,372.0,218.0,1.0
4143,Code Helper (Plugin),0.0,0.2069473266601562,0.041,0.5363956451416015,500,1007.0,372.0,218.0,1.0
4194,Code Helper (Plugin),0.0,0.7970809936523438,0.041,0.5363956451416015,500,1007.0,372.0,218.0,1.0
5379,Code Helper (Plugin),0.0,0.2336502075195312,0.041,0.5363956451416015,500,1007.0,372.0,218.0,1.0
5384,zsh,0.0,0.0043869018554687,0.0,0.009178644112447462,253,1007.0,372.0,218.0,1.0
5761,zsh,0.0,0.0131607055664062,0.0,0.009178644112447462,253,1007.0,372.0,218.0,1.0
6986,accountsd,0.0,0.2058029174804687,0.0,0.1851234436035156,50,1007.0,372.0,218.0,1.0
9000,PowerChime,0.0,0.1392364501953125,0.008,0.14000701904296872,50,1007.0,372.0,218.0,1.0
8323,Google Chrome Helper (Renderer),0.0,0.6561279296875,0.647816091954023,1.1122661897505837,435,1007.0,372.0,218.0,1.0
8325,Google Chrome Helper (Renderer),0.0,0.3637313842773437,0.647816091954023,1.1122661897505837,435,1007.0,372.0,218.0,1.0
8326,chronod,0.0,0.1619338989257812,0.01,0.15725708007812497,50,1007.0,372.0,218.0,1.0
8328,Google Chrome Helper (Renderer),0.0,0.5159378051757812,0.647816091954023,1.1122661897505837,435,1007.0,372.0,218.0,1.0
8335,WorldClockWidget,0.0,0.2202987670898437,0.0,0.22029876708984367,50,1007.0,372.0,218.0,1.0
8336,CalendarWidgetExtension,0.0,0.1031875610351562,0.0,0.1031875610351562,50,1007.0,372.0,218.0,1.0
8337,WeatherWidget,0.0,0.36163330078125,0.0,0.3655509948730469,50,1007.0,372.0,218.0,1.0
8339,StocksWidget,0.0,0.3248214721679687,0.0,0.3267478942871093,50,1007.0,372.0,218.0,1.0
8340,ScreenTimeWidgetExtension,0.0,0.3332138061523437,0.0,0.3311538696289062,50,1007.0,372.0,218.0,1.0
8351,Google Chrome Helper,0.0,0.1949310302734375,0.6,0.42389755249023436,250,1007.0,372.0,218.0,1.0
8396,audioaccessoryd,0.0,0.1176834106445312,0.0,0.10800170898437496,50,1007.0,372.0,218.0,1.0
8410,routined,0.0,0.2063751220703125,0.034,0.19092559814453122,50,1007.0,372.0,218.0,1.0
8324,Google Chrome Helper (Renderer),0.0,0.26702880859375,0.647816091954023,1.1122661897505837,435,1007.0,372.0,218.0,1.0
9845,intelligentroutingd,0.0,0.0883102416992187,0.0,0.0883407592773437,50,1007.0,372.0,218.0,1.0
10211,Code Helper (Plugin),0.0,0.4581451416015625,0.041,0.5363956451416015,500,1007.0,372.0,218.0,1.0
9879,Siri,0.0,0.1544952392578125,0.016,0.1504554748535156,50,1007.0,372.0,218.0,1.0
10558,pbs,0.0,0.031280517578125,0.002,0.031276702880859375,50,1007.0,372.0,218.0,1.0
11204,MTLCompilerService,0.0,0.0333786010742187,0.0,0.03340148925781246,50,1007.0,372.0,218.0,1.0
11684,mlhostd,0.0,0.1436233520507812,0.0,0.14452743530273432,50,1007.0,372.0,218.0,1.0
11889,mdworker_shared,0.0,0.20751953125,0.02153846153846154,0.19098232953976357,195,1007.0,372.0,218.0,1.0
12774,businessservicesd,0.0,0.0812530517578125,0.0,0.081024169921875,50,1007.0,372.0,218.0,1.0
12775,MessagesBlastDoorService,0.0,0.0579833984375,0.0,0.05239105224609375,50,1007.0,372.0,218.0,1.0
12776,feedbackd,0.0,0.0789642333984375,0.0,0.078704833984375,50,1007.0,372.0,218.0,1.0
12777,ProtectedCloudKeySyncing,0.0,0.1003265380859375,0.0,0.09304428100585938,50,1007.0,372.0,218.0,1.0
12779,gamecontrolleragentd,0.0,0.0591278076171875,0.002,0.060253143310546854,50,1007.0,372.0,218.0,1.0
12806,python3.12,0.8,0.1720428466796875,0.46153846153846156,0.1703031770475618,91,1007.0,372.0,218.0,1.0
12815,zsh,0.0,0.0156402587890625,0.0,0.009178644112447462,253,1007.0,372.0,218.0,1.0
12959,ndoagent,0.0,0.0753402709960937,0.0,0.0754165649414062,50,1007.0,372.0,218.0,1.0
12962,mdworker_shared,0.0,0.2069473266601562,0.02153846153846154,0.19098232953976357,195,1007.0,372.0,218.0,1.0
12963,replayd,0.0,0.2201080322265625,0.0,0.21639064866669325,49,1007.0,372.0,218.0,1.0
13000,python3.12,0.0,0.1661300659179687,0.46153846153846156,0.1703031770475618,91,1007.0,372.0,218.0,1.0
13020,mdworker_shared,0.0,0.1295089721679687,0.02153846153846154,0.19098232953976357,195,1007.0,372.0,218.0,1.0
13021,mdworker_shared,0.0,0.2168655395507812,0.02153846153846154,0.19098232953976357,195,1007.0,372.0,218.0,1.0
13025,com.apple.siri.embeddedspeech,0.0,0.1569747924804687,0.03142857142857143,0.17331804547991067,35,1007.0,372.0,218.0,1.0
13026,biomesyncd,0.0,0.1169204711914062,0.0,0.12089014053344724,16,1007.0,372.0,218.0,1.0
13029,mdworker_shared,0.0,0.1203536987304687,0.02153846153846154,0.19098232953976357,195,1007.0,372.0,218.0,1.0
13036,CommCenter,0.0,0.339508056640625,0.006000000000000001,0.23591232299804685,50,1007.0,372.0,218.0,1.0
13037,CoreLocationAgent,0.0,0.5580902099609375,0.00425531914893617,0.4036964254176363,47,1007.0,372.0,218.0,1.0
3033,Code Helper,0.0,0.40740966796875,0.32371428571428573,0.48915318080357145,350,1007.0,372.0,218.0,1.0
10490,talagentd,0.0,0.1478195190429687,0.002,0.14520263671874997,50,1007.0,372.0,218.0,1.0
10481,Google Chrome Helper (Renderer),0.0,1.009368896484375,0.647816091954023,1.1122661897505837,435,1007.0,372.0,218.0,1.0
10215,Code Helper (Plugin),0.0,0.4611968994140625,0.041,0.5363956451416015,500,1007.0,372.0,218.0,1.0
10213,Code Helper (Plugin),0.0,0.5010604858398438,0.041,0.5363956451416015,500,1007.0,372.0,218.0,1.0
9888,SiriNCService,0.0,0.1607894897460937,0.008,0.15225982666015622,50,1007.0,372.0,218.0,1.0
9891,AssetCacheLocatorService,0.0,0.0406265258789062,0.0,0.04087829589843746,50,1007.0,372.0,218.0,1.0
9901,pkd,0.0,0.1146316528320312,0.002,0.10622024536132811,50,1007.0,372.0,218.0,1.0
9909,com.apple.geod,0.0,0.0986099243164062,0.004,0.09388351440429683,50,1007.0,372.0,218.0,1.0
9946,extensionkitservice,0.0,0.080108642578125,0.0,0.08034324645996094,100,1007.0,372.0,218.0,1.0
9947,networkserviceproxy,0.0,0.1497268676757812,0.0,0.1554603576660156,50,1007.0,372.0,218.0,1.0
9963,swtransparencyd,0.0,0.089263916015625,0.0,0.08174896240234374,50,1007.0,372.0,218.0,1.0
9964,CloudTelemetryService,0.0,0.0783920288085937,0.0,0.06444135050135331,127,1007.0,372.0,218.0,1.0
9982,contentlinkingd,0.0,0.0860214233398437,0.0,0.08146667480468746,50,1007.0,372.0,218.0,1.0
10001,AppPredictionIntentsHelperService,0.0,0.1634597778320312,0.0,0.16557312011718747,50,1007.0,372.0,218.0,1.0
10009,com.apple.accessibility.mediaaccessibilityd,0.0,0.0261306762695312,0.0,0.0261306762695312,50,1007.0,372.0,218.0,1.0
9847,UIKitSystem,0.0,0.1695632934570312,0.002,0.17118835449218742,50,1007.0,372.0,218.0,1.0
10010,AudioComponentRegistrar,0.0,0.054931640625,0.004,0.04845809936523434,50,1007.0,372.0,218.0,1.0
10115,iconservicesagent,0.0,0.0902175903320312,0.0,0.0902175903320312,50,1007.0,372.0,218.0,1.0
10121,com.apple.Safari.SafeBrowsing.Service,0.0,0.0743865966796875,0.0,0.07349395751953124,50,1007.0,372.0,218.0,1.0
10122,SAExtensionOrchestrator,0.0,0.1125335693359375,0.0,0.1125335693359375,50,1007.0,372.0,218.0,1.0
10123,extensionkitservice,0.0,0.0789642333984375,0.0,0.08034324645996094,100,1007.0,372.0,218.0,1.0
10124,GMSSELFIngestor,0.0,0.0974655151367187,0.0,0.0974655151367187,50,1007.0,372.0,218.0,1.0
10125,IFTranscriptSELFIngestor,0.0,0.086212158203125,0.0,0.086212158203125,50,1007.0,372.0,218.0,1.0
10126,IFTelemetrySELFIngestor,0.0,0.0825881958007812,0.0,0.0825881958007812,50,1007.0,372.0,218.0,1.0
10127,BiomeSELFIngestor,0.0,0.0879287719726562,0.0,0.0879287719726562,50,1007.0,372.0,218.0,1.0
10204,CoreServicesUIAgent,0.0,0.1985549926757812,0.004,0.19499969482421872,50,1007.0,372.0,218.0,1.0
10209,Code Helper (Plugin),0.0,0.4880905151367187,0.041,0.5363956451416015,500,1007.0,372.0,218.0,1.0
10212,Code Helper (Plugin),0.0,0.49896240234375,0.041,0.5363956451416015,500,1007.0,372.0,218.0,1.0
10015,linkd,0.0,0.0791549682617187,0.0,0.07984924316406244,50,1007.0,372.0,218.0,1.0
13043,Keychain Circle Notification,0.0,0.2521514892578125,0.044000000000000004,0.18328857421874997,50,1007.0,372.0,218.0,1.0
2913,Code Helper,0.2,0.57525634765625,0.32371428571428573,0.48915318080357145,350,1007.0,372.0,218.0,1.0
2878,Code Helper,0.0,0.3942489624023437,0.32371428571428573,0.48915318080357145,350,1007.0,372.0,218.0,1.0
609,identityservicesd,0.0,0.2140045166015625,0.012,0.20082092285156247,50,1007.0,372.0,218.0,1.0
615,corespeechd,0.1,0.2222061157226562,0.09799999999999999,0.18834686279296872,50,1007.0,372.0,218.0,1.0
616,assistantd,0.0,0.2954483032226562,0.004,0.23475265502929685,50,1007.0,372.0,218.0,1.0
623,WallpaperImageExtension,0.0,0.0654220581054687,0.0,0.07489013671874994,50,1007.0,372.0,218.0,1.0
639,sharingd,0.0,0.1476287841796875,0.002,0.14010620117187497,50,1007.0,372.0,218.0,1.0
641,usernoted,0.0,0.1804351806640625,0.02,0.15933227539062497,50,1007.0,372.0,218.0,1.0
642,neagent,0.0,0.1068115234375,0.0,0.1076812744140625,50,1007.0,372.0,218.0,1.0
643,useractivityd,0.0,0.0848770141601562,0.008,0.08467864990234374,50,1007.0,372.0,218.0,1.0
644,com.apple.dock.extra,0.0,0.1829147338867187,0.048,0.17804336547851562,50,1007.0,372.0,218.0,1.0
646,NotificationCenter,0.0,0.3046035766601562,0.024000000000000004,0.24862670898437497,50,1007.0,372.0,218.0,1.0
649,milod,0.0,0.0820159912109375,0.0,0.08232498168945312,50,1007.0,372.0,218.0,1.0
650,familycircled,0.0,0.0677108764648437,0.0,0.06789016723632807,50,1007.0,372.0,218.0,1.0
651,StatusKitAgent,0.0,0.0787734985351562,0.0,0.07876968383789057,50,1007.0,372.0,218.0,1.0
666,ContextStoreAgent,0.0,0.1657485961914062,0.11199999999999999,0.1729774475097656,50,1007.0,372.0,218.0,1.0
668,BiomeAgent,0.0,0.1407623291015625,0.126,0.1340827941894531,50,1007.0,372.0,218.0,1.0
670,imklaunchagent,0.0,0.0619888305664062,0.0,0.06198501586914058,50,1007.0,372.0,218.0,1.0
673,icdd,0.0,0.0349044799804687,0.0,0.034900665283203076,50,1007.0,372.0,218.0,1.0
680,AirPlayUIAgent,0.0,0.1020431518554687,0.004,0.09934997558593746,50,1007.0,372.0,218.0,1.0
683,imagent,0.0,0.147247314453125,0.008,0.13217163085937497,50,1007.0,372.0,218.0,1.0
685,diagnostics_agent,0.0,0.1028060913085937,0.002,0.09417724609374996,50,1007.0,372.0,218.0,1.0
686,TextInputMenuAgent,0.0,0.15106201171875,0.008,0.16139221191406247,50,1007.0,372.0,218.0,1.0
688,Grammarly Desktop Helper,0.0,0.102996826171875,0.002,0.10088729858398436,50,1007.0,372.0,218.0,1.0
699,com.apple.CloudDocs.iCloudDriveFileProvider,0.0,0.1056671142578125,0.008,0.09911346435546875,50,1007.0,372.0,218.0,1.0
606,fontworker,0.0,0.0581741333007812,0.0,0.05817031860351558,50,1007.0,372.0,218.0,1.0
605,ContinuityCaptureAgent,0.0,0.0761032104492187,0.0,0.0761032104492187,50,1007.0,372.0,218.0,1.0
604,AMPDeviceDiscoveryAgent,0.0,0.0585556030273437,0.0,0.051746368408203104,50,1007.0,372.0,218.0,1.0
602,fileproviderd,0.2,0.1476287841796875,0.21200000000000002,0.1446113586425781,50,1007.0,372.0,218.0,1.0
2880,Code Helper,0.0,0.1604080200195312,0.32371428571428573,0.48915318080357145,350,1007.0,372.0,218.0,1.0
376,loginwindow,0.1,0.3213882446289062,0.008,0.24020385742187497,50,1007.0,372.0,218.0,1.0
543,distnoted,0.0,0.0528335571289062,0.028000000000000004,0.05070495605468747,50,1007.0,372.0,218.0,1.0
544,cfprefsd,0.0,0.0606536865234375,0.066,0.05707931518554685,50,1007.0,372.0,218.0,1.0
549,UserEventAgent,0.0,0.1171112060546875,0.013999999999999999,0.10488891601562496,50,1007.0,372.0,218.0,1.0
553,WindowManager,0.0,0.2471923828125,0.11200000000000002,0.24517440795898435,50,1007.0,372.0,218.0,1.0
557,universalaccessd,0.0,0.0888824462890625,0.006000000000000001,0.09207916259765624,50,1007.0,372.0,218.0,1.0
559,Dock,0.0,0.200653076171875,0.076,0.20318603515624997,50,1007.0,372.0,218.0,1.0
560,ControlCenter,0.4,0.4552841186523437,0.5379999999999999,0.41684722900390625,50,1007.0,372.0,218.0,1.0
561,pboard,0.0,0.092315673828125,0.002,0.09132385253906246,50,1007.0,372.0,218.0,1.0
562,SystemUIServer,0.0,0.1272201538085937,0.006,0.13476562499999997,50,1007.0,372.0,218.0,1.0
704,ctkahp,0.0,0.037384033203125,0.0,0.037380218505859375,50,1007.0,372.0,218.0,1.0
564,Finder,0.0,0.5327224731445312,0.07400000000000001,0.4227867126464844,50,1007.0,372.0,218.0,1.0
568,AXVisualSupportAgent,0.0,0.1649856567382812,0.6920000000000001,0.16974639892578122,50,1007.0,372.0,218.0,1.0
575,rapportd,0.0,0.131988525390625,0.002,0.1259346008300781,50,1007.0,372.0,218.0,1.0
578,secd,0.0,0.1688003540039062,0.006000000000000001,0.15089416503906247,50,1007.0,372.0,218.0,1.0
580,trustd,0.0,0.1188278198242187,0.04,0.11620330810546871,50,1007.0,372.0,218.0,1.0
583,WallpaperAgent,0.0,0.1483917236328125,0.004,0.1629066467285156,50,1007.0,372.0,218.0,1.0
587,com.apple.hiservices-xpcservice,0.0,0.0368118286132812,0.01,0.03719711303710933,50,1007.0,372.0,218.0,1.0
589,sharedfilelistd,0.0,0.1064300537109375,0.0,0.08721542358398436,50,1007.0,372.0,218.0,1.0
590,containermanagerd,0.0,0.0459671020507812,0.012,0.04875946044921871,50,1007.0,372.0,218.0,1.0
591,usernotificationsd,0.0,0.1050949096679687,0.008,0.09786605834960933,50,1007.0,372.0,218.0,1.0
596,callservicesd,0.0,0.2187728881835937,0.006000000000000001,0.17979049682617185,50,1007.0,372.0,218.0,1.0
600,fontd,0.0,0.0560760498046875,0.002,0.06991577148437499,50,1007.0,372.0,218.0,1.0
567,lsd,0.0,0.1237869262695312,0.012,0.11196517944335933,50,1007.0,372.0,218.0,1.0
707,WiFiAgent,0.0,0.1689910888671875,0.114,0.16522979736328122,50,1007.0,372.0,218.0,1.0
608,ViewBridgeAuxiliary,0.0,0.08544921875,0.014000000000000002,0.08618545532226561,50,1007.0,372.0,218.0,1.0
713,Spotlight,0.0,0.2490997314453125,0.05,0.27865600585937494,50,1007.0,372.0,218.0,1.0
930,com.apple.WebKit.WebContent,0.0,0.2489089965820312,0.2837142857142857,0.5284216744559151,350,1007.0,372.0,218.0,1.0
931,com.apple.WebKit.WebContent,0.0,0.4331588745117187,0.2837142857142857,0.5284216744559151,350,1007.0,372.0,218.0,1.0
932,com.apple.WebKit.WebContent,0.1,1.385498046875,0.2837142857142857,0.5284216744559151,350,1007.0,372.0,218.0,1.0
957,Google Chrome,0.2,2.1619796752929688,1.324,2.2691001892089844,50,1007.0,372.0,218.0,1.0
960,chrome_crashpad_handler,0.0,0.0188827514648437,0.0,0.019365310668945288,100,1007.0,372.0,218.0,1.0
961,voicebankingd,0.0,0.0722885131835937,0.0,0.07259750366210932,50,1007.0,372.0,218.0,1.0
963,Google Chrome Helper,1.2,0.9126663208007812,0.6,0.42389755249023436,250,1007.0,372.0,218.0,1.0
964,Google Chrome Helper,0.0,0.685882568359375,0.6,0.42389755249023436,250,1007.0,372.0,218.0,1.0
966,Google Chrome Helper,0.0,0.206756591796875,0.6,0.42389755249023436,250,1007.0,372.0,218.0,1.0
1015,Google Chrome Helper,0.0,0.162506103515625,0.6,0.42389755249023436,250,1007.0,372.0,218.0,1.0
1052,spotlightknowledged,0.0,0.0352859497070312,0.0,0.04377672749180943,62,1007.0,372.0,218.0,1.0
926,peopled,0.0,0.086212158203125,0.0,0.08623886108398438,50,1007.0,372.0,218.0,1.0
1191,storeaccountd,0.0,0.0658035278320312,0.0,0.06579971313476557,50,1007.0,372.0,218.0,1.0
1718,ServiceExtension,0.0,0.142669677734375,0.0,0.142669677734375,50,1007.0,372.0,218.0,1.0
2095,com.apple.WebKit.WebContent,0.0,0.267791748046875,0.2837142857142857,0.5284216744559151,350,1007.0,372.0,218.0,1.0
2096,com.apple.WebKit.WebContent,0.0,0.3299713134765625,0.2837142857142857,0.5284216744559151,350,1007.0,372.0,218.0,1.0
2641,Google Chrome Helper (Renderer),0.0,0.6292343139648438,0.647816091954023,1.1122661897505837,435,1007.0,372.0,218.0,1.0
2672,Google Chrome Helper (Renderer),4.5,5.723381042480469,0.647816091954023,1.1122661897505837,435,1007.0,372.0,218.0,1.0
2826,Code,0.1,1.2096405029296875,1.3619999999999999,1.3807182312011719,50,1007.0,372.0,218.0,1.0
2832,chrome_crashpad_handler,0.0,0.0194549560546875,0.0,0.019365310668945288,100,1007.0,372.0,218.0,1.0
2833,Code Helper,0.1,0.5725860595703125,0.32371428571428573,0.48915318080357145,350,1007.0,372.0,218.0,1.0
2834,Code Helper,0.0,0.3557205200195312,0.32371428571428573,0.48915318080357145,350,1007.0,372.0,218.0,1.0
2835,Code Helper (Renderer),0.0,3.395843505859375,3.5780000000000003,3.886066436767578,50,1007.0,372.0,218.0,1.0
709,nsurlsessiond,0.0,0.1308441162109375,0.032,0.1256752014160156,50,1007.0,372.0,218.0,1.0
1474,IMAutomaticHistoryDeletionAgent,0.0,0.092315673828125,0.0,0.08300018310546874,50,1007.0,372.0,218.0,1.0
921,Spotify Helper,0.1,0.087738037109375,0.015600000000000001,0.14564056396484373,250,1007.0,372.0,218.0,1.0
2852,Code Helper,0.0,0.7175445556640625,0.32371428571428573,0.48915318080357145,350,1007.0,372.0,218.0,1.0
918,com.apple.WebKit.GPU,0.0,0.0751495361328125,0.102,0.09322547912597655,100,1007.0,372.0,218.0,1.0
919,com.apple.WebKit.Networking,0.0,0.2275466918945312,0.4,0.16855621337890622,100,1007.0,372.0,218.0,1.0
716,PAH_Extension,0.0,0.1150131225585937,0.014000000000000002,0.11199188232421874,50,1007.0,372.0,218.0,1.0
717,OneDrive,0.0,0.4240036010742187,0.032,0.36077880859375,50,1007.0,372.0,218.0,1.0
718,corespotlightd,0.0,0.145721435546875,0.012,0.15357208251953122,50,1007.0,372.0,218.0,1.0
722,duetexpertd,0.0,0.2471923828125,0.09,0.26060485839843744,50,1007.0,372.0,218.0,1.0
730,Spotify,0.9,1.175689697265625,0.5479999999999999,1.0496597290039062,50,1007.0,372.0,218.0,1.0
733,homed,0.0,0.1438140869140625,0.0,0.1302070617675781,50,1007.0,372.0,218.0,1.0
734,mediaremoteagent,0.0,0.0232696533203125,0.0,0.0232696533203125,50,1007.0,372.0,218.0,1.0
740,Spotify Helper,0.0,0.0396728515625,0.015600000000000001,0.14564056396484373,250,1007.0,372.0,218.0,1.0
741,avconferenced,0.0,0.067901611328125,0.0,0.06789779663085938,50,1007.0,372.0,218.0,1.0
747,Spotify Helper,0.1,0.194549560546875,0.015600000000000001,0.14564056396484373,250,1007.0,372.0,218.0,1.0
748,Spotify Helper,0.1,0.3078460693359375,0.015600000000000001,0.14564056396484373,250,1007.0,372.0,218.0,1.0
714,CursorUIViewService,0.0,0.1367568969726562,0.07400000000000001,0.15747833251953122,50,1007.0,372.0,218.0,1.0
755,Grammarly Desktop,0.2,0.7738113403320312,0.524,0.7150344848632812,50,1007.0,372.0,218.0,1.0
768,Spotify Helper (Renderer),0.1,0.5649566650390625,0.044000000000000004,0.4534873962402344,50,1007.0,372.0,218.0,1.0
772,com.apple.WebKit.GPU,0.0,0.0507354736328125,0.102,0.09322547912597655,100,1007.0,372.0,218.0,1.0
774,com.apple.WebKit.WebContent,0.0,0.0186920166015625,0.2837142857142857,0.5284216744559151,350,1007.0,372.0,218.0,1.0
776,com.apple.WebKit.Networking,0.0,0.1338958740234375,0.4,0.16855621337890622,100,1007.0,372.0,218.0,1.0
792,commerce,0.0,0.0902175903320312,0.0,0.08901596069335932,50,1007.0,372.0,218.0,1.0
857,Grammarly Desktop Update Service,0.0,0.109100341796875,0.006000000000000001,0.11079406738281246,50,1007.0,372.0,218.0,1.0
873,mdbulkimport,0.0,0.0713348388671875,0.0,0.07133102416992188,50,1007.0,372.0,218.0,1.0
898,OneDrive Sync Service,0.0,0.2416610717773437,0.004,0.21224594116210935,50,1007.0,372.0,218.0,1.0
913,app_inkwell,0.0,0.3009796142578125,0.94,0.29593276977539057,50,1007.0,372.0,218.0,1.0
916,com.apple.WebKit.WebContent,0.0,0.6952285766601562,0.2837142857142857,0.5284216744559151,350,1007.0,372.0,218.0,1.0
752,Spotify Helper,0.1,0.1104354858398437,0.015600000000000001,0.14564056396484373,250,1007.0,372.0,218.0,1.0
9138,siriactionsd,0.0,0.1605987548828125,0.004,0.14521408081054685,50,1007.0,372.0,218.0,1.0
9134,ScreenTimeAgent,0.0,0.1127243041992187,0.0,0.10361862182617183,50,1007.0,372.0,218.0,1.0
9101,bird,0.0,0.1279830932617187,0.04800000000000001,0.12118530273437494,50,1007.0,372.0,218.0,1.0
9095,calaccessd,0.0,0.1596450805664062,0.002,0.15127944946289057,50,1007.0,372.0,218.0,1.0
9049,tccd,0.0,0.1104354858398437,0.0,0.10362243652343744,50,1007.0,372.0,218.0,1.0
9086,knowledge-agent,0.0,0.1394271850585937,0.004,0.13211822509765622,50,1007.0,372.0,218.0,1.0
9069,searchpartyuseragent,0.0,0.1367568969726562,0.002,0.13115692138671872,50,1007.0,372.0,218.0,1.0
9053,cloudd,0.0,0.2225875854492187,0.016,0.2035255432128906,50,1007.0,372.0,218.0,1.0
9762,coreauthd,0.0,0.0980377197265625,0.0,0.09390640258789058,50,1007.0,372.0,218.0,1.0
9088,contactsd,0.0,0.1096725463867187,0.008,0.09849548339843746,50,1007.0,372.0,218.0,1.0
9205,IntelligencePlatformComputeService,0.0,0.0879287719726562,0.0,0.0879287719726562,50,1007.0,372.0,218.0,1.0
9575,akd,0.0,0.2225875854492187,0.002,0.2174873352050781,50,1007.0,372.0,218.0,1.0
9271,mdwrite,0.0,0.0329971313476562,0.0,0.032993316650390576,50,1007.0,372.0,218.0,1.0
9272,mbuseragent,0.0,0.0368118286132812,0.0,0.036808013916015576,50,1007.0,372.0,218.0,1.0
9556,syncdefaultsd,0.0,0.1255035400390625,0.006000000000000001,0.11057662963867186,50,1007.0,372.0,218.0,1.0
9572,proactived,0.0,0.1264572143554687,0.02,0.1299476623535156,50,1007.0,372.0,218.0,1.0
9577,CloudTelemetryService,0.0,0.07781982421875,0.0,0.06444135050135331,127,1007.0,372.0,218.0,1.0
9649,suggestd,0.0,0.1623153686523437,0.002,0.15771484374999997,50,1007.0,372.0,218.0,1.0
9681,AppleSpell,0.0,0.1420974731445312,0.0,0.13717651367187494,50,1007.0,372.0,218.0,1.0
9682,keyboardservicesd,0.0,0.0919342041015625,0.0,0.0876617431640625,50,1007.0,372.0,218.0,1.0
9742,promotedcontentd,0.0,0.1224517822265625,0.002,0.11449813842773438,50,1007.0,372.0,218.0,1.0
9754,ctkd,0.0,0.0896453857421875,0.0,0.08569717407226562,50,1007.0,372.0,218.0,1.0
9040,triald,0.0,0.1466751098632812,0.0,0.12915039062499997,50,1007.0,372.0,218.0,1.0
9223,mapssyncd,0.0,0.0917434692382812,0.0,0.09173965454101557,50,1007.0,372.0,218.0,1.0
9032,secinitd,0.0,0.0652313232421875,0.0,0.06522750854492188,50,1007.0,372.0,218.0,1.0
8325,Google Chrome Helper (Renderer),0.0,0.3637313842773437,0.647816091954023,1.1122661897505837,435,1007.0,372.0,218.0,1.0
8666,Google Chrome Helper (Renderer),0.0,0.3114700317382812,0.647816091954023,1.1122661897505837,435,1007.0,372.0,218.0,1.0
9829,transparencyd,0.0,0.2244949340820312,0.018000000000000002,0.21265792846679685,50,1007.0,372.0,218.0,1.0
3034,Code Helper (Plugin),0.1,1.470947265625,0.041,0.5363956451416015,500,1007.0,372.0,218.0,1.0
3045,Code Helper (Plugin),0.0,0.2714157104492187,0.041,0.5363956451416015,500,1007.0,372.0,218.0,1.0
3063,zsh,0.0,0.0047683715820312,0.0,0.009178644112447462,253,1007.0,372.0,218.0,1.0
4030,pet,0.0,0.0217437744140625,0.02,0.02233123779296875,50,1007.0,372.0,218.0,1.0
4037,zsh,0.0,0.0043869018554687,0.0,0.009178644112447462,253,1007.0,372.0,218.0,1.0
4143,Code Helper (Plugin),0.0,0.2117156982421875,0.041,0.5363956451416015,500,1007.0,372.0,218.0,1.0
4194,Code Helper (Plugin),0.0,0.8014678955078125,0.041,0.5363956451416015,500,1007.0,372.0,218.0,1.0
5379,Code Helper (Plugin),0.0,0.2336502075195312,0.041,0.5363956451416015,500,1007.0,372.0,218.0,1.0
5384,zsh,0.0,0.0043869018554687,0.0,0.009178644112447462,253,1007.0,372.0,218.0,1.0
5761,zsh,0.0,0.0131607055664062,0.0,0.009178644112447462,253,1007.0,372.0,218.0,1.0
9000,PowerChime,0.2,0.1392364501953125,0.008,0.14000701904296872,50,1007.0,372.0,218.0,1.0
6986,accountsd,0.0,0.2058029174804687,0.0,0.1851234436035156,50,1007.0,372.0,218.0,1.0
8324,Google Chrome Helper (Renderer),0.0,0.26702880859375,0.647816091954023,1.1122661897505837,435,1007.0,372.0,218.0,1.0
8326,chronod,0.0,0.1619338989257812,0.01,0.15725708007812497,50,1007.0,372.0,218.0,1.0
8328,Google Chrome Helper (Renderer),0.0,0.5159378051757812,0.647816091954023,1.1122661897505837,435,1007.0,372.0,218.0,1.0
8335,WorldClockWidget,0.0,0.2202987670898437,0.0,0.22029876708984367,50,1007.0,372.0,218.0,1.0
8336,CalendarWidgetExtension,0.0,0.1031875610351562,0.0,0.1031875610351562,50,1007.0,372.0,218.0,1.0
8337,WeatherWidget,0.0,0.36163330078125,0.0,0.3655509948730469,50,1007.0,372.0,218.0,1.0
8339,StocksWidget,0.0,0.3248214721679687,0.0,0.3267478942871093,50,1007.0,372.0,218.0,1.0
8340,ScreenTimeWidgetExtension,0.0,0.3332138061523437,0.0,0.3311538696289062,50,1007.0,372.0,218.0,1.0
8351,Google Chrome Helper,0.0,0.1939773559570312,0.6,0.42389755249023436,250,1007.0,372.0,218.0,1.0
8396,audioaccessoryd,0.0,0.1176834106445312,0.0,0.10800170898437496,50,1007.0,372.0,218.0,1.0
8410,routined,0.0,0.2063751220703125,0.034,0.19092559814453122,50,1007.0,372.0,218.0,1.0
8323,Google Chrome Helper (Renderer),0.0,0.6561279296875,0.647816091954023,1.1122661897505837,435,1007.0,372.0,218.0,1.0
9845,intelligentroutingd,0.0,0.0883102416992187,0.0,0.0883407592773437,50,1007.0,372.0,218.0,1.0
3033,Code Helper,0.0,0.4209518432617187,0.32371428571428573,0.48915318080357145,350,1007.0,372.0,218.0,1.0
9879,Siri,0.0,0.1535415649414062,0.016,0.1504554748535156,50,1007.0,372.0,218.0,1.0
10490,talagentd,0.0,0.1478195190429687,0.002,0.14520263671874997,50,1007.0,372.0,218.0,1.0
10558,pbs,0.0,0.031280517578125,0.002,0.031276702880859375,50,1007.0,372.0,218.0,1.0
11204,MTLCompilerService,0.0,0.0333786010742187,0.0,0.03340148925781246,50,1007.0,372.0,218.0,1.0
11684,mlhostd,0.0,0.1436233520507812,0.0,0.14452743530273432,50,1007.0,372.0,218.0,1.0
11889,mdworker_shared,0.0,0.20751953125,0.02153846153846154,0.19098232953976357,195,1007.0,372.0,218.0,1.0
12774,businessservicesd,0.0,0.0812530517578125,0.0,0.081024169921875,50,1007.0,372.0,218.0,1.0
12775,MessagesBlastDoorService,0.0,0.0579833984375,0.0,0.05239105224609375,50,1007.0,372.0,218.0,1.0
12776,feedbackd,0.0,0.0789642333984375,0.0,0.078704833984375,50,1007.0,372.0,218.0,1.0
12777,ProtectedCloudKeySyncing,0.0,0.1003265380859375,0.0,0.09304428100585938,50,1007.0,372.0,218.0,1.0
12779,gamecontrolleragentd,0.0,0.0591278076171875,0.002,0.060253143310546854,50,1007.0,372.0,218.0,1.0
12806,python3.12,0.7,0.1720428466796875,0.46153846153846156,0.1703031770475618,91,1007.0,372.0,218.0,1.0
10481,Google Chrome Helper (Renderer),0.0,1.009368896484375,0.647816091954023,1.1122661897505837,435,1007.0,372.0,218.0,1.0
12815,zsh,0.0,0.0156402587890625,0.0,0.009178644112447462,253,1007.0,372.0,218.0,1.0
12962,mdworker_shared,0.0,0.2069473266601562,0.02153846153846154,0.19098232953976357,195,1007.0,372.0,218.0,1.0
12963,replayd,0.0,0.2185821533203125,0.0,0.21639064866669325,49,1007.0,372.0,218.0,1.0
13000,python3.12,0.0,0.1661300659179687,0.46153846153846156,0.1703031770475618,91,1007.0,372.0,218.0,1.0
13020,mdworker_shared,0.0,0.1295089721679687,0.02153846153846154,0.19098232953976357,195,1007.0,372.0,218.0,1.0
13021,mdworker_shared,0.0,0.2168655395507812,0.02153846153846154,0.19098232953976357,195,1007.0,372.0,218.0,1.0
13025,com.apple.siri.embeddedspeech,0.0,0.1468658447265625,0.03142857142857143,0.17331804547991067,35,1007.0,372.0,218.0,1.0
13026,biomesyncd,0.0,0.1169204711914062,0.0,0.12089014053344724,16,1007.0,372.0,218.0,1.0
13029,mdworker_shared,0.0,0.1195907592773437,0.02153846153846154,0.19098232953976357,195,1007.0,372.0,218.0,1.0
13036,CommCenter,0.0,0.3389358520507812,0.006000000000000001,0.23591232299804685,50,1007.0,372.0,218.0,1.0
13037,CoreLocationAgent,0.0,0.5580902099609375,0.00425531914893617,0.4036964254176363,47,1007.0,372.0,218.0,1.0
13043,Keychain Circle Notification,0.0,0.25177001953125,0.044000000000000004,0.18328857421874997,50,1007.0,372.0,218.0,1.0
12959,ndoagent,0.0,0.0753402709960937,0.0,0.0754165649414062,50,1007.0,372.0,218.0,1.0
9847,UIKitSystem,0.0,0.1695632934570312,0.002,0.17118835449218742,50,1007.0,372.0,218.0,1.0
10215,Code Helper (Plugin),0.0,0.4611968994140625,0.041,0.5363956451416015,500,1007.0,372.0,218.0,1.0
10212,Code Helper (Plugin),0.0,0.49896240234375,0.041,0.5363956451416015,500,1007.0,372.0,218.0,1.0
9888,SiriNCService,0.0,0.1600265502929687,0.008,0.15225982666015622,50,1007.0,372.0,218.0,1.0
9891,AssetCacheLocatorService,0.0,0.0406265258789062,0.0,0.04087829589843746,50,1007.0,372.0,218.0,1.0
9901,pkd,0.0,0.1146316528320312,0.002,0.10622024536132811,50,1007.0,372.0,218.0,1.0
9909,com.apple.geod,0.0,0.0986099243164062,0.004,0.09388351440429683,50,1007.0,372.0,218.0,1.0
9946,extensionkitservice,0.0,0.080108642578125,0.0,0.08034324645996094,100,1007.0,372.0,218.0,1.0
9947,networkserviceproxy,0.0,0.1497268676757812,0.0,0.1554603576660156,50,1007.0,372.0,218.0,1.0
9963,swtransparencyd,0.0,0.089263916015625,0.0,0.08174896240234374,50,1007.0,372.0,218.0,1.0
9964,CloudTelemetryService,0.0,0.0783920288085937,0.0,0.06444135050135331,127,1007.0,372.0,218.0,1.0
9982,contentlinkingd,0.0,0.0860214233398437,0.0,0.08146667480468746,50,1007.0,372.0,218.0,1.0
10001,AppPredictionIntentsHelperService,0.0,0.1634597778320312,0.0,0.16557312011718747,50,1007.0,372.0,218.0,1.0
10009,com.apple.accessibility.mediaaccessibilityd,0.0,0.0261306762695312,0.0,0.0261306762695312,50,1007.0,372.0,218.0,1.0
10213,Code Helper (Plugin),0.0,0.5010604858398438,0.041,0.5363956451416015,500,1007.0,372.0,218.0,1.0
10010,AudioComponentRegistrar,0.0,0.054931640625,0.004,0.04845809936523434,50,1007.0,372.0,218.0,1.0
10115,iconservicesagent,0.0,0.0902175903320312,0.0,0.0902175903320312,50,1007.0,372.0,218.0,1.0
10121,com.apple.Safari.SafeBrowsing.Service,0.0,0.0743865966796875,0.0,0.07349395751953124,50,1007.0,372.0,218.0,1.0
10122,SAExtensionOrchestrator,0.0,0.1125335693359375,0.0,0.1125335693359375,50,1007.0,372.0,218.0,1.0
10123,extensionkitservice,0.0,0.0789642333984375,0.0,0.08034324645996094,100,1007.0,372.0,218.0,1.0
10124,GMSSELFIngestor,0.0,0.0974655151367187,0.0,0.0974655151367187,50,1007.0,372.0,218.0,1.0
10125,IFTranscriptSELFIngestor,0.0,0.086212158203125,0.0,0.086212158203125,50,1007.0,372.0,218.0,1.0
10126,IFTelemetrySELFIngestor,0.0,0.0825881958007812,0.0,0.0825881958007812,50,1007.0,372.0,218.0,1.0
10127,BiomeSELFIngestor,0.0,0.0879287719726562,0.0,0.0879287719726562,50,1007.0,372.0,218.0,1.0
10204,CoreServicesUIAgent,0.0,0.1972198486328125,0.004,0.19499969482421872,50,1007.0,372.0,218.0,1.0
10209,Code Helper (Plugin),0.0,0.4880905151367187,0.041,0.5363956451416015,500,1007.0,372.0,218.0,1.0
10211,Code Helper (Plugin),0.0,0.4581451416015625,0.041,0.5363956451416015,500,1007.0,372.0,218.0,1.0
10015,linkd,0.0,0.0791549682617187,0.0,0.07984924316406244,50,1007.0,372.0,218.0,1.0
2913,Code Helper,0.2,0.5825042724609375,0.32371428571428573,0.48915318080357145,350,1007.0,372.0,218.0,1.0
616,assistantd,0.0,0.2946853637695312,0.004,0.23475265502929685,50,1007.0,372.0,218.0,1.0
2878,Code Helper,0.0,0.394439697265625,0.32371428571428573,0.48915318080357145,350,1007.0,372.0,218.0,1.0
615,corespeechd,0.0,0.2241134643554687,0.09799999999999999,0.18834686279296872,50,1007.0,372.0,218.0,1.0
2880,Code Helper,0.0,0.1604080200195312,0.32371428571428573,0.48915318080357145,350,1007.0,372.0,218.0,1.0
623,WallpaperImageExtension,0.0,0.0886917114257812,0.0,0.07489013671874994,50,1007.0,372.0,218.0,1.0
639,sharingd,0.0,0.1501083374023437,0.002,0.14010620117187497,50,1007.0,372.0,218.0,1.0
641,usernoted,0.0,0.1804351806640625,0.02,0.15933227539062497,50,1007.0,372.0,218.0,1.0
642,neagent,0.0,0.1068115234375,0.0,0.1076812744140625,50,1007.0,372.0,218.0,1.0
643,useractivityd,0.0,0.084686279296875,0.008,0.08467864990234374,50,1007.0,372.0,218.0,1.0
644,com.apple.dock.extra,0.0,0.1996994018554687,0.048,0.17804336547851562,50,1007.0,372.0,218.0,1.0
646,NotificationCenter,0.0,0.3040313720703125,0.024000000000000004,0.24862670898437497,50,1007.0,372.0,218.0,1.0
649,milod,0.0,0.0820159912109375,0.0,0.08232498168945312,50,1007.0,372.0,218.0,1.0
650,familycircled,0.0,0.0677108764648437,0.0,0.06789016723632807,50,1007.0,372.0,218.0,1.0
651,StatusKitAgent,0.0,0.0787734985351562,0.0,0.07876968383789057,50,1007.0,372.0,218.0,1.0
666,ContextStoreAgent,0.0,0.1657485961914062,0.11199999999999999,0.1729774475097656,50,1007.0,372.0,218.0,1.0
668,BiomeAgent,0.0,0.1407623291015625,0.126,0.1340827941894531,50,1007.0,372.0,218.0,1.0
670,imklaunchagent,0.0,0.0619888305664062,0.0,0.06198501586914058,50,1007.0,372.0,218.0,1.0
673,icdd,0.0,0.0349044799804687,0.0,0.034900665283203076,50,1007.0,372.0,218.0,1.0
680,AirPlayUIAgent,0.0,0.101470947265625,0.004,0.09934997558593746,50,1007.0,372.0,218.0,1.0
683,imagent,0.3,0.1474380493164062,0.008,0.13217163085937497,50,1007.0,372.0,218.0,1.0
685,diagnostics_agent,0.0,0.1028060913085937,0.002,0.09417724609374996,50,1007.0,372.0,218.0,1.0
686,TextInputMenuAgent,0.0,0.1794815063476562,0.008,0.16139221191406247,50,1007.0,372.0,218.0,1.0
688,Grammarly Desktop Helper,0.0,0.102996826171875,0.002,0.10088729858398436,50,1007.0,372.0,218.0,1.0
699,com.apple.CloudDocs.iCloudDriveFileProvider,0.0,0.1056671142578125,0.008,0.09911346435546875,50,1007.0,372.0,218.0,1.0
704,ctkahp,0.0,0.037384033203125,0.0,0.037380218505859375,50,1007.0,372.0,218.0,1.0
609,identityservicesd,0.0,0.2176284790039062,0.012,0.20082092285156247,50,1007.0,372.0,218.0,1.0
608,ViewBridgeAuxiliary,0.0,0.08544921875,0.014000000000000002,0.08618545532226561,50,1007.0,372.0,218.0,1.0
606,fontworker,0.0,0.0581741333007812,0.0,0.05817031860351558,50,1007.0,372.0,218.0,1.0
605,ContinuityCaptureAgent,0.0,0.0761032104492187,0.0,0.0761032104492187,50,1007.0,372.0,218.0,1.0
543,distnoted,0.1,0.0528335571289062,0.028000000000000004,0.05070495605468747,50,1007.0,372.0,218.0,1.0
544,cfprefsd,0.0,0.0597000122070312,0.066,0.05707931518554685,50,1007.0,372.0,218.0,1.0
549,UserEventAgent,0.0,0.1171112060546875,0.013999999999999999,0.10488891601562496,50,1007.0,372.0,218.0,1.0
553,WindowManager,0.0,0.2227783203125,0.11200000000000002,0.24517440795898435,50,1007.0,372.0,218.0,1.0
557,universalaccessd,0.0,0.0888824462890625,0.006000000000000001,0.09207916259765624,50,1007.0,372.0,218.0,1.0
559,Dock,0.0,0.1897811889648437,0.076,0.20318603515624997,50,1007.0,372.0,218.0,1.0
560,ControlCenter,0.5,0.4571914672851562,0.5379999999999999,0.41684722900390625,50,1007.0,372.0,218.0,1.0
561,pboard,0.0,0.092315673828125,0.002,0.09132385253906246,50,1007.0,372.0,218.0,1.0
562,SystemUIServer,0.0,0.1262664794921875,0.006,0.13476562499999997,50,1007.0,372.0,218.0,1.0
564,Finder,0.0,0.5313873291015625,0.07400000000000001,0.4227867126464844,50,1007.0,372.0,218.0,1.0
567,lsd,0.0,0.1230239868164062,0.012,0.11196517944335933,50,1007.0,372.0,218.0,1.0
707,WiFiAgent,0.0,0.1689910888671875,0.114,0.16522979736328122,50,1007.0,372.0,218.0,1.0
568,AXVisualSupportAgent,0.0,0.1804351806640625,0.6920000000000001,0.16974639892578122,50,1007.0,372.0,218.0,1.0
578,secd,0.0,0.1688003540039062,0.006000000000000001,0.15089416503906247,50,1007.0,372.0,218.0,1.0
580,trustd,0.0,0.1249313354492187,0.04,0.11620330810546871,50,1007.0,372.0,218.0,1.0
583,WallpaperAgent,0.0,0.1482009887695312,0.004,0.1629066467285156,50,1007.0,372.0,218.0,1.0
587,com.apple.hiservices-xpcservice,0.0,0.0368118286132812,0.01,0.03719711303710933,50,1007.0,372.0,218.0,1.0
589,sharedfilelistd,0.0,0.1064300537109375,0.0,0.08721542358398436,50,1007.0,372.0,218.0,1.0
590,containermanagerd,0.0,0.0459671020507812,0.012,0.04875946044921871,50,1007.0,372.0,218.0,1.0
591,usernotificationsd,0.0,0.1050949096679687,0.008,0.09786605834960933,50,1007.0,372.0,218.0,1.0
596,callservicesd,0.0,0.2187728881835937,0.006000000000000001,0.17979049682617185,50,1007.0,372.0,218.0,1.0
600,fontd,0.0,0.0560760498046875,0.002,0.06991577148437499,50,1007.0,372.0,218.0,1.0
602,fileproviderd,0.2,0.1495361328125,0.21200000000000002,0.1446113586425781,50,1007.0,372.0,218.0,1.0
604,AMPDeviceDiscoveryAgent,0.0,0.0585556030273437,0.0,0.051746368408203104,50,1007.0,372.0,218.0,1.0
575,rapportd,0.1,0.1325607299804687,0.002,0.1259346008300781,50,1007.0,372.0,218.0,1.0
709,nsurlsessiond,0.0,0.1312255859375,0.032,0.1256752014160156,50,1007.0,372.0,218.0,1.0
376,loginwindow,0.0,0.3200531005859375,0.008,0.24020385742187497,50,1007.0,372.0,218.0,1.0
714,CursorUIViewService,0.0,0.164031982421875,0.07400000000000001,0.15747833251953122,50,1007.0,372.0,218.0,1.0
931,com.apple.WebKit.WebContent,0.0,0.4281997680664062,0.2837142857142857,0.5284216744559151,350,1007.0,372.0,218.0,1.0
932,com.apple.WebKit.WebContent,0.1,1.3841629028320312,0.2837142857142857,0.5284216744559151,350,1007.0,372.0,218.0,1.0
957,Google Chrome,0.1,2.160072326660156,1.324,2.2691001892089844,50,1007.0,372.0,218.0,1.0
960,chrome_crashpad_handler,0.0,0.0188827514648437,0.0,0.019365310668945288,100,1007.0,372.0,218.0,1.0
961,voicebankingd,0.0,0.0722885131835937,0.0,0.07259750366210932,50,1007.0,372.0,218.0,1.0
963,Google Chrome Helper,1.1,0.9122848510742188,0.6,0.42389755249023436,250,1007.0,372.0,218.0,1.0
964,Google Chrome Helper,0.0,0.6879806518554688,0.6,0.42389755249023436,250,1007.0,372.0,218.0,1.0
966,Google Chrome Helper,0.0,0.208282470703125,0.6,0.42389755249023436,250,1007.0,372.0,218.0,1.0
1015,Google Chrome Helper,0.0,0.162506103515625,0.6,0.42389755249023436,250,1007.0,372.0,218.0,1.0
713,Spotlight,0.0,0.2477645874023437,0.05,0.27865600585937494,50,1007.0,372.0,218.0,1.0
1191,storeaccountd,0.0,0.0658035278320312,0.0,0.06579971313476557,50,1007.0,372.0,218.0,1.0
1474,IMAutomaticHistoryDeletionAgent,0.0,0.092315673828125,0.0,0.08300018310546874,50,1007.0,372.0,218.0,1.0
1718,ServiceExtension,0.0,0.142669677734375,0.0,0.142669677734375,50,1007.0,372.0,218.0,1.0
2095,com.apple.WebKit.WebContent,0.0,0.2645492553710937,0.2837142857142857,0.5284216744559151,350,1007.0,372.0,218.0,1.0
2096,com.apple.WebKit.WebContent,0.0,0.3267288208007812,0.2837142857142857,0.5284216744559151,350,1007.0,372.0,218.0,1.0
2641,Google Chrome Helper (Renderer),0.0,0.6292343139648438,0.647816091954023,1.1122661897505837,435,1007.0,372.0,218.0,1.0
2672,Google Chrome Helper (Renderer),4.3,5.730438232421875,0.647816091954023,1.1122661897505837,435,1007.0,372.0,218.0,1.0
2826,Code,0.1,1.207733154296875,1.3619999999999999,1.3807182312011719,50,1007.0,372.0,218.0,1.0
2832,chrome_crashpad_handler,0.0,0.0194549560546875,0.0,0.019365310668945288,100,1007.0,372.0,218.0,1.0
2833,Code Helper,0.0,0.5472183227539062,0.32371428571428573,0.48915318080357145,350,1007.0,372.0,218.0,1.0
2834,Code Helper,0.0,0.3557205200195312,0.32371428571428573,0.48915318080357145,350,1007.0,372.0,218.0,1.0
2835,Code Helper (Renderer),0.1,3.800010681152344,3.5780000000000003,3.886066436767578,50,1007.0,372.0,218.0,1.0
2852,Code Helper,0.0,0.7175445556640625,0.32371428571428573,0.48915318080357145,350,1007.0,372.0,218.0,1.0
930,com.apple.WebKit.WebContent,0.0,0.2475738525390625,0.2837142857142857,0.5284216744559151,350,1007.0,372.0,218.0,1.0
926,peopled,0.0,0.086212158203125,0.0,0.08623886108398438,50,1007.0,372.0,218.0,1.0
1052,spotlightknowledged,0.0,0.0352859497070312,0.0,0.04377672749180943,62,1007.0,372.0,218.0,1.0
919,com.apple.WebKit.Networking,0.0,0.234222412109375,0.4,0.16855621337890622,100,1007.0,372.0,218.0,1.0
921,Spotify Helper,0.0,0.0928878784179687,0.015600000000000001,0.14564056396484373,250,1007.0,372.0,218.0,1.0
717,OneDrive,0.0,0.4232406616210937,0.032,0.36077880859375,50,1007.0,372.0,218.0,1.0
718,corespotlightd,0.0,0.1485824584960937,0.012,0.15357208251953122,50,1007.0,372.0,218.0,1.0
722,duetexpertd,0.0,0.2471923828125,0.09,0.26060485839843744,50,1007.0,372.0,218.0,1.0
730,Spotify,2.2,1.19476318359375,0.5479999999999999,1.0496597290039062,50,1007.0,372.0,218.0,1.0
733,homed,0.0,0.1438140869140625,0.0,0.1302070617675781,50,1007.0,372.0,218.0,1.0
734,mediaremoteagent,0.0,0.0232696533203125,0.0,0.0232696533203125,50,1007.0,372.0,218.0,1.0
740,Spotify Helper,0.0,0.0452041625976562,0.015600000000000001,0.14564056396484373,250,1007.0,372.0,218.0,1.0
741,avconferenced,0.0,0.067901611328125,0.0,0.06789779663085938,50,1007.0,372.0,218.0,1.0
747,Spotify Helper,0.0,0.1972198486328125,0.015600000000000001,0.14564056396484373,250,1007.0,372.0,218.0,1.0
748,Spotify Helper,0.0,0.3108978271484375,0.015600000000000001,0.14564056396484373,250,1007.0,372.0,218.0,1.0
752,Spotify Helper,0.0,0.1119613647460937,0.015600000000000001,0.14564056396484373,250,1007.0,372.0,218.0,1.0
716,PAH_Extension,0.0,0.1148223876953125,0.014000000000000002,0.11199188232421874,50,1007.0,372.0,218.0,1.0
768,Spotify Helper (Renderer),0.0,0.5670547485351562,0.044000000000000004,0.4534873962402344,50,1007.0,372.0,218.0,1.0
772,com.apple.WebKit.GPU,0.0,0.0507354736328125,0.102,0.09322547912597655,100,1007.0,372.0,218.0,1.0
774,com.apple.WebKit.WebContent,0.0,0.0186920166015625,0.2837142857142857,0.5284216744559151,350,1007.0,372.0,218.0,1.0
776,com.apple.WebKit.Networking,0.0,0.1338958740234375,0.4,0.16855621337890622,100,1007.0,372.0,218.0,1.0
792,commerce,0.0,0.0902175903320312,0.0,0.08901596069335932,50,1007.0,372.0,218.0,1.0
857,Grammarly Desktop Update Service,0.0,0.0934600830078125,0.006000000000000001,0.11079406738281246,50,1007.0,372.0,218.0,1.0
873,mdbulkimport,0.0,0.0713348388671875,0.0,0.07133102416992188,50,1007.0,372.0,218.0,1.0
898,OneDrive Sync Service,0.0,0.2416610717773437,0.004,0.21224594116210935,50,1007.0,372.0,218.0,1.0
913,app_inkwell,0.1,0.299835205078125,0.94,0.29593276977539057,50,1007.0,372.0,218.0,1.0
916,com.apple.WebKit.WebContent,0.0,0.7684707641601562,0.2837142857142857,0.5284216744559151,350,1007.0,372.0,218.0,1.0
918,com.apple.WebKit.GPU,0.0,0.0715255737304687,0.102,0.09322547912597655,100,1007.0,372.0,218.0,1.0
755,Grammarly Desktop,0.1,0.7701873779296875,0.524,0.7150344848632812,50,1007.0,372.0,218.0,1.0
9095,calaccessd,0.0,0.1596450805664062,0.002,0.15127944946289057,50,1007.0,369.0,215.0,1.0
9088,contactsd,0.0,0.1096725463867187,0.008,0.09849548339843746,50,1007.0,369.0,215.0,1.0
9086,knowledge-agent,0.0,0.1394271850585937,0.004,0.13211822509765622,50,1007.0,369.0,215.0,1.0
9069,searchpartyuseragent,0.0,0.1367568969726562,0.002,0.13115692138671872,50,1007.0,369.0,215.0,1.0
9000,PowerChime,0.0,0.1462936401367187,0.008,0.14000701904296872,50,1007.0,369.0,215.0,1.0
9049,tccd,0.0,0.1104354858398437,0.0,0.10362243652343744,50,1007.0,369.0,215.0,1.0
9040,triald,0.0,0.1466751098632812,0.0,0.12915039062499997,50,1007.0,369.0,215.0,1.0
9032,secinitd,0.0,0.0652313232421875,0.0,0.06522750854492188,50,1007.0,369.0,215.0,1.0
9101,bird,0.0,0.1279830932617187,0.04800000000000001,0.12118530273437494,50,1007.0,369.0,215.0,1.0
9053,cloudd,0.0,0.2225875854492187,0.016,0.2035255432128906,50,1007.0,369.0,215.0,1.0
9134,ScreenTimeAgent,0.0,0.1127243041992187,0.0,0.10361862182617183,50,1007.0,369.0,215.0,1.0
9556,syncdefaultsd,0.0,0.1255035400390625,0.006000000000000001,0.11057662963867186,50,1007.0,369.0,215.0,1.0
9205,IntelligencePlatformComputeService,0.0,0.0879287719726562,0.0,0.0879287719726562,50,1007.0,369.0,215.0,1.0
9223,mapssyncd,0.0,0.0917434692382812,0.0,0.09173965454101557,50,1007.0,369.0,215.0,1.0
9271,mdwrite,0.0,0.0329971313476562,0.0,0.032993316650390576,50,1007.0,369.0,215.0,1.0
9272,mbuseragent,0.0,0.0368118286132812,0.0,0.036808013916015576,50,1007.0,369.0,215.0,1.0
9572,proactived,0.0,0.1264572143554687,0.02,0.1299476623535156,50,1007.0,369.0,215.0,1.0
9575,akd,0.0,0.2225875854492187,0.002,0.2174873352050781,50,1007.0,369.0,215.0,1.0
9577,CloudTelemetryService,0.0,0.07781982421875,0.0,0.06444135050135331,127,1007.0,369.0,215.0,1.0
9649,suggestd,0.0,0.1623153686523437,0.002,0.15771484374999997,50,1007.0,369.0,215.0,1.0
9681,AppleSpell,0.0,0.1420974731445312,0.0,0.13717651367187494,50,1007.0,369.0,215.0,1.0
9682,keyboardservicesd,0.0,0.0919342041015625,0.0,0.0876617431640625,50,1007.0,369.0,215.0,1.0
9138,siriactionsd,0.0,0.1605987548828125,0.004,0.14521408081054685,50,1007.0,369.0,215.0,1.0
8666,Google Chrome Helper (Renderer),0.0,0.3114700317382812,0.647816091954023,1.1122661897505837,435,1007.0,369.0,215.0,1.0
2913,Code Helper,0.4,0.5825042724609375,0.32371428571428573,0.48915318080357145,350,1007.0,369.0,215.0,1.0
8396,audioaccessoryd,0.0,0.1176834106445312,0.0,0.10800170898437496,50,1007.0,369.0,215.0,1.0
9742,promotedcontentd,0.0,0.1224517822265625,0.002,0.11449813842773438,50,1007.0,369.0,215.0,1.0
3033,Code Helper,0.0,0.4209518432617187,0.32371428571428573,0.48915318080357145,350,1007.0,369.0,215.0,1.0
3034,Code Helper (Plugin),0.1,1.4768600463867188,0.041,0.5363956451416015,500,1007.0,369.0,215.0,1.0
3045,Code Helper (Plugin),0.0,0.2717971801757812,0.041,0.5363956451416015,500,1007.0,369.0,215.0,1.0
3063,zsh,0.0,0.0047683715820312,0.0,0.009178644112447462,253,1007.0,369.0,215.0,1.0
4030,pet,0.0,0.0217437744140625,0.02,0.02233123779296875,50,1007.0,369.0,215.0,1.0
4037,zsh,0.0,0.0043869018554687,0.0,0.009178644112447462,253,1007.0,369.0,215.0,1.0
4143,Code Helper (Plugin),0.0,0.2117156982421875,0.041,0.5363956451416015,500,1007.0,369.0,215.0,1.0
4194,Code Helper (Plugin),0.0,0.8016586303710938,0.041,0.5363956451416015,500,1007.0,369.0,215.0,1.0
5379,Code Helper (Plugin),0.0,0.2336502075195312,0.041,0.5363956451416015,500,1007.0,369.0,215.0,1.0
5384,zsh,0.0,0.0043869018554687,0.0,0.009178644112447462,253,1007.0,369.0,215.0,1.0
8410,routined,0.0,0.2063751220703125,0.034,0.19092559814453122,50,1007.0,369.0,215.0,1.0
5761,zsh,0.0,0.0131607055664062,0.0,0.009178644112447462,253,1007.0,369.0,215.0,1.0
8323,Google Chrome Helper (Renderer),0.1,0.6561279296875,0.647816091954023,1.1122661897505837,435,1007.0,369.0,215.0,1.0
8324,Google Chrome Helper (Renderer),0.0,0.26702880859375,0.647816091954023,1.1122661897505837,435,1007.0,369.0,215.0,1.0
8325,Google Chrome Helper (Renderer),0.0,0.3637313842773437,0.647816091954023,1.1122661897505837,435,1007.0,369.0,215.0,1.0
8326,chronod,0.0,0.1619338989257812,0.01,0.15725708007812497,50,1007.0,369.0,215.0,1.0
8328,Google Chrome Helper (Renderer),0.0,0.524139404296875,0.647816091954023,1.1122661897505837,435,1007.0,369.0,215.0,1.0
8335,WorldClockWidget,0.0,0.2202987670898437,0.0,0.22029876708984367,50,1007.0,369.0,215.0,1.0
8336,CalendarWidgetExtension,0.0,0.1031875610351562,0.0,0.1031875610351562,50,1007.0,369.0,215.0,1.0
8337,WeatherWidget,0.0,0.36163330078125,0.0,0.3655509948730469,50,1007.0,369.0,215.0,1.0
8339,StocksWidget,0.0,0.3248214721679687,0.0,0.3267478942871093,50,1007.0,369.0,215.0,1.0
8340,ScreenTimeWidgetExtension,0.0,0.3332138061523437,0.0,0.3311538696289062,50,1007.0,369.0,215.0,1.0
8351,Google Chrome Helper,0.0,0.193023681640625,0.6,0.42389755249023436,250,1007.0,369.0,215.0,1.0
6986,accountsd,0.0,0.2058029174804687,0.0,0.1851234436035156,50,1007.0,369.0,215.0,1.0
9754,ctkd,0.0,0.0896453857421875,0.0,0.08569717407226562,50,1007.0,369.0,215.0,1.0
10204,CoreServicesUIAgent,0.0,0.1972198486328125,0.004,0.19499969482421872,50,1007.0,369.0,215.0,1.0
9829,transparencyd,0.0,0.2244949340820312,0.018000000000000002,0.21265792846679685,50,1007.0,369.0,215.0,1.0
10215,Code Helper (Plugin),0.0,0.4611968994140625,0.041,0.5363956451416015,500,1007.0,369.0,215.0,1.0
10481,Google Chrome Helper (Renderer),0.0,1.009368896484375,0.647816091954023,1.1122661897505837,435,1007.0,369.0,215.0,1.0
10490,talagentd,0.0,0.1478195190429687,0.002,0.14520263671874997,50,1007.0,369.0,215.0,1.0
10558,pbs,0.0,0.031280517578125,0.002,0.031276702880859375,50,1007.0,369.0,215.0,1.0
11204,MTLCompilerService,0.0,0.0333786010742187,0.0,0.03340148925781246,50,1007.0,369.0,215.0,1.0
11684,mlhostd,0.0,0.1436233520507812,0.0,0.14452743530273432,50,1007.0,369.0,215.0,1.0
12774,businessservicesd,0.0,0.0812530517578125,0.0,0.081024169921875,50,1007.0,369.0,215.0,1.0
12775,MessagesBlastDoorService,0.0,0.0579833984375,0.0,0.05239105224609375,50,1007.0,369.0,215.0,1.0
12776,feedbackd,0.0,0.0789642333984375,0.0,0.078704833984375,50,1007.0,369.0,215.0,1.0
12777,ProtectedCloudKeySyncing,0.0,0.1003265380859375,0.0,0.09304428100585938,50,1007.0,369.0,215.0,1.0
12779,gamecontrolleragentd,0.0,0.0593185424804687,0.002,0.060253143310546854,50,1007.0,369.0,215.0,1.0
12806,python3.12,0.6,0.173187255859375,0.46153846153846156,0.1703031770475618,91,1007.0,369.0,215.0,1.0
12815,zsh,0.0,0.0156402587890625,0.0,0.009178644112447462,253,1007.0,369.0,215.0,1.0
12959,ndoagent,0.0,0.0753402709960937,0.0,0.0754165649414062,50,1007.0,369.0,215.0,1.0
12963,replayd,0.0,0.2185821533203125,0.0,0.21639064866669325,49,1007.0,369.0,215.0,1.0
13000,python3.12,0.0,0.1661300659179687,0.46153846153846156,0.1703031770475618,91,1007.0,369.0,215.0,1.0
13021,mdworker_shared,0.0,0.2168655395507812,0.02153846153846154,0.19098232953976357,195,1007.0,369.0,215.0,1.0
13025,com.apple.siri.embeddedspeech,0.0,0.1468658447265625,0.03142857142857143,0.17331804547991067,35,1007.0,369.0,215.0,1.0
13026,biomesyncd,0.0,0.1169204711914062,0.0,0.12089014053344724,16,1007.0,369.0,215.0,1.0
13029,mdworker_shared,0.0,0.1195907592773437,0.02153846153846154,0.19098232953976357,195,1007.0,369.0,215.0,1.0
13036,CommCenter,0.0,0.3393173217773437,0.006000000000000001,0.23591232299804685,50,1007.0,369.0,215.0,1.0
13043,Keychain Circle Notification,0.0,0.25177001953125,0.044000000000000004,0.18328857421874997,50,1007.0,369.0,215.0,1.0
2880,Code Helper,0.0,0.1604080200195312,0.32371428571428573,0.48915318080357145,350,1007.0,369.0,215.0,1.0
10213,Code Helper (Plugin),0.0,0.5010604858398438,0.041,0.5363956451416015,500,1007.0,369.0,215.0,1.0
10212,Code Helper (Plugin),0.0,0.49896240234375,0.041,0.5363956451416015,500,1007.0,369.0,215.0,1.0
10211,Code Helper (Plugin),0.2,0.458526611328125,0.041,0.5363956451416015,500,1007.0,369.0,215.0,1.0
10209,Code Helper (Plugin),0.0,0.4880905151367187,0.041,0.5363956451416015,500,1007.0,369.0,215.0,1.0
9845,intelligentroutingd,0.0,0.0883102416992187,0.0,0.0883407592773437,50,1007.0,369.0,215.0,1.0
9847,UIKitSystem,0.0,0.1695632934570312,0.002,0.17118835449218742,50,1007.0,369.0,215.0,1.0
9879,Siri,0.0,0.1535415649414062,0.016,0.1504554748535156,50,1007.0,369.0,215.0,1.0
9888,SiriNCService,0.0,0.1600265502929687,0.008,0.15225982666015622,50,1007.0,369.0,215.0,1.0
9891,AssetCacheLocatorService,0.0,0.0406265258789062,0.0,0.04087829589843746,50,1007.0,369.0,215.0,1.0
9901,pkd,0.0,0.1146316528320312,0.002,0.10622024536132811,50,1007.0,369.0,215.0,1.0
9909,com.apple.geod,0.0,0.0986099243164062,0.004,0.09388351440429683,50,1007.0,369.0,215.0,1.0
9946,extensionkitservice,0.0,0.080108642578125,0.0,0.08034324645996094,100,1007.0,369.0,215.0,1.0
9947,networkserviceproxy,0.0,0.1497268676757812,0.0,0.1554603576660156,50,1007.0,369.0,215.0,1.0
9963,swtransparencyd,0.0,0.089263916015625,0.0,0.08174896240234374,50,1007.0,369.0,215.0,1.0
9964,CloudTelemetryService,0.0,0.0783920288085937,0.0,0.06444135050135331,127,1007.0,369.0,215.0,1.0
9762,coreauthd,0.0,0.0980377197265625,0.0,0.09390640258789058,50,1007.0,369.0,215.0,1.0
9982,contentlinkingd,0.0,0.0860214233398437,0.0,0.08146667480468746,50,1007.0,369.0,215.0,1.0
10009,com.apple.accessibility.mediaaccessibilityd,0.0,0.0261306762695312,0.0,0.0261306762695312,50,1007.0,369.0,215.0,1.0
10010,AudioComponentRegistrar,0.0,0.054931640625,0.004,0.04845809936523434,50,1007.0,369.0,215.0,1.0
10015,linkd,0.0,0.0791549682617187,0.0,0.07984924316406244,50,1007.0,369.0,215.0,1.0
10115,iconservicesagent,0.0,0.0902175903320312,0.0,0.0902175903320312,50,1007.0,369.0,215.0,1.0
10121,com.apple.Safari.SafeBrowsing.Service,0.0,0.0743865966796875,0.0,0.07349395751953124,50,1007.0,369.0,215.0,1.0
10122,SAExtensionOrchestrator,0.0,0.1125335693359375,0.0,0.1125335693359375,50,1007.0,369.0,215.0,1.0
10123,extensionkitservice,0.0,0.0789642333984375,0.0,0.08034324645996094,100,1007.0,369.0,215.0,1.0
10124,GMSSELFIngestor,0.0,0.0974655151367187,0.0,0.0974655151367187,50,1007.0,369.0,215.0,1.0
10125,IFTranscriptSELFIngestor,0.0,0.086212158203125,0.0,0.086212158203125,50,1007.0,369.0,215.0,1.0
10126,IFTelemetrySELFIngestor,0.0,0.0825881958007812,0.0,0.0825881958007812,50,1007.0,369.0,215.0,1.0
10127,BiomeSELFIngestor,0.0,0.0879287719726562,0.0,0.0879287719726562,50,1007.0,369.0,215.0,1.0
10001,AppPredictionIntentsHelperService,0.0,0.1634597778320312,0.0,0.16557312011718747,50,1007.0,369.0,215.0,1.0
2878,Code Helper,0.1,0.394439697265625,0.32371428571428573,0.48915318080357145,350,1007.0,369.0,215.0,1.0
13037,CoreLocationAgent,0.0,0.5580902099609375,0.00425531914893617,0.4036964254176363,47,1007.0,369.0,215.0,1.0
2835,Code Helper (Renderer),0.1,3.803634643554687,3.5780000000000003,3.886066436767578,50,1007.0,369.0,215.0,1.0
609,identityservicesd,0.0,0.2176284790039062,0.012,0.20082092285156247,50,1007.0,369.0,215.0,1.0
615,corespeechd,0.0,0.2239227294921875,0.09799999999999999,0.18834686279296872,50,1007.0,369.0,215.0,1.0
616,assistantd,0.0,0.2946853637695312,0.004,0.23475265502929685,50,1007.0,369.0,215.0,1.0
623,WallpaperImageExtension,0.0,0.0879287719726562,0.0,0.07489013671874994,50,1007.0,369.0,215.0,1.0
639,sharingd,0.0,0.1497268676757812,0.002,0.14010620117187497,50,1007.0,369.0,215.0,1.0
641,usernoted,0.0,0.18157958984375,0.02,0.15933227539062497,50,1007.0,369.0,215.0,1.0
642,neagent,0.0,0.1068115234375,0.0,0.1076812744140625,50,1007.0,369.0,215.0,1.0
643,useractivityd,0.0,0.084686279296875,0.008,0.08467864990234374,50,1007.0,369.0,215.0,1.0
644,com.apple.dock.extra,0.0,0.1993179321289062,0.048,0.17804336547851562,50,1007.0,369.0,215.0,1.0
646,NotificationCenter,0.0,0.3040313720703125,0.024000000000000004,0.24862670898437497,50,1007.0,369.0,215.0,1.0
649,milod,0.0,0.0820159912109375,0.0,0.08232498168945312,50,1007.0,369.0,215.0,1.0
650,familycircled,0.0,0.0677108764648437,0.0,0.06789016723632807,50,1007.0,369.0,215.0,1.0
651,StatusKitAgent,0.0,0.0787734985351562,0.0,0.07876968383789057,50,1007.0,369.0,215.0,1.0
666,ContextStoreAgent,0.0,0.1657485961914062,0.11199999999999999,0.1729774475097656,50,1007.0,369.0,215.0,1.0
668,BiomeAgent,0.0,0.1407623291015625,0.126,0.1340827941894531,50,1007.0,369.0,215.0,1.0
670,imklaunchagent,0.0,0.0619888305664062,0.0,0.06198501586914058,50,1007.0,369.0,215.0,1.0
673,icdd,0.0,0.0349044799804687,0.0,0.034900665283203076,50,1007.0,369.0,215.0,1.0
680,AirPlayUIAgent,0.0,0.101470947265625,0.004,0.09934997558593746,50,1007.0,369.0,215.0,1.0
683,imagent,0.0,0.1520156860351562,0.008,0.13217163085937497,50,1007.0,369.0,215.0,1.0
685,diagnostics_agent,0.0,0.1028060913085937,0.002,0.09417724609374996,50,1007.0,369.0,215.0,1.0
686,TextInputMenuAgent,0.0,0.1794815063476562,0.008,0.16139221191406247,50,1007.0,369.0,215.0,1.0
688,Grammarly Desktop Helper,0.0,0.1173019409179687,0.002,0.10088729858398436,50,1007.0,369.0,215.0,1.0
699,com.apple.CloudDocs.iCloudDriveFileProvider,0.0,0.1056671142578125,0.008,0.09911346435546875,50,1007.0,369.0,215.0,1.0
608,ViewBridgeAuxiliary,0.0,0.08544921875,0.014000000000000002,0.08618545532226561,50,1007.0,369.0,215.0,1.0
704,ctkahp,0.0,0.037384033203125,0.0,0.037380218505859375,50,1007.0,369.0,215.0,1.0
606,fontworker,0.0,0.0581741333007812,0.0,0.05817031860351558,50,1007.0,369.0,215.0,1.0
604,AMPDeviceDiscoveryAgent,0.0,0.0585556030273437,0.0,0.051746368408203104,50,1007.0,369.0,215.0,1.0
543,distnoted,0.0,0.0528335571289062,0.028000000000000004,0.05070495605468747,50,1007.0,369.0,215.0,1.0
544,cfprefsd,0.0,0.0600814819335937,0.066,0.05707931518554685,50,1007.0,369.0,215.0,1.0
549,UserEventAgent,0.0,0.1171112060546875,0.013999999999999999,0.10488891601562496,50,1007.0,369.0,215.0,1.0
553,WindowManager,0.0,0.2227783203125,0.11200000000000002,0.24517440795898435,50,1007.0,369.0,215.0,1.0
557,universalaccessd,0.0,0.0888824462890625,0.006000000000000001,0.09207916259765624,50,1007.0,369.0,215.0,1.0
559,Dock,0.0,0.1897811889648437,0.076,0.20318603515624997,50,1007.0,369.0,215.0,1.0
560,ControlCenter,0.5,0.4571914672851562,0.5379999999999999,0.41684722900390625,50,1007.0,369.0,215.0,1.0
561,pboard,0.0,0.092315673828125,0.002,0.09132385253906246,50,1007.0,369.0,215.0,1.0
562,SystemUIServer,0.0,0.1262664794921875,0.006,0.13476562499999997,50,1007.0,369.0,215.0,1.0
564,Finder,0.0,0.5313873291015625,0.07400000000000001,0.4227867126464844,50,1007.0,369.0,215.0,1.0
567,lsd,0.0,0.1241683959960937,0.012,0.11196517944335933,50,1007.0,369.0,215.0,1.0
568,AXVisualSupportAgent,0.0,0.1794815063476562,0.6920000000000001,0.16974639892578122,50,1007.0,369.0,215.0,1.0
575,rapportd,0.0,0.1356124877929687,0.002,0.1259346008300781,50,1007.0,369.0,215.0,1.0
578,secd,0.0,0.1688003540039062,0.006000000000000001,0.15089416503906247,50,1007.0,369.0,215.0,1.0
580,trustd,0.0,0.1203536987304687,0.04,0.11620330810546871,50,1007.0,369.0,215.0,1.0
583,WallpaperAgent,0.0,0.1491546630859375,0.004,0.1629066467285156,50,1007.0,369.0,215.0,1.0
587,com.apple.hiservices-xpcservice,0.0,0.0368118286132812,0.01,0.03719711303710933,50,1007.0,369.0,215.0,1.0
589,sharedfilelistd,0.0,0.1064300537109375,0.0,0.08721542358398436,50,1007.0,369.0,215.0,1.0
590,containermanagerd,0.0,0.0459671020507812,0.012,0.04875946044921871,50,1007.0,369.0,215.0,1.0
591,usernotificationsd,0.0,0.1050949096679687,0.008,0.09786605834960933,50,1007.0,369.0,215.0,1.0
596,callservicesd,0.0,0.2187728881835937,0.006000000000000001,0.17979049682617185,50,1007.0,369.0,215.0,1.0
600,fontd,0.0,0.0560760498046875,0.002,0.06991577148437499,50,1007.0,369.0,215.0,1.0
602,fileproviderd,0.2,0.1495361328125,0.21200000000000002,0.1446113586425781,50,1007.0,369.0,215.0,1.0
605,ContinuityCaptureAgent,0.0,0.0761032104492187,0.0,0.0761032104492187,50,1007.0,369.0,215.0,1.0
707,WiFiAgent,0.0,0.1689910888671875,0.114,0.16522979736328122,50,1007.0,369.0,215.0,1.0
376,loginwindow,0.0,0.3200531005859375,0.008,0.24020385742187497,50,1007.0,369.0,215.0,1.0
713,Spotlight,0.0,0.3301620483398437,0.05,0.27865600585937494,50,1007.0,369.0,215.0,1.0
930,com.apple.WebKit.WebContent,0.1,0.2521514892578125,0.2837142857142857,0.5284216744559151,350,1007.0,369.0,215.0,1.0
931,com.apple.WebKit.WebContent,0.2,0.658416748046875,0.2837142857142857,0.5284216744559151,350,1007.0,369.0,215.0,1.0
932,com.apple.WebKit.WebContent,0.3,1.4104843139648438,0.2837142857142857,0.5284216744559151,350,1007.0,369.0,215.0,1.0
957,Google Chrome,0.2,2.1678924560546875,1.324,2.2691001892089844,50,1007.0,369.0,215.0,1.0
960,chrome_crashpad_handler,0.0,0.0188827514648437,0.0,0.019365310668945288,100,1007.0,369.0,215.0,1.0
961,voicebankingd,0.0,0.0722885131835937,0.0,0.07259750366210932,50,1007.0,369.0,215.0,1.0
963,Google Chrome Helper,1.1,0.920867919921875,0.6,0.42389755249023436,250,1007.0,369.0,215.0,1.0
964,Google Chrome Helper,0.0,0.68817138671875,0.6,0.42389755249023436,250,1007.0,369.0,215.0,1.0
966,Google Chrome Helper,0.0,0.2122879028320312,0.6,0.42389755249023436,250,1007.0,369.0,215.0,1.0
1015,Google Chrome Helper,0.0,0.162506103515625,0.6,0.42389755249023436,250,1007.0,369.0,215.0,1.0
1052,spotlightknowledged,0.0,0.0352859497070312,0.0,0.04377672749180943,62,1007.0,369.0,215.0,1.0
1191,storeaccountd,0.0,0.0658035278320312,0.0,0.06579971313476557,50,1007.0,369.0,215.0,1.0
1474,IMAutomaticHistoryDeletionAgent,0.0,0.092315673828125,0.0,0.08300018310546874,50,1007.0,369.0,215.0,1.0
1718,ServiceExtension,0.0,0.142669677734375,0.0,0.142669677734375,50,1007.0,369.0,215.0,1.0
2095,com.apple.WebKit.WebContent,0.8,0.2676010131835937,0.2837142857142857,0.5284216744559151,350,1007.0,369.0,215.0,1.0
2096,com.apple.WebKit.WebContent,0.6,0.32806396484375,0.2837142857142857,0.5284216744559151,350,1007.0,369.0,215.0,1.0
2641,Google Chrome Helper (Renderer),0.0,0.6292343139648438,0.647816091954023,1.1122661897505837,435,1007.0,369.0,215.0,1.0
2672,Google Chrome Helper (Renderer),4.6,5.7403564453125,0.647816091954023,1.1122661897505837,435,1007.0,369.0,215.0,1.0
2826,Code,0.1,1.2090682983398438,1.3619999999999999,1.3807182312011719,50,1007.0,369.0,215.0,1.0
2832,chrome_crashpad_handler,0.0,0.0194549560546875,0.0,0.019365310668945288,100,1007.0,369.0,215.0,1.0
2833,Code Helper,0.0,0.5596160888671875,0.32371428571428573,0.48915318080357145,350,1007.0,369.0,215.0,1.0
2834,Code Helper,0.0,0.3557205200195312,0.32371428571428573,0.48915318080357145,350,1007.0,369.0,215.0,1.0
709,nsurlsessiond,0.0,0.1302719116210937,0.032,0.1256752014160156,50,1007.0,369.0,215.0,1.0
926,peopled,0.0,0.086212158203125,0.0,0.08623886108398438,50,1007.0,369.0,215.0,1.0
921,Spotify Helper,0.0,0.0982284545898437,0.015600000000000001,0.14564056396484373,250,1007.0,369.0,215.0,1.0
2852,Code Helper,0.0,0.7175445556640625,0.32371428571428573,0.48915318080357145,350,1007.0,369.0,215.0,1.0
918,com.apple.WebKit.GPU,0.2,0.1325607299804687,0.102,0.09322547912597655,100,1007.0,369.0,215.0,1.0
919,com.apple.WebKit.Networking,0.1,0.2408981323242187,0.4,0.16855621337890622,100,1007.0,369.0,215.0,1.0
714,CursorUIViewService,0.0,0.164031982421875,0.07400000000000001,0.15747833251953122,50,1007.0,369.0,215.0,1.0
716,PAH_Extension,0.0,0.1148223876953125,0.014000000000000002,0.11199188232421874,50,1007.0,369.0,215.0,1.0
717,OneDrive,0.0,0.4232406616210937,0.032,0.36077880859375,50,1007.0,369.0,215.0,1.0
718,corespotlightd,0.0,0.1483917236328125,0.012,0.15357208251953122,50,1007.0,369.0,215.0,1.0
722,duetexpertd,0.0,0.2471923828125,0.09,0.26060485839843744,50,1007.0,369.0,215.0,1.0
730,Spotify,0.2,1.1964797973632812,0.5479999999999999,1.0496597290039062,50,1007.0,369.0,215.0,1.0
733,homed,0.0,0.1438140869140625,0.0,0.1302070617675781,50,1007.0,369.0,215.0,1.0
740,Spotify Helper,0.0,0.0452041625976562,0.015600000000000001,0.14564056396484373,250,1007.0,369.0,215.0,1.0
741,avconferenced,0.0,0.067901611328125,0.0,0.06789779663085938,50,1007.0,369.0,215.0,1.0
747,Spotify Helper,0.1,0.1974105834960937,0.015600000000000001,0.14564056396484373,250,1007.0,369.0,215.0,1.0
748,Spotify Helper,0.0,0.3108978271484375,0.015600000000000001,0.14564056396484373,250,1007.0,369.0,215.0,1.0
734,mediaremoteagent,0.0,0.0232696533203125,0.0,0.0232696533203125,50,1007.0,369.0,215.0,1.0
755,Grammarly Desktop,0.2,0.7699966430664062,0.524,0.7150344848632812,50,1007.0,369.0,215.0,1.0
916,com.apple.WebKit.WebContent,0.3,0.81787109375,0.2837142857142857,0.5284216744559151,350,1007.0,369.0,215.0,1.0
752,Spotify Helper,0.0,0.112152099609375,0.015600000000000001,0.14564056396484373,250,1007.0,369.0,215.0,1.0
898,OneDrive Sync Service,0.0,0.2407073974609375,0.004,0.21224594116210935,50,1007.0,369.0,215.0,1.0
873,mdbulkimport,0.0,0.0713348388671875,0.0,0.07133102416992188,50,1007.0,369.0,215.0,1.0
857,Grammarly Desktop Update Service,0.0,0.1279830932617187,0.006000000000000001,0.11079406738281246,50,1007.0,369.0,215.0,1.0
913,app_inkwell,0.6,0.3061294555664062,0.94,0.29593276977539057,50,1007.0,369.0,215.0,1.0
776,com.apple.WebKit.Networking,0.0,0.1338958740234375,0.4,0.16855621337890622,100,1007.0,369.0,215.0,1.0
774,com.apple.WebKit.WebContent,0.0,0.0186920166015625,0.2837142857142857,0.5284216744559151,350,1007.0,369.0,215.0,1.0
772,com.apple.WebKit.GPU,0.0,0.0507354736328125,0.102,0.09322547912597655,100,1007.0,369.0,215.0,1.0
768,Spotify Helper (Renderer),0.0,0.5670547485351562,0.044000000000000004,0.4534873962402344,50,1007.0,369.0,215.0,1.0
792,commerce,0.0,0.0902175903320312,0.0,0.08901596069335932,50,1007.0,369.0,215.0,1.0
9101,bird,0.0,0.1279830932617187,0.04800000000000001,0.12118530273437494,50,1007.0,369.0,215.0,1.0
9032,secinitd,0.0,0.0652313232421875,0.0,0.06522750854492188,50,1007.0,369.0,215.0,1.0
9040,triald,0.0,0.1466751098632812,0.0,0.12915039062499997,50,1007.0,369.0,215.0,1.0
9049,tccd,0.0,0.1104354858398437,0.0,0.10362243652343744,50,1007.0,369.0,215.0,1.0
9053,cloudd,0.0,0.2231597900390625,0.016,0.2035255432128906,50,1007.0,369.0,215.0,1.0
9069,searchpartyuseragent,0.0,0.1361846923828125,0.002,0.13115692138671872,50,1007.0,369.0,215.0,1.0
9086,knowledge-agent,0.0,0.1394271850585937,0.004,0.13211822509765622,50,1007.0,369.0,215.0,1.0
9088,contactsd,0.0,0.1096725463867187,0.008,0.09849548339843746,50,1007.0,369.0,215.0,1.0
9095,calaccessd,0.0,0.1596450805664062,0.002,0.15127944946289057,50,1007.0,369.0,215.0,1.0
9134,ScreenTimeAgent,0.0,0.1127243041992187,0.0,0.10361862182617183,50,1007.0,369.0,215.0,1.0
9682,keyboardservicesd,0.0,0.0919342041015625,0.0,0.0876617431640625,50,1007.0,369.0,215.0,1.0
9205,IntelligencePlatformComputeService,0.0,0.0879287719726562,0.0,0.0879287719726562,50,1007.0,369.0,215.0,1.0
9223,mapssyncd,0.0,0.0917434692382812,0.0,0.09173965454101557,50,1007.0,369.0,215.0,1.0
9271,mdwrite,0.0,0.0329971313476562,0.0,0.032993316650390576,50,1007.0,369.0,215.0,1.0
9272,mbuseragent,0.0,0.0368118286132812,0.0,0.036808013916015576,50,1007.0,369.0,215.0,1.0
9556,syncdefaultsd,0.0,0.1255035400390625,0.006000000000000001,0.11057662963867186,50,1007.0,369.0,215.0,1.0
9572,proactived,0.0,0.1264572143554687,0.02,0.1299476623535156,50,1007.0,369.0,215.0,1.0
9575,akd,0.0,0.2225875854492187,0.002,0.2174873352050781,50,1007.0,369.0,215.0,1.0
9577,CloudTelemetryService,0.0,0.07781982421875,0.0,0.06444135050135331,127,1007.0,369.0,215.0,1.0
9649,suggestd,0.0,0.1623153686523437,0.002,0.15771484374999997,50,1007.0,369.0,215.0,1.0
9681,AppleSpell,0.0,0.1420974731445312,0.0,0.13717651367187494,50,1007.0,369.0,215.0,1.0
9000,PowerChime,0.0,0.145721435546875,0.008,0.14000701904296872,50,1007.0,369.0,215.0,1.0
9138,siriactionsd,0.0,0.1605987548828125,0.004,0.14521408081054685,50,1007.0,369.0,215.0,1.0
8666,Google Chrome Helper (Renderer),0.0,0.3114700317382812,0.647816091954023,1.1122661897505837,435,1007.0,369.0,215.0,1.0
8324,Google Chrome Helper (Renderer),0.0,0.2729415893554687,0.647816091954023,1.1122661897505837,435,1007.0,369.0,215.0,1.0
8396,audioaccessoryd,0.0,0.1176834106445312,0.0,0.10800170898437496,50,1007.0,369.0,215.0,1.0
2913,Code Helper,0.7,0.5758285522460938,0.32371428571428573,0.48915318080357145,350,1007.0,369.0,215.0,1.0
3033,Code Helper,0.0,0.4255294799804687,0.32371428571428573,0.48915318080357145,350,1007.0,369.0,215.0,1.0
3034,Code Helper (Plugin),0.1,1.476287841796875,0.041,0.5363956451416015,500,1007.0,369.0,215.0,1.0
3045,Code Helper (Plugin),0.0,0.2719879150390625,0.041,0.5363956451416015,500,1007.0,369.0,215.0,1.0
3063,zsh,0.0,0.0047683715820312,0.0,0.009178644112447462,253,1007.0,369.0,215.0,1.0
4030,pet,0.0,0.0217437744140625,0.02,0.02233123779296875,50,1007.0,369.0,215.0,1.0
4037,zsh,0.0,0.0043869018554687,0.0,0.009178644112447462,253,1007.0,369.0,215.0,1.0
4143,Code Helper (Plugin),0.0,0.2117156982421875,0.041,0.5363956451416015,500,1007.0,369.0,215.0,1.0
4194,Code Helper (Plugin),0.1,0.8056640625,0.041,0.5363956451416015,500,1007.0,369.0,215.0,1.0
5379,Code Helper (Plugin),0.0,0.2336502075195312,0.041,0.5363956451416015,500,1007.0,369.0,215.0,1.0
5384,zsh,0.0,0.0043869018554687,0.0,0.009178644112447462,253,1007.0,369.0,215.0,1.0
8410,routined,0.0,0.2063751220703125,0.034,0.19092559814453122,50,1007.0,369.0,215.0,1.0
5761,zsh,0.0,0.0131607055664062,0.0,0.009178644112447462,253,1007.0,369.0,215.0,1.0
8323,Google Chrome Helper (Renderer),0.0,0.6622314453125,0.647816091954023,1.1122661897505837,435,1007.0,369.0,215.0,1.0
9742,promotedcontentd,0.0,0.1224517822265625,0.002,0.11449813842773438,50,1007.0,369.0,215.0,1.0
8325,Google Chrome Helper (Renderer),0.0,0.3702163696289062,0.647816091954023,1.1122661897505837,435,1007.0,369.0,215.0,1.0
8326,chronod,0.0,0.1619338989257812,0.01,0.15725708007812497,50,1007.0,369.0,215.0,1.0
8328,Google Chrome Helper (Renderer),0.0,0.5243301391601562,0.647816091954023,1.1122661897505837,435,1007.0,369.0,215.0,1.0
8335,WorldClockWidget,0.0,0.2202987670898437,0.0,0.22029876708984367,50,1007.0,369.0,215.0,1.0
8336,CalendarWidgetExtension,0.0,0.1031875610351562,0.0,0.1031875610351562,50,1007.0,369.0,215.0,1.0
8337,WeatherWidget,0.0,0.36163330078125,0.0,0.3655509948730469,50,1007.0,369.0,215.0,1.0
8339,StocksWidget,0.0,0.3248214721679687,0.0,0.3267478942871093,50,1007.0,369.0,215.0,1.0
8340,ScreenTimeWidgetExtension,0.0,0.3332138061523437,0.0,0.3311538696289062,50,1007.0,369.0,215.0,1.0
8351,Google Chrome Helper,0.0,0.193023681640625,0.6,0.42389755249023436,250,1007.0,369.0,215.0,1.0
6986,accountsd,0.0,0.2058029174804687,0.0,0.1851234436035156,50,1007.0,369.0,215.0,1.0
9754,ctkd,0.0,0.0896453857421875,0.0,0.08569717407226562,50,1007.0,369.0,215.0,1.0
9964,CloudTelemetryService,0.0,0.0783920288085937,0.0,0.06444135050135331,127,1007.0,369.0,215.0,1.0
9829,transparencyd,0.0,0.2244949340820312,0.018000000000000002,0.21265792846679685,50,1007.0,369.0,215.0,1.0
10481,Google Chrome Helper (Renderer),0.0,1.009368896484375,0.647816091954023,1.1122661897505837,435,1007.0,369.0,215.0,1.0
10490,talagentd,0.0,0.1478195190429687,0.002,0.14520263671874997,50,1007.0,369.0,215.0,1.0
10558,pbs,0.0,0.031280517578125,0.002,0.031276702880859375,50,1007.0,369.0,215.0,1.0
11204,MTLCompilerService,0.0,0.0333786010742187,0.0,0.03340148925781246,50,1007.0,369.0,215.0,1.0
11684,mlhostd,0.0,0.1436233520507812,0.0,0.14452743530273432,50,1007.0,369.0,215.0,1.0
12774,businessservicesd,0.0,0.0812530517578125,0.0,0.081024169921875,50,1007.0,369.0,215.0,1.0
12775,MessagesBlastDoorService,0.0,0.0579833984375,0.0,0.05239105224609375,50,1007.0,369.0,215.0,1.0
12776,feedbackd,0.0,0.0789642333984375,0.0,0.078704833984375,50,1007.0,369.0,215.0,1.0
12777,ProtectedCloudKeySyncing,0.0,0.1003265380859375,0.0,0.09304428100585938,50,1007.0,369.0,215.0,1.0
12779,gamecontrolleragentd,0.0,0.0598907470703125,0.002,0.060253143310546854,50,1007.0,369.0,215.0,1.0
12806,python3.12,0.7,0.1752853393554687,0.46153846153846156,0.1703031770475618,91,1007.0,369.0,215.0,1.0
12815,zsh,0.0,0.0156402587890625,0.0,0.009178644112447462,253,1007.0,369.0,215.0,1.0
12959,ndoagent,0.0,0.0753402709960937,0.0,0.0754165649414062,50,1007.0,369.0,215.0,1.0
12963,replayd,0.0,0.2185821533203125,0.0,0.21639064866669325,49,1007.0,369.0,215.0,1.0
13000,python3.12,0.0,0.1708984375,0.46153846153846156,0.1703031770475618,91,1007.0,369.0,215.0,1.0
13021,mdworker_shared,0.0,0.2168655395507812,0.02153846153846154,0.19098232953976357,195,1007.0,369.0,215.0,1.0
13025,com.apple.siri.embeddedspeech,0.0,0.1468658447265625,0.03142857142857143,0.17331804547991067,35,1007.0,369.0,215.0,1.0
13026,biomesyncd,0.0,0.1169204711914062,0.0,0.12089014053344724,16,1007.0,369.0,215.0,1.0
13029,mdworker_shared,0.0,0.1195907592773437,0.02153846153846154,0.19098232953976357,195,1007.0,369.0,215.0,1.0
13036,CommCenter,0.0,0.3383636474609375,0.006000000000000001,0.23591232299804685,50,1007.0,369.0,215.0,1.0
13037,CoreLocationAgent,0.0,0.5580902099609375,0.00425531914893617,0.4036964254176363,47,1007.0,369.0,215.0,1.0
2880,Code Helper,0.0,0.1604080200195312,0.32371428571428573,0.48915318080357145,350,1007.0,369.0,215.0,1.0
13043,Keychain Circle Notification,0.0,0.25177001953125,0.044000000000000004,0.18328857421874997,50,1007.0,369.0,215.0,1.0
10215,Code Helper (Plugin),0.0,0.4611968994140625,0.041,0.5363956451416015,500,1007.0,369.0,215.0,1.0
10213,Code Helper (Plugin),0.0,0.5010604858398438,0.041,0.5363956451416015,500,1007.0,369.0,215.0,1.0
10212,Code Helper (Plugin),0.0,0.49896240234375,0.041,0.5363956451416015,500,1007.0,369.0,215.0,1.0
10211,Code Helper (Plugin),0.0,0.46234130859375,0.041,0.5363956451416015,500,1007.0,369.0,215.0,1.0
9845,intelligentroutingd,0.0,0.0883102416992187,0.0,0.0883407592773437,50,1007.0,369.0,215.0,1.0
9847,UIKitSystem,0.0,0.1695632934570312,0.002,0.17118835449218742,50,1007.0,369.0,215.0,1.0
9879,Siri,0.0,0.1535415649414062,0.016,0.1504554748535156,50,1007.0,369.0,215.0,1.0
9888,SiriNCService,0.0,0.1600265502929687,0.008,0.15225982666015622,50,1007.0,369.0,215.0,1.0
9891,AssetCacheLocatorService,0.0,0.0406265258789062,0.0,0.04087829589843746,50,1007.0,369.0,215.0,1.0
9901,pkd,0.0,0.1146316528320312,0.002,0.10622024536132811,50,1007.0,369.0,215.0,1.0
9909,com.apple.geod,0.0,0.0986099243164062,0.004,0.09388351440429683,50,1007.0,369.0,215.0,1.0
9946,extensionkitservice,0.0,0.080108642578125,0.0,0.08034324645996094,100,1007.0,369.0,215.0,1.0
9947,networkserviceproxy,0.0,0.1497268676757812,0.0,0.1554603576660156,50,1007.0,369.0,215.0,1.0
9963,swtransparencyd,0.0,0.089263916015625,0.0,0.08174896240234374,50,1007.0,369.0,215.0,1.0
9982,contentlinkingd,0.0,0.0860214233398437,0.0,0.08146667480468746,50,1007.0,369.0,215.0,1.0
9762,coreauthd,0.0,0.0980377197265625,0.0,0.09390640258789058,50,1007.0,369.0,215.0,1.0
10001,AppPredictionIntentsHelperService,0.0,0.1634597778320312,0.0,0.16557312011718747,50,1007.0,369.0,215.0,1.0
10010,AudioComponentRegistrar,0.0,0.054931640625,0.004,0.04845809936523434,50,1007.0,369.0,215.0,1.0
10015,linkd,0.0,0.0791549682617187,0.0,0.07984924316406244,50,1007.0,369.0,215.0,1.0
10115,iconservicesagent,0.0,0.0902175903320312,0.0,0.0902175903320312,50,1007.0,369.0,215.0,1.0
10121,com.apple.Safari.SafeBrowsing.Service,0.0,0.0743865966796875,0.0,0.07349395751953124,50,1007.0,369.0,215.0,1.0
10122,SAExtensionOrchestrator,0.0,0.1125335693359375,0.0,0.1125335693359375,50,1007.0,369.0,215.0,1.0
10123,extensionkitservice,0.0,0.0789642333984375,0.0,0.08034324645996094,100,1007.0,369.0,215.0,1.0
10124,GMSSELFIngestor,0.0,0.0974655151367187,0.0,0.0974655151367187,50,1007.0,369.0,215.0,1.0
10125,IFTranscriptSELFIngestor,0.0,0.086212158203125,0.0,0.086212158203125,50,1007.0,369.0,215.0,1.0
10126,IFTelemetrySELFIngestor,0.0,0.0825881958007812,0.0,0.0825881958007812,50,1007.0,369.0,215.0,1.0
10127,BiomeSELFIngestor,0.0,0.0879287719726562,0.0,0.0879287719726562,50,1007.0,369.0,215.0,1.0
10209,Code Helper (Plugin),0.0,0.4880905151367187,0.041,0.5363956451416015,500,1007.0,369.0,215.0,1.0
10009,com.apple.accessibility.mediaaccessibilityd,0.0,0.0261306762695312,0.0,0.0261306762695312,50,1007.0,369.0,215.0,1.0
10204,CoreServicesUIAgent,0.0,0.1972198486328125,0.004,0.19499969482421872,50,1007.0,369.0,215.0,1.0
2852,Code Helper,0.0,0.720977783203125,0.32371428571428573,0.48915318080357145,350,1007.0,369.0,215.0,1.0
2835,Code Helper (Renderer),0.1,3.808021545410156,3.5780000000000003,3.886066436767578,50,1007.0,369.0,215.0,1.0
608,ViewBridgeAuxiliary,0.0,0.08544921875,0.014000000000000002,0.08618545532226561,50,1007.0,369.0,215.0,1.0
609,identityservicesd,0.0,0.2168655395507812,0.012,0.20082092285156247,50,1007.0,369.0,215.0,1.0
615,corespeechd,0.0,0.2244949340820312,0.09799999999999999,0.18834686279296872,50,1007.0,369.0,215.0,1.0
616,assistantd,0.0,0.295257568359375,0.004,0.23475265502929685,50,1007.0,369.0,215.0,1.0
623,WallpaperImageExtension,0.0,0.0879287719726562,0.0,0.07489013671874994,50,1007.0,369.0,215.0,1.0
639,sharingd,0.0,0.1497268676757812,0.002,0.14010620117187497,50,1007.0,369.0,215.0,1.0
641,usernoted,0.0,0.1813888549804687,0.02,0.15933227539062497,50,1007.0,369.0,215.0,1.0
642,neagent,0.0,0.1068115234375,0.0,0.1076812744140625,50,1007.0,369.0,215.0,1.0
643,useractivityd,0.0,0.084686279296875,0.008,0.08467864990234374,50,1007.0,369.0,215.0,1.0
644,com.apple.dock.extra,0.0,0.1987457275390625,0.048,0.17804336547851562,50,1007.0,369.0,215.0,1.0
646,NotificationCenter,0.0,0.3040313720703125,0.024000000000000004,0.24862670898437497,50,1007.0,369.0,215.0,1.0
649,milod,0.0,0.0820159912109375,0.0,0.08232498168945312,50,1007.0,369.0,215.0,1.0
650,familycircled,0.0,0.0677108764648437,0.0,0.06789016723632807,50,1007.0,369.0,215.0,1.0
651,StatusKitAgent,0.0,0.0787734985351562,0.0,0.07876968383789057,50,1007.0,369.0,215.0,1.0
666,ContextStoreAgent,0.0,0.1657485961914062,0.11199999999999999,0.1729774475097656,50,1007.0,369.0,215.0,1.0
668,BiomeAgent,0.0,0.1407623291015625,0.126,0.1340827941894531,50,1007.0,369.0,215.0,1.0
670,imklaunchagent,0.0,0.0619888305664062,0.0,0.06198501586914058,50,1007.0,369.0,215.0,1.0
673,icdd,0.0,0.0349044799804687,0.0,0.034900665283203076,50,1007.0,369.0,215.0,1.0
680,AirPlayUIAgent,0.0,0.101470947265625,0.004,0.09934997558593746,50,1007.0,369.0,215.0,1.0
683,imagent,0.0,0.15106201171875,0.008,0.13217163085937497,50,1007.0,369.0,215.0,1.0
685,diagnostics_agent,0.0,0.1028060913085937,0.002,0.09417724609374996,50,1007.0,369.0,215.0,1.0
686,TextInputMenuAgent,0.0,0.1783370971679687,0.008,0.16139221191406247,50,1007.0,369.0,215.0,1.0
688,Grammarly Desktop Helper,0.0,0.1163482666015625,0.002,0.10088729858398436,50,1007.0,369.0,215.0,1.0
605,ContinuityCaptureAgent,0.0,0.0761032104492187,0.0,0.0761032104492187,50,1007.0,369.0,215.0,1.0
699,com.apple.CloudDocs.iCloudDriveFileProvider,0.0,0.1056671142578125,0.008,0.09911346435546875,50,1007.0,369.0,215.0,1.0
604,AMPDeviceDiscoveryAgent,0.0,0.0585556030273437,0.0,0.051746368408203104,50,1007.0,369.0,215.0,1.0
600,fontd,0.0,0.0560760498046875,0.002,0.06991577148437499,50,1007.0,369.0,215.0,1.0
2878,Code Helper,0.0,0.3973007202148437,0.32371428571428573,0.48915318080357145,350,1007.0,369.0,215.0,1.0
376,loginwindow,0.0,0.3200531005859375,0.008,0.24020385742187497,50,1007.0,369.0,215.0,1.0
543,distnoted,0.0,0.0528335571289062,0.028000000000000004,0.05070495605468747,50,1007.0,369.0,215.0,1.0
544,cfprefsd,0.0,0.05950927734375,0.066,0.05707931518554685,50,1007.0,369.0,215.0,1.0
549,UserEventAgent,0.0,0.1171112060546875,0.013999999999999999,0.10488891601562496,50,1007.0,369.0,215.0,1.0
553,WindowManager,0.0,0.2227783203125,0.11200000000000002,0.24517440795898435,50,1007.0,369.0,215.0,1.0
557,universalaccessd,0.0,0.0888824462890625,0.006000000000000001,0.09207916259765624,50,1007.0,369.0,215.0,1.0
559,Dock,0.0,0.2214431762695312,0.076,0.20318603515624997,50,1007.0,369.0,215.0,1.0
560,ControlCenter,0.5,0.4573822021484375,0.5379999999999999,0.41684722900390625,50,1007.0,369.0,215.0,1.0
561,pboard,0.0,0.092315673828125,0.002,0.09132385253906246,50,1007.0,369.0,215.0,1.0
562,SystemUIServer,0.0,0.1262664794921875,0.006,0.13476562499999997,50,1007.0,369.0,215.0,1.0
564,Finder,0.0,0.5313873291015625,0.07400000000000001,0.4227867126464844,50,1007.0,369.0,215.0,1.0
567,lsd,0.0,0.12359619140625,0.012,0.11196517944335933,50,1007.0,369.0,215.0,1.0
568,AXVisualSupportAgent,0.0,0.1794815063476562,0.6920000000000001,0.16974639892578122,50,1007.0,369.0,215.0,1.0
575,rapportd,0.0,0.1367568969726562,0.002,0.1259346008300781,50,1007.0,369.0,215.0,1.0
578,secd,0.0,0.1688003540039062,0.006000000000000001,0.15089416503906247,50,1007.0,369.0,215.0,1.0
580,trustd,0.0,0.1203536987304687,0.04,0.11620330810546871,50,1007.0,369.0,215.0,1.0
583,WallpaperAgent,0.0,0.1491546630859375,0.004,0.1629066467285156,50,1007.0,369.0,215.0,1.0
587,com.apple.hiservices-xpcservice,0.0,0.0368118286132812,0.01,0.03719711303710933,50,1007.0,369.0,215.0,1.0
589,sharedfilelistd,0.0,0.1064300537109375,0.0,0.08721542358398436,50,1007.0,369.0,215.0,1.0
590,containermanagerd,0.0,0.0459671020507812,0.012,0.04875946044921871,50,1007.0,369.0,215.0,1.0
591,usernotificationsd,0.0,0.1050949096679687,0.008,0.09786605834960933,50,1007.0,369.0,215.0,1.0
596,callservicesd,0.0,0.2187728881835937,0.006000000000000001,0.17979049682617185,50,1007.0,369.0,215.0,1.0
602,fileproviderd,0.1,0.1495361328125,0.21200000000000002,0.1446113586425781,50,1007.0,369.0,215.0,1.0
704,ctkahp,0.0,0.037384033203125,0.0,0.037380218505859375,50,1007.0,369.0,215.0,1.0
606,fontworker,0.0,0.0581741333007812,0.0,0.05817031860351558,50,1007.0,369.0,215.0,1.0
709,nsurlsessiond,0.0,0.1312255859375,0.032,0.1256752014160156,50,1007.0,369.0,215.0,1.0
921,Spotify Helper,0.0,0.1043319702148437,0.015600000000000001,0.14564056396484373,250,1007.0,369.0,215.0,1.0
926,peopled,0.0,0.086212158203125,0.0,0.08623886108398438,50,1007.0,369.0,215.0,1.0
930,com.apple.WebKit.WebContent,0.0,0.3236770629882812,0.2837142857142857,0.5284216744559151,350,1007.0,369.0,215.0,1.0
931,com.apple.WebKit.WebContent,0.0,0.658416748046875,0.2837142857142857,0.5284216744559151,350,1007.0,369.0,215.0,1.0
932,com.apple.WebKit.WebContent,0.1,1.4095306396484375,0.2837142857142857,0.5284216744559151,350,1007.0,369.0,215.0,1.0
957,Google Chrome,0.2,2.16827392578125,1.324,2.2691001892089844,50,1007.0,369.0,215.0,1.0
960,chrome_crashpad_handler,0.0,0.0188827514648437,0.0,0.019365310668945288,100,1007.0,369.0,215.0,1.0
961,voicebankingd,0.0,0.0722885131835937,0.0,0.07259750366210932,50,1007.0,369.0,215.0,1.0
963,Google Chrome Helper,1.1,0.920867919921875,0.6,0.42389755249023436,250,1007.0,369.0,215.0,1.0
964,Google Chrome Helper,0.0,0.691986083984375,0.6,0.42389755249023436,250,1007.0,369.0,215.0,1.0
966,Google Chrome Helper,0.0,0.2122879028320312,0.6,0.42389755249023436,250,1007.0,369.0,215.0,1.0
919,com.apple.WebKit.Networking,0.1,0.2447128295898437,0.4,0.16855621337890622,100,1007.0,369.0,215.0,1.0
1015,Google Chrome Helper,0.0,0.162506103515625,0.6,0.42389755249023436,250,1007.0,369.0,215.0,1.0
1191,storeaccountd,0.0,0.0658035278320312,0.0,0.06579971313476557,50,1007.0,369.0,215.0,1.0
1474,IMAutomaticHistoryDeletionAgent,0.0,0.092315673828125,0.0,0.08300018310546874,50,1007.0,369.0,215.0,1.0
1718,ServiceExtension,0.0,0.142669677734375,0.0,0.142669677734375,50,1007.0,369.0,215.0,1.0
2095,com.apple.WebKit.WebContent,0.0,0.3108978271484375,0.2837142857142857,0.5284216744559151,350,1007.0,369.0,215.0,1.0
2096,com.apple.WebKit.WebContent,0.0,0.36773681640625,0.2837142857142857,0.5284216744559151,350,1007.0,369.0,215.0,1.0
2641,Google Chrome Helper (Renderer),0.0,0.6366729736328125,0.647816091954023,1.1122661897505837,435,1007.0,369.0,215.0,1.0
2672,Google Chrome Helper (Renderer),4.3,5.739784240722656,0.647816091954023,1.1122661897505837,435,1007.0,369.0,215.0,1.0
2826,Code,0.0,1.2248992919921875,1.3619999999999999,1.3807182312011719,50,1007.0,369.0,215.0,1.0
2832,chrome_crashpad_handler,0.0,0.0194549560546875,0.0,0.019365310668945288,100,1007.0,369.0,215.0,1.0
2833,Code Helper,0.2,0.5596160888671875,0.32371428571428573,0.48915318080357145,350,1007.0,369.0,215.0,1.0
707,WiFiAgent,0.0,0.1689910888671875,0.114,0.16522979736328122,50,1007.0,369.0,215.0,1.0
1052,spotlightknowledged,0.0,0.0352859497070312,0.0,0.04377672749180943,62,1007.0,369.0,215.0,1.0
918,com.apple.WebKit.GPU,0.0,0.1581192016601562,0.102,0.09322547912597655,100,1007.0,369.0,215.0,1.0
2834,Code Helper,0.0,0.3557205200195312,0.32371428571428573,0.48915318080357145,350,1007.0,369.0,215.0,1.0
713,Spotlight,0.0,0.3299713134765625,0.05,0.27865600585937494,50,1007.0,369.0,215.0,1.0
916,com.apple.WebKit.WebContent,0.0,0.8218765258789062,0.2837142857142857,0.5284216744559151,350,1007.0,369.0,215.0,1.0
714,CursorUIViewService,0.0,0.1630783081054687,0.07400000000000001,0.15747833251953122,50,1007.0,369.0,215.0,1.0
716,PAH_Extension,0.0,0.1148223876953125,0.014000000000000002,0.11199188232421874,50,1007.0,369.0,215.0,1.0
717,OneDrive,0.0,0.4236221313476562,0.032,0.36077880859375,50,1007.0,369.0,215.0,1.0
718,corespotlightd,0.0,0.1489639282226562,0.012,0.15357208251953122,50,1007.0,369.0,215.0,1.0
722,duetexpertd,0.0,0.2471923828125,0.09,0.26060485839843744,50,1007.0,369.0,215.0,1.0
730,Spotify,0.5,1.202392578125,0.5479999999999999,1.0496597290039062,50,1007.0,369.0,215.0,1.0
734,mediaremoteagent,0.0,0.0232696533203125,0.0,0.0232696533203125,50,1007.0,369.0,215.0,1.0
740,Spotify Helper,0.0,0.0452041625976562,0.015600000000000001,0.14564056396484373,250,1007.0,369.0,215.0,1.0
741,avconferenced,0.0,0.067901611328125,0.0,0.06789779663085938,50,1007.0,369.0,215.0,1.0
747,Spotify Helper,0.0,0.2071380615234375,0.015600000000000001,0.14564056396484373,250,1007.0,369.0,215.0,1.0
733,homed,0.0,0.1438140869140625,0.0,0.1302070617675781,50,1007.0,369.0,215.0,1.0
752,Spotify Helper,0.0,0.112152099609375,0.015600000000000001,0.14564056396484373,250,1007.0,369.0,215.0,1.0
755,Grammarly Desktop,0.1,0.7694244384765625,0.524,0.7150344848632812,50,1007.0,369.0,215.0,1.0
768,Spotify Helper (Renderer),0.0,0.5670547485351562,0.044000000000000004,0.4534873962402344,50,1007.0,369.0,215.0,1.0
772,com.apple.WebKit.GPU,0.0,0.0507354736328125,0.102,0.09322547912597655,100,1007.0,369.0,215.0,1.0
913,app_inkwell,0.1,0.3070831298828125,0.94,0.29593276977539057,50,1007.0,369.0,215.0,1.0
774,com.apple.WebKit.WebContent,0.0,0.0186920166015625,0.2837142857142857,0.5284216744559151,350,1007.0,369.0,215.0,1.0
776,com.apple.WebKit.Networking,0.0,0.1338958740234375,0.4,0.16855621337890622,100,1007.0,369.0,215.0,1.0
792,commerce,0.0,0.0902175903320312,0.0,0.08901596069335932,50,1007.0,369.0,215.0,1.0
857,Grammarly Desktop Update Service,0.0,0.1276016235351562,0.006000000000000001,0.11079406738281246,50,1007.0,369.0,215.0,1.0
873,mdbulkimport,0.0,0.0713348388671875,0.0,0.07133102416992188,50,1007.0,369.0,215.0,1.0
898,OneDrive Sync Service,0.0,0.2407073974609375,0.004,0.21224594116210935,50,1007.0,369.0,215.0,1.0
748,Spotify Helper,0.0,0.3116607666015625,0.015600000000000001,0.14564056396484373,250,1007.0,369.0,215.0,1.0
9101,bird,0.0,0.1279830932617187,0.04800000000000001,0.12118530273437494,50,1007.0,368.0,214.0,1.0
9095,calaccessd,0.0,0.1592636108398437,0.002,0.15127944946289057,50,1007.0,368.0,214.0,1.0
9088,contactsd,0.0,0.1096725463867187,0.008,0.09849548339843746,50,1007.0,368.0,214.0,1.0
9086,knowledge-agent,0.0,0.1394271850585937,0.004,0.13211822509765622,50,1007.0,368.0,214.0,1.0
9032,secinitd,0.0,0.0652313232421875,0.0,0.06522750854492188,50,1007.0,368.0,214.0,1.0
9053,cloudd,0.0,0.2225875854492187,0.016,0.2035255432128906,50,1007.0,368.0,214.0,1.0
9049,tccd,0.0,0.1104354858398437,0.0,0.10362243652343744,50,1007.0,368.0,214.0,1.0
9040,triald,0.0,0.1466751098632812,0.0,0.12915039062499997,50,1007.0,368.0,214.0,1.0
9134,ScreenTimeAgent,0.0,0.1127243041992187,0.0,0.10361862182617183,50,1007.0,368.0,214.0,1.0
9069,searchpartyuseragent,0.0,0.1363754272460937,0.002,0.13115692138671872,50,1007.0,368.0,214.0,1.0
9138,siriactionsd,0.0,0.1605987548828125,0.004,0.14521408081054685,50,1007.0,368.0,214.0,1.0
9742,promotedcontentd,0.0,0.1224517822265625,0.002,0.11449813842773438,50,1007.0,368.0,214.0,1.0
9223,mapssyncd,0.0,0.0917434692382812,0.0,0.09173965454101557,50,1007.0,368.0,214.0,1.0
9271,mdwrite,0.0,0.0329971313476562,0.0,0.032993316650390576,50,1007.0,368.0,214.0,1.0
9272,mbuseragent,0.0,0.0368118286132812,0.0,0.036808013916015576,50,1007.0,368.0,214.0,1.0
9556,syncdefaultsd,0.0,0.1255035400390625,0.006000000000000001,0.11057662963867186,50,1007.0,368.0,214.0,1.0
9572,proactived,0.0,0.1264572143554687,0.02,0.1299476623535156,50,1007.0,368.0,214.0,1.0
9575,akd,0.0,0.2225875854492187,0.002,0.2174873352050781,50,1007.0,368.0,214.0,1.0
9577,CloudTelemetryService,0.0,0.07781982421875,0.0,0.06444135050135331,127,1007.0,368.0,214.0,1.0
9649,suggestd,0.0,0.1623153686523437,0.002,0.15771484374999997,50,1007.0,368.0,214.0,1.0
9681,AppleSpell,0.0,0.1420974731445312,0.0,0.13717651367187494,50,1007.0,368.0,214.0,1.0
9682,keyboardservicesd,0.0,0.0919342041015625,0.0,0.0876617431640625,50,1007.0,368.0,214.0,1.0
9000,PowerChime,0.0,0.145721435546875,0.008,0.14000701904296872,50,1007.0,368.0,214.0,1.0
9205,IntelligencePlatformComputeService,0.0,0.0879287719726562,0.0,0.0879287719726562,50,1007.0,368.0,214.0,1.0
8666,Google Chrome Helper (Renderer),0.0,0.3114700317382812,0.647816091954023,1.1122661897505837,435,1007.0,368.0,214.0,1.0
8323,Google Chrome Helper (Renderer),0.0,0.6616592407226562,0.647816091954023,1.1122661897505837,435,1007.0,368.0,214.0,1.0
8396,audioaccessoryd,0.0,0.1176834106445312,0.0,0.10800170898437496,50,1007.0,368.0,214.0,1.0
2913,Code Helper,0.3,0.5846023559570312,0.32371428571428573,0.48915318080357145,350,1007.0,368.0,214.0,1.0
3033,Code Helper,0.0,0.42572021484375,0.32371428571428573,0.48915318080357145,350,1007.0,368.0,214.0,1.0
3034,Code Helper (Plugin),0.2,1.4606475830078125,0.041,0.5363956451416015,500,1007.0,368.0,214.0,1.0
3045,Code Helper (Plugin),0.0,0.272369384765625,0.041,0.5363956451416015,500,1007.0,368.0,214.0,1.0
3063,zsh,0.0,0.0047683715820312,0.0,0.009178644112447462,253,1007.0,368.0,214.0,1.0
4030,pet,0.0,0.0217437744140625,0.02,0.02233123779296875,50,1007.0,368.0,214.0,1.0
4037,zsh,0.0,0.0043869018554687,0.0,0.009178644112447462,253,1007.0,368.0,214.0,1.0
4143,Code Helper (Plugin),0.0,0.2117156982421875,0.041,0.5363956451416015,500,1007.0,368.0,214.0,1.0
4194,Code Helper (Plugin),0.0,0.8075714111328125,0.041,0.5363956451416015,500,1007.0,368.0,214.0,1.0
5379,Code Helper (Plugin),0.0,0.2336502075195312,0.041,0.5363956451416015,500,1007.0,368.0,214.0,1.0
5384,zsh,0.0,0.0043869018554687,0.0,0.009178644112447462,253,1007.0,368.0,214.0,1.0
5761,zsh,0.0,0.0131607055664062,0.0,0.009178644112447462,253,1007.0,368.0,214.0,1.0
6986,accountsd,0.0,0.2069473266601562,0.0,0.1851234436035156,50,1007.0,368.0,214.0,1.0
8324,Google Chrome Helper (Renderer),0.0,0.2729415893554687,0.647816091954023,1.1122661897505837,435,1007.0,368.0,214.0,1.0
8325,Google Chrome Helper (Renderer),0.0,0.3702163696289062,0.647816091954023,1.1122661897505837,435,1007.0,368.0,214.0,1.0
8326,chronod,0.0,0.1619338989257812,0.01,0.15725708007812497,50,1007.0,368.0,214.0,1.0
8328,Google Chrome Helper (Renderer),0.0,0.5239486694335938,0.647816091954023,1.1122661897505837,435,1007.0,368.0,214.0,1.0
8335,WorldClockWidget,0.0,0.2202987670898437,0.0,0.22029876708984367,50,1007.0,368.0,214.0,1.0
8336,CalendarWidgetExtension,0.0,0.1031875610351562,0.0,0.1031875610351562,50,1007.0,368.0,214.0,1.0
8337,WeatherWidget,0.0,0.36163330078125,0.0,0.3655509948730469,50,1007.0,368.0,214.0,1.0
8339,StocksWidget,0.0,0.3248214721679687,0.0,0.3267478942871093,50,1007.0,368.0,214.0,1.0
8340,ScreenTimeWidgetExtension,0.0,0.3332138061523437,0.0,0.3311538696289062,50,1007.0,368.0,214.0,1.0
8351,Google Chrome Helper,0.0,0.193023681640625,0.6,0.42389755249023436,250,1007.0,368.0,214.0,1.0
8410,routined,0.0,0.2063751220703125,0.034,0.19092559814453122,50,1007.0,368.0,214.0,1.0
9754,ctkd,0.0,0.0896453857421875,0.0,0.08569717407226562,50,1007.0,368.0,214.0,1.0
2880,Code Helper,0.0,0.1604080200195312,0.32371428571428573,0.48915318080357145,350,1007.0,368.0,214.0,1.0
9829,transparencyd,0.0,0.2244949340820312,0.018000000000000002,0.21265792846679685,50,1007.0,368.0,214.0,1.0
10212,Code Helper (Plugin),0.0,0.49896240234375,0.041,0.5363956451416015,500,1007.0,368.0,214.0,1.0
10213,Code Helper (Plugin),0.0,0.5010604858398438,0.041,0.5363956451416015,500,1007.0,368.0,214.0,1.0
10215,Code Helper (Plugin),0.0,0.4611968994140625,0.041,0.5363956451416015,500,1007.0,368.0,214.0,1.0
10481,Google Chrome Helper (Renderer),0.0,1.009368896484375,0.647816091954023,1.1122661897505837,435,1007.0,368.0,214.0,1.0
10490,talagentd,0.0,0.1478195190429687,0.002,0.14520263671874997,50,1007.0,368.0,214.0,1.0
10558,pbs,0.0,0.031280517578125,0.002,0.031276702880859375,50,1007.0,368.0,214.0,1.0
11204,MTLCompilerService,0.0,0.0333786010742187,0.0,0.03340148925781246,50,1007.0,368.0,214.0,1.0
11684,mlhostd,0.0,0.1436233520507812,0.0,0.14452743530273432,50,1007.0,368.0,214.0,1.0
12774,businessservicesd,0.0,0.0812530517578125,0.0,0.081024169921875,50,1007.0,368.0,214.0,1.0
12775,MessagesBlastDoorService,0.0,0.0579833984375,0.0,0.05239105224609375,50,1007.0,368.0,214.0,1.0
12776,feedbackd,0.0,0.0789642333984375,0.0,0.078704833984375,50,1007.0,368.0,214.0,1.0
12777,ProtectedCloudKeySyncing,0.0,0.1003265380859375,0.0,0.09304428100585938,50,1007.0,368.0,214.0,1.0
12779,gamecontrolleragentd,0.0,0.0598907470703125,0.002,0.060253143310546854,50,1007.0,368.0,214.0,1.0
12806,python3.12,0.7,0.17547607421875,0.46153846153846156,0.1703031770475618,91,1007.0,368.0,214.0,1.0
12815,zsh,0.0,0.0156402587890625,0.0,0.009178644112447462,253,1007.0,368.0,214.0,1.0
12959,ndoagent,0.0,0.0753402709960937,0.0,0.0754165649414062,50,1007.0,368.0,214.0,1.0
12963,replayd,0.0,0.2185821533203125,0.0,0.21639064866669325,49,1007.0,368.0,214.0,1.0
13000,python3.12,0.0,0.1708984375,0.46153846153846156,0.1703031770475618,91,1007.0,368.0,214.0,1.0
13021,mdworker_shared,0.0,0.2168655395507812,0.02153846153846154,0.19098232953976357,195,1007.0,368.0,214.0,1.0
13025,com.apple.siri.embeddedspeech,0.0,0.1468658447265625,0.03142857142857143,0.17331804547991067,35,1007.0,368.0,214.0,1.0
13026,biomesyncd,0.0,0.1169204711914062,0.0,0.12089014053344724,16,1007.0,368.0,214.0,1.0
13036,CommCenter,0.0,0.3393173217773437,0.006000000000000001,0.23591232299804685,50,1007.0,368.0,214.0,1.0
13043,Keychain Circle Notification,0.0,0.25177001953125,0.044000000000000004,0.18328857421874997,50,1007.0,368.0,214.0,1.0
10211,Code Helper (Plugin),0.0,0.46234130859375,0.041,0.5363956451416015,500,1007.0,368.0,214.0,1.0
9762,coreauthd,0.0,0.0980377197265625,0.0,0.09390640258789058,50,1007.0,368.0,214.0,1.0
10209,Code Helper (Plugin),0.0,0.4880905151367187,0.041,0.5363956451416015,500,1007.0,368.0,214.0,1.0
10127,BiomeSELFIngestor,0.0,0.0879287719726562,0.0,0.0879287719726562,50,1007.0,368.0,214.0,1.0
9845,intelligentroutingd,0.0,0.0883102416992187,0.0,0.0883407592773437,50,1007.0,368.0,214.0,1.0
9847,UIKitSystem,0.0,0.1695632934570312,0.002,0.17118835449218742,50,1007.0,368.0,214.0,1.0
9879,Siri,0.0,0.1535415649414062,0.016,0.1504554748535156,50,1007.0,368.0,214.0,1.0
9888,SiriNCService,0.0,0.1600265502929687,0.008,0.15225982666015622,50,1007.0,368.0,214.0,1.0
9891,AssetCacheLocatorService,0.0,0.0406265258789062,0.0,0.04087829589843746,50,1007.0,368.0,214.0,1.0
9901,pkd,0.0,0.1146316528320312,0.002,0.10622024536132811,50,1007.0,368.0,214.0,1.0
9909,com.apple.geod,0.0,0.0986099243164062,0.004,0.09388351440429683,50,1007.0,368.0,214.0,1.0
9946,extensionkitservice,0.0,0.080108642578125,0.0,0.08034324645996094,100,1007.0,368.0,214.0,1.0
9947,networkserviceproxy,0.0,0.1497268676757812,0.0,0.1554603576660156,50,1007.0,368.0,214.0,1.0
9963,swtransparencyd,0.0,0.089263916015625,0.0,0.08174896240234374,50,1007.0,368.0,214.0,1.0
9964,CloudTelemetryService,0.0,0.0783920288085937,0.0,0.06444135050135331,127,1007.0,368.0,214.0,1.0
9982,contentlinkingd,0.0,0.0860214233398437,0.0,0.08146667480468746,50,1007.0,368.0,214.0,1.0
10001,AppPredictionIntentsHelperService,0.0,0.1634597778320312,0.0,0.16557312011718747,50,1007.0,368.0,214.0,1.0
10009,com.apple.accessibility.mediaaccessibilityd,0.0,0.0261306762695312,0.0,0.0261306762695312,50,1007.0,368.0,214.0,1.0
10010,AudioComponentRegistrar,0.0,0.054931640625,0.004,0.04845809936523434,50,1007.0,368.0,214.0,1.0
10015,linkd,0.0,0.0791549682617187,0.0,0.07984924316406244,50,1007.0,368.0,214.0,1.0
10115,iconservicesagent,0.0,0.0902175903320312,0.0,0.0902175903320312,50,1007.0,368.0,214.0,1.0
10121,com.apple.Safari.SafeBrowsing.Service,0.0,0.0743865966796875,0.0,0.07349395751953124,50,1007.0,368.0,214.0,1.0
10122,SAExtensionOrchestrator,0.0,0.1125335693359375,0.0,0.1125335693359375,50,1007.0,368.0,214.0,1.0
10123,extensionkitservice,0.0,0.0789642333984375,0.0,0.08034324645996094,100,1007.0,368.0,214.0,1.0
10124,GMSSELFIngestor,0.0,0.0974655151367187,0.0,0.0974655151367187,50,1007.0,368.0,214.0,1.0
10125,IFTranscriptSELFIngestor,0.0,0.086212158203125,0.0,0.086212158203125,50,1007.0,368.0,214.0,1.0
10126,IFTelemetrySELFIngestor,0.0,0.0825881958007812,0.0,0.0825881958007812,50,1007.0,368.0,214.0,1.0
10204,CoreServicesUIAgent,0.0,0.1972198486328125,0.004,0.19499969482421872,50,1007.0,368.0,214.0,1.0
2878,Code Helper,0.0,0.3973007202148437,0.32371428571428573,0.48915318080357145,350,1007.0,368.0,214.0,1.0
13037,CoreLocationAgent,0.0,0.5580902099609375,0.00425531914893617,0.4036964254176363,47,1007.0,368.0,214.0,1.0
2835,Code Helper (Renderer),0.0,3.8173675537109375,3.5780000000000003,3.886066436767578,50,1007.0,368.0,214.0,1.0
608,ViewBridgeAuxiliary,0.0,0.08544921875,0.014000000000000002,0.08618545532226561,50,1007.0,368.0,214.0,1.0
609,identityservicesd,0.0,0.2168655395507812,0.012,0.20082092285156247,50,1007.0,368.0,214.0,1.0
615,corespeechd,0.0,0.2241134643554687,0.09799999999999999,0.18834686279296872,50,1007.0,368.0,214.0,1.0
616,assistantd,0.0,0.295257568359375,0.004,0.23475265502929685,50,1007.0,368.0,214.0,1.0
623,WallpaperImageExtension,0.0,0.0879287719726562,0.0,0.07489013671874994,50,1007.0,368.0,214.0,1.0
639,sharingd,0.0,0.1497268676757812,0.002,0.14010620117187497,50,1007.0,368.0,214.0,1.0
641,usernoted,0.0,0.1813888549804687,0.02,0.15933227539062497,50,1007.0,368.0,214.0,1.0
642,neagent,0.0,0.1068115234375,0.0,0.1076812744140625,50,1007.0,368.0,214.0,1.0
643,useractivityd,0.0,0.084686279296875,0.008,0.08467864990234374,50,1007.0,368.0,214.0,1.0
644,com.apple.dock.extra,0.0,0.1987457275390625,0.048,0.17804336547851562,50,1007.0,368.0,214.0,1.0
646,NotificationCenter,0.0,0.3040313720703125,0.024000000000000004,0.24862670898437497,50,1007.0,368.0,214.0,1.0
649,milod,0.0,0.0820159912109375,0.0,0.08232498168945312,50,1007.0,368.0,214.0,1.0
650,familycircled,0.0,0.0677108764648437,0.0,0.06789016723632807,50,1007.0,368.0,214.0,1.0
651,StatusKitAgent,0.0,0.0787734985351562,0.0,0.07876968383789057,50,1007.0,368.0,214.0,1.0
666,ContextStoreAgent,0.0,0.1657485961914062,0.11199999999999999,0.1729774475097656,50,1007.0,368.0,214.0,1.0
668,BiomeAgent,0.0,0.1407623291015625,0.126,0.1340827941894531,50,1007.0,368.0,214.0,1.0
670,imklaunchagent,0.0,0.0619888305664062,0.0,0.06198501586914058,50,1007.0,368.0,214.0,1.0
673,icdd,0.0,0.0349044799804687,0.0,0.034900665283203076,50,1007.0,368.0,214.0,1.0
680,AirPlayUIAgent,0.0,0.101470947265625,0.004,0.09934997558593746,50,1007.0,368.0,214.0,1.0
683,imagent,0.0,0.15106201171875,0.008,0.13217163085937497,50,1007.0,368.0,214.0,1.0
685,diagnostics_agent,0.0,0.1028060913085937,0.002,0.09417724609374996,50,1007.0,368.0,214.0,1.0
686,TextInputMenuAgent,0.0,0.1783370971679687,0.008,0.16139221191406247,50,1007.0,368.0,214.0,1.0
688,Grammarly Desktop Helper,0.0,0.1163482666015625,0.002,0.10088729858398436,50,1007.0,368.0,214.0,1.0
606,fontworker,0.0,0.0581741333007812,0.0,0.05817031860351558,50,1007.0,368.0,214.0,1.0
699,com.apple.CloudDocs.iCloudDriveFileProvider,0.0,0.1056671142578125,0.008,0.09911346435546875,50,1007.0,368.0,214.0,1.0
605,ContinuityCaptureAgent,0.0,0.0761032104492187,0.0,0.0761032104492187,50,1007.0,368.0,214.0,1.0
602,fileproviderd,0.2,0.1495361328125,0.21200000000000002,0.1446113586425781,50,1007.0,368.0,214.0,1.0
376,loginwindow,0.0,0.3200531005859375,0.008,0.24020385742187497,50,1007.0,368.0,214.0,1.0
543,distnoted,0.0,0.0528335571289062,0.028000000000000004,0.05070495605468747,50,1007.0,368.0,214.0,1.0
544,cfprefsd,0.0,0.0600814819335937,0.066,0.05707931518554685,50,1007.0,368.0,214.0,1.0
549,UserEventAgent,0.0,0.1171112060546875,0.013999999999999999,0.10488891601562496,50,1007.0,368.0,214.0,1.0
553,WindowManager,0.0,0.24566650390625,0.11200000000000002,0.24517440795898435,50,1007.0,368.0,214.0,1.0
557,universalaccessd,0.0,0.0888824462890625,0.006000000000000001,0.09207916259765624,50,1007.0,368.0,214.0,1.0
559,Dock,0.0,0.2206802368164062,0.076,0.20318603515624997,50,1007.0,368.0,214.0,1.0
560,ControlCenter,0.5,0.4573822021484375,0.5379999999999999,0.41684722900390625,50,1007.0,368.0,214.0,1.0
561,pboard,0.0,0.092315673828125,0.002,0.09132385253906246,50,1007.0,368.0,214.0,1.0
562,SystemUIServer,0.0,0.15106201171875,0.006,0.13476562499999997,50,1007.0,368.0,214.0,1.0
564,Finder,0.0,0.5313873291015625,0.07400000000000001,0.4227867126464844,50,1007.0,368.0,214.0,1.0
567,lsd,0.0,0.1241683959960937,0.012,0.11196517944335933,50,1007.0,368.0,214.0,1.0
568,AXVisualSupportAgent,0.0,0.1794815063476562,0.6920000000000001,0.16974639892578122,50,1007.0,368.0,214.0,1.0
575,rapportd,0.0,0.1361846923828125,0.002,0.1259346008300781,50,1007.0,368.0,214.0,1.0
578,secd,0.0,0.1688003540039062,0.006000000000000001,0.15089416503906247,50,1007.0,368.0,214.0,1.0
580,trustd,0.0,0.1203536987304687,0.04,0.11620330810546871,50,1007.0,368.0,214.0,1.0
583,WallpaperAgent,0.0,0.1874923706054687,0.004,0.1629066467285156,50,1007.0,368.0,214.0,1.0
587,com.apple.hiservices-xpcservice,0.0,0.0368118286132812,0.01,0.03719711303710933,50,1007.0,368.0,214.0,1.0
589,sharedfilelistd,0.0,0.1064300537109375,0.0,0.08721542358398436,50,1007.0,368.0,214.0,1.0
590,containermanagerd,0.0,0.0459671020507812,0.012,0.04875946044921871,50,1007.0,368.0,214.0,1.0
591,usernotificationsd,0.0,0.1050949096679687,0.008,0.09786605834960933,50,1007.0,368.0,214.0,1.0
596,callservicesd,0.0,0.2185821533203125,0.006000000000000001,0.17979049682617185,50,1007.0,368.0,214.0,1.0
600,fontd,0.0,0.0560760498046875,0.002,0.06991577148437499,50,1007.0,368.0,214.0,1.0
604,AMPDeviceDiscoveryAgent,0.0,0.0585556030273437,0.0,0.051746368408203104,50,1007.0,368.0,214.0,1.0
704,ctkahp,0.0,0.037384033203125,0.0,0.037380218505859375,50,1007.0,368.0,214.0,1.0
2852,Code Helper,0.0,0.720977783203125,0.32371428571428573,0.48915318080357145,350,1007.0,368.0,214.0,1.0
709,nsurlsessiond,0.0,0.1302719116210937,0.032,0.1256752014160156,50,1007.0,368.0,214.0,1.0
921,Spotify Helper,0.0,0.1043319702148437,0.015600000000000001,0.14564056396484373,250,1007.0,368.0,214.0,1.0
926,peopled,0.0,0.086212158203125,0.0,0.08623886108398438,50,1007.0,368.0,214.0,1.0
930,com.apple.WebKit.WebContent,0.0,0.3236770629882812,0.2837142857142857,0.5284216744559151,350,1007.0,368.0,214.0,1.0
931,com.apple.WebKit.WebContent,0.0,0.658416748046875,0.2837142857142857,0.5284216744559151,350,1007.0,368.0,214.0,1.0
932,com.apple.WebKit.WebContent,0.1,1.4089584350585938,0.2837142857142857,0.5284216744559151,350,1007.0,368.0,214.0,1.0
957,Google Chrome,0.1,2.185630798339844,1.324,2.2691001892089844,50,1007.0,368.0,214.0,1.0
960,chrome_crashpad_handler,0.0,0.0188827514648437,0.0,0.019365310668945288,100,1007.0,368.0,214.0,1.0
961,voicebankingd,0.0,0.0722885131835937,0.0,0.07259750366210932,50,1007.0,368.0,214.0,1.0
963,Google Chrome Helper,1.2,0.920867919921875,0.6,0.42389755249023436,250,1007.0,368.0,214.0,1.0
964,Google Chrome Helper,0.0,0.6925582885742188,0.6,0.42389755249023436,250,1007.0,368.0,214.0,1.0
1015,Google Chrome Helper,0.0,0.1676559448242187,0.6,0.42389755249023436,250,1007.0,368.0,214.0,1.0
1052,spotlightknowledged,0.0,0.0352859497070312,0.0,0.04377672749180943,62,1007.0,368.0,214.0,1.0
1191,storeaccountd,0.0,0.0658035278320312,0.0,0.06579971313476557,50,1007.0,368.0,214.0,1.0
1474,IMAutomaticHistoryDeletionAgent,0.0,0.092315673828125,0.0,0.08300018310546874,50,1007.0,368.0,214.0,1.0
1718,ServiceExtension,0.0,0.142669677734375,0.0,0.142669677734375,50,1007.0,368.0,214.0,1.0
2095,com.apple.WebKit.WebContent,0.0,0.3107070922851562,0.2837142857142857,0.5284216744559151,350,1007.0,368.0,214.0,1.0
2096,com.apple.WebKit.WebContent,0.0,0.3673553466796875,0.2837142857142857,0.5284216744559151,350,1007.0,368.0,214.0,1.0
2641,Google Chrome Helper (Renderer),0.0,0.6361007690429688,0.647816091954023,1.1122661897505837,435,1007.0,368.0,214.0,1.0
2672,Google Chrome Helper (Renderer),4.4,5.73883056640625,0.647816091954023,1.1122661897505837,435,1007.0,368.0,214.0,1.0
2826,Code,0.0,1.232147216796875,1.3619999999999999,1.3807182312011719,50,1007.0,368.0,214.0,1.0
2832,chrome_crashpad_handler,0.0,0.0194549560546875,0.0,0.019365310668945288,100,1007.0,368.0,214.0,1.0
2833,Code Helper,0.1,0.58746337890625,0.32371428571428573,0.48915318080357145,350,1007.0,368.0,214.0,1.0
2834,Code Helper,0.0,0.3587722778320312,0.32371428571428573,0.48915318080357145,350,1007.0,368.0,214.0,1.0
919,com.apple.WebKit.Networking,0.1,0.2466201782226562,0.4,0.16855621337890622,100,1007.0,368.0,214.0,1.0
918,com.apple.WebKit.GPU,0.0,0.1583099365234375,0.102,0.09322547912597655,100,1007.0,368.0,214.0,1.0
966,Google Chrome Helper,0.0,0.215911865234375,0.6,0.42389755249023436,250,1007.0,368.0,214.0,1.0
913,app_inkwell,0.0,0.30670166015625,0.94,0.29593276977539057,50,1007.0,368.0,214.0,1.0
713,Spotlight,0.0,0.3299713134765625,0.05,0.27865600585937494,50,1007.0,368.0,214.0,1.0
916,com.apple.WebKit.WebContent,0.1,0.8249282836914062,0.2837142857142857,0.5284216744559151,350,1007.0,368.0,214.0,1.0
714,CursorUIViewService,0.0,0.1630783081054687,0.07400000000000001,0.15747833251953122,50,1007.0,368.0,214.0,1.0
716,PAH_Extension,0.0,0.1148223876953125,0.014000000000000002,0.11199188232421874,50,1007.0,368.0,214.0,1.0
717,OneDrive,0.0,0.4230499267578125,0.032,0.36077880859375,50,1007.0,368.0,214.0,1.0
718,corespotlightd,0.0,0.148773193359375,0.012,0.15357208251953122,50,1007.0,368.0,214.0,1.0
722,duetexpertd,0.0,0.2471923828125,0.09,0.26060485839843744,50,1007.0,368.0,214.0,1.0
730,Spotify,0.4,1.2022018432617188,0.5479999999999999,1.0496597290039062,50,1007.0,368.0,214.0,1.0
733,homed,0.0,0.1438140869140625,0.0,0.1302070617675781,50,1007.0,368.0,214.0,1.0
734,mediaremoteagent,0.0,0.0232696533203125,0.0,0.0232696533203125,50,1007.0,368.0,214.0,1.0
740,Spotify Helper,0.0,0.0452041625976562,0.015600000000000001,0.14564056396484373,250,1007.0,368.0,214.0,1.0
741,avconferenced,0.0,0.067901611328125,0.0,0.06789779663085938,50,1007.0,368.0,214.0,1.0
707,WiFiAgent,0.0,0.1689910888671875,0.114,0.16522979736328122,50,1007.0,368.0,214.0,1.0
748,Spotify Helper,0.0,0.3173828125,0.015600000000000001,0.14564056396484373,250,1007.0,368.0,214.0,1.0
747,Spotify Helper,0.0,0.2080917358398437,0.015600000000000001,0.14564056396484373,250,1007.0,368.0,214.0,1.0
873,mdbulkimport,0.0,0.0713348388671875,0.0,0.07133102416992188,50,1007.0,368.0,214.0,1.0
857,Grammarly Desktop Update Service,0.0,0.1270294189453125,0.006000000000000001,0.11079406738281246,50,1007.0,368.0,214.0,1.0
792,commerce,0.0,0.0902175903320312,0.0,0.08901596069335932,50,1007.0,368.0,214.0,1.0
776,com.apple.WebKit.Networking,0.0,0.1338958740234375,0.4,0.16855621337890622,100,1007.0,368.0,214.0,1.0
898,OneDrive Sync Service,0.0,0.2401351928710937,0.004,0.21224594116210935,50,1007.0,368.0,214.0,1.0
772,com.apple.WebKit.GPU,0.0,0.0507354736328125,0.102,0.09322547912597655,100,1007.0,368.0,214.0,1.0
768,Spotify Helper (Renderer),0.0,0.5670547485351562,0.044000000000000004,0.4534873962402344,50,1007.0,368.0,214.0,1.0
755,Grammarly Desktop,0.2,0.771331787109375,0.524,0.7150344848632812,50,1007.0,368.0,214.0,1.0
752,Spotify Helper,0.0,0.1169204711914062,0.015600000000000001,0.14564056396484373,250,1007.0,368.0,214.0,1.0
774,com.apple.WebKit.WebContent,0.0,0.0186920166015625,0.2837142857142857,0.5284216744559151,350,1007.0,368.0,214.0,1.0
9101,bird,0.0,0.1279830932617187,0.04800000000000001,0.12118530273437494,50,1007.0,368.0,214.0,1.0
9032,secinitd,0.0,0.0652313232421875,0.0,0.06522750854492188,50,1007.0,368.0,214.0,1.0
9040,triald,0.0,0.1466751098632812,0.0,0.12915039062499997,50,1007.0,368.0,214.0,1.0
9049,tccd,0.0,0.1104354858398437,0.0,0.10362243652343744,50,1007.0,368.0,214.0,1.0
9053,cloudd,0.0,0.2225875854492187,0.016,0.2035255432128906,50,1007.0,368.0,214.0,1.0
9069,searchpartyuseragent,0.0,0.1367568969726562,0.002,0.13115692138671872,50,1007.0,368.0,214.0,1.0
9000,PowerChime,0.0,0.145721435546875,0.008,0.14000701904296872,50,1007.0,368.0,214.0,1.0
9086,knowledge-agent,0.0,0.1394271850585937,0.004,0.13211822509765622,50,1007.0,368.0,214.0,1.0
9088,contactsd,0.0,0.1096725463867187,0.008,0.09849548339843746,50,1007.0,368.0,214.0,1.0
9095,calaccessd,0.0,0.1592636108398437,0.002,0.15127944946289057,50,1007.0,368.0,214.0,1.0
9134,ScreenTimeAgent,0.0,0.1127243041992187,0.0,0.10361862182617183,50,1007.0,368.0,214.0,1.0
9556,syncdefaultsd,0.0,0.1255035400390625,0.006000000000000001,0.11057662963867186,50,1007.0,368.0,214.0,1.0
9205,IntelligencePlatformComputeService,0.0,0.0879287719726562,0.0,0.0879287719726562,50,1007.0,368.0,214.0,1.0
9223,mapssyncd,0.0,0.0917434692382812,0.0,0.09173965454101557,50,1007.0,368.0,214.0,1.0
9271,mdwrite,0.0,0.0329971313476562,0.0,0.032993316650390576,50,1007.0,368.0,214.0,1.0
9272,mbuseragent,0.0,0.0368118286132812,0.0,0.036808013916015576,50,1007.0,368.0,214.0,1.0
9572,proactived,0.0,0.1264572143554687,0.02,0.1299476623535156,50,1007.0,368.0,214.0,1.0
9575,akd,0.0,0.2225875854492187,0.002,0.2174873352050781,50,1007.0,368.0,214.0,1.0
9577,CloudTelemetryService,0.0,0.07781982421875,0.0,0.06444135050135331,127,1007.0,368.0,214.0,1.0
9649,suggestd,0.0,0.1623153686523437,0.002,0.15771484374999997,50,1007.0,368.0,214.0,1.0
9681,AppleSpell,0.0,0.1420974731445312,0.0,0.13717651367187494,50,1007.0,368.0,214.0,1.0
8666,Google Chrome Helper (Renderer),0.0,0.3114700317382812,0.647816091954023,1.1122661897505837,435,1007.0,368.0,214.0,1.0
9138,siriactionsd,0.0,0.1605987548828125,0.004,0.14521408081054685,50,1007.0,368.0,214.0,1.0
9682,keyboardservicesd,0.0,0.0919342041015625,0.0,0.0876617431640625,50,1007.0,368.0,214.0,1.0
2913,Code Helper,0.4,0.5847930908203125,0.32371428571428573,0.48915318080357145,350,1007.0,368.0,214.0,1.0
8351,Google Chrome Helper,0.0,0.193023681640625,0.6,0.42389755249023436,250,1007.0,368.0,214.0,1.0
9742,promotedcontentd,0.0,0.1224517822265625,0.002,0.11449813842773438,50,1007.0,368.0,214.0,1.0
3033,Code Helper,0.1,0.42572021484375,0.32371428571428573,0.48915318080357145,350,1007.0,368.0,214.0,1.0
3034,Code Helper (Plugin),0.1,1.461029052734375,0.041,0.5363956451416015,500,1007.0,368.0,214.0,1.0
3045,Code Helper (Plugin),0.0,0.272369384765625,0.041,0.5363956451416015,500,1007.0,368.0,214.0,1.0
3063,zsh,0.0,0.0047683715820312,0.0,0.009178644112447462,253,1007.0,368.0,214.0,1.0
4030,pet,0.0,0.0217437744140625,0.02,0.02233123779296875,50,1007.0,368.0,214.0,1.0
4037,zsh,0.0,0.0043869018554687,0.0,0.009178644112447462,253,1007.0,368.0,214.0,1.0
4143,Code Helper (Plugin),0.0,0.2117156982421875,0.041,0.5363956451416015,500,1007.0,368.0,214.0,1.0
4194,Code Helper (Plugin),0.0,0.807952880859375,0.041,0.5363956451416015,500,1007.0,368.0,214.0,1.0
5379,Code Helper (Plugin),0.0,0.2336502075195312,0.041,0.5363956451416015,500,1007.0,368.0,214.0,1.0
5384,zsh,0.0,0.0043869018554687,0.0,0.009178644112447462,253,1007.0,368.0,214.0,1.0
5761,zsh,0.0,0.0131607055664062,0.0,0.009178644112447462,253,1007.0,368.0,214.0,1.0
6986,accountsd,0.0,0.2069473266601562,0.0,0.1851234436035156,50,1007.0,368.0,214.0,1.0
8323,Google Chrome Helper (Renderer),0.0,0.6616592407226562,0.647816091954023,1.1122661897505837,435,1007.0,368.0,214.0,1.0
8324,Google Chrome Helper (Renderer),0.0,0.272369384765625,0.647816091954023,1.1122661897505837,435,1007.0,368.0,214.0,1.0
8325,Google Chrome Helper (Renderer),0.0,0.3696441650390625,0.647816091954023,1.1122661897505837,435,1007.0,368.0,214.0,1.0
8326,chronod,0.0,0.1619338989257812,0.01,0.15725708007812497,50,1007.0,368.0,214.0,1.0
8328,Google Chrome Helper (Renderer),0.0,0.5239486694335938,0.647816091954023,1.1122661897505837,435,1007.0,368.0,214.0,1.0
8335,WorldClockWidget,0.0,0.2202987670898437,0.0,0.22029876708984367,50,1007.0,368.0,214.0,1.0
8336,CalendarWidgetExtension,0.0,0.1031875610351562,0.0,0.1031875610351562,50,1007.0,368.0,214.0,1.0
8337,WeatherWidget,0.0,0.36163330078125,0.0,0.3655509948730469,50,1007.0,368.0,214.0,1.0
8339,StocksWidget,0.0,0.3248214721679687,0.0,0.3267478942871093,50,1007.0,368.0,214.0,1.0
8340,ScreenTimeWidgetExtension,0.0,0.3332138061523437,0.0,0.3311538696289062,50,1007.0,368.0,214.0,1.0
8410,routined,0.0,0.2063751220703125,0.034,0.19092559814453122,50,1007.0,368.0,214.0,1.0
9754,ctkd,0.0,0.0896453857421875,0.0,0.08569717407226562,50,1007.0,368.0,214.0,1.0
10127,BiomeSELFIngestor,0.0,0.0879287719726562,0.0,0.0879287719726562,50,1007.0,368.0,214.0,1.0
9829,transparencyd,0.0,0.2244949340820312,0.018000000000000002,0.21265792846679685,50,1007.0,368.0,214.0,1.0
10213,Code Helper (Plugin),0.0,0.5010604858398438,0.041,0.5363956451416015,500,1007.0,368.0,214.0,1.0
10215,Code Helper (Plugin),0.0,0.4611968994140625,0.041,0.5363956451416015,500,1007.0,368.0,214.0,1.0
10481,Google Chrome Helper (Renderer),0.0,1.009368896484375,0.647816091954023,1.1122661897505837,435,1007.0,368.0,214.0,1.0
10490,talagentd,0.0,0.1478195190429687,0.002,0.14520263671874997,50,1007.0,368.0,214.0,1.0
10558,pbs,0.0,0.031280517578125,0.002,0.031276702880859375,50,1007.0,368.0,214.0,1.0
11204,MTLCompilerService,0.0,0.0333786010742187,0.0,0.03340148925781246,50,1007.0,368.0,214.0,1.0
11684,mlhostd,0.0,0.1436233520507812,0.0,0.14452743530273432,50,1007.0,368.0,214.0,1.0
12774,businessservicesd,0.0,0.0812530517578125,0.0,0.081024169921875,50,1007.0,368.0,214.0,1.0
12775,MessagesBlastDoorService,0.0,0.0579833984375,0.0,0.05239105224609375,50,1007.0,368.0,214.0,1.0
12776,feedbackd,0.0,0.0789642333984375,0.0,0.078704833984375,50,1007.0,368.0,214.0,1.0
12777,ProtectedCloudKeySyncing,0.0,0.1003265380859375,0.0,0.09304428100585938,50,1007.0,368.0,214.0,1.0
12779,gamecontrolleragentd,0.0,0.0598907470703125,0.002,0.060253143310546854,50,1007.0,368.0,214.0,1.0
12806,python3.12,0.6,0.17547607421875,0.46153846153846156,0.1703031770475618,91,1007.0,368.0,214.0,1.0
12815,zsh,0.0,0.0156402587890625,0.0,0.009178644112447462,253,1007.0,368.0,214.0,1.0
12959,ndoagent,0.0,0.0753402709960937,0.0,0.0754165649414062,50,1007.0,368.0,214.0,1.0
12963,replayd,0.0,0.2185821533203125,0.0,0.21639064866669325,49,1007.0,368.0,214.0,1.0
13000,python3.12,0.0,0.1708984375,0.46153846153846156,0.1703031770475618,91,1007.0,368.0,214.0,1.0
13021,mdworker_shared,0.0,0.2168655395507812,0.02153846153846154,0.19098232953976357,195,1007.0,368.0,214.0,1.0
13025,com.apple.siri.embeddedspeech,0.0,0.1468658447265625,0.03142857142857143,0.17331804547991067,35,1007.0,368.0,214.0,1.0
13026,biomesyncd,0.0,0.1169204711914062,0.0,0.12089014053344724,16,1007.0,368.0,214.0,1.0
13036,CommCenter,0.0,0.3393173217773437,0.006000000000000001,0.23591232299804685,50,1007.0,368.0,214.0,1.0
13037,CoreLocationAgent,0.0,0.5580902099609375,0.00425531914893617,0.4036964254176363,47,1007.0,368.0,214.0,1.0
13043,Keychain Circle Notification,0.0,0.2519607543945312,0.044000000000000004,0.18328857421874997,50,1007.0,368.0,214.0,1.0
10212,Code Helper (Plugin),0.0,0.49896240234375,0.041,0.5363956451416015,500,1007.0,368.0,214.0,1.0
10211,Code Helper (Plugin),0.0,0.46234130859375,0.041,0.5363956451416015,500,1007.0,368.0,214.0,1.0
10209,Code Helper (Plugin),0.0,0.4880905151367187,0.041,0.5363956451416015,500,1007.0,368.0,214.0,1.0
10204,CoreServicesUIAgent,0.0,0.1972198486328125,0.004,0.19499969482421872,50,1007.0,368.0,214.0,1.0
9845,intelligentroutingd,0.0,0.0883102416992187,0.0,0.0883407592773437,50,1007.0,368.0,214.0,1.0
9847,UIKitSystem,0.0,0.1695632934570312,0.002,0.17118835449218742,50,1007.0,368.0,214.0,1.0
9879,Siri,0.0,0.1535415649414062,0.016,0.1504554748535156,50,1007.0,368.0,214.0,1.0
9888,SiriNCService,0.0,0.1600265502929687,0.008,0.15225982666015622,50,1007.0,368.0,214.0,1.0
9891,AssetCacheLocatorService,0.0,0.0406265258789062,0.0,0.04087829589843746,50,1007.0,368.0,214.0,1.0
9901,pkd,0.0,0.1146316528320312,0.002,0.10622024536132811,50,1007.0,368.0,214.0,1.0
9909,com.apple.geod,0.1,0.0986099243164062,0.004,0.09388351440429683,50,1007.0,368.0,214.0,1.0
9946,extensionkitservice,0.0,0.080108642578125,0.0,0.08034324645996094,100,1007.0,368.0,214.0,1.0
9947,networkserviceproxy,0.0,0.1497268676757812,0.0,0.1554603576660156,50,1007.0,368.0,214.0,1.0
9963,swtransparencyd,0.0,0.089263916015625,0.0,0.08174896240234374,50,1007.0,368.0,214.0,1.0
9964,CloudTelemetryService,0.0,0.0783920288085937,0.0,0.06444135050135331,127,1007.0,368.0,214.0,1.0
9762,coreauthd,0.0,0.0980377197265625,0.0,0.09390640258789058,50,1007.0,368.0,214.0,1.0
9982,contentlinkingd,0.0,0.0860214233398437,0.0,0.08146667480468746,50,1007.0,368.0,214.0,1.0
10009,com.apple.accessibility.mediaaccessibilityd,0.0,0.0261306762695312,0.0,0.0261306762695312,50,1007.0,368.0,214.0,1.0
10010,AudioComponentRegistrar,0.0,0.054931640625,0.004,0.04845809936523434,50,1007.0,368.0,214.0,1.0
10015,linkd,0.0,0.0791549682617187,0.0,0.07984924316406244,50,1007.0,368.0,214.0,1.0
10115,iconservicesagent,0.0,0.0902175903320312,0.0,0.0902175903320312,50,1007.0,368.0,214.0,1.0
10121,com.apple.Safari.SafeBrowsing.Service,0.0,0.0743865966796875,0.0,0.07349395751953124,50,1007.0,368.0,214.0,1.0
10122,SAExtensionOrchestrator,0.0,0.1125335693359375,0.0,0.1125335693359375,50,1007.0,368.0,214.0,1.0
10123,extensionkitservice,0.0,0.0789642333984375,0.0,0.08034324645996094,100,1007.0,368.0,214.0,1.0
10124,GMSSELFIngestor,0.0,0.0974655151367187,0.0,0.0974655151367187,50,1007.0,368.0,214.0,1.0
10125,IFTranscriptSELFIngestor,0.0,0.086212158203125,0.0,0.086212158203125,50,1007.0,368.0,214.0,1.0
10126,IFTelemetrySELFIngestor,0.0,0.0825881958007812,0.0,0.0825881958007812,50,1007.0,368.0,214.0,1.0
2880,Code Helper,0.0,0.1604080200195312,0.32371428571428573,0.48915318080357145,350,1007.0,368.0,214.0,1.0
10001,AppPredictionIntentsHelperService,0.0,0.1634597778320312,0.0,0.16557312011718747,50,1007.0,368.0,214.0,1.0
2878,Code Helper,0.0,0.397491455078125,0.32371428571428573,0.48915318080357145,350,1007.0,368.0,214.0,1.0
8396,audioaccessoryd,0.0,0.1176834106445312,0.0,0.10800170898437496,50,1007.0,368.0,214.0,1.0
2835,Code Helper (Renderer),0.0,3.826141357421875,3.5780000000000003,3.886066436767578,50,1007.0,368.0,214.0,1.0
608,ViewBridgeAuxiliary,0.0,0.08544921875,0.014000000000000002,0.08618545532226561,50,1007.0,368.0,214.0,1.0
609,identityservicesd,0.0,0.2172470092773437,0.012,0.20082092285156247,50,1007.0,368.0,214.0,1.0
615,corespeechd,0.0,0.2241134643554687,0.09799999999999999,0.18834686279296872,50,1007.0,368.0,214.0,1.0
616,assistantd,0.0,0.2946853637695312,0.004,0.23475265502929685,50,1007.0,368.0,214.0,1.0
623,WallpaperImageExtension,0.0,0.0879287719726562,0.0,0.07489013671874994,50,1007.0,368.0,214.0,1.0
639,sharingd,0.0,0.1497268676757812,0.002,0.14010620117187497,50,1007.0,368.0,214.0,1.0
641,usernoted,0.0,0.1813888549804687,0.02,0.15933227539062497,50,1007.0,368.0,214.0,1.0
642,neagent,0.0,0.1068115234375,0.0,0.1076812744140625,50,1007.0,368.0,214.0,1.0
643,useractivityd,0.0,0.084686279296875,0.008,0.08467864990234374,50,1007.0,368.0,214.0,1.0
644,com.apple.dock.extra,0.0,0.1987457275390625,0.048,0.17804336547851562,50,1007.0,368.0,214.0,1.0
646,NotificationCenter,0.0,0.3040313720703125,0.024000000000000004,0.24862670898437497,50,1007.0,368.0,214.0,1.0
649,milod,0.0,0.0820159912109375,0.0,0.08232498168945312,50,1007.0,368.0,214.0,1.0
650,familycircled,0.0,0.0677108764648437,0.0,0.06789016723632807,50,1007.0,368.0,214.0,1.0
651,StatusKitAgent,0.0,0.0787734985351562,0.0,0.07876968383789057,50,1007.0,368.0,214.0,1.0
666,ContextStoreAgent,0.0,0.1657485961914062,0.11199999999999999,0.1729774475097656,50,1007.0,368.0,214.0,1.0
668,BiomeAgent,0.0,0.1407623291015625,0.126,0.1340827941894531,50,1007.0,368.0,214.0,1.0
670,imklaunchagent,0.0,0.0619888305664062,0.0,0.06198501586914058,50,1007.0,368.0,214.0,1.0
673,icdd,0.0,0.0349044799804687,0.0,0.034900665283203076,50,1007.0,368.0,214.0,1.0
680,AirPlayUIAgent,0.0,0.101470947265625,0.004,0.09934997558593746,50,1007.0,368.0,214.0,1.0
683,imagent,0.0,0.1514434814453125,0.008,0.13217163085937497,50,1007.0,368.0,214.0,1.0
685,diagnostics_agent,0.0,0.1028060913085937,0.002,0.09417724609374996,50,1007.0,368.0,214.0,1.0
686,TextInputMenuAgent,0.0,0.1783370971679687,0.008,0.16139221191406247,50,1007.0,368.0,214.0,1.0
688,Grammarly Desktop Helper,0.0,0.1163482666015625,0.002,0.10088729858398436,50,1007.0,368.0,214.0,1.0
606,fontworker,0.0,0.0581741333007812,0.0,0.05817031860351558,50,1007.0,368.0,214.0,1.0
699,com.apple.CloudDocs.iCloudDriveFileProvider,0.0,0.1056671142578125,0.008,0.09911346435546875,50,1007.0,368.0,214.0,1.0
605,ContinuityCaptureAgent,0.0,0.0761032104492187,0.0,0.0761032104492187,50,1007.0,368.0,214.0,1.0
602,fileproviderd,0.2,0.1495361328125,0.21200000000000002,0.1446113586425781,50,1007.0,368.0,214.0,1.0
376,loginwindow,0.0,0.3200531005859375,0.008,0.24020385742187497,50,1007.0,368.0,214.0,1.0
543,distnoted,0.0,0.0528335571289062,0.028000000000000004,0.05070495605468747,50,1007.0,368.0,214.0,1.0
544,cfprefsd,0.0,0.0598907470703125,0.066,0.05707931518554685,50,1007.0,368.0,214.0,1.0
549,UserEventAgent,0.0,0.1171112060546875,0.013999999999999999,0.10488891601562496,50,1007.0,368.0,214.0,1.0
553,WindowManager,0.0,0.2443313598632812,0.11200000000000002,0.24517440795898435,50,1007.0,368.0,214.0,1.0
557,universalaccessd,0.0,0.0888824462890625,0.006000000000000001,0.09207916259765624,50,1007.0,368.0,214.0,1.0
559,Dock,0.0,0.2206802368164062,0.076,0.20318603515624997,50,1007.0,368.0,214.0,1.0
560,ControlCenter,0.5,0.4573822021484375,0.5379999999999999,0.41684722900390625,50,1007.0,368.0,214.0,1.0
561,pboard,0.0,0.092315673828125,0.002,0.09132385253906246,50,1007.0,368.0,214.0,1.0
562,SystemUIServer,0.0,0.1501083374023437,0.006,0.13476562499999997,50,1007.0,368.0,214.0,1.0
564,Finder,0.0,0.5313873291015625,0.07400000000000001,0.4227867126464844,50,1007.0,368.0,214.0,1.0
567,lsd,0.0,0.12359619140625,0.012,0.11196517944335933,50,1007.0,368.0,214.0,1.0
568,AXVisualSupportAgent,0.0,0.1794815063476562,0.6920000000000001,0.16974639892578122,50,1007.0,368.0,214.0,1.0
575,rapportd,0.0,0.1361846923828125,0.002,0.1259346008300781,50,1007.0,368.0,214.0,1.0
578,secd,0.0,0.1688003540039062,0.006000000000000001,0.15089416503906247,50,1007.0,368.0,214.0,1.0
580,trustd,0.0,0.1203536987304687,0.04,0.11620330810546871,50,1007.0,368.0,214.0,1.0
583,WallpaperAgent,0.0,0.1865386962890625,0.004,0.1629066467285156,50,1007.0,368.0,214.0,1.0
587,com.apple.hiservices-xpcservice,0.0,0.0368118286132812,0.01,0.03719711303710933,50,1007.0,368.0,214.0,1.0
589,sharedfilelistd,0.0,0.1064300537109375,0.0,0.08721542358398436,50,1007.0,368.0,214.0,1.0
590,containermanagerd,0.0,0.0459671020507812,0.012,0.04875946044921871,50,1007.0,368.0,214.0,1.0
591,usernotificationsd,0.0,0.1050949096679687,0.008,0.09786605834960933,50,1007.0,368.0,214.0,1.0
596,callservicesd,0.0,0.2185821533203125,0.006000000000000001,0.17979049682617185,50,1007.0,368.0,214.0,1.0
600,fontd,0.0,0.0560760498046875,0.002,0.06991577148437499,50,1007.0,368.0,214.0,1.0
604,AMPDeviceDiscoveryAgent,0.0,0.0585556030273437,0.0,0.051746368408203104,50,1007.0,368.0,214.0,1.0
704,ctkahp,0.0,0.037384033203125,0.0,0.037380218505859375,50,1007.0,368.0,214.0,1.0
2852,Code Helper,0.0,0.7211685180664062,0.32371428571428573,0.48915318080357145,350,1007.0,368.0,214.0,1.0
709,nsurlsessiond,0.0,0.1302719116210937,0.032,0.1256752014160156,50,1007.0,368.0,214.0,1.0
926,peopled,0.0,0.086212158203125,0.0,0.08623886108398438,50,1007.0,368.0,214.0,1.0
930,com.apple.WebKit.WebContent,0.0,0.3229141235351562,0.2837142857142857,0.5284216744559151,350,1007.0,368.0,214.0,1.0
931,com.apple.WebKit.WebContent,0.0,0.6578445434570312,0.2837142857142857,0.5284216744559151,350,1007.0,368.0,214.0,1.0
932,com.apple.WebKit.WebContent,0.1,1.4089584350585938,0.2837142857142857,0.5284216744559151,350,1007.0,368.0,214.0,1.0
957,Google Chrome,0.1,2.227210998535156,1.324,2.2691001892089844,50,1007.0,368.0,214.0,1.0
960,chrome_crashpad_handler,0.0,0.0188827514648437,0.0,0.019365310668945288,100,1007.0,368.0,214.0,1.0
961,voicebankingd,0.0,0.0722885131835937,0.0,0.07259750366210932,50,1007.0,368.0,214.0,1.0
963,Google Chrome Helper,1.2,0.920867919921875,0.6,0.42389755249023436,250,1007.0,368.0,214.0,1.0
964,Google Chrome Helper,0.0,0.6925582885742188,0.6,0.42389755249023436,250,1007.0,368.0,214.0,1.0
707,WiFiAgent,0.0,0.1689910888671875,0.114,0.16522979736328122,50,1007.0,368.0,214.0,1.0
1015,Google Chrome Helper,0.0,0.1676559448242187,0.6,0.42389755249023436,250,1007.0,368.0,214.0,1.0
1052,spotlightknowledged,0.0,0.0352859497070312,0.0,0.04377672749180943,62,1007.0,368.0,214.0,1.0
1191,storeaccountd,0.0,0.0658035278320312,0.0,0.06579971313476557,50,1007.0,368.0,214.0,1.0
1474,IMAutomaticHistoryDeletionAgent,0.0,0.092315673828125,0.0,0.08300018310546874,50,1007.0,368.0,214.0,1.0
1718,ServiceExtension,0.0,0.142669677734375,0.0,0.142669677734375,50,1007.0,368.0,214.0,1.0
2095,com.apple.WebKit.WebContent,0.0,0.3103256225585937,0.2837142857142857,0.5284216744559151,350,1007.0,368.0,214.0,1.0
2096,com.apple.WebKit.WebContent,0.0,0.366973876953125,0.2837142857142857,0.5284216744559151,350,1007.0,368.0,214.0,1.0
2641,Google Chrome Helper (Renderer),0.0,0.6361007690429688,0.647816091954023,1.1122661897505837,435,1007.0,368.0,214.0,1.0
2672,Google Chrome Helper (Renderer),4.3,5.73883056640625,0.647816091954023,1.1122661897505837,435,1007.0,368.0,214.0,1.0
2826,Code,0.1,1.2371063232421875,1.3619999999999999,1.3807182312011719,50,1007.0,368.0,214.0,1.0
2832,chrome_crashpad_handler,0.0,0.0194549560546875,0.0,0.019365310668945288,100,1007.0,368.0,214.0,1.0
2833,Code Helper,0.1,0.592803955078125,0.32371428571428573,0.48915318080357145,350,1007.0,368.0,214.0,1.0
2834,Code Helper,0.0,0.3587722778320312,0.32371428571428573,0.48915318080357145,350,1007.0,368.0,214.0,1.0
921,Spotify Helper,0.0,0.1043319702148437,0.015600000000000001,0.14564056396484373,250,1007.0,368.0,214.0,1.0
919,com.apple.WebKit.Networking,0.0,0.2458572387695312,0.4,0.16855621337890622,100,1007.0,368.0,214.0,1.0
966,Google Chrome Helper,0.0,0.215911865234375,0.6,0.42389755249023436,250,1007.0,368.0,214.0,1.0
916,com.apple.WebKit.WebContent,0.0,0.8243560791015625,0.2837142857142857,0.5284216744559151,350,1007.0,368.0,214.0,1.0
918,com.apple.WebKit.GPU,0.0,0.1581192016601562,0.102,0.09322547912597655,100,1007.0,368.0,214.0,1.0
714,CursorUIViewService,0.0,0.1630783081054687,0.07400000000000001,0.15747833251953122,50,1007.0,368.0,214.0,1.0
716,PAH_Extension,0.0,0.1148223876953125,0.014000000000000002,0.11199188232421874,50,1007.0,368.0,214.0,1.0
717,OneDrive,0.0,0.4236221313476562,0.032,0.36077880859375,50,1007.0,368.0,214.0,1.0
718,corespotlightd,0.0,0.148773193359375,0.012,0.15357208251953122,50,1007.0,368.0,214.0,1.0
722,duetexpertd,0.0,0.2471923828125,0.09,0.26060485839843744,50,1007.0,368.0,214.0,1.0
730,Spotify,0.1,1.2025833129882812,0.5479999999999999,1.0496597290039062,50,1007.0,368.0,214.0,1.0
733,homed,0.0,0.1438140869140625,0.0,0.1302070617675781,50,1007.0,368.0,214.0,1.0
734,mediaremoteagent,0.0,0.0232696533203125,0.0,0.0232696533203125,50,1007.0,368.0,214.0,1.0
740,Spotify Helper,0.0,0.0452041625976562,0.015600000000000001,0.14564056396484373,250,1007.0,368.0,214.0,1.0
741,avconferenced,0.0,0.067901611328125,0.0,0.06789779663085938,50,1007.0,368.0,214.0,1.0
747,Spotify Helper,0.0,0.2080917358398437,0.015600000000000001,0.14564056396484373,250,1007.0,368.0,214.0,1.0
713,Spotlight,0.0,0.3299713134765625,0.05,0.27865600585937494,50,1007.0,368.0,214.0,1.0
752,Spotify Helper,0.0,0.1169204711914062,0.015600000000000001,0.14564056396484373,250,1007.0,368.0,214.0,1.0
755,Grammarly Desktop,0.1,0.7711410522460938,0.524,0.7150344848632812,50,1007.0,368.0,214.0,1.0
768,Spotify Helper (Renderer),0.0,0.5670547485351562,0.044000000000000004,0.4534873962402344,50,1007.0,368.0,214.0,1.0
772,com.apple.WebKit.GPU,0.0,0.0507354736328125,0.102,0.09322547912597655,100,1007.0,368.0,214.0,1.0
774,com.apple.WebKit.WebContent,0.0,0.0186920166015625,0.2837142857142857,0.5284216744559151,350,1007.0,368.0,214.0,1.0
776,com.apple.WebKit.Networking,0.0,0.1338958740234375,0.4,0.16855621337890622,100,1007.0,368.0,214.0,1.0
792,commerce,0.0,0.0902175903320312,0.0,0.08901596069335932,50,1007.0,368.0,214.0,1.0
857,Grammarly Desktop Update Service,0.0,0.1270294189453125,0.006000000000000001,0.11079406738281246,50,1007.0,368.0,214.0,1.0
873,mdbulkimport,0.0,0.0713348388671875,0.0,0.07133102416992188,50,1007.0,368.0,214.0,1.0
898,OneDrive Sync Service,0.0,0.2401351928710937,0.004,0.21224594116210935,50,1007.0,368.0,214.0,1.0
913,app_inkwell,0.0,0.30670166015625,0.94,0.29593276977539057,50,1007.0,368.0,214.0,1.0
748,Spotify Helper,0.0,0.3177642822265625,0.015600000000000001,0.14564056396484373,250,1007.0,368.0,214.0,1.0
9095,calaccessd,0.0,0.1592636108398437,0.002,0.15127944946289057,50,1007.0,368.0,214.0,1.0
9088,contactsd,0.0,0.1096725463867187,0.008,0.09849548339843746,50,1007.0,368.0,214.0,1.0
9086,knowledge-agent,0.0,0.1394271850585937,0.004,0.13211822509765622,50,1007.0,368.0,214.0,1.0
9069,searchpartyuseragent,0.0,0.1361846923828125,0.002,0.13115692138671872,50,1007.0,368.0,214.0,1.0
9000,PowerChime,0.0,0.145721435546875,0.008,0.14000701904296872,50,1007.0,368.0,214.0,1.0
9049,tccd,0.0,0.1104354858398437,0.0,0.10362243652343744,50,1007.0,368.0,214.0,1.0
9040,triald,0.0,0.1466751098632812,0.0,0.12915039062499997,50,1007.0,368.0,214.0,1.0
9032,secinitd,0.0,0.0652313232421875,0.0,0.06522750854492188,50,1007.0,368.0,214.0,1.0
9101,bird,0.0,0.1279830932617187,0.04800000000000001,0.12118530273437494,50,1007.0,368.0,214.0,1.0
9053,cloudd,0.0,0.2231597900390625,0.016,0.2035255432128906,50,1007.0,368.0,214.0,1.0
9134,ScreenTimeAgent,0.0,0.1127243041992187,0.0,0.10361862182617183,50,1007.0,368.0,214.0,1.0
9556,syncdefaultsd,0.0,0.1255035400390625,0.006000000000000001,0.11057662963867186,50,1007.0,368.0,214.0,1.0
9205,IntelligencePlatformComputeService,0.0,0.0879287719726562,0.0,0.0879287719726562,50,1007.0,368.0,214.0,1.0
9223,mapssyncd,0.0,0.0917434692382812,0.0,0.09173965454101557,50,1007.0,368.0,214.0,1.0
9271,mdwrite,0.0,0.0329971313476562,0.0,0.032993316650390576,50,1007.0,368.0,214.0,1.0
9272,mbuseragent,0.0,0.0368118286132812,0.0,0.036808013916015576,50,1007.0,368.0,214.0,1.0
9572,proactived,0.0,0.1264572143554687,0.02,0.1299476623535156,50,1007.0,368.0,214.0,1.0
9575,akd,0.0,0.2225875854492187,0.002,0.2174873352050781,50,1007.0,368.0,214.0,1.0
9577,CloudTelemetryService,0.0,0.07781982421875,0.0,0.06444135050135331,127,1007.0,368.0,214.0,1.0
9649,suggestd,0.0,0.1623153686523437,0.002,0.15771484374999997,50,1007.0,368.0,214.0,1.0
9681,AppleSpell,0.0,0.1420974731445312,0.0,0.13717651367187494,50,1007.0,368.0,214.0,1.0
9682,keyboardservicesd,0.0,0.0919342041015625,0.0,0.0876617431640625,50,1007.0,368.0,214.0,1.0
9138,siriactionsd,0.0,0.1605987548828125,0.004,0.14521408081054685,50,1007.0,368.0,214.0,1.0
8666,Google Chrome Helper (Renderer),0.0,0.3114700317382812,0.647816091954023,1.1122661897505837,435,1007.0,368.0,214.0,1.0
2913,Code Helper,0.3,0.5908966064453125,0.32371428571428573,0.48915318080357145,350,1007.0,368.0,214.0,1.0
8396,audioaccessoryd,0.0,0.1176834106445312,0.0,0.10800170898437496,50,1007.0,368.0,214.0,1.0
9742,promotedcontentd,0.0,0.1224517822265625,0.002,0.11449813842773438,50,1007.0,368.0,214.0,1.0
3033,Code Helper,0.0,0.42572021484375,0.32371428571428573,0.48915318080357145,350,1007.0,368.0,214.0,1.0
3034,Code Helper (Plugin),0.1,1.4291763305664062,0.041,0.5363956451416015,500,1007.0,368.0,214.0,1.0
3045,Code Helper (Plugin),0.0,0.2725601196289062,0.041,0.5363956451416015,500,1007.0,368.0,214.0,1.0
3063,zsh,0.0,0.0047683715820312,0.0,0.009178644112447462,253,1007.0,368.0,214.0,1.0
4030,pet,0.0,0.0217437744140625,0.02,0.02233123779296875,50,1007.0,368.0,214.0,1.0
4037,zsh,0.0,0.0043869018554687,0.0,0.009178644112447462,253,1007.0,368.0,214.0,1.0
4143,Code Helper (Plugin),0.0,0.2117156982421875,0.041,0.5363956451416015,500,1007.0,368.0,214.0,1.0
4194,Code Helper (Plugin),0.0,0.8092880249023438,0.041,0.5363956451416015,500,1007.0,368.0,214.0,1.0
5379,Code Helper (Plugin),0.0,0.2336502075195312,0.041,0.5363956451416015,500,1007.0,368.0,214.0,1.0
5384,zsh,0.0,0.0043869018554687,0.0,0.009178644112447462,253,1007.0,368.0,214.0,1.0
8410,routined,0.0,0.2063751220703125,0.034,0.19092559814453122,50,1007.0,368.0,214.0,1.0
5761,zsh,0.0,0.0131607055664062,0.0,0.009178644112447462,253,1007.0,368.0,214.0,1.0
8323,Google Chrome Helper (Renderer),0.0,0.6616592407226562,0.647816091954023,1.1122661897505837,435,1007.0,368.0,214.0,1.0
8324,Google Chrome Helper (Renderer),0.0,0.272369384765625,0.647816091954023,1.1122661897505837,435,1007.0,368.0,214.0,1.0
8325,Google Chrome Helper (Renderer),0.0,0.3696441650390625,0.647816091954023,1.1122661897505837,435,1007.0,368.0,214.0,1.0
8326,chronod,0.0,0.1619338989257812,0.01,0.15725708007812497,50,1007.0,368.0,214.0,1.0
8328,Google Chrome Helper (Renderer),0.0,0.5239486694335938,0.647816091954023,1.1122661897505837,435,1007.0,368.0,214.0,1.0
8335,WorldClockWidget,0.0,0.2202987670898437,0.0,0.22029876708984367,50,1007.0,368.0,214.0,1.0
8336,CalendarWidgetExtension,0.0,0.1031875610351562,0.0,0.1031875610351562,50,1007.0,368.0,214.0,1.0
8337,WeatherWidget,0.0,0.36163330078125,0.0,0.3655509948730469,50,1007.0,368.0,214.0,1.0
8339,StocksWidget,0.0,0.3248214721679687,0.0,0.3267478942871093,50,1007.0,368.0,214.0,1.0
8340,ScreenTimeWidgetExtension,0.0,0.3332138061523437,0.0,0.3311538696289062,50,1007.0,368.0,214.0,1.0
8351,Google Chrome Helper,0.0,0.1932144165039062,0.6,0.42389755249023436,250,1007.0,368.0,214.0,1.0
6986,accountsd,0.0,0.2061843872070312,0.0,0.1851234436035156,50,1007.0,368.0,214.0,1.0
9754,ctkd,0.0,0.0896453857421875,0.0,0.08569717407226562,50,1007.0,368.0,214.0,1.0
10127,BiomeSELFIngestor,0.0,0.0879287719726562,0.0,0.0879287719726562,50,1007.0,368.0,214.0,1.0
9829,transparencyd,0.0,0.2246856689453125,0.018000000000000002,0.21265792846679685,50,1007.0,368.0,214.0,1.0
10213,Code Helper (Plugin),0.0,0.5010604858398438,0.041,0.5363956451416015,500,1007.0,368.0,214.0,1.0
10215,Code Helper (Plugin),0.0,0.4611968994140625,0.041,0.5363956451416015,500,1007.0,368.0,214.0,1.0
10481,Google Chrome Helper (Renderer),0.0,1.009368896484375,0.647816091954023,1.1122661897505837,435,1007.0,368.0,214.0,1.0
10490,talagentd,0.0,0.1478195190429687,0.002,0.14520263671874997,50,1007.0,368.0,214.0,1.0
10558,pbs,0.0,0.031280517578125,0.002,0.031276702880859375,50,1007.0,368.0,214.0,1.0
11204,MTLCompilerService,0.0,0.0333786010742187,0.0,0.03340148925781246,50,1007.0,368.0,214.0,1.0
11684,mlhostd,0.0,0.1436233520507812,0.0,0.14452743530273432,50,1007.0,368.0,214.0,1.0
12774,businessservicesd,0.0,0.0812530517578125,0.0,0.081024169921875,50,1007.0,368.0,214.0,1.0
12775,MessagesBlastDoorService,0.0,0.0579833984375,0.0,0.05239105224609375,50,1007.0,368.0,214.0,1.0
12776,feedbackd,0.0,0.0789642333984375,0.0,0.078704833984375,50,1007.0,368.0,214.0,1.0
12777,ProtectedCloudKeySyncing,0.0,0.1003265380859375,0.0,0.09304428100585938,50,1007.0,368.0,214.0,1.0
12779,gamecontrolleragentd,0.0,0.0598907470703125,0.002,0.060253143310546854,50,1007.0,368.0,214.0,1.0
12806,python3.12,0.8,0.1764297485351562,0.46153846153846156,0.1703031770475618,91,1007.0,368.0,214.0,1.0
12815,zsh,0.0,0.0156402587890625,0.0,0.009178644112447462,253,1007.0,368.0,214.0,1.0
12959,ndoagent,0.0,0.0753402709960937,0.0,0.0754165649414062,50,1007.0,368.0,214.0,1.0
12963,replayd,0.0,0.2185821533203125,0.0,0.21639064866669325,49,1007.0,368.0,214.0,1.0
13000,python3.12,0.0,0.1708984375,0.46153846153846156,0.1703031770475618,91,1007.0,368.0,214.0,1.0
13021,mdworker_shared,0.0,0.2168655395507812,0.02153846153846154,0.19098232953976357,195,1007.0,368.0,214.0,1.0
13025,com.apple.siri.embeddedspeech,0.0,0.1468658447265625,0.03142857142857143,0.17331804547991067,35,1007.0,368.0,214.0,1.0
13026,biomesyncd,0.0,0.1169204711914062,0.0,0.12089014053344724,16,1007.0,368.0,214.0,1.0
13036,CommCenter,0.0,0.3389358520507812,0.006000000000000001,0.23591232299804685,50,1007.0,368.0,214.0,1.0
13037,CoreLocationAgent,0.0,0.5580902099609375,0.00425531914893617,0.4036964254176363,47,1007.0,368.0,214.0,1.0
2880,Code Helper,0.0,0.1604080200195312,0.32371428571428573,0.48915318080357145,350,1007.0,368.0,214.0,1.0
10212,Code Helper (Plugin),0.0,0.49896240234375,0.041,0.5363956451416015,500,1007.0,368.0,214.0,1.0
9762,coreauthd,0.0,0.0980377197265625,0.0,0.09390640258789058,50,1007.0,368.0,214.0,1.0
10211,Code Helper (Plugin),0.0,0.46234130859375,0.041,0.5363956451416015,500,1007.0,368.0,214.0,1.0
10204,CoreServicesUIAgent,0.0,0.1972198486328125,0.004,0.19499969482421872,50,1007.0,368.0,214.0,1.0
9845,intelligentroutingd,0.0,0.0883102416992187,0.0,0.0883407592773437,50,1007.0,368.0,214.0,1.0
9847,UIKitSystem,0.0,0.1695632934570312,0.002,0.17118835449218742,50,1007.0,368.0,214.0,1.0
9879,Siri,0.0,0.1535415649414062,0.016,0.1504554748535156,50,1007.0,368.0,214.0,1.0
9888,SiriNCService,0.0,0.1600265502929687,0.008,0.15225982666015622,50,1007.0,368.0,214.0,1.0
9891,AssetCacheLocatorService,0.0,0.0406265258789062,0.0,0.04087829589843746,50,1007.0,368.0,214.0,1.0
9901,pkd,0.0,0.1146316528320312,0.002,0.10622024536132811,50,1007.0,368.0,214.0,1.0
9909,com.apple.geod,0.0,0.09918212890625,0.004,0.09388351440429683,50,1007.0,368.0,214.0,1.0
9946,extensionkitservice,0.0,0.080108642578125,0.0,0.08034324645996094,100,1007.0,368.0,214.0,1.0
9947,networkserviceproxy,0.0,0.1497268676757812,0.0,0.1554603576660156,50,1007.0,368.0,214.0,1.0
9963,swtransparencyd,0.0,0.089263916015625,0.0,0.08174896240234374,50,1007.0,368.0,214.0,1.0
9964,CloudTelemetryService,0.0,0.0783920288085937,0.0,0.06444135050135331,127,1007.0,368.0,214.0,1.0
9982,contentlinkingd,0.0,0.0860214233398437,0.0,0.08146667480468746,50,1007.0,368.0,214.0,1.0
10001,AppPredictionIntentsHelperService,0.0,0.1634597778320312,0.0,0.16557312011718747,50,1007.0,368.0,214.0,1.0
10009,com.apple.accessibility.mediaaccessibilityd,0.0,0.0261306762695312,0.0,0.0261306762695312,50,1007.0,368.0,214.0,1.0
10010,AudioComponentRegistrar,0.0,0.054931640625,0.004,0.04845809936523434,50,1007.0,368.0,214.0,1.0
10015,linkd,0.0,0.0791549682617187,0.0,0.07984924316406244,50,1007.0,368.0,214.0,1.0
10115,iconservicesagent,0.0,0.0902175903320312,0.0,0.0902175903320312,50,1007.0,368.0,214.0,1.0
10121,com.apple.Safari.SafeBrowsing.Service,0.0,0.0743865966796875,0.0,0.07349395751953124,50,1007.0,368.0,214.0,1.0
10122,SAExtensionOrchestrator,0.0,0.1125335693359375,0.0,0.1125335693359375,50,1007.0,368.0,214.0,1.0
10123,extensionkitservice,0.0,0.0789642333984375,0.0,0.08034324645996094,100,1007.0,368.0,214.0,1.0
10124,GMSSELFIngestor,0.0,0.0974655151367187,0.0,0.0974655151367187,50,1007.0,368.0,214.0,1.0
10125,IFTranscriptSELFIngestor,0.0,0.086212158203125,0.0,0.086212158203125,50,1007.0,368.0,214.0,1.0
10126,IFTelemetrySELFIngestor,0.0,0.0825881958007812,0.0,0.0825881958007812,50,1007.0,368.0,214.0,1.0
10209,Code Helper (Plugin),0.0,0.4880905151367187,0.041,0.5363956451416015,500,1007.0,368.0,214.0,1.0
13043,Keychain Circle Notification,0.0,0.2519607543945312,0.044000000000000004,0.18328857421874997,50,1007.0,368.0,214.0,1.0
2878,Code Helper,0.0,0.397491455078125,0.32371428571428573,0.48915318080357145,350,1007.0,368.0,214.0,1.0
2835,Code Helper (Renderer),0.0,3.8404464721679688,3.5780000000000003,3.886066436767578,50,1007.0,368.0,214.0,1.0
608,ViewBridgeAuxiliary,0.0,0.08544921875,0.014000000000000002,0.08618545532226561,50,1007.0,368.0,214.0,1.0
609,identityservicesd,0.0,0.2172470092773437,0.012,0.20082092285156247,50,1007.0,368.0,214.0,1.0
615,corespeechd,0.0,0.2241134643554687,0.09799999999999999,0.18834686279296872,50,1007.0,368.0,214.0,1.0
616,assistantd,0.0,0.295257568359375,0.004,0.23475265502929685,50,1007.0,368.0,214.0,1.0
623,WallpaperImageExtension,0.0,0.0879287719726562,0.0,0.07489013671874994,50,1007.0,368.0,214.0,1.0
639,sharingd,0.0,0.1497268676757812,0.002,0.14010620117187497,50,1007.0,368.0,214.0,1.0
641,usernoted,0.0,0.1813888549804687,0.02,0.15933227539062497,50,1007.0,368.0,214.0,1.0
642,neagent,0.0,0.1068115234375,0.0,0.1076812744140625,50,1007.0,368.0,214.0,1.0
643,useractivityd,0.0,0.084686279296875,0.008,0.08467864990234374,50,1007.0,368.0,214.0,1.0
644,com.apple.dock.extra,0.0,0.1987457275390625,0.048,0.17804336547851562,50,1007.0,368.0,214.0,1.0
646,NotificationCenter,0.0,0.3040313720703125,0.024000000000000004,0.24862670898437497,50,1007.0,368.0,214.0,1.0
649,milod,0.0,0.0820159912109375,0.0,0.08232498168945312,50,1007.0,368.0,214.0,1.0
650,familycircled,0.0,0.0677108764648437,0.0,0.06789016723632807,50,1007.0,368.0,214.0,1.0
651,StatusKitAgent,0.0,0.0787734985351562,0.0,0.07876968383789057,50,1007.0,368.0,214.0,1.0
666,ContextStoreAgent,0.0,0.1657485961914062,0.11199999999999999,0.1729774475097656,50,1007.0,368.0,214.0,1.0
668,BiomeAgent,0.0,0.1407623291015625,0.126,0.1340827941894531,50,1007.0,368.0,214.0,1.0
670,imklaunchagent,0.0,0.0619888305664062,0.0,0.06198501586914058,50,1007.0,368.0,214.0,1.0
673,icdd,0.0,0.0349044799804687,0.0,0.034900665283203076,50,1007.0,368.0,214.0,1.0
680,AirPlayUIAgent,0.0,0.101470947265625,0.004,0.09934997558593746,50,1007.0,368.0,214.0,1.0
683,imagent,0.0,0.1514434814453125,0.008,0.13217163085937497,50,1007.0,368.0,214.0,1.0
685,diagnostics_agent,0.0,0.1028060913085937,0.002,0.09417724609374996,50,1007.0,368.0,214.0,1.0
686,TextInputMenuAgent,0.0,0.1783370971679687,0.008,0.16139221191406247,50,1007.0,368.0,214.0,1.0
688,Grammarly Desktop Helper,0.0,0.1163482666015625,0.002,0.10088729858398436,50,1007.0,368.0,214.0,1.0
606,fontworker,0.0,0.0581741333007812,0.0,0.05817031860351558,50,1007.0,368.0,214.0,1.0
699,com.apple.CloudDocs.iCloudDriveFileProvider,0.0,0.1056671142578125,0.008,0.09911346435546875,50,1007.0,368.0,214.0,1.0
605,ContinuityCaptureAgent,0.0,0.0761032104492187,0.0,0.0761032104492187,50,1007.0,368.0,214.0,1.0
602,fileproviderd,0.2,0.1495361328125,0.21200000000000002,0.1446113586425781,50,1007.0,368.0,214.0,1.0
376,loginwindow,0.0,0.3200531005859375,0.008,0.24020385742187497,50,1007.0,368.0,214.0,1.0
543,distnoted,0.1,0.0528335571289062,0.028000000000000004,0.05070495605468747,50,1007.0,368.0,214.0,1.0
544,cfprefsd,0.0,0.0598907470703125,0.066,0.05707931518554685,50,1007.0,368.0,214.0,1.0
549,UserEventAgent,0.0,0.1171112060546875,0.013999999999999999,0.10488891601562496,50,1007.0,368.0,214.0,1.0
553,WindowManager,0.0,0.2443313598632812,0.11200000000000002,0.24517440795898435,50,1007.0,368.0,214.0,1.0
557,universalaccessd,0.0,0.0888824462890625,0.006000000000000001,0.09207916259765624,50,1007.0,368.0,214.0,1.0
559,Dock,0.0,0.2206802368164062,0.076,0.20318603515624997,50,1007.0,368.0,214.0,1.0
560,ControlCenter,0.5,0.4573822021484375,0.5379999999999999,0.41684722900390625,50,1007.0,368.0,214.0,1.0
561,pboard,0.0,0.092315673828125,0.002,0.09132385253906246,50,1007.0,368.0,214.0,1.0
562,SystemUIServer,0.0,0.1501083374023437,0.006,0.13476562499999997,50,1007.0,368.0,214.0,1.0
564,Finder,0.0,0.5313873291015625,0.07400000000000001,0.4227867126464844,50,1007.0,368.0,214.0,1.0
567,lsd,0.0,0.12359619140625,0.012,0.11196517944335933,50,1007.0,368.0,214.0,1.0
568,AXVisualSupportAgent,0.0,0.1794815063476562,0.6920000000000001,0.16974639892578122,50,1007.0,368.0,214.0,1.0
575,rapportd,0.0,0.1361846923828125,0.002,0.1259346008300781,50,1007.0,368.0,214.0,1.0
578,secd,0.0,0.1688003540039062,0.006000000000000001,0.15089416503906247,50,1007.0,368.0,214.0,1.0
580,trustd,0.0,0.1203536987304687,0.04,0.11620330810546871,50,1007.0,368.0,214.0,1.0
583,WallpaperAgent,0.0,0.1865386962890625,0.004,0.1629066467285156,50,1007.0,368.0,214.0,1.0
587,com.apple.hiservices-xpcservice,0.0,0.0368118286132812,0.01,0.03719711303710933,50,1007.0,368.0,214.0,1.0
589,sharedfilelistd,0.0,0.1064300537109375,0.0,0.08721542358398436,50,1007.0,368.0,214.0,1.0
590,containermanagerd,0.0,0.0459671020507812,0.012,0.04875946044921871,50,1007.0,368.0,214.0,1.0
591,usernotificationsd,0.0,0.1050949096679687,0.008,0.09786605834960933,50,1007.0,368.0,214.0,1.0
596,callservicesd,0.0,0.2185821533203125,0.006000000000000001,0.17979049682617185,50,1007.0,368.0,214.0,1.0
600,fontd,0.0,0.0560760498046875,0.002,0.06991577148437499,50,1007.0,368.0,214.0,1.0
604,AMPDeviceDiscoveryAgent,0.0,0.0585556030273437,0.0,0.051746368408203104,50,1007.0,368.0,214.0,1.0
704,ctkahp,0.0,0.037384033203125,0.0,0.037380218505859375,50,1007.0,368.0,214.0,1.0
2852,Code Helper,0.0,0.7211685180664062,0.32371428571428573,0.48915318080357145,350,1007.0,368.0,214.0,1.0
709,nsurlsessiond,0.0,0.1312255859375,0.032,0.1256752014160156,50,1007.0,368.0,214.0,1.0
926,peopled,0.0,0.086212158203125,0.0,0.08623886108398438,50,1007.0,368.0,214.0,1.0
930,com.apple.WebKit.WebContent,0.0,0.3229141235351562,0.2837142857142857,0.5284216744559151,350,1007.0,368.0,214.0,1.0
931,com.apple.WebKit.WebContent,0.0,0.6578445434570312,0.2837142857142857,0.5284216744559151,350,1007.0,368.0,214.0,1.0
932,com.apple.WebKit.WebContent,0.1,1.4089584350585938,0.2837142857142857,0.5284216744559151,350,1007.0,368.0,214.0,1.0
957,Google Chrome,0.1,2.2693634033203125,1.324,2.2691001892089844,50,1007.0,368.0,214.0,1.0
960,chrome_crashpad_handler,0.0,0.0188827514648437,0.0,0.019365310668945288,100,1007.0,368.0,214.0,1.0
961,voicebankingd,0.0,0.0722885131835937,0.0,0.07259750366210932,50,1007.0,368.0,214.0,1.0
963,Google Chrome Helper,1.2,0.920867919921875,0.6,0.42389755249023436,250,1007.0,368.0,214.0,1.0
964,Google Chrome Helper,0.0,0.6927490234375,0.6,0.42389755249023436,250,1007.0,368.0,214.0,1.0
707,WiFiAgent,0.0,0.1689910888671875,0.114,0.16522979736328122,50,1007.0,368.0,214.0,1.0
1015,Google Chrome Helper,0.0,0.1676559448242187,0.6,0.42389755249023436,250,1007.0,368.0,214.0,1.0
1052,spotlightknowledged,0.0,0.0352859497070312,0.0,0.04377672749180943,62,1007.0,368.0,214.0,1.0
1191,storeaccountd,0.0,0.0658035278320312,0.0,0.06579971313476557,50,1007.0,368.0,214.0,1.0
1474,IMAutomaticHistoryDeletionAgent,0.0,0.092315673828125,0.0,0.08300018310546874,50,1007.0,368.0,214.0,1.0
1718,ServiceExtension,0.0,0.142669677734375,0.0,0.142669677734375,50,1007.0,368.0,214.0,1.0
2095,com.apple.WebKit.WebContent,0.0,0.3103256225585937,0.2837142857142857,0.5284216744559151,350,1007.0,368.0,214.0,1.0
2096,com.apple.WebKit.WebContent,0.0,0.366973876953125,0.2837142857142857,0.5284216744559151,350,1007.0,368.0,214.0,1.0
2641,Google Chrome Helper (Renderer),0.0,0.6361007690429688,0.647816091954023,1.1122661897505837,435,1007.0,368.0,214.0,1.0
2672,Google Chrome Helper (Renderer),4.3,5.73883056640625,0.647816091954023,1.1122661897505837,435,1007.0,368.0,214.0,1.0
2826,Code,0.0,1.2393951416015625,1.3619999999999999,1.3807182312011719,50,1007.0,368.0,214.0,1.0
2832,chrome_crashpad_handler,0.0,0.0194549560546875,0.0,0.019365310668945288,100,1007.0,368.0,214.0,1.0
2833,Code Helper,0.0,0.592803955078125,0.32371428571428573,0.48915318080357145,350,1007.0,368.0,214.0,1.0
2834,Code Helper,0.0,0.3587722778320312,0.32371428571428573,0.48915318080357145,350,1007.0,368.0,214.0,1.0
921,Spotify Helper,0.0,0.1043319702148437,0.015600000000000001,0.14564056396484373,250,1007.0,368.0,214.0,1.0
919,com.apple.WebKit.Networking,0.0,0.2458572387695312,0.4,0.16855621337890622,100,1007.0,368.0,214.0,1.0
966,Google Chrome Helper,0.0,0.215911865234375,0.6,0.42389755249023436,250,1007.0,368.0,214.0,1.0
916,com.apple.WebKit.WebContent,0.0,0.8237838745117188,0.2837142857142857,0.5284216744559151,350,1007.0,368.0,214.0,1.0
918,com.apple.WebKit.GPU,0.0,0.157928466796875,0.102,0.09322547912597655,100,1007.0,368.0,214.0,1.0
714,CursorUIViewService,0.0,0.1630783081054687,0.07400000000000001,0.15747833251953122,50,1007.0,368.0,214.0,1.0
716,PAH_Extension,0.0,0.1148223876953125,0.014000000000000002,0.11199188232421874,50,1007.0,368.0,214.0,1.0
717,OneDrive,0.0,0.4243850708007812,0.032,0.36077880859375,50,1007.0,368.0,214.0,1.0
718,corespotlightd,0.0,0.148773193359375,0.012,0.15357208251953122,50,1007.0,368.0,214.0,1.0
722,duetexpertd,0.0,0.2471923828125,0.09,0.26060485839843744,50,1007.0,368.0,214.0,1.0
730,Spotify,0.2,1.2025833129882812,0.5479999999999999,1.0496597290039062,50,1007.0,368.0,214.0,1.0
733,homed,0.0,0.1438140869140625,0.0,0.1302070617675781,50,1007.0,368.0,214.0,1.0
734,mediaremoteagent,0.0,0.0232696533203125,0.0,0.0232696533203125,50,1007.0,368.0,214.0,1.0
740,Spotify Helper,0.0,0.0452041625976562,0.015600000000000001,0.14564056396484373,250,1007.0,368.0,214.0,1.0
741,avconferenced,0.0,0.067901611328125,0.0,0.06789779663085938,50,1007.0,368.0,214.0,1.0
747,Spotify Helper,0.0,0.2080917358398437,0.015600000000000001,0.14564056396484373,250,1007.0,368.0,214.0,1.0
713,Spotlight,0.0,0.3299713134765625,0.05,0.27865600585937494,50,1007.0,368.0,214.0,1.0
752,Spotify Helper,0.0,0.1169204711914062,0.015600000000000001,0.14564056396484373,250,1007.0,368.0,214.0,1.0
755,Grammarly Desktop,0.2,0.7711410522460938,0.524,0.7150344848632812,50,1007.0,368.0,214.0,1.0
768,Spotify Helper (Renderer),0.0,0.5670547485351562,0.044000000000000004,0.4534873962402344,50,1007.0,368.0,214.0,1.0
772,com.apple.WebKit.GPU,0.0,0.0507354736328125,0.102,0.09322547912597655,100,1007.0,368.0,214.0,1.0
774,com.apple.WebKit.WebContent,0.0,0.0186920166015625,0.2837142857142857,0.5284216744559151,350,1007.0,368.0,214.0,1.0
776,com.apple.WebKit.Networking,0.0,0.1338958740234375,0.4,0.16855621337890622,100,1007.0,368.0,214.0,1.0
792,commerce,0.0,0.0902175903320312,0.0,0.08901596069335932,50,1007.0,368.0,214.0,1.0
857,Grammarly Desktop Update Service,0.0,0.1270294189453125,0.006000000000000001,0.11079406738281246,50,1007.0,368.0,214.0,1.0
873,mdbulkimport,0.0,0.0713348388671875,0.0,0.07133102416992188,50,1007.0,368.0,214.0,1.0
898,OneDrive Sync Service,0.0,0.2407073974609375,0.004,0.21224594116210935,50,1007.0,368.0,214.0,1.0
913,app_inkwell,0.0,0.30670166015625,0.94,0.29593276977539057,50,1007.0,368.0,214.0,1.0
748,Spotify Helper,0.0,0.3177642822265625,0.015600000000000001,0.14564056396484373,250,1007.0,368.0,214.0,1.0
9095,calaccessd,0.0,0.1592636108398437,0.002,0.15127944946289057,50,1007.0,372.0,218.0,1.0
9088,contactsd,0.0,0.1096725463867187,0.008,0.09849548339843746,50,1007.0,372.0,218.0,1.0
9086,knowledge-agent,0.0,0.1394271850585937,0.004,0.13211822509765622,50,1007.0,372.0,218.0,1.0
9069,searchpartyuseragent,0.0,0.1363754272460937,0.002,0.13115692138671872,50,1007.0,372.0,218.0,1.0
9000,PowerChime,0.0,0.145721435546875,0.008,0.14000701904296872,50,1007.0,372.0,218.0,1.0
9049,tccd,0.0,0.1104354858398437,0.0,0.10362243652343744,50,1007.0,372.0,218.0,1.0
9040,triald,0.0,0.1466751098632812,0.0,0.12915039062499997,50,1007.0,372.0,218.0,1.0
9032,secinitd,0.0,0.0652313232421875,0.0,0.06522750854492188,50,1007.0,372.0,218.0,1.0
9101,bird,0.0,0.1279830932617187,0.04800000000000001,0.12118530273437494,50,1007.0,372.0,218.0,1.0
9053,cloudd,0.0,0.2233505249023437,0.016,0.2035255432128906,50,1007.0,372.0,218.0,1.0
9134,ScreenTimeAgent,0.0,0.1127243041992187,0.0,0.10361862182617183,50,1007.0,372.0,218.0,1.0
9556,syncdefaultsd,0.0,0.1255035400390625,0.006000000000000001,0.11057662963867186,50,1007.0,372.0,218.0,1.0
9205,IntelligencePlatformComputeService,0.0,0.0879287719726562,0.0,0.0879287719726562,50,1007.0,372.0,218.0,1.0
9223,mapssyncd,0.0,0.0917434692382812,0.0,0.09173965454101557,50,1007.0,372.0,218.0,1.0
9271,mdwrite,0.0,0.0329971313476562,0.0,0.032993316650390576,50,1007.0,372.0,218.0,1.0
9272,mbuseragent,0.0,0.0368118286132812,0.0,0.036808013916015576,50,1007.0,372.0,218.0,1.0
9572,proactived,0.0,0.1264572143554687,0.02,0.1299476623535156,50,1007.0,372.0,218.0,1.0
9575,akd,0.0,0.2225875854492187,0.002,0.2174873352050781,50,1007.0,372.0,218.0,1.0
9577,CloudTelemetryService,0.0,0.07781982421875,0.0,0.06444135050135331,127,1007.0,372.0,218.0,1.0
9649,suggestd,0.0,0.1623153686523437,0.002,0.15771484374999997,50,1007.0,372.0,218.0,1.0
9681,AppleSpell,0.0,0.1420974731445312,0.0,0.13717651367187494,50,1007.0,372.0,218.0,1.0
9682,keyboardservicesd,0.0,0.0919342041015625,0.0,0.0876617431640625,50,1007.0,372.0,218.0,1.0
9138,siriactionsd,0.0,0.1605987548828125,0.004,0.14521408081054685,50,1007.0,372.0,218.0,1.0
8666,Google Chrome Helper (Renderer),0.0,0.3141403198242187,0.647816091954023,1.1122661897505837,435,1007.0,372.0,218.0,1.0
2913,Code Helper,0.3,0.59356689453125,0.32371428571428573,0.48915318080357145,350,1007.0,372.0,218.0,1.0
8396,audioaccessoryd,0.0,0.1176834106445312,0.0,0.10800170898437496,50,1007.0,372.0,218.0,1.0
9742,promotedcontentd,0.0,0.1224517822265625,0.002,0.11449813842773438,50,1007.0,372.0,218.0,1.0
3033,Code Helper,0.0,0.4259109497070312,0.32371428571428573,0.48915318080357145,350,1007.0,372.0,218.0,1.0
3034,Code Helper (Plugin),0.1,1.4291763305664062,0.041,0.5363956451416015,500,1007.0,372.0,218.0,1.0
3045,Code Helper (Plugin),0.0,0.2727508544921875,0.041,0.5363956451416015,500,1007.0,372.0,218.0,1.0
3063,zsh,0.0,0.0047683715820312,0.0,0.009178644112447462,253,1007.0,372.0,218.0,1.0
4030,pet,0.0,0.0217437744140625,0.02,0.02233123779296875,50,1007.0,372.0,218.0,1.0
4037,zsh,0.0,0.0043869018554687,0.0,0.009178644112447462,253,1007.0,372.0,218.0,1.0
4143,Code Helper (Plugin),0.0,0.2117156982421875,0.041,0.5363956451416015,500,1007.0,372.0,218.0,1.0
4194,Code Helper (Plugin),0.0,0.8096694946289062,0.041,0.5363956451416015,500,1007.0,372.0,218.0,1.0
5379,Code Helper (Plugin),0.0,0.2336502075195312,0.041,0.5363956451416015,500,1007.0,372.0,218.0,1.0
5384,zsh,0.0,0.0043869018554687,0.0,0.009178644112447462,253,1007.0,372.0,218.0,1.0
8410,routined,0.0,0.2063751220703125,0.034,0.19092559814453122,50,1007.0,372.0,218.0,1.0
5761,zsh,0.0,0.0131607055664062,0.0,0.009178644112447462,253,1007.0,372.0,218.0,1.0
8323,Google Chrome Helper (Renderer),0.0,0.6616592407226562,0.647816091954023,1.1122661897505837,435,1007.0,372.0,218.0,1.0
8324,Google Chrome Helper (Renderer),0.0,0.273895263671875,0.647816091954023,1.1122661897505837,435,1007.0,372.0,218.0,1.0
8325,Google Chrome Helper (Renderer),0.0,0.3696441650390625,0.647816091954023,1.1122661897505837,435,1007.0,372.0,218.0,1.0
8326,chronod,0.0,0.1619338989257812,0.01,0.15725708007812497,50,1007.0,372.0,218.0,1.0
8328,Google Chrome Helper (Renderer),0.0,0.5239486694335938,0.647816091954023,1.1122661897505837,435,1007.0,372.0,218.0,1.0
8335,WorldClockWidget,0.0,0.2202987670898437,0.0,0.22029876708984367,50,1007.0,372.0,218.0,1.0
8336,CalendarWidgetExtension,0.0,0.1031875610351562,0.0,0.1031875610351562,50,1007.0,372.0,218.0,1.0
8337,WeatherWidget,0.0,0.36163330078125,0.0,0.3655509948730469,50,1007.0,372.0,218.0,1.0
8339,StocksWidget,0.0,0.3248214721679687,0.0,0.3267478942871093,50,1007.0,372.0,218.0,1.0
8340,ScreenTimeWidgetExtension,0.0,0.3332138061523437,0.0,0.3311538696289062,50,1007.0,372.0,218.0,1.0
8351,Google Chrome Helper,0.0,0.1932144165039062,0.6,0.42389755249023436,250,1007.0,372.0,218.0,1.0
6986,accountsd,0.0,0.2061843872070312,0.0,0.1851234436035156,50,1007.0,372.0,218.0,1.0
9754,ctkd,0.0,0.0896453857421875,0.0,0.08569717407226562,50,1007.0,372.0,218.0,1.0
10127,BiomeSELFIngestor,0.0,0.0879287719726562,0.0,0.0879287719726562,50,1007.0,372.0,218.0,1.0
9829,transparencyd,0.0,0.2241134643554687,0.018000000000000002,0.21265792846679685,50,1007.0,372.0,218.0,1.0
10213,Code Helper (Plugin),0.0,0.5010604858398438,0.041,0.5363956451416015,500,1007.0,372.0,218.0,1.0
10215,Code Helper (Plugin),0.0,0.4611968994140625,0.041,0.5363956451416015,500,1007.0,372.0,218.0,1.0
10481,Google Chrome Helper (Renderer),0.0,1.009368896484375,0.647816091954023,1.1122661897505837,435,1007.0,372.0,218.0,1.0
10490,talagentd,0.0,0.1478195190429687,0.002,0.14520263671874997,50,1007.0,372.0,218.0,1.0
10558,pbs,0.0,0.031280517578125,0.002,0.031276702880859375,50,1007.0,372.0,218.0,1.0
11204,MTLCompilerService,0.0,0.0333786010742187,0.0,0.03340148925781246,50,1007.0,372.0,218.0,1.0
11684,mlhostd,0.0,0.1436233520507812,0.0,0.14452743530273432,50,1007.0,372.0,218.0,1.0
12774,businessservicesd,0.0,0.0812530517578125,0.0,0.081024169921875,50,1007.0,372.0,218.0,1.0
12775,MessagesBlastDoorService,0.0,0.0579833984375,0.0,0.05239105224609375,50,1007.0,372.0,218.0,1.0
12776,feedbackd,0.0,0.0789642333984375,0.0,0.078704833984375,50,1007.0,372.0,218.0,1.0
12777,ProtectedCloudKeySyncing,0.0,0.1003265380859375,0.0,0.09304428100585938,50,1007.0,372.0,218.0,1.0
12779,gamecontrolleragentd,0.0,0.0598907470703125,0.002,0.060253143310546854,50,1007.0,372.0,218.0,1.0
12806,python3.12,0.6,0.1764297485351562,0.46153846153846156,0.1703031770475618,91,1007.0,372.0,218.0,1.0
12815,zsh,0.0,0.0156402587890625,0.0,0.009178644112447462,253,1007.0,372.0,218.0,1.0
12959,ndoagent,0.0,0.0753402709960937,0.0,0.0754165649414062,50,1007.0,372.0,218.0,1.0
12963,replayd,0.0,0.2185821533203125,0.0,0.21639064866669325,49,1007.0,372.0,218.0,1.0
13000,python3.12,0.0,0.1708984375,0.46153846153846156,0.1703031770475618,91,1007.0,372.0,218.0,1.0
13025,com.apple.siri.embeddedspeech,0.0,0.1468658447265625,0.03142857142857143,0.17331804547991067,35,1007.0,372.0,218.0,1.0
13026,biomesyncd,0.0,0.1169204711914062,0.0,0.12089014053344724,16,1007.0,372.0,218.0,1.0
13036,CommCenter,0.0,0.3389358520507812,0.006000000000000001,0.23591232299804685,50,1007.0,372.0,218.0,1.0
13037,CoreLocationAgent,0.0,0.5580902099609375,0.00425531914893617,0.4036964254176363,47,1007.0,372.0,218.0,1.0
13043,Keychain Circle Notification,0.0,0.2519607543945312,0.044000000000000004,0.18328857421874997,50,1007.0,372.0,218.0,1.0
2880,Code Helper,0.0,0.1604080200195312,0.32371428571428573,0.48915318080357145,350,1007.0,372.0,218.0,1.0
10212,Code Helper (Plugin),0.0,0.49896240234375,0.041,0.5363956451416015,500,1007.0,372.0,218.0,1.0
9762,coreauthd,0.0,0.0980377197265625,0.0,0.09390640258789058,50,1007.0,372.0,218.0,1.0
10211,Code Helper (Plugin),0.0,0.46234130859375,0.041,0.5363956451416015,500,1007.0,372.0,218.0,1.0
10204,CoreServicesUIAgent,0.0,0.1972198486328125,0.004,0.19499969482421872,50,1007.0,372.0,218.0,1.0
9845,intelligentroutingd,0.0,0.0883102416992187,0.0,0.0883407592773437,50,1007.0,372.0,218.0,1.0
9847,UIKitSystem,0.0,0.1695632934570312,0.002,0.17118835449218742,50,1007.0,372.0,218.0,1.0
9879,Siri,0.0,0.1535415649414062,0.016,0.1504554748535156,50,1007.0,372.0,218.0,1.0
9888,SiriNCService,0.0,0.1600265502929687,0.008,0.15225982666015622,50,1007.0,372.0,218.0,1.0
9891,AssetCacheLocatorService,0.0,0.0406265258789062,0.0,0.04087829589843746,50,1007.0,372.0,218.0,1.0
9901,pkd,0.0,0.1146316528320312,0.002,0.10622024536132811,50,1007.0,372.0,218.0,1.0
9909,com.apple.geod,0.0,0.0989913940429687,0.004,0.09388351440429683,50,1007.0,372.0,218.0,1.0
9946,extensionkitservice,0.0,0.080108642578125,0.0,0.08034324645996094,100,1007.0,372.0,218.0,1.0
9947,networkserviceproxy,0.0,0.1497268676757812,0.0,0.1554603576660156,50,1007.0,372.0,218.0,1.0
9963,swtransparencyd,0.0,0.089263916015625,0.0,0.08174896240234374,50,1007.0,372.0,218.0,1.0
9964,CloudTelemetryService,0.0,0.0783920288085937,0.0,0.06444135050135331,127,1007.0,372.0,218.0,1.0
9982,contentlinkingd,0.0,0.0860214233398437,0.0,0.08146667480468746,50,1007.0,372.0,218.0,1.0
10001,AppPredictionIntentsHelperService,0.0,0.1634597778320312,0.0,0.16557312011718747,50,1007.0,372.0,218.0,1.0
10009,com.apple.accessibility.mediaaccessibilityd,0.0,0.0261306762695312,0.0,0.0261306762695312,50,1007.0,372.0,218.0,1.0
10010,AudioComponentRegistrar,0.0,0.054931640625,0.004,0.04845809936523434,50,1007.0,372.0,218.0,1.0
10015,linkd,0.0,0.0791549682617187,0.0,0.07984924316406244,50,1007.0,372.0,218.0,1.0
10115,iconservicesagent,0.0,0.0902175903320312,0.0,0.0902175903320312,50,1007.0,372.0,218.0,1.0
10121,com.apple.Safari.SafeBrowsing.Service,0.0,0.0743865966796875,0.0,0.07349395751953124,50,1007.0,372.0,218.0,1.0
10122,SAExtensionOrchestrator,0.0,0.1125335693359375,0.0,0.1125335693359375,50,1007.0,372.0,218.0,1.0
10123,extensionkitservice,0.0,0.0789642333984375,0.0,0.08034324645996094,100,1007.0,372.0,218.0,1.0
10124,GMSSELFIngestor,0.0,0.0974655151367187,0.0,0.0974655151367187,50,1007.0,372.0,218.0,1.0
10125,IFTranscriptSELFIngestor,0.0,0.086212158203125,0.0,0.086212158203125,50,1007.0,372.0,218.0,1.0
10126,IFTelemetrySELFIngestor,0.0,0.0825881958007812,0.0,0.0825881958007812,50,1007.0,372.0,218.0,1.0
10209,Code Helper (Plugin),0.0,0.4880905151367187,0.041,0.5363956451416015,500,1007.0,372.0,218.0,1.0
13070,Google Chrome Helper (Renderer),0.0,1.4553070068359375,0.647816091954023,1.1122661897505837,435,1007.0,372.0,218.0,1.0
2878,Code Helper,0.0,0.397491455078125,0.32371428571428573,0.48915318080357145,350,1007.0,372.0,218.0,1.0
2835,Code Helper (Renderer),0.0,3.842735290527344,3.5780000000000003,3.886066436767578,50,1007.0,372.0,218.0,1.0
608,ViewBridgeAuxiliary,0.0,0.08544921875,0.014000000000000002,0.08618545532226561,50,1007.0,372.0,218.0,1.0
609,identityservicesd,0.0,0.2172470092773437,0.012,0.20082092285156247,50,1007.0,372.0,218.0,1.0
615,corespeechd,0.0,0.2241134643554687,0.09799999999999999,0.18834686279296872,50,1007.0,372.0,218.0,1.0
616,assistantd,0.0,0.295257568359375,0.004,0.23475265502929685,50,1007.0,372.0,218.0,1.0
623,WallpaperImageExtension,0.0,0.0879287719726562,0.0,0.07489013671874994,50,1007.0,372.0,218.0,1.0
639,sharingd,0.0,0.1497268676757812,0.002,0.14010620117187497,50,1007.0,372.0,218.0,1.0
641,usernoted,0.0,0.1813888549804687,0.02,0.15933227539062497,50,1007.0,372.0,218.0,1.0
642,neagent,0.0,0.1068115234375,0.0,0.1076812744140625,50,1007.0,372.0,218.0,1.0
643,useractivityd,0.0,0.084686279296875,0.008,0.08467864990234374,50,1007.0,372.0,218.0,1.0
644,com.apple.dock.extra,1.7,0.1987457275390625,0.048,0.17804336547851562,50,1007.0,372.0,218.0,1.0
646,NotificationCenter,0.0,0.3040313720703125,0.024000000000000004,0.24862670898437497,50,1007.0,372.0,218.0,1.0
649,milod,0.0,0.0820159912109375,0.0,0.08232498168945312,50,1007.0,372.0,218.0,1.0
650,familycircled,0.0,0.0677108764648437,0.0,0.06789016723632807,50,1007.0,372.0,218.0,1.0
651,StatusKitAgent,0.0,0.0787734985351562,0.0,0.07876968383789057,50,1007.0,372.0,218.0,1.0
666,ContextStoreAgent,0.0,0.1657485961914062,0.11199999999999999,0.1729774475097656,50,1007.0,372.0,218.0,1.0
668,BiomeAgent,0.0,0.1407623291015625,0.126,0.1340827941894531,50,1007.0,372.0,218.0,1.0
670,imklaunchagent,0.0,0.0619888305664062,0.0,0.06198501586914058,50,1007.0,372.0,218.0,1.0
673,icdd,0.0,0.0349044799804687,0.0,0.034900665283203076,50,1007.0,372.0,218.0,1.0
680,AirPlayUIAgent,0.0,0.101470947265625,0.004,0.09934997558593746,50,1007.0,372.0,218.0,1.0
683,imagent,0.0,0.15106201171875,0.008,0.13217163085937497,50,1007.0,372.0,218.0,1.0
685,diagnostics_agent,0.0,0.1028060913085937,0.002,0.09417724609374996,50,1007.0,372.0,218.0,1.0
686,TextInputMenuAgent,0.0,0.1783370971679687,0.008,0.16139221191406247,50,1007.0,372.0,218.0,1.0
688,Grammarly Desktop Helper,0.0,0.1163482666015625,0.002,0.10088729858398436,50,1007.0,372.0,218.0,1.0
605,ContinuityCaptureAgent,0.0,0.0761032104492187,0.0,0.0761032104492187,50,1007.0,372.0,218.0,1.0
699,com.apple.CloudDocs.iCloudDriveFileProvider,0.0,0.1056671142578125,0.008,0.09911346435546875,50,1007.0,372.0,218.0,1.0
604,AMPDeviceDiscoveryAgent,0.0,0.0585556030273437,0.0,0.051746368408203104,50,1007.0,372.0,218.0,1.0
600,fontd,0.0,0.0986099243164062,0.002,0.06991577148437499,50,1007.0,372.0,218.0,1.0
2852,Code Helper,0.0,0.7211685180664062,0.32371428571428573,0.48915318080357145,350,1007.0,372.0,218.0,1.0
376,loginwindow,0.0,0.3200531005859375,0.008,0.24020385742187497,50,1007.0,372.0,218.0,1.0
543,distnoted,0.0,0.0528335571289062,0.028000000000000004,0.05070495605468747,50,1007.0,372.0,218.0,1.0
544,cfprefsd,0.6,0.0598907470703125,0.066,0.05707931518554685,50,1007.0,372.0,218.0,1.0
549,UserEventAgent,0.0,0.1171112060546875,0.013999999999999999,0.10488891601562496,50,1007.0,372.0,218.0,1.0
553,WindowManager,0.0,0.2443313598632812,0.11200000000000002,0.24517440795898435,50,1007.0,372.0,218.0,1.0
557,universalaccessd,0.0,0.0888824462890625,0.006000000000000001,0.09207916259765624,50,1007.0,372.0,218.0,1.0
559,Dock,0.1,0.2206802368164062,0.076,0.20318603515624997,50,1007.0,372.0,218.0,1.0
560,ControlCenter,0.5,0.4573822021484375,0.5379999999999999,0.41684722900390625,50,1007.0,372.0,218.0,1.0
561,pboard,0.0,0.092315673828125,0.002,0.09132385253906246,50,1007.0,372.0,218.0,1.0
562,SystemUIServer,0.0,0.1501083374023437,0.006,0.13476562499999997,50,1007.0,372.0,218.0,1.0
564,Finder,0.0,0.5313873291015625,0.07400000000000001,0.4227867126464844,50,1007.0,372.0,218.0,1.0
567,lsd,0.2,0.12359619140625,0.012,0.11196517944335933,50,1007.0,372.0,218.0,1.0
568,AXVisualSupportAgent,0.1,0.1794815063476562,0.6920000000000001,0.16974639892578122,50,1007.0,372.0,218.0,1.0
575,rapportd,0.0,0.1361846923828125,0.002,0.1259346008300781,50,1007.0,372.0,218.0,1.0
578,secd,0.0,0.1688003540039062,0.006000000000000001,0.15089416503906247,50,1007.0,372.0,218.0,1.0
580,trustd,0.0,0.1203536987304687,0.04,0.11620330810546871,50,1007.0,372.0,218.0,1.0
583,WallpaperAgent,0.0,0.1865386962890625,0.004,0.1629066467285156,50,1007.0,372.0,218.0,1.0
587,com.apple.hiservices-xpcservice,0.0,0.0368118286132812,0.01,0.03719711303710933,50,1007.0,372.0,218.0,1.0
589,sharedfilelistd,0.0,0.1064300537109375,0.0,0.08721542358398436,50,1007.0,372.0,218.0,1.0
590,containermanagerd,0.0,0.0459671020507812,0.012,0.04875946044921871,50,1007.0,372.0,218.0,1.0
591,usernotificationsd,0.0,0.1050949096679687,0.008,0.09786605834960933,50,1007.0,372.0,218.0,1.0
596,callservicesd,0.0,0.2185821533203125,0.006000000000000001,0.17979049682617185,50,1007.0,372.0,218.0,1.0
602,fileproviderd,0.2,0.1495361328125,0.21200000000000002,0.1446113586425781,50,1007.0,372.0,218.0,1.0
704,ctkahp,0.0,0.037384033203125,0.0,0.037380218505859375,50,1007.0,372.0,218.0,1.0
606,fontworker,0.0,0.0581741333007812,0.0,0.05817031860351558,50,1007.0,372.0,218.0,1.0
709,nsurlsessiond,0.0,0.1308441162109375,0.032,0.1256752014160156,50,1007.0,372.0,218.0,1.0
921,Spotify Helper,0.0,0.1043319702148437,0.015600000000000001,0.14564056396484373,250,1007.0,372.0,218.0,1.0
926,peopled,0.0,0.086212158203125,0.0,0.08623886108398438,50,1007.0,372.0,218.0,1.0
930,com.apple.WebKit.WebContent,0.0,0.3229141235351562,0.2837142857142857,0.5284216744559151,350,1007.0,372.0,218.0,1.0
931,com.apple.WebKit.WebContent,0.0,0.6578445434570312,0.2837142857142857,0.5284216744559151,350,1007.0,372.0,218.0,1.0
932,com.apple.WebKit.WebContent,0.1,1.4089584350585938,0.2837142857142857,0.5284216744559151,350,1007.0,372.0,218.0,1.0
957,Google Chrome,0.2,2.4057388305664062,1.324,2.2691001892089844,50,1007.0,372.0,218.0,1.0
960,chrome_crashpad_handler,0.0,0.0188827514648437,0.0,0.019365310668945288,100,1007.0,372.0,218.0,1.0
961,voicebankingd,0.0,0.0722885131835937,0.0,0.07259750366210932,50,1007.0,372.0,218.0,1.0
963,Google Chrome Helper,1.2,0.9263992309570312,0.6,0.42389755249023436,250,1007.0,372.0,218.0,1.0
966,Google Chrome Helper,0.0,0.2164840698242187,0.6,0.42389755249023436,250,1007.0,372.0,218.0,1.0
1015,Google Chrome Helper,0.0,0.1676559448242187,0.6,0.42389755249023436,250,1007.0,372.0,218.0,1.0
919,com.apple.WebKit.Networking,0.0,0.2447128295898437,0.4,0.16855621337890622,100,1007.0,372.0,218.0,1.0
1052,spotlightknowledged,0.0,0.0352859497070312,0.0,0.04377672749180943,62,1007.0,372.0,218.0,1.0
1474,IMAutomaticHistoryDeletionAgent,0.0,0.092315673828125,0.0,0.08300018310546874,50,1007.0,372.0,218.0,1.0
1718,ServiceExtension,0.0,0.142669677734375,0.0,0.142669677734375,50,1007.0,372.0,218.0,1.0
2095,com.apple.WebKit.WebContent,0.0,0.3103256225585937,0.2837142857142857,0.5284216744559151,350,1007.0,372.0,218.0,1.0
2096,com.apple.WebKit.WebContent,0.0,0.366973876953125,0.2837142857142857,0.5284216744559151,350,1007.0,372.0,218.0,1.0
2641,Google Chrome Helper (Renderer),0.0,0.6361007690429688,0.647816091954023,1.1122661897505837,435,1007.0,372.0,218.0,1.0
2672,Google Chrome Helper (Renderer),4.7,5.73883056640625,0.647816091954023,1.1122661897505837,435,1007.0,372.0,218.0,1.0
2826,Code,0.0,1.2409210205078125,1.3619999999999999,1.3807182312011719,50,1007.0,372.0,218.0,1.0
2832,chrome_crashpad_handler,0.0,0.0194549560546875,0.0,0.019365310668945288,100,1007.0,372.0,218.0,1.0
2833,Code Helper,0.0,0.592803955078125,0.32371428571428573,0.48915318080357145,350,1007.0,372.0,218.0,1.0
707,WiFiAgent,0.0,0.1689910888671875,0.114,0.16522979736328122,50,1007.0,372.0,218.0,1.0
2834,Code Helper,0.0,0.3587722778320312,0.32371428571428573,0.48915318080357145,350,1007.0,372.0,218.0,1.0
1191,storeaccountd,0.0,0.0658035278320312,0.0,0.06579971313476557,50,1007.0,372.0,218.0,1.0
918,com.apple.WebKit.GPU,0.0,0.157928466796875,0.102,0.09322547912597655,100,1007.0,372.0,218.0,1.0
964,Google Chrome Helper,0.0,0.6937026977539062,0.6,0.42389755249023436,250,1007.0,372.0,218.0,1.0
714,CursorUIViewService,0.0,0.1630783081054687,0.07400000000000001,0.15747833251953122,50,1007.0,372.0,218.0,1.0
713,Spotlight,0.0,0.3299713134765625,0.05,0.27865600585937494,50,1007.0,372.0,218.0,1.0
916,com.apple.WebKit.WebContent,0.0,0.8235931396484375,0.2837142857142857,0.5284216744559151,350,1007.0,372.0,218.0,1.0
716,PAH_Extension,0.0,0.1148223876953125,0.014000000000000002,0.11199188232421874,50,1007.0,372.0,218.0,1.0
717,OneDrive,0.0,0.4241943359375,0.032,0.36077880859375,50,1007.0,372.0,218.0,1.0
718,corespotlightd,0.0,0.148773193359375,0.012,0.15357208251953122,50,1007.0,372.0,218.0,1.0
722,duetexpertd,0.0,0.2471923828125,0.09,0.26060485839843744,50,1007.0,372.0,218.0,1.0
730,Spotify,0.3,1.2044906616210938,0.5479999999999999,1.0496597290039062,50,1007.0,372.0,218.0,1.0
733,homed,0.0,0.1438140869140625,0.0,0.1302070617675781,50,1007.0,372.0,218.0,1.0
740,Spotify Helper,0.0,0.0452041625976562,0.015600000000000001,0.14564056396484373,250,1007.0,372.0,218.0,1.0
741,avconferenced,0.0,0.067901611328125,0.0,0.06789779663085938,50,1007.0,372.0,218.0,1.0
747,Spotify Helper,0.0,0.208282470703125,0.015600000000000001,0.14564056396484373,250,1007.0,372.0,218.0,1.0
748,Spotify Helper,0.0,0.3177642822265625,0.015600000000000001,0.14564056396484373,250,1007.0,372.0,218.0,1.0
734,mediaremoteagent,0.0,0.0232696533203125,0.0,0.0232696533203125,50,1007.0,372.0,218.0,1.0
755,Grammarly Desktop,0.2,0.7711410522460938,0.524,0.7150344848632812,50,1007.0,372.0,218.0,1.0
913,app_inkwell,0.0,0.3065109252929687,0.94,0.29593276977539057,50,1007.0,372.0,218.0,1.0
752,Spotify Helper,0.0,0.1169204711914062,0.015600000000000001,0.14564056396484373,250,1007.0,372.0,218.0,1.0
873,mdbulkimport,0.0,0.0713348388671875,0.0,0.07133102416992188,50,1007.0,372.0,218.0,1.0
857,Grammarly Desktop Update Service,0.0,0.1264572143554687,0.006000000000000001,0.11079406738281246,50,1007.0,372.0,218.0,1.0
792,commerce,0.0,0.0902175903320312,0.0,0.08901596069335932,50,1007.0,372.0,218.0,1.0
898,OneDrive Sync Service,0.0,0.2407073974609375,0.004,0.21224594116210935,50,1007.0,372.0,218.0,1.0
774,com.apple.WebKit.WebContent,0.0,0.0186920166015625,0.2837142857142857,0.5284216744559151,350,1007.0,372.0,218.0,1.0
772,com.apple.WebKit.GPU,0.0,0.0507354736328125,0.102,0.09322547912597655,100,1007.0,372.0,218.0,1.0
768,Spotify Helper (Renderer),0.0,0.5670547485351562,0.044000000000000004,0.4534873962402344,50,1007.0,372.0,218.0,1.0
776,com.apple.WebKit.Networking,0.0,0.1338958740234375,0.4,0.16855621337890622,100,1007.0,372.0,218.0,1.0
9205,IntelligencePlatformComputeService,0.0,0.0879287719726562,0.0,0.0879287719726562,50,1007.0,372.0,218.0,1.0
9049,tccd,0.0,0.1096725463867187,0.0,0.10362243652343744,50,1007.0,372.0,218.0,1.0
9053,cloudd,0.0,0.2170562744140625,0.016,0.2035255432128906,50,1007.0,372.0,218.0,1.0
9069,searchpartyuseragent,0.0,0.1363754272460937,0.002,0.13115692138671872,50,1007.0,372.0,218.0,1.0
9086,knowledge-agent,0.0,0.1394271850585937,0.004,0.13211822509765622,50,1007.0,372.0,218.0,1.0
9088,contactsd,0.0,0.1092910766601562,0.008,0.09849548339843746,50,1007.0,372.0,218.0,1.0
9095,calaccessd,0.0,0.1592636108398437,0.002,0.15127944946289057,50,1007.0,372.0,218.0,1.0
9101,bird,0.0,0.1279830932617187,0.04800000000000001,0.12118530273437494,50,1007.0,372.0,218.0,1.0
9134,ScreenTimeAgent,0.0,0.1125335693359375,0.0,0.10361862182617183,50,1007.0,372.0,218.0,1.0
9138,siriactionsd,0.0,0.1600265502929687,0.004,0.14521408081054685,50,1007.0,372.0,218.0,1.0
9223,mapssyncd,0.0,0.0917434692382812,0.0,0.09173965454101557,50,1007.0,372.0,218.0,1.0
9762,coreauthd,0.0,0.0980377197265625,0.0,0.09390640258789058,50,1007.0,372.0,218.0,1.0
9272,mbuseragent,0.0,0.0368118286132812,0.0,0.036808013916015576,50,1007.0,372.0,218.0,1.0
9556,syncdefaultsd,0.0,0.1249313354492187,0.006000000000000001,0.11057662963867186,50,1007.0,372.0,218.0,1.0
9572,proactived,0.0,0.125885009765625,0.02,0.1299476623535156,50,1007.0,372.0,218.0,1.0
9575,akd,0.0,0.2223968505859375,0.002,0.2174873352050781,50,1007.0,372.0,218.0,1.0
9577,CloudTelemetryService,0.0,0.07781982421875,0.0,0.06444135050135331,127,1007.0,372.0,218.0,1.0
9649,suggestd,0.0,0.1623153686523437,0.002,0.15771484374999997,50,1007.0,372.0,218.0,1.0
9681,AppleSpell,0.0,0.1420974731445312,0.0,0.13717651367187494,50,1007.0,372.0,218.0,1.0
9682,keyboardservicesd,0.0,0.0919342041015625,0.0,0.0876617431640625,50,1007.0,372.0,218.0,1.0
9742,promotedcontentd,0.0,0.1224517822265625,0.002,0.11449813842773438,50,1007.0,372.0,218.0,1.0
9754,ctkd,0.0,0.0896453857421875,0.0,0.08569717407226562,50,1007.0,372.0,218.0,1.0
9040,triald,0.0,0.1459121704101562,0.0,0.12915039062499997,50,1007.0,372.0,218.0,1.0
9271,mdwrite,0.0,0.0329971313476562,0.0,0.032993316650390576,50,1007.0,372.0,218.0,1.0
9032,secinitd,0.0,0.0652313232421875,0.0,0.06522750854492188,50,1007.0,372.0,218.0,1.0
3034,Code Helper (Plugin),0.1,1.42822265625,0.041,0.5363956451416015,500,1007.0,372.0,218.0,1.0
8666,Google Chrome Helper (Renderer),0.0,0.3141403198242187,0.647816091954023,1.1122661897505837,435,1007.0,372.0,218.0,1.0
9829,transparencyd,0.0,0.22430419921875,0.018000000000000002,0.21265792846679685,50,1007.0,372.0,218.0,1.0
3045,Code Helper (Plugin),0.0,0.2725601196289062,0.041,0.5363956451416015,500,1007.0,372.0,218.0,1.0
3063,zsh,0.0,0.0047683715820312,0.0,0.009178644112447462,253,1007.0,372.0,218.0,1.0
4030,pet,0.0,0.0217437744140625,0.02,0.02233123779296875,50,1007.0,372.0,218.0,1.0
4037,zsh,0.0,0.0043869018554687,0.0,0.009178644112447462,253,1007.0,372.0,218.0,1.0
4143,Code Helper (Plugin),0.0,0.2115249633789062,0.041,0.5363956451416015,500,1007.0,372.0,218.0,1.0
4194,Code Helper (Plugin),0.0,0.8188247680664062,0.041,0.5363956451416015,500,1007.0,372.0,218.0,1.0
5379,Code Helper (Plugin),0.0,0.2336502075195312,0.041,0.5363956451416015,500,1007.0,372.0,218.0,1.0
5384,zsh,0.0,0.0043869018554687,0.0,0.009178644112447462,253,1007.0,372.0,218.0,1.0
5761,zsh,0.0,0.0131607055664062,0.0,0.009178644112447462,253,1007.0,372.0,218.0,1.0
6986,accountsd,0.0,0.201416015625,0.0,0.1851234436035156,50,1007.0,372.0,218.0,1.0
9000,PowerChime,0.0,0.1453399658203125,0.008,0.14000701904296872,50,1007.0,372.0,218.0,1.0
8323,Google Chrome Helper (Renderer),0.0,0.65765380859375,0.647816091954023,1.1122661897505837,435,1007.0,372.0,218.0,1.0
8325,Google Chrome Helper (Renderer),0.0,0.3696441650390625,0.647816091954023,1.1122661897505837,435,1007.0,372.0,218.0,1.0
8326,chronod,0.0,0.1619338989257812,0.01,0.15725708007812497,50,1007.0,372.0,218.0,1.0
8328,Google Chrome Helper (Renderer),0.0,0.524139404296875,0.647816091954023,1.1122661897505837,435,1007.0,372.0,218.0,1.0
8335,WorldClockWidget,0.0,0.2202987670898437,0.0,0.22029876708984367,50,1007.0,372.0,218.0,1.0
8336,CalendarWidgetExtension,0.0,0.1031875610351562,0.0,0.1031875610351562,50,1007.0,372.0,218.0,1.0
8337,WeatherWidget,0.0,0.36163330078125,0.0,0.3655509948730469,50,1007.0,372.0,218.0,1.0
8339,StocksWidget,0.0,0.3248214721679687,0.0,0.3267478942871093,50,1007.0,372.0,218.0,1.0
8340,ScreenTimeWidgetExtension,0.0,0.3332138061523437,0.0,0.3311538696289062,50,1007.0,372.0,218.0,1.0
8351,Google Chrome Helper,0.0,0.19378662109375,0.6,0.42389755249023436,250,1007.0,372.0,218.0,1.0
8396,audioaccessoryd,0.0,0.11749267578125,0.0,0.10800170898437496,50,1007.0,372.0,218.0,1.0
8410,routined,0.0,0.2061843872070312,0.034,0.19092559814453122,50,1007.0,372.0,218.0,1.0
8324,Google Chrome Helper (Renderer),0.0,0.273895263671875,0.647816091954023,1.1122661897505837,435,1007.0,372.0,218.0,1.0
9845,intelligentroutingd,0.0,0.0883102416992187,0.0,0.0883407592773437,50,1007.0,372.0,218.0,1.0
13074,mdworker_shared,0.4,0.3055572509765625,0.02153846153846154,0.19098232953976357,195,1007.0,372.0,218.0,1.0
9879,Siri,0.0,0.1506805419921875,0.016,0.1504554748535156,50,1007.0,372.0,218.0,1.0
10490,talagentd,0.0,0.147247314453125,0.002,0.14520263671874997,50,1007.0,372.0,218.0,1.0
10558,pbs,0.0,0.031280517578125,0.002,0.031276702880859375,50,1007.0,372.0,218.0,1.0
11204,MTLCompilerService,0.0,0.0333786010742187,0.0,0.03340148925781246,50,1007.0,372.0,218.0,1.0
11684,mlhostd,0.0,0.1436233520507812,0.0,0.14452743530273432,50,1007.0,372.0,218.0,1.0
12774,businessservicesd,0.0,0.0812530517578125,0.0,0.081024169921875,50,1007.0,372.0,218.0,1.0
12775,MessagesBlastDoorService,0.0,0.0579833984375,0.0,0.05239105224609375,50,1007.0,372.0,218.0,1.0
12776,feedbackd,0.0,0.0789642333984375,0.0,0.078704833984375,50,1007.0,372.0,218.0,1.0
12777,ProtectedCloudKeySyncing,0.0,0.1003265380859375,0.0,0.09304428100585938,50,1007.0,372.0,218.0,1.0
12779,gamecontrolleragentd,0.0,0.0598907470703125,0.002,0.060253143310546854,50,1007.0,372.0,218.0,1.0
12806,python3.12,0.8,0.173187255859375,0.46153846153846156,0.1703031770475618,91,1007.0,372.0,218.0,1.0
12815,zsh,0.0,0.0156402587890625,0.0,0.009178644112447462,253,1007.0,372.0,218.0,1.0
12959,ndoagent,0.0,0.0753402709960937,0.0,0.0754165649414062,50,1007.0,372.0,218.0,1.0
12963,replayd,0.0,0.2185821533203125,0.0,0.21639064866669325,49,1007.0,372.0,218.0,1.0
13000,python3.12,0.0,0.1708984375,0.46153846153846156,0.1703031770475618,91,1007.0,372.0,218.0,1.0
13025,com.apple.siri.embeddedspeech,0.0,0.1466751098632812,0.03142857142857143,0.17331804547991067,35,1007.0,372.0,218.0,1.0
13036,CommCenter,0.1,0.3061294555664062,0.006000000000000001,0.23591232299804685,50,1007.0,372.0,218.0,1.0
13037,CoreLocationAgent,0.0,0.5113601684570312,0.00425531914893617,0.4036964254176363,47,1007.0,372.0,218.0,1.0
13043,Keychain Circle Notification,0.0,0.2132415771484375,0.044000000000000004,0.18328857421874997,50,1007.0,372.0,218.0,1.0
13070,Google Chrome Helper (Renderer),0.0,1.5062332153320312,0.647816091954023,1.1122661897505837,435,1007.0,372.0,218.0,1.0
13071,mdworker_shared,0.0,0.1646041870117187,0.02153846153846154,0.19098232953976357,195,1007.0,372.0,218.0,1.0
13072,mdworker_shared,0.5,0.1644134521484375,0.02153846153846154,0.19098232953976357,195,1007.0,372.0,218.0,1.0
13073,Google Chrome Helper (Renderer),0.0,2.153968811035156,0.647816091954023,1.1122661897505837,435,1007.0,372.0,218.0,1.0
3033,Code Helper,0.0,0.4259109497070312,0.32371428571428573,0.48915318080357145,350,1007.0,372.0,218.0,1.0
10481,Google Chrome Helper (Renderer),0.2,1.0091781616210938,0.647816091954023,1.1122661897505837,435,1007.0,372.0,218.0,1.0
10215,Code Helper (Plugin),0.0,0.4611968994140625,0.041,0.5363956451416015,500,1007.0,372.0,218.0,1.0
10213,Code Helper (Plugin),0.0,0.5002975463867188,0.041,0.5363956451416015,500,1007.0,372.0,218.0,1.0
10212,Code Helper (Plugin),0.0,0.4985809326171875,0.041,0.5363956451416015,500,1007.0,372.0,218.0,1.0
9888,SiriNCService,0.0,0.1600265502929687,0.008,0.15225982666015622,50,1007.0,372.0,218.0,1.0
9891,AssetCacheLocatorService,0.0,0.0406265258789062,0.0,0.04087829589843746,50,1007.0,372.0,218.0,1.0
9901,pkd,0.0,0.11444091796875,0.002,0.10622024536132811,50,1007.0,372.0,218.0,1.0
9909,com.apple.geod,0.0,0.0989913940429687,0.004,0.09388351440429683,50,1007.0,372.0,218.0,1.0
9946,extensionkitservice,0.0,0.080108642578125,0.0,0.08034324645996094,100,1007.0,372.0,218.0,1.0
9947,networkserviceproxy,0.0,0.1493453979492187,0.0,0.1554603576660156,50,1007.0,372.0,218.0,1.0
9963,swtransparencyd,0.0,0.0890731811523437,0.0,0.08174896240234374,50,1007.0,372.0,218.0,1.0
9964,CloudTelemetryService,0.0,0.0780105590820312,0.0,0.06444135050135331,127,1007.0,372.0,218.0,1.0
9982,contentlinkingd,0.0,0.084686279296875,0.0,0.08146667480468746,50,1007.0,372.0,218.0,1.0
10001,AppPredictionIntentsHelperService,0.0,0.1634597778320312,0.0,0.16557312011718747,50,1007.0,372.0,218.0,1.0
10009,com.apple.accessibility.mediaaccessibilityd,0.0,0.0261306762695312,0.0,0.0261306762695312,50,1007.0,372.0,218.0,1.0
9847,UIKitSystem,0.0,0.1695632934570312,0.002,0.17118835449218742,50,1007.0,372.0,218.0,1.0
10010,AudioComponentRegistrar,0.0,0.0547409057617187,0.004,0.04845809936523434,50,1007.0,372.0,218.0,1.0
10115,iconservicesagent,0.0,0.0902175903320312,0.0,0.0902175903320312,50,1007.0,372.0,218.0,1.0
10121,com.apple.Safari.SafeBrowsing.Service,0.0,0.0743865966796875,0.0,0.07349395751953124,50,1007.0,372.0,218.0,1.0
10122,SAExtensionOrchestrator,0.0,0.1125335693359375,0.0,0.1125335693359375,50,1007.0,372.0,218.0,1.0
10123,extensionkitservice,0.0,0.0789642333984375,0.0,0.08034324645996094,100,1007.0,372.0,218.0,1.0
10124,GMSSELFIngestor,0.0,0.0974655151367187,0.0,0.0974655151367187,50,1007.0,372.0,218.0,1.0
10125,IFTranscriptSELFIngestor,0.0,0.086212158203125,0.0,0.086212158203125,50,1007.0,372.0,218.0,1.0
10126,IFTelemetrySELFIngestor,0.0,0.0825881958007812,0.0,0.0825881958007812,50,1007.0,372.0,218.0,1.0
10127,BiomeSELFIngestor,0.0,0.0879287719726562,0.0,0.0879287719726562,50,1007.0,372.0,218.0,1.0
10204,CoreServicesUIAgent,0.0,0.1972198486328125,0.004,0.19499969482421872,50,1007.0,372.0,218.0,1.0
10209,Code Helper (Plugin),0.0,0.4878997802734375,0.041,0.5363956451416015,500,1007.0,372.0,218.0,1.0
10211,Code Helper (Plugin),0.0,0.4619598388671875,0.041,0.5363956451416015,500,1007.0,372.0,218.0,1.0
10015,linkd,0.0,0.0791549682617187,0.0,0.07984924316406244,50,1007.0,372.0,218.0,1.0
2913,Code Helper,0.6,0.5924224853515625,0.32371428571428573,0.48915318080357145,350,1007.0,372.0,218.0,1.0
560,ControlCenter,0.5,0.4573822021484375,0.5379999999999999,0.41684722900390625,50,1007.0,372.0,218.0,1.0
2878,Code Helper,0.0,0.3973007202148437,0.32371428571428573,0.48915318080357145,350,1007.0,372.0,218.0,1.0
615,corespeechd,0.0,0.2241134643554687,0.09799999999999999,0.18834686279296872,50,1007.0,372.0,218.0,1.0
616,assistantd,0.0,0.29449462890625,0.004,0.23475265502929685,50,1007.0,372.0,218.0,1.0
623,WallpaperImageExtension,0.0,0.0879287719726562,0.0,0.07489013671874994,50,1007.0,372.0,218.0,1.0
639,sharingd,0.0,0.1493453979492187,0.002,0.14010620117187497,50,1007.0,372.0,218.0,1.0
641,usernoted,0.0,0.177764892578125,0.02,0.15933227539062497,50,1007.0,372.0,218.0,1.0
642,neagent,0.0,0.1068115234375,0.0,0.1076812744140625,50,1007.0,372.0,218.0,1.0
643,useractivityd,0.0,0.084686279296875,0.008,0.08467864990234374,50,1007.0,372.0,218.0,1.0
644,com.apple.dock.extra,0.0,0.2016067504882812,0.048,0.17804336547851562,50,1007.0,372.0,218.0,1.0
646,NotificationCenter,0.0,0.3040313720703125,0.024000000000000004,0.24862670898437497,50,1007.0,372.0,218.0,1.0
649,milod,0.0,0.0820159912109375,0.0,0.08232498168945312,50,1007.0,372.0,218.0,1.0
650,familycircled,0.0,0.0677108764648437,0.0,0.06789016723632807,50,1007.0,372.0,218.0,1.0
651,StatusKitAgent,0.0,0.0787734985351562,0.0,0.07876968383789057,50,1007.0,372.0,218.0,1.0
666,ContextStoreAgent,0.0,0.164794921875,0.11199999999999999,0.1729774475097656,50,1007.0,372.0,218.0,1.0
668,BiomeAgent,0.0,0.1398086547851562,0.126,0.1340827941894531,50,1007.0,372.0,218.0,1.0
670,imklaunchagent,0.0,0.0619888305664062,0.0,0.06198501586914058,50,1007.0,372.0,218.0,1.0
673,icdd,0.0,0.0349044799804687,0.0,0.034900665283203076,50,1007.0,372.0,218.0,1.0
680,AirPlayUIAgent,0.0,0.101470947265625,0.004,0.09934997558593746,50,1007.0,372.0,218.0,1.0
683,imagent,0.0,0.1506805419921875,0.008,0.13217163085937497,50,1007.0,372.0,218.0,1.0
685,diagnostics_agent,0.0,0.1024246215820312,0.002,0.09417724609374996,50,1007.0,372.0,218.0,1.0
686,TextInputMenuAgent,0.0,0.1779556274414062,0.008,0.16139221191406247,50,1007.0,372.0,218.0,1.0
688,Grammarly Desktop Helper,0.0,0.1161575317382812,0.002,0.10088729858398436,50,1007.0,372.0,218.0,1.0
699,com.apple.CloudDocs.iCloudDriveFileProvider,0.0,0.1056671142578125,0.008,0.09911346435546875,50,1007.0,372.0,218.0,1.0
704,ctkahp,0.0,0.037384033203125,0.0,0.037380218505859375,50,1007.0,372.0,218.0,1.0
609,identityservicesd,0.0,0.2180099487304687,0.012,0.20082092285156247,50,1007.0,372.0,218.0,1.0
608,ViewBridgeAuxiliary,0.0,0.0843048095703125,0.014000000000000002,0.08618545532226561,50,1007.0,372.0,218.0,1.0
606,fontworker,0.0,0.0581741333007812,0.0,0.05817031860351558,50,1007.0,372.0,218.0,1.0
605,ContinuityCaptureAgent,0.0,0.0761032104492187,0.0,0.0761032104492187,50,1007.0,372.0,218.0,1.0
376,loginwindow,0.0,0.3204345703125,0.008,0.24020385742187497,50,1007.0,372.0,218.0,1.0
543,distnoted,0.0,0.0524520874023437,0.028000000000000004,0.05070495605468747,50,1007.0,372.0,218.0,1.0
544,cfprefsd,0.0,0.0600814819335937,0.066,0.05707931518554685,50,1007.0,372.0,218.0,1.0
549,UserEventAgent,0.0,0.1171112060546875,0.013999999999999999,0.10488891601562496,50,1007.0,372.0,218.0,1.0
553,WindowManager,0.0,0.2416610717773437,0.11200000000000002,0.24517440795898435,50,1007.0,372.0,218.0,1.0
557,universalaccessd,0.0,0.0873565673828125,0.006000000000000001,0.09207916259765624,50,1007.0,372.0,218.0,1.0
559,Dock,0.0,0.2216339111328125,0.076,0.20318603515624997,50,1007.0,372.0,218.0,1.0
561,pboard,0.0,0.0921249389648437,0.002,0.09132385253906246,50,1007.0,372.0,218.0,1.0
562,SystemUIServer,0.0,0.1501083374023437,0.006,0.13476562499999997,50,1007.0,372.0,218.0,1.0
564,Finder,0.1,0.5311965942382812,0.07400000000000001,0.4227867126464844,50,1007.0,372.0,218.0,1.0
567,lsd,0.0,0.124359130859375,0.012,0.11196517944335933,50,1007.0,372.0,218.0,1.0
707,WiFiAgent,0.0,0.1674652099609375,0.114,0.16522979736328122,50,1007.0,372.0,218.0,1.0
568,AXVisualSupportAgent,0.0,0.1749038696289062,0.6920000000000001,0.16974639892578122,50,1007.0,372.0,218.0,1.0
578,secd,0.0,0.1703262329101562,0.006000000000000001,0.15089416503906247,50,1007.0,372.0,218.0,1.0
580,trustd,0.0,0.1195907592773437,0.04,0.11620330810546871,50,1007.0,372.0,218.0,1.0
583,WallpaperAgent,0.0,0.1855850219726562,0.004,0.1629066467285156,50,1007.0,372.0,218.0,1.0
587,com.apple.hiservices-xpcservice,0.0,0.0360488891601562,0.01,0.03719711303710933,50,1007.0,372.0,218.0,1.0
589,sharedfilelistd,0.0,0.1031875610351562,0.0,0.08721542358398436,50,1007.0,372.0,218.0,1.0
590,containermanagerd,0.0,0.0459671020507812,0.012,0.04875946044921871,50,1007.0,372.0,218.0,1.0
591,usernotificationsd,0.0,0.1047134399414062,0.008,0.09786605834960933,50,1007.0,372.0,218.0,1.0
596,callservicesd,0.0,0.2140045166015625,0.006000000000000001,0.17979049682617185,50,1007.0,372.0,218.0,1.0
600,fontd,0.0,0.0993728637695312,0.002,0.06991577148437499,50,1007.0,372.0,218.0,1.0
602,fileproviderd,0.2,0.1495361328125,0.21200000000000002,0.1446113586425781,50,1007.0,372.0,218.0,1.0
604,AMPDeviceDiscoveryAgent,0.0,0.0585556030273437,0.0,0.051746368408203104,50,1007.0,372.0,218.0,1.0
575,rapportd,0.0,0.1361846923828125,0.002,0.1259346008300781,50,1007.0,372.0,218.0,1.0
709,nsurlsessiond,0.0,0.1300811767578125,0.032,0.1256752014160156,50,1007.0,372.0,218.0,1.0
2880,Code Helper,0.0,0.16021728515625,0.32371428571428573,0.48915318080357145,350,1007.0,372.0,218.0,1.0
714,CursorUIViewService,0.0,0.1630783081054687,0.07400000000000001,0.15747833251953122,50,1007.0,372.0,218.0,1.0
931,com.apple.WebKit.WebContent,0.0,0.63934326171875,0.2837142857142857,0.5284216744559151,350,1007.0,372.0,218.0,1.0
932,com.apple.WebKit.WebContent,0.1,1.4057159423828125,0.2837142857142857,0.5284216744559151,350,1007.0,372.0,218.0,1.0
957,Google Chrome,1.6,2.474212646484375,1.324,2.2691001892089844,50,1007.0,372.0,218.0,1.0
960,chrome_crashpad_handler,0.0,0.0188827514648437,0.0,0.019365310668945288,100,1007.0,372.0,218.0,1.0
961,voicebankingd,0.0,0.0722885131835937,0.0,0.07259750366210932,50,1007.0,372.0,218.0,1.0
963,Google Chrome Helper,1.0,0.8901596069335938,0.6,0.42389755249023436,250,1007.0,372.0,218.0,1.0
964,Google Chrome Helper,1.3,0.6992340087890625,0.6,0.42389755249023436,250,1007.0,372.0,218.0,1.0
966,Google Chrome Helper,0.0,0.2202987670898437,0.6,0.42389755249023436,250,1007.0,372.0,218.0,1.0
1015,Google Chrome Helper,0.0,0.1676559448242187,0.6,0.42389755249023436,250,1007.0,372.0,218.0,1.0
1052,spotlightknowledged,0.0,0.0352859497070312,0.0,0.04377672749180943,62,1007.0,372.0,218.0,1.0
1191,storeaccountd,0.0,0.0658035278320312,0.0,0.06579971313476557,50,1007.0,372.0,218.0,1.0
1474,IMAutomaticHistoryDeletionAgent,0.0,0.0919342041015625,0.0,0.08300018310546874,50,1007.0,372.0,218.0,1.0
1718,ServiceExtension,0.0,0.142669677734375,0.0,0.142669677734375,50,1007.0,372.0,218.0,1.0
2095,com.apple.WebKit.WebContent,0.0,0.3030776977539062,0.2837142857142857,0.5284216744559151,350,1007.0,372.0,218.0,1.0
2096,com.apple.WebKit.WebContent,0.0,0.3572463989257812,0.2837142857142857,0.5284216744559151,350,1007.0,372.0,218.0,1.0
2641,Google Chrome Helper (Renderer),0.0,0.6361007690429688,0.647816091954023,1.1122661897505837,435,1007.0,372.0,218.0,1.0
713,Spotlight,0.0,0.3284454345703125,0.05,0.27865600585937494,50,1007.0,372.0,218.0,1.0
2672,Google Chrome Helper (Renderer),4.4,4.107093811035156,0.647816091954023,1.1122661897505837,435,1007.0,372.0,218.0,1.0
2826,Code,0.1,1.4715194702148438,1.3619999999999999,1.3807182312011719,50,1007.0,372.0,218.0,1.0
2832,chrome_crashpad_handler,0.0,0.0194549560546875,0.0,0.019365310668945288,100,1007.0,372.0,218.0,1.0
2833,Code Helper,0.0,0.5926132202148438,0.32371428571428573,0.48915318080357145,350,1007.0,372.0,218.0,1.0
2834,Code Helper,0.0,0.35858154296875,0.32371428571428573,0.48915318080357145,350,1007.0,372.0,218.0,1.0
2835,Code Helper (Renderer),0.2,3.829765319824219,3.5780000000000003,3.886066436767578,50,1007.0,372.0,218.0,1.0
930,com.apple.WebKit.WebContent,0.0,0.321197509765625,0.2837142857142857,0.5284216744559151,350,1007.0,372.0,218.0,1.0
926,peopled,0.0,0.086212158203125,0.0,0.08623886108398438,50,1007.0,372.0,218.0,1.0
2852,Code Helper,0.0,0.7101058959960938,0.32371428571428573,0.48915318080357145,350,1007.0,372.0,218.0,1.0
919,com.apple.WebKit.Networking,0.0,0.231170654296875,0.4,0.16855621337890622,100,1007.0,372.0,218.0,1.0
921,Spotify Helper,0.0,0.1043319702148437,0.015600000000000001,0.14564056396484373,250,1007.0,372.0,218.0,1.0
716,PAH_Extension,0.0,0.1148223876953125,0.014000000000000002,0.11199188232421874,50,1007.0,372.0,218.0,1.0
717,OneDrive,0.0,0.4232406616210937,0.032,0.36077880859375,50,1007.0,372.0,218.0,1.0
718,corespotlightd,0.0,0.1485824584960937,0.012,0.15357208251953122,50,1007.0,372.0,218.0,1.0
722,duetexpertd,0.0,0.2468109130859375,0.09,0.26060485839843744,50,1007.0,372.0,218.0,1.0
730,Spotify,0.1,1.2453079223632812,0.5479999999999999,1.0496597290039062,50,1007.0,372.0,218.0,1.0
733,homed,0.0,0.1438140869140625,0.0,0.1302070617675781,50,1007.0,372.0,218.0,1.0
740,Spotify Helper,0.0,0.0452041625976562,0.015600000000000001,0.14564056396484373,250,1007.0,372.0,218.0,1.0
741,avconferenced,0.0,0.067901611328125,0.0,0.06789779663085938,50,1007.0,372.0,218.0,1.0
747,Spotify Helper,0.0,0.208282470703125,0.015600000000000001,0.14564056396484373,250,1007.0,372.0,218.0,1.0
748,Spotify Helper,0.0,0.319671630859375,0.015600000000000001,0.14564056396484373,250,1007.0,372.0,218.0,1.0
752,Spotify Helper,0.0,0.1169204711914062,0.015600000000000001,0.14564056396484373,250,1007.0,372.0,218.0,1.0
734,mediaremoteagent,0.0,0.0232696533203125,0.0,0.0232696533203125,50,1007.0,372.0,218.0,1.0
768,Spotify Helper (Renderer),0.1,0.566864013671875,0.044000000000000004,0.4534873962402344,50,1007.0,372.0,218.0,1.0
772,com.apple.WebKit.GPU,0.0,0.0507354736328125,0.102,0.09322547912597655,100,1007.0,372.0,218.0,1.0
774,com.apple.WebKit.WebContent,0.0,0.0186920166015625,0.2837142857142857,0.5284216744559151,350,1007.0,372.0,218.0,1.0
776,com.apple.WebKit.Networking,0.0,0.133514404296875,0.4,0.16855621337890622,100,1007.0,372.0,218.0,1.0
918,com.apple.WebKit.GPU,0.0,0.157928466796875,0.102,0.09322547912597655,100,1007.0,372.0,218.0,1.0
792,commerce,0.0,0.0902175903320312,0.0,0.08901596069335932,50,1007.0,372.0,218.0,1.0
857,Grammarly Desktop Update Service,0.0,0.1264572143554687,0.006000000000000001,0.11079406738281246,50,1007.0,372.0,218.0,1.0
873,mdbulkimport,0.0,0.0713348388671875,0.0,0.07133102416992188,50,1007.0,372.0,218.0,1.0
898,OneDrive Sync Service,0.0,0.2397537231445312,0.004,0.21224594116210935,50,1007.0,372.0,218.0,1.0
913,app_inkwell,0.0,0.3042221069335937,0.94,0.29593276977539057,50,1007.0,372.0,218.0,1.0
916,com.apple.WebKit.WebContent,0.0,0.7699966430664062,0.2837142857142857,0.5284216744559151,350,1007.0,372.0,218.0,1.0
755,Grammarly Desktop,0.1,0.7497787475585938,0.524,0.7150344848632812,50,1007.0,372.0,218.0,1.0
9134,ScreenTimeAgent,0.0,0.1125335693359375,0.0,0.10361862182617183,50,1007.0,371.0,217.0,1.0
9101,bird,0.0,0.1279830932617187,0.04800000000000001,0.12118530273437494,50,1007.0,371.0,217.0,1.0
9095,calaccessd,0.0,0.1592636108398437,0.002,0.15127944946289057,50,1007.0,371.0,217.0,1.0
9088,contactsd,0.0,0.1092910766601562,0.008,0.09849548339843746,50,1007.0,371.0,217.0,1.0
9040,triald,0.0,0.1308441162109375,0.0,0.12915039062499997,50,1007.0,371.0,217.0,1.0
9069,searchpartyuseragent,0.0,0.1359939575195312,0.002,0.13115692138671872,50,1007.0,371.0,217.0,1.0
9053,cloudd,0.0,0.2063751220703125,0.016,0.2035255432128906,50,1007.0,371.0,217.0,1.0
9049,tccd,0.0,0.1096725463867187,0.0,0.10362243652343744,50,1007.0,371.0,217.0,1.0
9138,siriactionsd,0.0,0.1598358154296875,0.004,0.14521408081054685,50,1007.0,371.0,217.0,1.0
9086,knowledge-agent,0.0,0.1394271850585937,0.004,0.13211822509765622,50,1007.0,371.0,217.0,1.0
9205,IntelligencePlatformComputeService,0.0,0.0879287719726562,0.0,0.0879287719726562,50,1007.0,371.0,217.0,1.0
9754,ctkd,0.0,0.0896453857421875,0.0,0.08569717407226562,50,1007.0,371.0,217.0,1.0
9271,mdwrite,0.0,0.0329971313476562,0.0,0.032993316650390576,50,1007.0,371.0,217.0,1.0
9272,mbuseragent,0.0,0.0368118286132812,0.0,0.036808013916015576,50,1007.0,371.0,217.0,1.0
9556,syncdefaultsd,0.0,0.1249313354492187,0.006000000000000001,0.11057662963867186,50,1007.0,371.0,217.0,1.0
9572,proactived,0.0,0.125885009765625,0.02,0.1299476623535156,50,1007.0,371.0,217.0,1.0
9575,akd,0.0,0.2223968505859375,0.002,0.2174873352050781,50,1007.0,371.0,217.0,1.0
9577,CloudTelemetryService,0.0,0.07781982421875,0.0,0.06444135050135331,127,1007.0,371.0,217.0,1.0
9649,suggestd,0.0,0.1562118530273437,0.002,0.15771484374999997,50,1007.0,371.0,217.0,1.0
9681,AppleSpell,0.0,0.1420974731445312,0.0,0.13717651367187494,50,1007.0,371.0,217.0,1.0
9682,keyboardservicesd,0.0,0.0919342041015625,0.0,0.0876617431640625,50,1007.0,371.0,217.0,1.0
9742,promotedcontentd,0.0,0.1224517822265625,0.002,0.11449813842773438,50,1007.0,371.0,217.0,1.0
9032,secinitd,0.0,0.0652313232421875,0.0,0.06522750854492188,50,1007.0,371.0,217.0,1.0
9223,mapssyncd,0.0,0.0917434692382812,0.0,0.09173965454101557,50,1007.0,371.0,217.0,1.0
9000,PowerChime,0.0,0.1453399658203125,0.008,0.14000701904296872,50,1007.0,371.0,217.0,1.0
8324,Google Chrome Helper (Renderer),0.0,0.2374649047851562,0.647816091954023,1.1122661897505837,435,1007.0,371.0,217.0,1.0
8410,routined,0.0,0.2061843872070312,0.034,0.19092559814453122,50,1007.0,371.0,217.0,1.0
9762,coreauthd,0.0,0.0978469848632812,0.0,0.09390640258789058,50,1007.0,371.0,217.0,1.0
3033,Code Helper,0.0,0.42572021484375,0.32371428571428573,0.48915318080357145,350,1007.0,371.0,217.0,1.0
3034,Code Helper (Plugin),0.1,1.4253616333007812,0.041,0.5363956451416015,500,1007.0,371.0,217.0,1.0
3045,Code Helper (Plugin),0.0,0.2729415893554687,0.041,0.5363956451416015,500,1007.0,371.0,217.0,1.0
3063,zsh,0.0,0.0047683715820312,0.0,0.009178644112447462,253,1007.0,371.0,217.0,1.0
4030,pet,0.0,0.0217437744140625,0.02,0.02233123779296875,50,1007.0,371.0,217.0,1.0
4037,zsh,0.0,0.0043869018554687,0.0,0.009178644112447462,253,1007.0,371.0,217.0,1.0
4143,Code Helper (Plugin),0.0,0.2115249633789062,0.041,0.5363956451416015,500,1007.0,371.0,217.0,1.0
4194,Code Helper (Plugin),0.0,0.8203506469726562,0.041,0.5363956451416015,500,1007.0,371.0,217.0,1.0
5379,Code Helper (Plugin),0.0,0.2336502075195312,0.041,0.5363956451416015,500,1007.0,371.0,217.0,1.0
5384,zsh,0.0,0.0043869018554687,0.0,0.009178644112447462,253,1007.0,371.0,217.0,1.0
8666,Google Chrome Helper (Renderer),0.0,0.3141403198242187,0.647816091954023,1.1122661897505837,435,1007.0,371.0,217.0,1.0
5761,zsh,0.0,0.0131607055664062,0.0,0.009178644112447462,253,1007.0,371.0,217.0,1.0
8323,Google Chrome Helper (Renderer),0.0,0.57525634765625,0.647816091954023,1.1122661897505837,435,1007.0,371.0,217.0,1.0
8325,Google Chrome Helper (Renderer),0.0,0.3326416015625,0.647816091954023,1.1122661897505837,435,1007.0,371.0,217.0,1.0
8326,chronod,0.0,0.1619338989257812,0.01,0.15725708007812497,50,1007.0,371.0,217.0,1.0
8328,Google Chrome Helper (Renderer),0.0,0.4491806030273437,0.647816091954023,1.1122661897505837,435,1007.0,371.0,217.0,1.0
8335,WorldClockWidget,0.0,0.2202987670898437,0.0,0.22029876708984367,50,1007.0,371.0,217.0,1.0
8336,CalendarWidgetExtension,0.0,0.1031875610351562,0.0,0.1031875610351562,50,1007.0,371.0,217.0,1.0
8337,WeatherWidget,0.0,0.36163330078125,0.0,0.3655509948730469,50,1007.0,371.0,217.0,1.0
8339,StocksWidget,0.0,0.3248214721679687,0.0,0.3267478942871093,50,1007.0,371.0,217.0,1.0
8340,ScreenTimeWidgetExtension,0.0,0.3332138061523437,0.0,0.3311538696289062,50,1007.0,371.0,217.0,1.0
8351,Google Chrome Helper,0.0,0.19378662109375,0.6,0.42389755249023436,250,1007.0,371.0,217.0,1.0
8396,audioaccessoryd,0.0,0.11749267578125,0.0,0.10800170898437496,50,1007.0,371.0,217.0,1.0
6986,accountsd,0.0,0.1993179321289062,0.0,0.1851234436035156,50,1007.0,371.0,217.0,1.0
9829,transparencyd,0.0,0.22430419921875,0.018000000000000002,0.21265792846679685,50,1007.0,371.0,217.0,1.0
10209,Code Helper (Plugin),0.0,0.4858016967773437,0.041,0.5363956451416015,500,1007.0,371.0,217.0,1.0
9847,UIKitSystem,0.0,0.1695632934570312,0.002,0.17118835449218742,50,1007.0,371.0,217.0,1.0
10481,Google Chrome Helper (Renderer),0.0,1.0101318359375,0.647816091954023,1.1122661897505837,435,1007.0,371.0,217.0,1.0
10490,talagentd,0.0,0.1468658447265625,0.002,0.14520263671874997,50,1007.0,371.0,217.0,1.0
10558,pbs,0.0,0.031280517578125,0.002,0.031276702880859375,50,1007.0,371.0,217.0,1.0
11204,MTLCompilerService,0.0,0.0333786010742187,0.0,0.03340148925781246,50,1007.0,371.0,217.0,1.0
11684,mlhostd,0.0,0.1436233520507812,0.0,0.14452743530273432,50,1007.0,371.0,217.0,1.0
12774,businessservicesd,0.0,0.0812530517578125,0.0,0.081024169921875,50,1007.0,371.0,217.0,1.0
12775,MessagesBlastDoorService,0.0,0.0579833984375,0.0,0.05239105224609375,50,1007.0,371.0,217.0,1.0
12776,feedbackd,0.0,0.0789642333984375,0.0,0.078704833984375,50,1007.0,371.0,217.0,1.0
12777,ProtectedCloudKeySyncing,0.0,0.0873565673828125,0.0,0.09304428100585938,50,1007.0,371.0,217.0,1.0
12779,gamecontrolleragentd,0.0,0.0597000122070312,0.002,0.060253143310546854,50,1007.0,371.0,217.0,1.0
12806,python3.12,0.5,0.1718521118164062,0.46153846153846156,0.1703031770475618,91,1007.0,371.0,217.0,1.0
12815,zsh,0.0,0.0156402587890625,0.0,0.009178644112447462,253,1007.0,371.0,217.0,1.0
12959,ndoagent,0.0,0.0753402709960937,0.0,0.0754165649414062,50,1007.0,371.0,217.0,1.0
12963,replayd,0.0,0.2183914184570312,0.0,0.21639064866669325,49,1007.0,371.0,217.0,1.0
13000,python3.12,0.0,0.1708984375,0.46153846153846156,0.1703031770475618,91,1007.0,371.0,217.0,1.0
13025,com.apple.siri.embeddedspeech,0.0,0.1466751098632812,0.03142857142857143,0.17331804547991067,35,1007.0,371.0,217.0,1.0
13036,CommCenter,0.0,0.30670166015625,0.006000000000000001,0.23591232299804685,50,1007.0,371.0,217.0,1.0
13037,CoreLocationAgent,0.0,0.5113601684570312,0.00425531914893617,0.4036964254176363,47,1007.0,371.0,217.0,1.0
13043,Keychain Circle Notification,0.0,0.1970291137695312,0.044000000000000004,0.18328857421874997,50,1007.0,371.0,217.0,1.0
13070,Google Chrome Helper (Renderer),0.0,1.5056610107421875,0.647816091954023,1.1122661897505837,435,1007.0,371.0,217.0,1.0
13071,mdworker_shared,0.0,0.1642227172851562,0.02153846153846154,0.19098232953976357,195,1007.0,371.0,217.0,1.0
13072,mdworker_shared,0.0,0.23193359375,0.02153846153846154,0.19098232953976357,195,1007.0,371.0,217.0,1.0
13073,Google Chrome Helper (Renderer),0.0,2.153968811035156,0.647816091954023,1.1122661897505837,435,1007.0,371.0,217.0,1.0
10215,Code Helper (Plugin),0.0,0.457763671875,0.041,0.5363956451416015,500,1007.0,371.0,217.0,1.0
10213,Code Helper (Plugin),0.0,0.5002975463867188,0.041,0.5363956451416015,500,1007.0,371.0,217.0,1.0
10212,Code Helper (Plugin),0.0,0.4983901977539062,0.041,0.5363956451416015,500,1007.0,371.0,217.0,1.0
10211,Code Helper (Plugin),0.0,0.4619598388671875,0.041,0.5363956451416015,500,1007.0,371.0,217.0,1.0
9879,Siri,0.0,0.1501083374023437,0.016,0.1504554748535156,50,1007.0,371.0,217.0,1.0
9888,SiriNCService,0.0,0.1600265502929687,0.008,0.15225982666015622,50,1007.0,371.0,217.0,1.0
9891,AssetCacheLocatorService,0.0,0.0406265258789062,0.0,0.04087829589843746,50,1007.0,371.0,217.0,1.0
9901,pkd,0.0,0.106048583984375,0.002,0.10622024536132811,50,1007.0,371.0,217.0,1.0
9909,com.apple.geod,0.0,0.0986099243164062,0.004,0.09388351440429683,50,1007.0,371.0,217.0,1.0
9946,extensionkitservice,0.0,0.080108642578125,0.0,0.08034324645996094,100,1007.0,371.0,217.0,1.0
9947,networkserviceproxy,0.0,0.1493453979492187,0.0,0.1554603576660156,50,1007.0,371.0,217.0,1.0
9963,swtransparencyd,0.0,0.0890731811523437,0.0,0.08174896240234374,50,1007.0,371.0,217.0,1.0
9964,CloudTelemetryService,0.0,0.0780105590820312,0.0,0.06444135050135331,127,1007.0,371.0,217.0,1.0
9982,contentlinkingd,0.0,0.0844955444335937,0.0,0.08146667480468746,50,1007.0,371.0,217.0,1.0
10001,AppPredictionIntentsHelperService,0.0,0.1634597778320312,0.0,0.16557312011718747,50,1007.0,371.0,217.0,1.0
9845,intelligentroutingd,0.0,0.0883102416992187,0.0,0.0883407592773437,50,1007.0,371.0,217.0,1.0
10009,com.apple.accessibility.mediaaccessibilityd,0.0,0.0261306762695312,0.0,0.0261306762695312,50,1007.0,371.0,217.0,1.0
10015,linkd,0.0,0.0791549682617187,0.0,0.07984924316406244,50,1007.0,371.0,217.0,1.0
10115,iconservicesagent,0.0,0.0902175903320312,0.0,0.0902175903320312,50,1007.0,371.0,217.0,1.0
10121,com.apple.Safari.SafeBrowsing.Service,0.0,0.0743865966796875,0.0,0.07349395751953124,50,1007.0,371.0,217.0,1.0
10122,SAExtensionOrchestrator,0.0,0.1125335693359375,0.0,0.1125335693359375,50,1007.0,371.0,217.0,1.0
10123,extensionkitservice,0.0,0.0789642333984375,0.0,0.08034324645996094,100,1007.0,371.0,217.0,1.0
10124,GMSSELFIngestor,0.0,0.0974655151367187,0.0,0.0974655151367187,50,1007.0,371.0,217.0,1.0
10125,IFTranscriptSELFIngestor,0.0,0.086212158203125,0.0,0.086212158203125,50,1007.0,371.0,217.0,1.0
10126,IFTelemetrySELFIngestor,0.0,0.0825881958007812,0.0,0.0825881958007812,50,1007.0,371.0,217.0,1.0
10127,BiomeSELFIngestor,0.0,0.0879287719726562,0.0,0.0879287719726562,50,1007.0,371.0,217.0,1.0
10204,CoreServicesUIAgent,0.0,0.1972198486328125,0.004,0.19499969482421872,50,1007.0,371.0,217.0,1.0
2913,Code Helper,0.6,0.5952835083007812,0.32371428571428573,0.48915318080357145,350,1007.0,371.0,217.0,1.0
10010,AudioComponentRegistrar,0.0,0.0547409057617187,0.004,0.04845809936523434,50,1007.0,371.0,217.0,1.0
2880,Code Helper,0.0,0.1600265502929687,0.32371428571428573,0.48915318080357145,350,1007.0,371.0,217.0,1.0
13074,mdworker_shared,0.0,0.305938720703125,0.02153846153846154,0.19098232953976357,195,1007.0,371.0,217.0,1.0
2852,Code Helper,0.0,0.7329940795898438,0.32371428571428573,0.48915318080357145,350,1007.0,371.0,217.0,1.0
609,identityservicesd,0.0,0.2180099487304687,0.012,0.20082092285156247,50,1007.0,371.0,217.0,1.0
615,corespeechd,0.0,0.2241134643554687,0.09799999999999999,0.18834686279296872,50,1007.0,371.0,217.0,1.0
616,assistantd,0.0,0.29449462890625,0.004,0.23475265502929685,50,1007.0,371.0,217.0,1.0
623,WallpaperImageExtension,0.0,0.0879287719726562,0.0,0.07489013671874994,50,1007.0,371.0,217.0,1.0
639,sharingd,0.0,0.1493453979492187,0.002,0.14010620117187497,50,1007.0,371.0,217.0,1.0
641,usernoted,0.0,0.177764892578125,0.02,0.15933227539062497,50,1007.0,371.0,217.0,1.0
642,neagent,0.0,0.1068115234375,0.0,0.1076812744140625,50,1007.0,371.0,217.0,1.0
643,useractivityd,0.0,0.075531005859375,0.008,0.08467864990234374,50,1007.0,371.0,217.0,1.0
644,com.apple.dock.extra,0.0,0.201416015625,0.048,0.17804336547851562,50,1007.0,371.0,217.0,1.0
646,NotificationCenter,0.0,0.3040313720703125,0.024000000000000004,0.24862670898437497,50,1007.0,371.0,217.0,1.0
649,milod,0.0,0.0820159912109375,0.0,0.08232498168945312,50,1007.0,371.0,217.0,1.0
650,familycircled,0.0,0.0677108764648437,0.0,0.06789016723632807,50,1007.0,371.0,217.0,1.0
651,StatusKitAgent,0.0,0.0787734985351562,0.0,0.07876968383789057,50,1007.0,371.0,217.0,1.0
666,ContextStoreAgent,0.0,0.1607894897460937,0.11199999999999999,0.1729774475097656,50,1007.0,371.0,217.0,1.0
668,BiomeAgent,0.0,0.1398086547851562,0.126,0.1340827941894531,50,1007.0,371.0,217.0,1.0
670,imklaunchagent,0.0,0.0619888305664062,0.0,0.06198501586914058,50,1007.0,371.0,217.0,1.0
673,icdd,0.0,0.0349044799804687,0.0,0.034900665283203076,50,1007.0,371.0,217.0,1.0
680,AirPlayUIAgent,0.0,0.101470947265625,0.004,0.09934997558593746,50,1007.0,371.0,217.0,1.0
683,imagent,0.0,0.15106201171875,0.008,0.13217163085937497,50,1007.0,371.0,217.0,1.0
685,diagnostics_agent,0.0,0.0993728637695312,0.002,0.09417724609374996,50,1007.0,371.0,217.0,1.0
686,TextInputMenuAgent,0.0,0.177764892578125,0.008,0.16139221191406247,50,1007.0,371.0,217.0,1.0
688,Grammarly Desktop Helper,0.0,0.1161575317382812,0.002,0.10088729858398436,50,1007.0,371.0,217.0,1.0
699,com.apple.CloudDocs.iCloudDriveFileProvider,0.0,0.1056671142578125,0.008,0.09911346435546875,50,1007.0,371.0,217.0,1.0
608,ViewBridgeAuxiliary,0.0,0.0843048095703125,0.014000000000000002,0.08618545532226561,50,1007.0,371.0,217.0,1.0
606,fontworker,0.0,0.0581741333007812,0.0,0.05817031860351558,50,1007.0,371.0,217.0,1.0
605,ContinuityCaptureAgent,0.0,0.0761032104492187,0.0,0.0761032104492187,50,1007.0,371.0,217.0,1.0
604,AMPDeviceDiscoveryAgent,0.0,0.0583648681640625,0.0,0.051746368408203104,50,1007.0,371.0,217.0,1.0
376,loginwindow,0.0,0.3204345703125,0.008,0.24020385742187497,50,1007.0,371.0,217.0,1.0
543,distnoted,0.0,0.0518798828125,0.028000000000000004,0.05070495605468747,50,1007.0,371.0,217.0,1.0
544,cfprefsd,0.0,0.0598907470703125,0.066,0.05707931518554685,50,1007.0,371.0,217.0,1.0
549,UserEventAgent,0.0,0.1031875610351562,0.013999999999999999,0.10488891601562496,50,1007.0,371.0,217.0,1.0
553,WindowManager,0.0,0.2416610717773437,0.11200000000000002,0.24517440795898435,50,1007.0,371.0,217.0,1.0
557,universalaccessd,0.0,0.0827789306640625,0.006000000000000001,0.09207916259765624,50,1007.0,371.0,217.0,1.0
559,Dock,0.0,0.2216339111328125,0.076,0.20318603515624997,50,1007.0,371.0,217.0,1.0
560,ControlCenter,0.5,0.457763671875,0.5379999999999999,0.41684722900390625,50,1007.0,371.0,217.0,1.0
561,pboard,0.0,0.0917434692382812,0.002,0.09132385253906246,50,1007.0,371.0,217.0,1.0
562,SystemUIServer,0.0,0.1501083374023437,0.006,0.13476562499999997,50,1007.0,371.0,217.0,1.0
564,Finder,0.0,0.5216598510742188,0.07400000000000001,0.4227867126464844,50,1007.0,371.0,217.0,1.0
704,ctkahp,0.0,0.037384033203125,0.0,0.037380218505859375,50,1007.0,371.0,217.0,1.0
567,lsd,0.0,0.1226425170898437,0.012,0.11196517944335933,50,1007.0,371.0,217.0,1.0
575,rapportd,0.0,0.1359939575195312,0.002,0.1259346008300781,50,1007.0,371.0,217.0,1.0
578,secd,0.0,0.1703262329101562,0.006000000000000001,0.15089416503906247,50,1007.0,371.0,217.0,1.0
580,trustd,0.0,0.1195907592773437,0.04,0.11620330810546871,50,1007.0,371.0,217.0,1.0
583,WallpaperAgent,0.0,0.1802444458007812,0.004,0.1629066467285156,50,1007.0,371.0,217.0,1.0
587,com.apple.hiservices-xpcservice,0.0,0.0356674194335937,0.01,0.03719711303710933,50,1007.0,371.0,217.0,1.0
589,sharedfilelistd,0.0,0.1031875610351562,0.0,0.08721542358398436,50,1007.0,371.0,217.0,1.0
590,containermanagerd,0.0,0.0459671020507812,0.012,0.04875946044921871,50,1007.0,371.0,217.0,1.0
591,usernotificationsd,0.0,0.1047134399414062,0.008,0.09786605834960933,50,1007.0,371.0,217.0,1.0
596,callservicesd,0.0,0.2126693725585937,0.006000000000000001,0.17979049682617185,50,1007.0,371.0,217.0,1.0
600,fontd,0.0,0.0993728637695312,0.002,0.06991577148437499,50,1007.0,371.0,217.0,1.0
602,fileproviderd,0.2,0.1495361328125,0.21200000000000002,0.1446113586425781,50,1007.0,371.0,217.0,1.0
568,AXVisualSupportAgent,0.0,0.1743316650390625,0.6920000000000001,0.16974639892578122,50,1007.0,371.0,217.0,1.0
707,WiFiAgent,0.0,0.1577377319335937,0.114,0.16522979736328122,50,1007.0,371.0,217.0,1.0
2878,Code Helper,0.1,0.3973007202148437,0.32371428571428573,0.48915318080357145,350,1007.0,371.0,217.0,1.0
713,Spotlight,0.0,0.3261566162109375,0.05,0.27865600585937494,50,1007.0,371.0,217.0,1.0
930,com.apple.WebKit.WebContent,0.0,0.3198623657226562,0.2837142857142857,0.5284216744559151,350,1007.0,371.0,217.0,1.0
931,com.apple.WebKit.WebContent,0.0,0.627899169921875,0.2837142857142857,0.5284216744559151,350,1007.0,371.0,217.0,1.0
932,com.apple.WebKit.WebContent,0.1,1.4039993286132812,0.2837142857142857,0.5284216744559151,350,1007.0,371.0,217.0,1.0
957,Google Chrome,0.5,2.4507522583007812,1.324,2.2691001892089844,50,1007.0,371.0,217.0,1.0
960,chrome_crashpad_handler,0.0,0.0188827514648437,0.0,0.019365310668945288,100,1007.0,371.0,217.0,1.0
961,voicebankingd,0.0,0.0722885131835937,0.0,0.07259750366210932,50,1007.0,371.0,217.0,1.0
963,Google Chrome Helper,1.3,0.8640289306640625,0.6,0.42389755249023436,250,1007.0,371.0,217.0,1.0
964,Google Chrome Helper,0.0,0.6998062133789062,0.6,0.42389755249023436,250,1007.0,371.0,217.0,1.0
966,Google Chrome Helper,0.0,0.2206802368164062,0.6,0.42389755249023436,250,1007.0,371.0,217.0,1.0
1052,spotlightknowledged,0.0,0.0352859497070312,0.0,0.04377672749180943,62,1007.0,371.0,217.0,1.0
1191,storeaccountd,0.0,0.0658035278320312,0.0,0.06579971313476557,50,1007.0,371.0,217.0,1.0
1474,IMAutomaticHistoryDeletionAgent,0.0,0.0919342041015625,0.0,0.08300018310546874,50,1007.0,371.0,217.0,1.0
1718,ServiceExtension,0.0,0.142669677734375,0.0,0.142669677734375,50,1007.0,371.0,217.0,1.0
2095,com.apple.WebKit.WebContent,0.0,0.3025054931640625,0.2837142857142857,0.5284216744559151,350,1007.0,371.0,217.0,1.0
2096,com.apple.WebKit.WebContent,0.0,0.3536224365234375,0.2837142857142857,0.5284216744559151,350,1007.0,371.0,217.0,1.0
2641,Google Chrome Helper (Renderer),0.0,0.6361007690429688,0.647816091954023,1.1122661897505837,435,1007.0,371.0,217.0,1.0
2672,Google Chrome Helper (Renderer),4.4,3.8034439086914062,0.647816091954023,1.1122661897505837,435,1007.0,371.0,217.0,1.0
2826,Code,0.1,1.4720916748046875,1.3619999999999999,1.3807182312011719,50,1007.0,371.0,217.0,1.0
2832,chrome_crashpad_handler,0.0,0.0194549560546875,0.0,0.019365310668945288,100,1007.0,371.0,217.0,1.0
2833,Code Helper,0.0,0.5887985229492188,0.32371428571428573,0.48915318080357145,350,1007.0,371.0,217.0,1.0
2834,Code Helper,0.1,0.3698348999023437,0.32371428571428573,0.48915318080357145,350,1007.0,371.0,217.0,1.0
2835,Code Helper (Renderer),0.1,3.861618041992187,3.5780000000000003,3.886066436767578,50,1007.0,371.0,217.0,1.0
709,nsurlsessiond,0.0,0.1295089721679687,0.032,0.1256752014160156,50,1007.0,371.0,217.0,1.0
926,peopled,0.0,0.086212158203125,0.0,0.08623886108398438,50,1007.0,371.0,217.0,1.0
921,Spotify Helper,0.0,0.104522705078125,0.015600000000000001,0.14564056396484373,250,1007.0,371.0,217.0,1.0
1015,Google Chrome Helper,0.0,0.1676559448242187,0.6,0.42389755249023436,250,1007.0,371.0,217.0,1.0
918,com.apple.WebKit.GPU,0.0,0.157928466796875,0.102,0.09322547912597655,100,1007.0,371.0,217.0,1.0
919,com.apple.WebKit.Networking,0.0,0.2300262451171875,0.4,0.16855621337890622,100,1007.0,371.0,217.0,1.0
716,PAH_Extension,0.0,0.1148223876953125,0.014000000000000002,0.11199188232421874,50,1007.0,371.0,217.0,1.0
717,OneDrive,0.0,0.4213333129882812,0.032,0.36077880859375,50,1007.0,371.0,217.0,1.0
718,corespotlightd,0.0,0.1485824584960937,0.012,0.15357208251953122,50,1007.0,371.0,217.0,1.0
722,duetexpertd,0.0,0.246429443359375,0.09,0.26060485839843744,50,1007.0,371.0,217.0,1.0
730,Spotify,0.2,1.2456893920898438,0.5479999999999999,1.0496597290039062,50,1007.0,371.0,217.0,1.0
733,homed,0.0,0.1438140869140625,0.0,0.1302070617675781,50,1007.0,371.0,217.0,1.0
740,Spotify Helper,0.0,0.0452041625976562,0.015600000000000001,0.14564056396484373,250,1007.0,371.0,217.0,1.0
741,avconferenced,0.0,0.067901611328125,0.0,0.06789779663085938,50,1007.0,371.0,217.0,1.0
747,Spotify Helper,0.0,0.208282470703125,0.015600000000000001,0.14564056396484373,250,1007.0,371.0,217.0,1.0
748,Spotify Helper,0.0,0.3198623657226562,0.015600000000000001,0.14564056396484373,250,1007.0,371.0,217.0,1.0
752,Spotify Helper,0.0,0.1169204711914062,0.015600000000000001,0.14564056396484373,250,1007.0,371.0,217.0,1.0
734,mediaremoteagent,0.0,0.0232696533203125,0.0,0.0232696533203125,50,1007.0,371.0,217.0,1.0
714,CursorUIViewService,0.0,0.1630783081054687,0.07400000000000001,0.15747833251953122,50,1007.0,371.0,217.0,1.0
755,Grammarly Desktop,0.2,0.738525390625,0.524,0.7150344848632812,50,1007.0,371.0,217.0,1.0
913,app_inkwell,0.0,0.30364990234375,0.94,0.29593276977539057,50,1007.0,371.0,217.0,1.0
898,OneDrive Sync Service,0.0,0.2397537231445312,0.004,0.21224594116210935,50,1007.0,371.0,217.0,1.0
873,mdbulkimport,0.0,0.0713348388671875,0.0,0.07133102416992188,50,1007.0,371.0,217.0,1.0
857,Grammarly Desktop Update Service,0.0,0.1270294189453125,0.006000000000000001,0.11079406738281246,50,1007.0,371.0,217.0,1.0
916,com.apple.WebKit.WebContent,0.0,1.9245147705078125,0.2837142857142857,0.5284216744559151,350,1007.0,371.0,217.0,1.0
776,com.apple.WebKit.Networking,0.0,0.1298904418945312,0.4,0.16855621337890622,100,1007.0,371.0,217.0,1.0
774,com.apple.WebKit.WebContent,0.0,0.0186920166015625,0.2837142857142857,0.5284216744559151,350,1007.0,371.0,217.0,1.0
772,com.apple.WebKit.GPU,0.0,0.0507354736328125,0.102,0.09322547912597655,100,1007.0,371.0,217.0,1.0
768,Spotify Helper (Renderer),0.0,0.5674362182617188,0.044000000000000004,0.4534873962402344,50,1007.0,371.0,217.0,1.0
792,commerce,0.0,0.0902175903320312,0.0,0.08901596069335932,50,1007.0,371.0,217.0,1.0
9138,siriactionsd,0.0,0.1598358154296875,0.004,0.14521408081054685,50,1007.0,371.0,217.0,1.0
9040,triald,0.0,0.1308441162109375,0.0,0.12915039062499997,50,1007.0,371.0,217.0,1.0
9049,tccd,0.0,0.1096725463867187,0.0,0.10362243652343744,50,1007.0,371.0,217.0,1.0
9053,cloudd,0.0,0.2069473266601562,0.016,0.2035255432128906,50,1007.0,371.0,217.0,1.0
9069,searchpartyuseragent,0.0,0.1359939575195312,0.002,0.13115692138671872,50,1007.0,371.0,217.0,1.0
9086,knowledge-agent,0.0,0.1394271850585937,0.004,0.13211822509765622,50,1007.0,371.0,217.0,1.0
9088,contactsd,0.0,0.1092910766601562,0.008,0.09849548339843746,50,1007.0,371.0,217.0,1.0
9095,calaccessd,0.0,0.1592636108398437,0.002,0.15127944946289057,50,1007.0,371.0,217.0,1.0
9101,bird,0.0,0.1279830932617187,0.04800000000000001,0.12118530273437494,50,1007.0,371.0,217.0,1.0
9134,ScreenTimeAgent,0.0,0.1125335693359375,0.0,0.10361862182617183,50,1007.0,371.0,217.0,1.0
9205,IntelligencePlatformComputeService,0.0,0.0879287719726562,0.0,0.0879287719726562,50,1007.0,371.0,217.0,1.0
9754,ctkd,0.0,0.0896453857421875,0.0,0.08569717407226562,50,1007.0,371.0,217.0,1.0
9271,mdwrite,0.0,0.0329971313476562,0.0,0.032993316650390576,50,1007.0,371.0,217.0,1.0
9272,mbuseragent,0.0,0.0368118286132812,0.0,0.036808013916015576,50,1007.0,371.0,217.0,1.0
9556,syncdefaultsd,0.0,0.1245498657226562,0.006000000000000001,0.11057662963867186,50,1007.0,371.0,217.0,1.0
9572,proactived,0.0,0.1214981079101562,0.02,0.1299476623535156,50,1007.0,371.0,217.0,1.0
9575,akd,0.0,0.2223968505859375,0.002,0.2174873352050781,50,1007.0,371.0,217.0,1.0
9577,CloudTelemetryService,0.0,0.07781982421875,0.0,0.06444135050135331,127,1007.0,371.0,217.0,1.0
9649,suggestd,0.0,0.153350830078125,0.002,0.15771484374999997,50,1007.0,371.0,217.0,1.0
9681,AppleSpell,0.0,0.1420974731445312,0.0,0.13717651367187494,50,1007.0,371.0,217.0,1.0
9682,keyboardservicesd,0.0,0.0919342041015625,0.0,0.0876617431640625,50,1007.0,371.0,217.0,1.0
9742,promotedcontentd,0.0,0.1224517822265625,0.002,0.11449813842773438,50,1007.0,371.0,217.0,1.0
9032,secinitd,0.0,0.0652313232421875,0.0,0.06522750854492188,50,1007.0,371.0,217.0,1.0
9223,mapssyncd,0.0,0.0917434692382812,0.0,0.09173965454101557,50,1007.0,371.0,217.0,1.0
9000,PowerChime,0.0,0.1453399658203125,0.008,0.14000701904296872,50,1007.0,371.0,217.0,1.0
3033,Code Helper,0.1,0.4259109497070312,0.32371428571428573,0.48915318080357145,350,1007.0,371.0,217.0,1.0
8410,routined,0.0,0.2061843872070312,0.034,0.19092559814453122,50,1007.0,371.0,217.0,1.0
9762,coreauthd,0.0,0.0978469848632812,0.0,0.09390640258789058,50,1007.0,371.0,217.0,1.0
3034,Code Helper (Plugin),0.1,1.4234542846679688,0.041,0.5363956451416015,500,1007.0,371.0,217.0,1.0
3045,Code Helper (Plugin),0.0,0.27313232421875,0.041,0.5363956451416015,500,1007.0,371.0,217.0,1.0
3063,zsh,0.0,0.0047683715820312,0.0,0.009178644112447462,253,1007.0,371.0,217.0,1.0
4030,pet,0.0,0.0217437744140625,0.02,0.02233123779296875,50,1007.0,371.0,217.0,1.0
4037,zsh,0.0,0.0043869018554687,0.0,0.009178644112447462,253,1007.0,371.0,217.0,1.0
4143,Code Helper (Plugin),0.0,0.2115249633789062,0.041,0.5363956451416015,500,1007.0,371.0,217.0,1.0
4194,Code Helper (Plugin),0.0,0.891876220703125,0.041,0.5363956451416015,500,1007.0,371.0,217.0,1.0
5379,Code Helper (Plugin),0.0,0.2336502075195312,0.041,0.5363956451416015,500,1007.0,371.0,217.0,1.0
5384,zsh,0.0,0.0043869018554687,0.0,0.009178644112447462,253,1007.0,371.0,217.0,1.0
5761,zsh,0.0,0.0131607055664062,0.0,0.009178644112447462,253,1007.0,371.0,217.0,1.0
8666,Google Chrome Helper (Renderer),0.0,0.3141403198242187,0.647816091954023,1.1122661897505837,435,1007.0,371.0,217.0,1.0
6986,accountsd,0.0,0.1993179321289062,0.0,0.1851234436035156,50,1007.0,371.0,217.0,1.0
8324,Google Chrome Helper (Renderer),0.0,0.2368927001953125,0.647816091954023,1.1122661897505837,435,1007.0,371.0,217.0,1.0
8325,Google Chrome Helper (Renderer),0.0,0.3316879272460937,0.647816091954023,1.1122661897505837,435,1007.0,371.0,217.0,1.0
8326,chronod,0.0,0.1619338989257812,0.01,0.15725708007812497,50,1007.0,371.0,217.0,1.0
8328,Google Chrome Helper (Renderer),0.0,0.4482269287109375,0.647816091954023,1.1122661897505837,435,1007.0,371.0,217.0,1.0
8335,WorldClockWidget,0.0,0.2202987670898437,0.0,0.22029876708984367,50,1007.0,371.0,217.0,1.0
8336,CalendarWidgetExtension,0.0,0.1031875610351562,0.0,0.1031875610351562,50,1007.0,371.0,217.0,1.0
8337,WeatherWidget,0.0,0.36163330078125,0.0,0.3655509948730469,50,1007.0,371.0,217.0,1.0
8339,StocksWidget,0.0,0.3248214721679687,0.0,0.3267478942871093,50,1007.0,371.0,217.0,1.0
8340,ScreenTimeWidgetExtension,0.0,0.3332138061523437,0.0,0.3311538696289062,50,1007.0,371.0,217.0,1.0
8351,Google Chrome Helper,0.0,0.19378662109375,0.6,0.42389755249023436,250,1007.0,371.0,217.0,1.0
8396,audioaccessoryd,0.0,0.11749267578125,0.0,0.10800170898437496,50,1007.0,371.0,217.0,1.0
8323,Google Chrome Helper (Renderer),0.0,0.5735397338867188,0.647816091954023,1.1122661897505837,435,1007.0,371.0,217.0,1.0
9829,transparencyd,0.0,0.22430419921875,0.018000000000000002,0.21265792846679685,50,1007.0,371.0,217.0,1.0
10209,Code Helper (Plugin),0.0,0.4854202270507812,0.041,0.5363956451416015,500,1007.0,371.0,217.0,1.0
9847,UIKitSystem,0.0,0.1695632934570312,0.002,0.17118835449218742,50,1007.0,371.0,217.0,1.0
10490,talagentd,0.0,0.1468658447265625,0.002,0.14520263671874997,50,1007.0,371.0,217.0,1.0
10558,pbs,0.0,0.031280517578125,0.002,0.031276702880859375,50,1007.0,371.0,217.0,1.0
11204,MTLCompilerService,0.0,0.0333786010742187,0.0,0.03340148925781246,50,1007.0,371.0,217.0,1.0
11684,mlhostd,0.0,0.1436233520507812,0.0,0.14452743530273432,50,1007.0,371.0,217.0,1.0
12774,businessservicesd,0.0,0.0812530517578125,0.0,0.081024169921875,50,1007.0,371.0,217.0,1.0
12775,MessagesBlastDoorService,0.0,0.0579833984375,0.0,0.05239105224609375,50,1007.0,371.0,217.0,1.0
12776,feedbackd,0.0,0.0789642333984375,0.0,0.078704833984375,50,1007.0,371.0,217.0,1.0
12777,ProtectedCloudKeySyncing,0.0,0.0873565673828125,0.0,0.09304428100585938,50,1007.0,371.0,217.0,1.0
12779,gamecontrolleragentd,0.0,0.0598907470703125,0.002,0.060253143310546854,50,1007.0,371.0,217.0,1.0
12806,python3.12,0.6,0.1773834228515625,0.46153846153846156,0.1703031770475618,91,1007.0,371.0,217.0,1.0
12815,zsh,0.0,0.0156402587890625,0.0,0.009178644112447462,253,1007.0,371.0,217.0,1.0
12959,ndoagent,0.0,0.0753402709960937,0.0,0.0754165649414062,50,1007.0,371.0,217.0,1.0
12963,replayd,0.0,0.2180099487304687,0.0,0.21639064866669325,49,1007.0,371.0,217.0,1.0
13000,python3.12,0.0,0.1708984375,0.46153846153846156,0.1703031770475618,91,1007.0,371.0,217.0,1.0
13025,com.apple.siri.embeddedspeech,0.0,0.1462936401367187,0.03142857142857143,0.17331804547991067,35,1007.0,371.0,217.0,1.0
13036,CommCenter,0.0,0.3053665161132812,0.006000000000000001,0.23591232299804685,50,1007.0,371.0,217.0,1.0
13037,CoreLocationAgent,0.0,0.505828857421875,0.00425531914893617,0.4036964254176363,47,1007.0,371.0,217.0,1.0
13043,Keychain Circle Notification,0.0,0.1949310302734375,0.044000000000000004,0.18328857421874997,50,1007.0,371.0,217.0,1.0
13070,Google Chrome Helper (Renderer),0.0,1.5069961547851562,0.647816091954023,1.1122661897505837,435,1007.0,371.0,217.0,1.0
13071,mdworker_shared,0.0,0.1642227172851562,0.02153846153846154,0.19098232953976357,195,1007.0,371.0,217.0,1.0
13072,mdworker_shared,0.0,0.23193359375,0.02153846153846154,0.19098232953976357,195,1007.0,371.0,217.0,1.0
13073,Google Chrome Helper (Renderer),0.1,2.1543502807617188,0.647816091954023,1.1122661897505837,435,1007.0,371.0,217.0,1.0
2913,Code Helper,0.3,0.5941390991210938,0.32371428571428573,0.48915318080357145,350,1007.0,371.0,217.0,1.0
10481,Google Chrome Helper (Renderer),0.0,1.0101318359375,0.647816091954023,1.1122661897505837,435,1007.0,371.0,217.0,1.0
10215,Code Helper (Plugin),0.0,0.457763671875,0.041,0.5363956451416015,500,1007.0,371.0,217.0,1.0
10213,Code Helper (Plugin),0.0,0.4980087280273437,0.041,0.5363956451416015,500,1007.0,371.0,217.0,1.0
10212,Code Helper (Plugin),0.0,0.4980087280273437,0.041,0.5363956451416015,500,1007.0,371.0,217.0,1.0
9879,Siri,0.0,0.1501083374023437,0.016,0.1504554748535156,50,1007.0,371.0,217.0,1.0
9888,SiriNCService,0.0,0.1600265502929687,0.008,0.15225982666015622,50,1007.0,371.0,217.0,1.0
9891,AssetCacheLocatorService,0.0,0.0406265258789062,0.0,0.04087829589843746,50,1007.0,371.0,217.0,1.0
9901,pkd,0.0,0.106048583984375,0.002,0.10622024536132811,50,1007.0,371.0,217.0,1.0
9909,com.apple.geod,0.0,0.0986099243164062,0.004,0.09388351440429683,50,1007.0,371.0,217.0,1.0
9946,extensionkitservice,0.0,0.080108642578125,0.0,0.08034324645996094,100,1007.0,371.0,217.0,1.0
9947,networkserviceproxy,0.0,0.1493453979492187,0.0,0.1554603576660156,50,1007.0,371.0,217.0,1.0
9963,swtransparencyd,0.0,0.0890731811523437,0.0,0.08174896240234374,50,1007.0,371.0,217.0,1.0
9964,CloudTelemetryService,0.0,0.0780105590820312,0.0,0.06444135050135331,127,1007.0,371.0,217.0,1.0
9982,contentlinkingd,0.0,0.0841140747070312,0.0,0.08146667480468746,50,1007.0,371.0,217.0,1.0
10001,AppPredictionIntentsHelperService,0.0,0.1634597778320312,0.0,0.16557312011718747,50,1007.0,371.0,217.0,1.0
9845,intelligentroutingd,0.0,0.0883102416992187,0.0,0.0883407592773437,50,1007.0,371.0,217.0,1.0
10009,com.apple.accessibility.mediaaccessibilityd,0.0,0.0261306762695312,0.0,0.0261306762695312,50,1007.0,371.0,217.0,1.0
10015,linkd,0.0,0.0791549682617187,0.0,0.07984924316406244,50,1007.0,371.0,217.0,1.0
10115,iconservicesagent,0.0,0.0902175903320312,0.0,0.0902175903320312,50,1007.0,371.0,217.0,1.0
10121,com.apple.Safari.SafeBrowsing.Service,0.0,0.0743865966796875,0.0,0.07349395751953124,50,1007.0,371.0,217.0,1.0
10122,SAExtensionOrchestrator,0.0,0.1125335693359375,0.0,0.1125335693359375,50,1007.0,371.0,217.0,1.0
10123,extensionkitservice,0.0,0.0789642333984375,0.0,0.08034324645996094,100,1007.0,371.0,217.0,1.0
10124,GMSSELFIngestor,0.0,0.0974655151367187,0.0,0.0974655151367187,50,1007.0,371.0,217.0,1.0
10125,IFTranscriptSELFIngestor,0.0,0.086212158203125,0.0,0.086212158203125,50,1007.0,371.0,217.0,1.0
10126,IFTelemetrySELFIngestor,0.0,0.0825881958007812,0.0,0.0825881958007812,50,1007.0,371.0,217.0,1.0
10127,BiomeSELFIngestor,0.0,0.0879287719726562,0.0,0.0879287719726562,50,1007.0,371.0,217.0,1.0
10204,CoreServicesUIAgent,0.0,0.1972198486328125,0.004,0.19499969482421872,50,1007.0,371.0,217.0,1.0
10211,Code Helper (Plugin),0.0,0.4604339599609375,0.041,0.5363956451416015,500,1007.0,371.0,217.0,1.0
10010,AudioComponentRegistrar,0.0,0.0547409057617187,0.004,0.04845809936523434,50,1007.0,371.0,217.0,1.0
13074,mdworker_shared,0.0,0.305938720703125,0.02153846153846154,0.19098232953976357,195,1007.0,371.0,217.0,1.0
2880,Code Helper,0.0,0.1600265502929687,0.32371428571428573,0.48915318080357145,350,1007.0,371.0,217.0,1.0
2852,Code Helper,0.0,0.7329940795898438,0.32371428571428573,0.48915318080357145,350,1007.0,371.0,217.0,1.0
609,identityservicesd,0.0,0.2161026000976562,0.012,0.20082092285156247,50,1007.0,371.0,217.0,1.0
615,corespeechd,0.0,0.2237319946289062,0.09799999999999999,0.18834686279296872,50,1007.0,371.0,217.0,1.0
616,assistantd,0.0,0.2946853637695312,0.004,0.23475265502929685,50,1007.0,371.0,217.0,1.0
623,WallpaperImageExtension,0.0,0.0879287719726562,0.0,0.07489013671874994,50,1007.0,371.0,217.0,1.0
639,sharingd,0.0,0.1493453979492187,0.002,0.14010620117187497,50,1007.0,371.0,217.0,1.0
641,usernoted,0.0,0.177764892578125,0.02,0.15933227539062497,50,1007.0,371.0,217.0,1.0
642,neagent,0.0,0.1068115234375,0.0,0.1076812744140625,50,1007.0,371.0,217.0,1.0
643,useractivityd,0.0,0.0698089599609375,0.008,0.08467864990234374,50,1007.0,371.0,217.0,1.0
644,com.apple.dock.extra,0.0,0.201416015625,0.048,0.17804336547851562,50,1007.0,371.0,217.0,1.0
646,NotificationCenter,0.0,0.3038406372070312,0.024000000000000004,0.24862670898437497,50,1007.0,371.0,217.0,1.0
649,milod,0.0,0.0820159912109375,0.0,0.08232498168945312,50,1007.0,371.0,217.0,1.0
650,familycircled,0.0,0.0677108764648437,0.0,0.06789016723632807,50,1007.0,371.0,217.0,1.0
651,StatusKitAgent,0.0,0.0787734985351562,0.0,0.07876968383789057,50,1007.0,371.0,217.0,1.0
666,ContextStoreAgent,0.0,0.1605987548828125,0.11199999999999999,0.1729774475097656,50,1007.0,371.0,217.0,1.0
668,BiomeAgent,0.0,0.1071929931640625,0.126,0.1340827941894531,50,1007.0,371.0,217.0,1.0
670,imklaunchagent,0.0,0.0619888305664062,0.0,0.06198501586914058,50,1007.0,371.0,217.0,1.0
673,icdd,0.0,0.0349044799804687,0.0,0.034900665283203076,50,1007.0,371.0,217.0,1.0
680,AirPlayUIAgent,0.0,0.101470947265625,0.004,0.09934997558593746,50,1007.0,371.0,217.0,1.0
683,imagent,0.0,0.15106201171875,0.008,0.13217163085937497,50,1007.0,371.0,217.0,1.0
685,diagnostics_agent,0.0,0.0989913940429687,0.002,0.09417724609374996,50,1007.0,371.0,217.0,1.0
686,TextInputMenuAgent,0.0,0.177764892578125,0.008,0.16139221191406247,50,1007.0,371.0,217.0,1.0
688,Grammarly Desktop Helper,0.0,0.1161575317382812,0.002,0.10088729858398436,50,1007.0,371.0,217.0,1.0
699,com.apple.CloudDocs.iCloudDriveFileProvider,0.0,0.1056671142578125,0.008,0.09911346435546875,50,1007.0,371.0,217.0,1.0
606,fontworker,0.0,0.0581741333007812,0.0,0.05817031860351558,50,1007.0,371.0,217.0,1.0
605,ContinuityCaptureAgent,0.0,0.0761032104492187,0.0,0.0761032104492187,50,1007.0,371.0,217.0,1.0
604,AMPDeviceDiscoveryAgent,0.0,0.0570297241210937,0.0,0.051746368408203104,50,1007.0,371.0,217.0,1.0
602,fileproviderd,0.2,0.1495361328125,0.21200000000000002,0.1446113586425781,50,1007.0,371.0,217.0,1.0
2878,Code Helper,0.0,0.397491455078125,0.32371428571428573,0.48915318080357145,350,1007.0,371.0,217.0,1.0
376,loginwindow,0.0,0.3192901611328125,0.008,0.24020385742187497,50,1007.0,371.0,217.0,1.0
543,distnoted,0.0,0.0518798828125,0.028000000000000004,0.05070495605468747,50,1007.0,371.0,217.0,1.0
544,cfprefsd,0.0,0.0593185424804687,0.066,0.05707931518554685,50,1007.0,371.0,217.0,1.0
549,UserEventAgent,0.0,0.1031875610351562,0.013999999999999999,0.10488891601562496,50,1007.0,371.0,217.0,1.0
553,WindowManager,0.0,0.2397537231445312,0.11200000000000002,0.24517440795898435,50,1007.0,371.0,217.0,1.0
557,universalaccessd,0.0,0.0827789306640625,0.006000000000000001,0.09207916259765624,50,1007.0,371.0,217.0,1.0
559,Dock,0.0,0.2216339111328125,0.076,0.20318603515624997,50,1007.0,371.0,217.0,1.0
560,ControlCenter,0.5,0.4575729370117187,0.5379999999999999,0.41684722900390625,50,1007.0,371.0,217.0,1.0
561,pboard,0.0,0.0917434692382812,0.002,0.09132385253906246,50,1007.0,371.0,217.0,1.0
562,SystemUIServer,0.0,0.1501083374023437,0.006,0.13476562499999997,50,1007.0,371.0,217.0,1.0
704,ctkahp,0.0,0.037384033203125,0.0,0.037380218505859375,50,1007.0,371.0,217.0,1.0
564,Finder,0.0,0.5201339721679688,0.07400000000000001,0.4227867126464844,50,1007.0,371.0,217.0,1.0
568,AXVisualSupportAgent,0.0,0.1741409301757812,0.6920000000000001,0.16974639892578122,50,1007.0,371.0,217.0,1.0
575,rapportd,0.0,0.1359939575195312,0.002,0.1259346008300781,50,1007.0,371.0,217.0,1.0
578,secd,0.0,0.1703262329101562,0.006000000000000001,0.15089416503906247,50,1007.0,371.0,217.0,1.0
580,trustd,0.0,0.1195907592773437,0.04,0.11620330810546871,50,1007.0,371.0,217.0,1.0
583,WallpaperAgent,0.0,0.1802444458007812,0.004,0.1629066467285156,50,1007.0,371.0,217.0,1.0
587,com.apple.hiservices-xpcservice,0.0,0.0356674194335937,0.01,0.03719711303710933,50,1007.0,371.0,217.0,1.0
589,sharedfilelistd,0.0,0.102996826171875,0.0,0.08721542358398436,50,1007.0,371.0,217.0,1.0
590,containermanagerd,0.0,0.0459671020507812,0.012,0.04875946044921871,50,1007.0,371.0,217.0,1.0
591,usernotificationsd,0.0,0.1047134399414062,0.008,0.09786605834960933,50,1007.0,371.0,217.0,1.0
596,callservicesd,0.0,0.2126693725585937,0.006000000000000001,0.17979049682617185,50,1007.0,371.0,217.0,1.0
600,fontd,0.0,0.0993728637695312,0.002,0.06991577148437499,50,1007.0,371.0,217.0,1.0
567,lsd,0.0,0.1216888427734375,0.012,0.11196517944335933,50,1007.0,371.0,217.0,1.0
707,WiFiAgent,0.0,0.1577377319335937,0.114,0.16522979736328122,50,1007.0,371.0,217.0,1.0
608,ViewBridgeAuxiliary,0.0,0.0843048095703125,0.014000000000000002,0.08618545532226561,50,1007.0,371.0,217.0,1.0
713,Spotlight,0.0,0.3253936767578125,0.05,0.27865600585937494,50,1007.0,371.0,217.0,1.0
926,peopled,0.0,0.086212158203125,0.0,0.08623886108398438,50,1007.0,371.0,217.0,1.0
930,com.apple.WebKit.WebContent,0.0,0.330352783203125,0.2837142857142857,0.5284216744559151,350,1007.0,371.0,217.0,1.0
931,com.apple.WebKit.WebContent,0.0,0.6086349487304688,0.2837142857142857,0.5284216744559151,350,1007.0,371.0,217.0,1.0
932,com.apple.WebKit.WebContent,0.1,1.3788223266601562,0.2837142857142857,0.5284216744559151,350,1007.0,371.0,217.0,1.0
957,Google Chrome,0.3,2.4478912353515625,1.324,2.2691001892089844,50,1007.0,371.0,217.0,1.0
960,chrome_crashpad_handler,0.0,0.0188827514648437,0.0,0.019365310668945288,100,1007.0,371.0,217.0,1.0
961,voicebankingd,0.0,0.0722885131835937,0.0,0.07259750366210932,50,1007.0,371.0,217.0,1.0
963,Google Chrome Helper,1.2,0.8684158325195312,0.6,0.42389755249023436,250,1007.0,371.0,217.0,1.0
964,Google Chrome Helper,0.0,0.6990432739257812,0.6,0.42389755249023436,250,1007.0,371.0,217.0,1.0
966,Google Chrome Helper,0.0,0.2206802368164062,0.6,0.42389755249023436,250,1007.0,371.0,217.0,1.0
1015,Google Chrome Helper,0.0,0.1676559448242187,0.6,0.42389755249023436,250,1007.0,371.0,217.0,1.0
921,Spotify Helper,0.0,0.104522705078125,0.015600000000000001,0.14564056396484373,250,1007.0,371.0,217.0,1.0
1052,spotlightknowledged,0.0,0.0352859497070312,0.0,0.04377672749180943,62,1007.0,371.0,217.0,1.0
1474,IMAutomaticHistoryDeletionAgent,0.0,0.0919342041015625,0.0,0.08300018310546874,50,1007.0,371.0,217.0,1.0
1718,ServiceExtension,0.0,0.142669677734375,0.0,0.142669677734375,50,1007.0,371.0,217.0,1.0
2095,com.apple.WebKit.WebContent,0.0,0.30517578125,0.2837142857142857,0.5284216744559151,350,1007.0,371.0,217.0,1.0
2096,com.apple.WebKit.WebContent,0.0,0.3526687622070312,0.2837142857142857,0.5284216744559151,350,1007.0,371.0,217.0,1.0
2641,Google Chrome Helper (Renderer),0.0,0.6361007690429688,0.647816091954023,1.1122661897505837,435,1007.0,371.0,217.0,1.0
2672,Google Chrome Helper (Renderer),4.5,3.7746429443359375,0.647816091954023,1.1122661897505837,435,1007.0,371.0,217.0,1.0
2826,Code,0.1,1.4642715454101562,1.3619999999999999,1.3807182312011719,50,1007.0,371.0,217.0,1.0
2832,chrome_crashpad_handler,0.0,0.0194549560546875,0.0,0.019365310668945288,100,1007.0,371.0,217.0,1.0
2833,Code Helper,0.1,0.5887985229492188,0.32371428571428573,0.48915318080357145,350,1007.0,371.0,217.0,1.0
2834,Code Helper,0.1,0.3698348999023437,0.32371428571428573,0.48915318080357145,350,1007.0,371.0,217.0,1.0
709,nsurlsessiond,0.0,0.1298904418945312,0.032,0.1256752014160156,50,1007.0,371.0,217.0,1.0
1191,storeaccountd,0.0,0.0658035278320312,0.0,0.06579971313476557,50,1007.0,371.0,217.0,1.0
919,com.apple.WebKit.Networking,0.0,0.238800048828125,0.4,0.16855621337890622,100,1007.0,371.0,217.0,1.0
2835,Code Helper (Renderer),0.0,3.8455963134765625,3.5780000000000003,3.886066436767578,50,1007.0,371.0,217.0,1.0
916,com.apple.WebKit.WebContent,0.0,1.9321441650390625,0.2837142857142857,0.5284216744559151,350,1007.0,371.0,217.0,1.0
918,com.apple.WebKit.GPU,0.0,0.157928466796875,0.102,0.09322547912597655,100,1007.0,371.0,217.0,1.0
716,PAH_Extension,0.0,0.1148223876953125,0.014000000000000002,0.11199188232421874,50,1007.0,371.0,217.0,1.0
717,OneDrive,0.0,0.421142578125,0.032,0.36077880859375,50,1007.0,371.0,217.0,1.0
718,corespotlightd,0.0,0.1482009887695312,0.012,0.15357208251953122,50,1007.0,371.0,217.0,1.0
722,duetexpertd,0.0,0.2275466918945312,0.09,0.26060485839843744,50,1007.0,371.0,217.0,1.0
730,Spotify,0.4,1.2451171875,0.5479999999999999,1.0496597290039062,50,1007.0,371.0,217.0,1.0
733,homed,0.0,0.1438140869140625,0.0,0.1302070617675781,50,1007.0,371.0,217.0,1.0
740,Spotify Helper,0.0,0.0452041625976562,0.015600000000000001,0.14564056396484373,250,1007.0,371.0,217.0,1.0
741,avconferenced,0.0,0.067901611328125,0.0,0.06789779663085938,50,1007.0,371.0,217.0,1.0
747,Spotify Helper,0.0,0.208282470703125,0.015600000000000001,0.14564056396484373,250,1007.0,371.0,217.0,1.0
748,Spotify Helper,0.0,0.3198623657226562,0.015600000000000001,0.14564056396484373,250,1007.0,371.0,217.0,1.0
734,mediaremoteagent,0.0,0.0232696533203125,0.0,0.0232696533203125,50,1007.0,371.0,217.0,1.0
755,Grammarly Desktop,0.2,0.7356643676757812,0.524,0.7150344848632812,50,1007.0,371.0,217.0,1.0
714,CursorUIViewService,0.0,0.1630783081054687,0.07400000000000001,0.15747833251953122,50,1007.0,371.0,217.0,1.0
752,Spotify Helper,0.0,0.1169204711914062,0.015600000000000001,0.14564056396484373,250,1007.0,371.0,217.0,1.0
898,OneDrive Sync Service,0.0,0.2397537231445312,0.004,0.21224594116210935,50,1007.0,371.0,217.0,1.0
873,mdbulkimport,0.0,0.0713348388671875,0.0,0.07133102416992188,50,1007.0,371.0,217.0,1.0
857,Grammarly Desktop Update Service,0.0,0.1270294189453125,0.006000000000000001,0.11079406738281246,50,1007.0,371.0,217.0,1.0
913,app_inkwell,0.0,0.30517578125,0.94,0.29593276977539057,50,1007.0,371.0,217.0,1.0
776,com.apple.WebKit.Networking,0.0,0.1298904418945312,0.4,0.16855621337890622,100,1007.0,371.0,217.0,1.0
774,com.apple.WebKit.WebContent,0.0,0.0186920166015625,0.2837142857142857,0.5284216744559151,350,1007.0,371.0,217.0,1.0
772,com.apple.WebKit.GPU,0.0,0.0507354736328125,0.102,0.09322547912597655,100,1007.0,371.0,217.0,1.0
768,Spotify Helper (Renderer),0.0,0.5674362182617188,0.044000000000000004,0.4534873962402344,50,1007.0,371.0,217.0,1.0
792,commerce,0.0,0.0902175903320312,0.0,0.08901596069335932,50,1007.0,371.0,217.0,1.0
9134,ScreenTimeAgent,0.0,0.1125335693359375,0.0,0.10361862182617183,50,1007.0,371.0,217.0,1.0
9040,triald,0.0,0.135040283203125,0.0,0.12915039062499997,50,1007.0,371.0,217.0,1.0
9049,tccd,0.0,0.1096725463867187,0.0,0.10362243652343744,50,1007.0,371.0,217.0,1.0
9053,cloudd,0.0,0.2069473266601562,0.016,0.2035255432128906,50,1007.0,371.0,217.0,1.0
9069,searchpartyuseragent,0.0,0.1363754272460937,0.002,0.13115692138671872,50,1007.0,371.0,217.0,1.0
9086,knowledge-agent,0.0,0.1394271850585937,0.004,0.13211822509765622,50,1007.0,371.0,217.0,1.0
9088,contactsd,0.0,0.1092910766601562,0.008,0.09849548339843746,50,1007.0,371.0,217.0,1.0
9095,calaccessd,0.0,0.1592636108398437,0.002,0.15127944946289057,50,1007.0,371.0,217.0,1.0
9101,bird,0.0,0.1279830932617187,0.04800000000000001,0.12118530273437494,50,1007.0,371.0,217.0,1.0
9138,siriactionsd,0.0,0.1598358154296875,0.004,0.14521408081054685,50,1007.0,371.0,217.0,1.0
9742,promotedcontentd,0.0,0.1224517822265625,0.002,0.11449813842773438,50,1007.0,371.0,217.0,1.0
9223,mapssyncd,0.0,0.0917434692382812,0.0,0.09173965454101557,50,1007.0,371.0,217.0,1.0
9271,mdwrite,0.0,0.0329971313476562,0.0,0.032993316650390576,50,1007.0,371.0,217.0,1.0
9272,mbuseragent,0.0,0.0368118286132812,0.0,0.036808013916015576,50,1007.0,371.0,217.0,1.0
9556,syncdefaultsd,0.0,0.1245498657226562,0.006000000000000001,0.11057662963867186,50,1007.0,371.0,217.0,1.0
9572,proactived,0.0,0.1214981079101562,0.02,0.1299476623535156,50,1007.0,371.0,217.0,1.0
9575,akd,0.0,0.2223968505859375,0.002,0.2174873352050781,50,1007.0,371.0,217.0,1.0
9577,CloudTelemetryService,0.0,0.07781982421875,0.0,0.06444135050135331,127,1007.0,371.0,217.0,1.0
9649,suggestd,0.0,0.153350830078125,0.002,0.15771484374999997,50,1007.0,371.0,217.0,1.0
9681,AppleSpell,0.0,0.1420974731445312,0.0,0.13717651367187494,50,1007.0,371.0,217.0,1.0
9682,keyboardservicesd,0.0,0.0919342041015625,0.0,0.0876617431640625,50,1007.0,371.0,217.0,1.0
9032,secinitd,0.0,0.0652313232421875,0.0,0.06522750854492188,50,1007.0,371.0,217.0,1.0
9754,ctkd,0.0,0.0896453857421875,0.0,0.08569717407226562,50,1007.0,371.0,217.0,1.0
9205,IntelligencePlatformComputeService,0.0,0.0879287719726562,0.0,0.0879287719726562,50,1007.0,371.0,217.0,1.0
9000,PowerChime,0.0,0.1453399658203125,0.008,0.14000701904296872,50,1007.0,371.0,217.0,1.0
8325,Google Chrome Helper (Renderer),0.0,0.3316879272460937,0.647816091954023,1.1122661897505837,435,1007.0,371.0,217.0,1.0
8410,routined,0.0,0.2061843872070312,0.034,0.19092559814453122,50,1007.0,371.0,217.0,1.0
3033,Code Helper,0.0,0.4255294799804687,0.32371428571428573,0.48915318080357145,350,1007.0,371.0,217.0,1.0
9762,coreauthd,0.0,0.0978469848632812,0.0,0.09390640258789058,50,1007.0,371.0,217.0,1.0
3034,Code Helper (Plugin),0.1,1.4225006103515625,0.041,0.5363956451416015,500,1007.0,371.0,217.0,1.0
3045,Code Helper (Plugin),0.0,0.27313232421875,0.041,0.5363956451416015,500,1007.0,371.0,217.0,1.0
3063,zsh,0.0,0.0047683715820312,0.0,0.009178644112447462,253,1007.0,371.0,217.0,1.0
4030,pet,0.0,0.0217437744140625,0.02,0.02233123779296875,50,1007.0,371.0,217.0,1.0
4037,zsh,0.0,0.0043869018554687,0.0,0.009178644112447462,253,1007.0,371.0,217.0,1.0
4143,Code Helper (Plugin),0.0,0.2115249633789062,0.041,0.5363956451416015,500,1007.0,371.0,217.0,1.0
4194,Code Helper (Plugin),0.0,0.8922576904296875,0.041,0.5363956451416015,500,1007.0,371.0,217.0,1.0
5379,Code Helper (Plugin),0.0,0.2336502075195312,0.041,0.5363956451416015,500,1007.0,371.0,217.0,1.0
5384,zsh,0.0,0.0043869018554687,0.0,0.009178644112447462,253,1007.0,371.0,217.0,1.0
8666,Google Chrome Helper (Renderer),0.0,0.3141403198242187,0.647816091954023,1.1122661897505837,435,1007.0,371.0,217.0,1.0
5761,zsh,0.0,0.0131607055664062,0.0,0.009178644112447462,253,1007.0,371.0,217.0,1.0
8323,Google Chrome Helper (Renderer),0.0,0.5735397338867188,0.647816091954023,1.1122661897505837,435,1007.0,371.0,217.0,1.0
8324,Google Chrome Helper (Renderer),0.0,0.2368927001953125,0.647816091954023,1.1122661897505837,435,1007.0,371.0,217.0,1.0
8326,chronod,0.0,0.1619338989257812,0.01,0.15725708007812497,50,1007.0,371.0,217.0,1.0
8328,Google Chrome Helper (Renderer),0.0,0.4482269287109375,0.647816091954023,1.1122661897505837,435,1007.0,371.0,217.0,1.0
8335,WorldClockWidget,0.0,0.2202987670898437,0.0,0.22029876708984367,50,1007.0,371.0,217.0,1.0
8336,CalendarWidgetExtension,0.0,0.1031875610351562,0.0,0.1031875610351562,50,1007.0,371.0,217.0,1.0
8337,WeatherWidget,0.0,0.36163330078125,0.0,0.3655509948730469,50,1007.0,371.0,217.0,1.0
8339,StocksWidget,0.0,0.3248214721679687,0.0,0.3267478942871093,50,1007.0,371.0,217.0,1.0
8340,ScreenTimeWidgetExtension,0.0,0.3332138061523437,0.0,0.3311538696289062,50,1007.0,371.0,217.0,1.0
8351,Google Chrome Helper,0.0,0.19378662109375,0.6,0.42389755249023436,250,1007.0,371.0,217.0,1.0
8396,audioaccessoryd,0.0,0.11749267578125,0.0,0.10800170898437496,50,1007.0,371.0,217.0,1.0
6986,accountsd,0.0,0.1993179321289062,0.0,0.1851234436035156,50,1007.0,371.0,217.0,1.0
9829,transparencyd,0.0,0.22430419921875,0.018000000000000002,0.21265792846679685,50,1007.0,371.0,217.0,1.0
10209,Code Helper (Plugin),0.0,0.4854202270507812,0.041,0.5363956451416015,500,1007.0,371.0,217.0,1.0
9847,UIKitSystem,0.0,0.1695632934570312,0.002,0.17118835449218742,50,1007.0,371.0,217.0,1.0
10490,talagentd,0.0,0.1468658447265625,0.002,0.14520263671874997,50,1007.0,371.0,217.0,1.0
10558,pbs,0.0,0.031280517578125,0.002,0.031276702880859375,50,1007.0,371.0,217.0,1.0
11204,MTLCompilerService,0.0,0.0333786010742187,0.0,0.03340148925781246,50,1007.0,371.0,217.0,1.0
11684,mlhostd,0.0,0.1436233520507812,0.0,0.14452743530273432,50,1007.0,371.0,217.0,1.0
12774,businessservicesd,0.0,0.0812530517578125,0.0,0.081024169921875,50,1007.0,371.0,217.0,1.0
12775,MessagesBlastDoorService,0.0,0.0579833984375,0.0,0.05239105224609375,50,1007.0,371.0,217.0,1.0
12776,feedbackd,0.0,0.0789642333984375,0.0,0.078704833984375,50,1007.0,371.0,217.0,1.0
12777,ProtectedCloudKeySyncing,0.0,0.0873565673828125,0.0,0.09304428100585938,50,1007.0,371.0,217.0,1.0
12779,gamecontrolleragentd,0.0,0.0598907470703125,0.002,0.060253143310546854,50,1007.0,371.0,217.0,1.0
12806,python3.12,0.6,0.1773834228515625,0.46153846153846156,0.1703031770475618,91,1007.0,371.0,217.0,1.0
12815,zsh,0.0,0.0156402587890625,0.0,0.009178644112447462,253,1007.0,371.0,217.0,1.0
12959,ndoagent,0.0,0.0753402709960937,0.0,0.0754165649414062,50,1007.0,371.0,217.0,1.0
12963,replayd,0.0,0.2180099487304687,0.0,0.21639064866669325,49,1007.0,371.0,217.0,1.0
13000,python3.12,0.0,0.1714706420898437,0.46153846153846156,0.1703031770475618,91,1007.0,371.0,217.0,1.0
13025,com.apple.siri.embeddedspeech,0.0,0.1462936401367187,0.03142857142857143,0.17331804547991067,35,1007.0,371.0,217.0,1.0
13036,CommCenter,0.0,0.3055572509765625,0.006000000000000001,0.23591232299804685,50,1007.0,371.0,217.0,1.0
13037,CoreLocationAgent,0.0,0.505828857421875,0.00425531914893617,0.4036964254176363,47,1007.0,371.0,217.0,1.0
13043,Keychain Circle Notification,0.0,0.1949310302734375,0.044000000000000004,0.18328857421874997,50,1007.0,371.0,217.0,1.0
13070,Google Chrome Helper (Renderer),0.0,1.5069961547851562,0.647816091954023,1.1122661897505837,435,1007.0,371.0,217.0,1.0
13071,mdworker_shared,0.0,0.1642227172851562,0.02153846153846154,0.19098232953976357,195,1007.0,371.0,217.0,1.0
13072,mdworker_shared,0.0,0.23193359375,0.02153846153846154,0.19098232953976357,195,1007.0,371.0,217.0,1.0
13073,Google Chrome Helper (Renderer),0.0,2.154541015625,0.647816091954023,1.1122661897505837,435,1007.0,371.0,217.0,1.0
13074,mdworker_shared,0.0,0.305938720703125,0.02153846153846154,0.19098232953976357,195,1007.0,371.0,217.0,1.0
10481,Google Chrome Helper (Renderer),0.0,1.0101318359375,0.647816091954023,1.1122661897505837,435,1007.0,371.0,217.0,1.0
10215,Code Helper (Plugin),0.0,0.457763671875,0.041,0.5363956451416015,500,1007.0,371.0,217.0,1.0
10213,Code Helper (Plugin),0.0,0.4980087280273437,0.041,0.5363956451416015,500,1007.0,371.0,217.0,1.0
10212,Code Helper (Plugin),0.0,0.4980087280273437,0.041,0.5363956451416015,500,1007.0,371.0,217.0,1.0
9879,Siri,0.0,0.1501083374023437,0.016,0.1504554748535156,50,1007.0,371.0,217.0,1.0
9888,SiriNCService,0.0,0.1600265502929687,0.008,0.15225982666015622,50,1007.0,371.0,217.0,1.0
9891,AssetCacheLocatorService,0.0,0.0406265258789062,0.0,0.04087829589843746,50,1007.0,371.0,217.0,1.0
9901,pkd,0.0,0.106048583984375,0.002,0.10622024536132811,50,1007.0,371.0,217.0,1.0
9909,com.apple.geod,0.0,0.0986099243164062,0.004,0.09388351440429683,50,1007.0,371.0,217.0,1.0
9946,extensionkitservice,0.0,0.080108642578125,0.0,0.08034324645996094,100,1007.0,371.0,217.0,1.0
9947,networkserviceproxy,0.0,0.1493453979492187,0.0,0.1554603576660156,50,1007.0,371.0,217.0,1.0
9963,swtransparencyd,0.0,0.0890731811523437,0.0,0.08174896240234374,50,1007.0,371.0,217.0,1.0
9964,CloudTelemetryService,0.0,0.0780105590820312,0.0,0.06444135050135331,127,1007.0,371.0,217.0,1.0
9982,contentlinkingd,0.0,0.0841140747070312,0.0,0.08146667480468746,50,1007.0,371.0,217.0,1.0
10001,AppPredictionIntentsHelperService,0.0,0.1634597778320312,0.0,0.16557312011718747,50,1007.0,371.0,217.0,1.0
9845,intelligentroutingd,0.0,0.0883102416992187,0.0,0.0883407592773437,50,1007.0,371.0,217.0,1.0
10009,com.apple.accessibility.mediaaccessibilityd,0.0,0.0261306762695312,0.0,0.0261306762695312,50,1007.0,371.0,217.0,1.0
10015,linkd,0.0,0.0791549682617187,0.0,0.07984924316406244,50,1007.0,371.0,217.0,1.0
10115,iconservicesagent,0.0,0.0902175903320312,0.0,0.0902175903320312,50,1007.0,371.0,217.0,1.0
10121,com.apple.Safari.SafeBrowsing.Service,0.0,0.0743865966796875,0.0,0.07349395751953124,50,1007.0,371.0,217.0,1.0
10122,SAExtensionOrchestrator,0.0,0.1125335693359375,0.0,0.1125335693359375,50,1007.0,371.0,217.0,1.0
10123,extensionkitservice,0.0,0.0789642333984375,0.0,0.08034324645996094,100,1007.0,371.0,217.0,1.0
10124,GMSSELFIngestor,0.0,0.0974655151367187,0.0,0.0974655151367187,50,1007.0,371.0,217.0,1.0
10125,IFTranscriptSELFIngestor,0.0,0.086212158203125,0.0,0.086212158203125,50,1007.0,371.0,217.0,1.0
10126,IFTelemetrySELFIngestor,0.0,0.0825881958007812,0.0,0.0825881958007812,50,1007.0,371.0,217.0,1.0
10127,BiomeSELFIngestor,0.0,0.0879287719726562,0.0,0.0879287719726562,50,1007.0,371.0,217.0,1.0
10204,CoreServicesUIAgent,0.0,0.1972198486328125,0.004,0.19499969482421872,50,1007.0,371.0,217.0,1.0
10211,Code Helper (Plugin),0.0,0.4604339599609375,0.041,0.5363956451416015,500,1007.0,371.0,217.0,1.0
10010,AudioComponentRegistrar,0.0,0.0547409057617187,0.004,0.04845809936523434,50,1007.0,371.0,217.0,1.0
2913,Code Helper,0.3,0.59967041015625,0.32371428571428573,0.48915318080357145,350,1007.0,371.0,217.0,1.0
2880,Code Helper,0.0,0.1600265502929687,0.32371428571428573,0.48915318080357145,350,1007.0,371.0,217.0,1.0
2852,Code Helper,0.0,0.7329940795898438,0.32371428571428573,0.48915318080357145,350,1007.0,371.0,217.0,1.0
609,identityservicesd,0.0,0.2162933349609375,0.012,0.20082092285156247,50,1007.0,371.0,217.0,1.0
615,corespeechd,0.0,0.2237319946289062,0.09799999999999999,0.18834686279296872,50,1007.0,371.0,217.0,1.0
616,assistantd,0.0,0.2946853637695312,0.004,0.23475265502929685,50,1007.0,371.0,217.0,1.0
623,WallpaperImageExtension,0.0,0.0879287719726562,0.0,0.07489013671874994,50,1007.0,371.0,217.0,1.0
639,sharingd,0.0,0.1493453979492187,0.002,0.14010620117187497,50,1007.0,371.0,217.0,1.0
641,usernoted,0.0,0.177764892578125,0.02,0.15933227539062497,50,1007.0,371.0,217.0,1.0
642,neagent,0.0,0.1068115234375,0.0,0.1076812744140625,50,1007.0,371.0,217.0,1.0
643,useractivityd,0.0,0.0698089599609375,0.008,0.08467864990234374,50,1007.0,371.0,217.0,1.0
644,com.apple.dock.extra,0.0,0.201416015625,0.048,0.17804336547851562,50,1007.0,371.0,217.0,1.0
646,NotificationCenter,0.0,0.3038406372070312,0.024000000000000004,0.24862670898437497,50,1007.0,371.0,217.0,1.0
649,milod,0.0,0.0820159912109375,0.0,0.08232498168945312,50,1007.0,371.0,217.0,1.0
650,familycircled,0.0,0.0677108764648437,0.0,0.06789016723632807,50,1007.0,371.0,217.0,1.0
651,StatusKitAgent,0.0,0.0787734985351562,0.0,0.07876968383789057,50,1007.0,371.0,217.0,1.0
666,ContextStoreAgent,0.0,0.1529693603515625,0.11199999999999999,0.1729774475097656,50,1007.0,371.0,217.0,1.0
668,BiomeAgent,0.0,0.1071929931640625,0.126,0.1340827941894531,50,1007.0,371.0,217.0,1.0
670,imklaunchagent,0.0,0.0619888305664062,0.0,0.06198501586914058,50,1007.0,371.0,217.0,1.0
673,icdd,0.0,0.0349044799804687,0.0,0.034900665283203076,50,1007.0,371.0,217.0,1.0
680,AirPlayUIAgent,0.0,0.101470947265625,0.004,0.09934997558593746,50,1007.0,371.0,217.0,1.0
683,imagent,0.0,0.1508712768554687,0.008,0.13217163085937497,50,1007.0,371.0,217.0,1.0
685,diagnostics_agent,0.0,0.0989913940429687,0.002,0.09417724609374996,50,1007.0,371.0,217.0,1.0
686,TextInputMenuAgent,0.0,0.177764892578125,0.008,0.16139221191406247,50,1007.0,371.0,217.0,1.0
688,Grammarly Desktop Helper,0.0,0.1161575317382812,0.002,0.10088729858398436,50,1007.0,371.0,217.0,1.0
699,com.apple.CloudDocs.iCloudDriveFileProvider,0.0,0.1056671142578125,0.008,0.09911346435546875,50,1007.0,371.0,217.0,1.0
608,ViewBridgeAuxiliary,0.0,0.0843048095703125,0.014000000000000002,0.08618545532226561,50,1007.0,371.0,217.0,1.0
606,fontworker,0.0,0.0581741333007812,0.0,0.05817031860351558,50,1007.0,371.0,217.0,1.0
605,ContinuityCaptureAgent,0.0,0.0761032104492187,0.0,0.0761032104492187,50,1007.0,371.0,217.0,1.0
604,AMPDeviceDiscoveryAgent,0.0,0.0570297241210937,0.0,0.051746368408203104,50,1007.0,371.0,217.0,1.0
376,loginwindow,0.0,0.3192901611328125,0.008,0.24020385742187497,50,1007.0,371.0,217.0,1.0
543,distnoted,0.1,0.0518798828125,0.028000000000000004,0.05070495605468747,50,1007.0,371.0,217.0,1.0
544,cfprefsd,0.0,0.0593185424804687,0.066,0.05707931518554685,50,1007.0,371.0,217.0,1.0
549,UserEventAgent,0.0,0.1031875610351562,0.013999999999999999,0.10488891601562496,50,1007.0,371.0,217.0,1.0
553,WindowManager,0.0,0.23956298828125,0.11200000000000002,0.24517440795898435,50,1007.0,371.0,217.0,1.0
557,universalaccessd,0.0,0.0827789306640625,0.006000000000000001,0.09207916259765624,50,1007.0,371.0,217.0,1.0
559,Dock,0.0,0.2214431762695312,0.076,0.20318603515624997,50,1007.0,371.0,217.0,1.0
560,ControlCenter,0.5,0.4575729370117187,0.5379999999999999,0.41684722900390625,50,1007.0,371.0,217.0,1.0
561,pboard,0.0,0.0917434692382812,0.002,0.09132385253906246,50,1007.0,371.0,217.0,1.0
562,SystemUIServer,0.0,0.1501083374023437,0.006,0.13476562499999997,50,1007.0,371.0,217.0,1.0
564,Finder,0.0,0.5201339721679688,0.07400000000000001,0.4227867126464844,50,1007.0,371.0,217.0,1.0
704,ctkahp,0.0,0.037384033203125,0.0,0.037380218505859375,50,1007.0,371.0,217.0,1.0
567,lsd,0.0,0.1216888427734375,0.012,0.11196517944335933,50,1007.0,371.0,217.0,1.0
575,rapportd,0.0,0.1359939575195312,0.002,0.1259346008300781,50,1007.0,371.0,217.0,1.0
578,secd,0.0,0.1703262329101562,0.006000000000000001,0.15089416503906247,50,1007.0,371.0,217.0,1.0
580,trustd,0.0,0.1195907592773437,0.04,0.11620330810546871,50,1007.0,371.0,217.0,1.0
583,WallpaperAgent,0.0,0.1802444458007812,0.004,0.1629066467285156,50,1007.0,371.0,217.0,1.0
587,com.apple.hiservices-xpcservice,0.0,0.0356674194335937,0.01,0.03719711303710933,50,1007.0,371.0,217.0,1.0
589,sharedfilelistd,0.0,0.102996826171875,0.0,0.08721542358398436,50,1007.0,371.0,217.0,1.0
590,containermanagerd,0.0,0.0459671020507812,0.012,0.04875946044921871,50,1007.0,371.0,217.0,1.0
591,usernotificationsd,0.0,0.1047134399414062,0.008,0.09786605834960933,50,1007.0,371.0,217.0,1.0
596,callservicesd,0.0,0.2126693725585937,0.006000000000000001,0.17979049682617185,50,1007.0,371.0,217.0,1.0
600,fontd,0.0,0.0993728637695312,0.002,0.06991577148437499,50,1007.0,371.0,217.0,1.0
602,fileproviderd,0.2,0.1495361328125,0.21200000000000002,0.1446113586425781,50,1007.0,371.0,217.0,1.0
568,AXVisualSupportAgent,0.0,0.1741409301757812,0.6920000000000001,0.16974639892578122,50,1007.0,371.0,217.0,1.0
707,WiFiAgent,0.0,0.1577377319335937,0.114,0.16522979736328122,50,1007.0,371.0,217.0,1.0
2878,Code Helper,0.0,0.3976821899414062,0.32371428571428573,0.48915318080357145,350,1007.0,371.0,217.0,1.0
713,Spotlight,0.0,0.3253936767578125,0.05,0.27865600585937494,50,1007.0,371.0,217.0,1.0
930,com.apple.WebKit.WebContent,0.0,0.3290176391601562,0.2837142857142857,0.5284216744559151,350,1007.0,371.0,217.0,1.0
931,com.apple.WebKit.WebContent,0.0,0.608062744140625,0.2837142857142857,0.5284216744559151,350,1007.0,371.0,217.0,1.0
932,com.apple.WebKit.WebContent,0.1,1.35345458984375,0.2837142857142857,0.5284216744559151,350,1007.0,371.0,217.0,1.0
957,Google Chrome,0.1,2.4488449096679688,1.324,2.2691001892089844,50,1007.0,371.0,217.0,1.0
960,chrome_crashpad_handler,0.0,0.0188827514648437,0.0,0.019365310668945288,100,1007.0,371.0,217.0,1.0
961,voicebankingd,0.0,0.0722885131835937,0.0,0.07259750366210932,50,1007.0,371.0,217.0,1.0
963,Google Chrome Helper,1.2,0.8686065673828125,0.6,0.42389755249023436,250,1007.0,371.0,217.0,1.0
964,Google Chrome Helper,0.0,0.6990432739257812,0.6,0.42389755249023436,250,1007.0,371.0,217.0,1.0
966,Google Chrome Helper,0.0,0.2206802368164062,0.6,0.42389755249023436,250,1007.0,371.0,217.0,1.0
1052,spotlightknowledged,0.0,0.0352859497070312,0.0,0.04377672749180943,62,1007.0,371.0,217.0,1.0
1191,storeaccountd,0.0,0.0658035278320312,0.0,0.06579971313476557,50,1007.0,371.0,217.0,1.0
1474,IMAutomaticHistoryDeletionAgent,0.0,0.0919342041015625,0.0,0.08300018310546874,50,1007.0,371.0,217.0,1.0
1718,ServiceExtension,0.0,0.142669677734375,0.0,0.142669677734375,50,1007.0,371.0,217.0,1.0
2095,com.apple.WebKit.WebContent,0.0,0.3049850463867187,0.2837142857142857,0.5284216744559151,350,1007.0,371.0,217.0,1.0
2096,com.apple.WebKit.WebContent,0.0,0.3398895263671875,0.2837142857142857,0.5284216744559151,350,1007.0,371.0,217.0,1.0
2641,Google Chrome Helper (Renderer),0.0,0.6361007690429688,0.647816091954023,1.1122661897505837,435,1007.0,371.0,217.0,1.0
2672,Google Chrome Helper (Renderer),4.5,3.776168823242187,0.647816091954023,1.1122661897505837,435,1007.0,371.0,217.0,1.0
2826,Code,0.0,1.4659881591796875,1.3619999999999999,1.3807182312011719,50,1007.0,371.0,217.0,1.0
2832,chrome_crashpad_handler,0.0,0.0194549560546875,0.0,0.019365310668945288,100,1007.0,371.0,217.0,1.0
2833,Code Helper,0.0,0.5887985229492188,0.32371428571428573,0.48915318080357145,350,1007.0,371.0,217.0,1.0
2834,Code Helper,0.0,0.3698348999023437,0.32371428571428573,0.48915318080357145,350,1007.0,371.0,217.0,1.0
2835,Code Helper (Renderer),0.0,3.866767883300781,3.5780000000000003,3.886066436767578,50,1007.0,371.0,217.0,1.0
709,nsurlsessiond,0.0,0.1302719116210937,0.032,0.1256752014160156,50,1007.0,371.0,217.0,1.0
926,peopled,0.0,0.086212158203125,0.0,0.08623886108398438,50,1007.0,371.0,217.0,1.0
921,Spotify Helper,0.0,0.104522705078125,0.015600000000000001,0.14564056396484373,250,1007.0,371.0,217.0,1.0
1015,Google Chrome Helper,0.0,0.1676559448242187,0.6,0.42389755249023436,250,1007.0,371.0,217.0,1.0
918,com.apple.WebKit.GPU,0.0,0.157928466796875,0.102,0.09322547912597655,100,1007.0,371.0,217.0,1.0
919,com.apple.WebKit.Networking,0.0,0.2370834350585937,0.4,0.16855621337890622,100,1007.0,371.0,217.0,1.0
716,PAH_Extension,0.0,0.1148223876953125,0.014000000000000002,0.11199188232421874,50,1007.0,371.0,217.0,1.0
717,OneDrive,0.0,0.421142578125,0.032,0.36077880859375,50,1007.0,371.0,217.0,1.0
718,corespotlightd,0.0,0.1482009887695312,0.012,0.15357208251953122,50,1007.0,371.0,217.0,1.0
722,duetexpertd,0.0,0.2275466918945312,0.09,0.26060485839843744,50,1007.0,371.0,217.0,1.0
730,Spotify,0.4,1.2449264526367188,0.5479999999999999,1.0496597290039062,50,1007.0,371.0,217.0,1.0
733,homed,0.0,0.1438140869140625,0.0,0.1302070617675781,50,1007.0,371.0,217.0,1.0
740,Spotify Helper,0.0,0.0452041625976562,0.015600000000000001,0.14564056396484373,250,1007.0,371.0,217.0,1.0
741,avconferenced,0.0,0.067901611328125,0.0,0.06789779663085938,50,1007.0,371.0,217.0,1.0
747,Spotify Helper,0.0,0.2084732055664062,0.015600000000000001,0.14564056396484373,250,1007.0,371.0,217.0,1.0
748,Spotify Helper,0.0,0.3198623657226562,0.015600000000000001,0.14564056396484373,250,1007.0,371.0,217.0,1.0
752,Spotify Helper,0.0,0.1169204711914062,0.015600000000000001,0.14564056396484373,250,1007.0,371.0,217.0,1.0
734,mediaremoteagent,0.0,0.0232696533203125,0.0,0.0232696533203125,50,1007.0,371.0,217.0,1.0
714,CursorUIViewService,0.0,0.1630783081054687,0.07400000000000001,0.15747833251953122,50,1007.0,371.0,217.0,1.0
755,Grammarly Desktop,0.2,0.7358551025390625,0.524,0.7150344848632812,50,1007.0,371.0,217.0,1.0
913,app_inkwell,0.0,0.3049850463867187,0.94,0.29593276977539057,50,1007.0,371.0,217.0,1.0
898,OneDrive Sync Service,0.0,0.2397537231445312,0.004,0.21224594116210935,50,1007.0,371.0,217.0,1.0
873,mdbulkimport,0.0,0.0713348388671875,0.0,0.07133102416992188,50,1007.0,371.0,217.0,1.0
857,Grammarly Desktop Update Service,0.0,0.1270294189453125,0.006000000000000001,0.11079406738281246,50,1007.0,371.0,217.0,1.0
916,com.apple.WebKit.WebContent,0.0,1.9298553466796875,0.2837142857142857,0.5284216744559151,350,1007.0,371.0,217.0,1.0
776,com.apple.WebKit.Networking,0.0,0.1298904418945312,0.4,0.16855621337890622,100,1007.0,371.0,217.0,1.0
774,com.apple.WebKit.WebContent,0.0,0.0186920166015625,0.2837142857142857,0.5284216744559151,350,1007.0,371.0,217.0,1.0
772,com.apple.WebKit.GPU,0.0,0.0507354736328125,0.102,0.09322547912597655,100,1007.0,371.0,217.0,1.0
768,Spotify Helper (Renderer),0.0,0.5674362182617188,0.044000000000000004,0.4534873962402344,50,1007.0,371.0,217.0,1.0
792,commerce,0.0,0.0902175903320312,0.0,0.08901596069335932,50,1007.0,371.0,217.0,1.0
9138,siriactionsd,0.0,0.1598358154296875,0.004,0.14521408081054685,50,1007.0,371.0,217.0,1.0
9040,triald,0.0,0.135040283203125,0.0,0.12915039062499997,50,1007.0,371.0,217.0,1.0
9049,tccd,0.0,0.1096725463867187,0.0,0.10362243652343744,50,1007.0,371.0,217.0,1.0
9053,cloudd,0.0,0.2058029174804687,0.016,0.2035255432128906,50,1007.0,371.0,217.0,1.0
9069,searchpartyuseragent,0.0,0.1363754272460937,0.002,0.13115692138671872,50,1007.0,371.0,217.0,1.0
9086,knowledge-agent,0.0,0.1394271850585937,0.004,0.13211822509765622,50,1007.0,371.0,217.0,1.0
9088,contactsd,0.0,0.1092910766601562,0.008,0.09849548339843746,50,1007.0,371.0,217.0,1.0
9095,calaccessd,0.0,0.1592636108398437,0.002,0.15127944946289057,50,1007.0,371.0,217.0,1.0
9101,bird,0.0,0.1279830932617187,0.04800000000000001,0.12118530273437494,50,1007.0,371.0,217.0,1.0
9134,ScreenTimeAgent,0.0,0.1125335693359375,0.0,0.10361862182617183,50,1007.0,371.0,217.0,1.0
9205,IntelligencePlatformComputeService,0.0,0.0879287719726562,0.0,0.0879287719726562,50,1007.0,371.0,217.0,1.0
9754,ctkd,0.0,0.0896453857421875,0.0,0.08569717407226562,50,1007.0,371.0,217.0,1.0
9271,mdwrite,0.0,0.0329971313476562,0.0,0.032993316650390576,50,1007.0,371.0,217.0,1.0
9272,mbuseragent,0.0,0.0368118286132812,0.0,0.036808013916015576,50,1007.0,371.0,217.0,1.0
9556,syncdefaultsd,0.0,0.12359619140625,0.006000000000000001,0.11057662963867186,50,1007.0,371.0,217.0,1.0
9572,proactived,0.0,0.1214981079101562,0.02,0.1299476623535156,50,1007.0,371.0,217.0,1.0
9575,akd,0.0,0.2222061157226562,0.002,0.2174873352050781,50,1007.0,371.0,217.0,1.0
9577,CloudTelemetryService,0.0,0.07781982421875,0.0,0.06444135050135331,127,1007.0,371.0,217.0,1.0
9649,suggestd,0.0,0.153350830078125,0.002,0.15771484374999997,50,1007.0,371.0,217.0,1.0
9681,AppleSpell,0.0,0.1420974731445312,0.0,0.13717651367187494,50,1007.0,371.0,217.0,1.0
9682,keyboardservicesd,0.0,0.0919342041015625,0.0,0.0876617431640625,50,1007.0,371.0,217.0,1.0
9742,promotedcontentd,0.0,0.1224517822265625,0.002,0.11449813842773438,50,1007.0,371.0,217.0,1.0
9032,secinitd,0.0,0.0652313232421875,0.0,0.06522750854492188,50,1007.0,371.0,217.0,1.0
9223,mapssyncd,0.0,0.0917434692382812,0.0,0.09173965454101557,50,1007.0,371.0,217.0,1.0
9000,PowerChime,0.0,0.1436233520507812,0.008,0.14000701904296872,50,1007.0,371.0,217.0,1.0
3033,Code Helper,0.0,0.4199981689453125,0.32371428571428573,0.48915318080357145,350,1007.0,371.0,217.0,1.0
8410,routined,0.0,0.2061843872070312,0.034,0.19092559814453122,50,1007.0,371.0,217.0,1.0
9762,coreauthd,0.0,0.0978469848632812,0.0,0.09390640258789058,50,1007.0,371.0,217.0,1.0
3034,Code Helper (Plugin),0.1,1.4215469360351562,0.041,0.5363956451416015,500,1007.0,371.0,217.0,1.0
3045,Code Helper (Plugin),0.0,0.2727508544921875,0.041,0.5363956451416015,500,1007.0,371.0,217.0,1.0
3063,zsh,0.0,0.0047683715820312,0.0,0.009178644112447462,253,1007.0,371.0,217.0,1.0
4030,pet,0.0,0.0217437744140625,0.02,0.02233123779296875,50,1007.0,371.0,217.0,1.0
4037,zsh,0.0,0.0043869018554687,0.0,0.009178644112447462,253,1007.0,371.0,217.0,1.0
4143,Code Helper (Plugin),0.0,0.2115249633789062,0.041,0.5363956451416015,500,1007.0,371.0,217.0,1.0
4194,Code Helper (Plugin),0.0,0.884246826171875,0.041,0.5363956451416015,500,1007.0,371.0,217.0,1.0
5379,Code Helper (Plugin),0.0,0.2336502075195312,0.041,0.5363956451416015,500,1007.0,371.0,217.0,1.0
5384,zsh,0.0,0.0043869018554687,0.0,0.009178644112447462,253,1007.0,371.0,217.0,1.0
5761,zsh,0.0,0.0131607055664062,0.0,0.009178644112447462,253,1007.0,371.0,217.0,1.0
8666,Google Chrome Helper (Renderer),0.0,0.3141403198242187,0.647816091954023,1.1122661897505837,435,1007.0,371.0,217.0,1.0
6986,accountsd,0.0,0.199127197265625,0.0,0.1851234436035156,50,1007.0,371.0,217.0,1.0
8324,Google Chrome Helper (Renderer),0.0,0.2368927001953125,0.647816091954023,1.1122661897505837,435,1007.0,371.0,217.0,1.0
8325,Google Chrome Helper (Renderer),0.0,0.3316879272460937,0.647816091954023,1.1122661897505837,435,1007.0,371.0,217.0,1.0
8326,chronod,0.0,0.1619338989257812,0.01,0.15725708007812497,50,1007.0,371.0,217.0,1.0
8328,Google Chrome Helper (Renderer),0.0,0.4480361938476562,0.647816091954023,1.1122661897505837,435,1007.0,371.0,217.0,1.0
8335,WorldClockWidget,0.0,0.2202987670898437,0.0,0.22029876708984367,50,1007.0,371.0,217.0,1.0
8336,CalendarWidgetExtension,0.0,0.1031875610351562,0.0,0.1031875610351562,50,1007.0,371.0,217.0,1.0
8337,WeatherWidget,0.0,0.36163330078125,0.0,0.3655509948730469,50,1007.0,371.0,217.0,1.0
8339,StocksWidget,0.0,0.3248214721679687,0.0,0.3267478942871093,50,1007.0,371.0,217.0,1.0
8340,ScreenTimeWidgetExtension,0.0,0.3332138061523437,0.0,0.3311538696289062,50,1007.0,371.0,217.0,1.0
8351,Google Chrome Helper,0.0,0.1935958862304687,0.6,0.42389755249023436,250,1007.0,371.0,217.0,1.0
8396,audioaccessoryd,0.0,0.11749267578125,0.0,0.10800170898437496,50,1007.0,371.0,217.0,1.0
8323,Google Chrome Helper (Renderer),0.0,0.5680084228515625,0.647816091954023,1.1122661897505837,435,1007.0,371.0,217.0,1.0
9829,transparencyd,0.0,0.22430419921875,0.018000000000000002,0.21265792846679685,50,1007.0,371.0,217.0,1.0
10209,Code Helper (Plugin),0.0,0.4854202270507812,0.041,0.5363956451416015,500,1007.0,371.0,217.0,1.0
9847,UIKitSystem,0.0,0.1695632934570312,0.002,0.17118835449218742,50,1007.0,371.0,217.0,1.0
10490,talagentd,0.0,0.1468658447265625,0.002,0.14520263671874997,50,1007.0,371.0,217.0,1.0
10558,pbs,0.0,0.031280517578125,0.002,0.031276702880859375,50,1007.0,371.0,217.0,1.0
11204,MTLCompilerService,0.0,0.0333786010742187,0.0,0.03340148925781246,50,1007.0,371.0,217.0,1.0
11684,mlhostd,0.0,0.1436233520507812,0.0,0.14452743530273432,50,1007.0,371.0,217.0,1.0
12774,businessservicesd,0.0,0.0812530517578125,0.0,0.081024169921875,50,1007.0,371.0,217.0,1.0
12775,MessagesBlastDoorService,0.0,0.0579833984375,0.0,0.05239105224609375,50,1007.0,371.0,217.0,1.0
12776,feedbackd,0.0,0.0789642333984375,0.0,0.078704833984375,50,1007.0,371.0,217.0,1.0
12777,ProtectedCloudKeySyncing,0.0,0.0873565673828125,0.0,0.09304428100585938,50,1007.0,371.0,217.0,1.0
12779,gamecontrolleragentd,0.0,0.0598907470703125,0.002,0.060253143310546854,50,1007.0,371.0,217.0,1.0
12806,python3.12,0.6,0.1773834228515625,0.46153846153846156,0.1703031770475618,91,1007.0,371.0,217.0,1.0
12815,zsh,0.0,0.0156402587890625,0.0,0.009178644112447462,253,1007.0,371.0,217.0,1.0
12959,ndoagent,0.0,0.0753402709960937,0.0,0.0754165649414062,50,1007.0,371.0,217.0,1.0
12963,replayd,0.0,0.2178192138671875,0.0,0.21639064866669325,49,1007.0,371.0,217.0,1.0
13000,python3.12,0.0,0.1714706420898437,0.46153846153846156,0.1703031770475618,91,1007.0,371.0,217.0,1.0
13025,com.apple.siri.embeddedspeech,0.0,0.1462936401367187,0.03142857142857143,0.17331804547991067,35,1007.0,371.0,217.0,1.0
13036,CommCenter,0.0,0.278472900390625,0.006000000000000001,0.23591232299804685,50,1007.0,371.0,217.0,1.0
13037,CoreLocationAgent,0.0,0.505828857421875,0.00425531914893617,0.4036964254176363,47,1007.0,371.0,217.0,1.0
13043,Keychain Circle Notification,0.0,0.1949310302734375,0.044000000000000004,0.18328857421874997,50,1007.0,371.0,217.0,1.0
13070,Google Chrome Helper (Renderer),0.0,1.5069961547851562,0.647816091954023,1.1122661897505837,435,1007.0,371.0,217.0,1.0
13071,mdworker_shared,0.0,0.1642227172851562,0.02153846153846154,0.19098232953976357,195,1007.0,371.0,217.0,1.0
13072,mdworker_shared,0.0,0.23193359375,0.02153846153846154,0.19098232953976357,195,1007.0,371.0,217.0,1.0
13073,Google Chrome Helper (Renderer),0.0,2.154541015625,0.647816091954023,1.1122661897505837,435,1007.0,371.0,217.0,1.0
2913,Code Helper,0.3,0.6052017211914062,0.32371428571428573,0.48915318080357145,350,1007.0,371.0,217.0,1.0
10481,Google Chrome Helper (Renderer),0.0,1.0101318359375,0.647816091954023,1.1122661897505837,435,1007.0,371.0,217.0,1.0
10215,Code Helper (Plugin),0.0,0.457763671875,0.041,0.5363956451416015,500,1007.0,371.0,217.0,1.0
10213,Code Helper (Plugin),0.0,0.4980087280273437,0.041,0.5363956451416015,500,1007.0,371.0,217.0,1.0
10212,Code Helper (Plugin),0.0,0.4970550537109375,0.041,0.5363956451416015,500,1007.0,371.0,217.0,1.0
9879,Siri,0.0,0.1291275024414062,0.016,0.1504554748535156,50,1007.0,371.0,217.0,1.0
9888,SiriNCService,0.0,0.152587890625,0.008,0.15225982666015622,50,1007.0,371.0,217.0,1.0
9891,AssetCacheLocatorService,0.0,0.0406265258789062,0.0,0.04087829589843746,50,1007.0,371.0,217.0,1.0
9901,pkd,0.0,0.106048583984375,0.002,0.10622024536132811,50,1007.0,371.0,217.0,1.0
9909,com.apple.geod,0.0,0.0986099243164062,0.004,0.09388351440429683,50,1007.0,371.0,217.0,1.0
9946,extensionkitservice,0.0,0.080108642578125,0.0,0.08034324645996094,100,1007.0,371.0,217.0,1.0
9947,networkserviceproxy,0.0,0.1691818237304687,0.0,0.1554603576660156,50,1007.0,371.0,217.0,1.0
9963,swtransparencyd,0.0,0.0890731811523437,0.0,0.08174896240234374,50,1007.0,371.0,217.0,1.0
9964,CloudTelemetryService,0.0,0.0780105590820312,0.0,0.06444135050135331,127,1007.0,371.0,217.0,1.0
9982,contentlinkingd,0.0,0.0841140747070312,0.0,0.08146667480468746,50,1007.0,371.0,217.0,1.0
10001,AppPredictionIntentsHelperService,0.0,0.1634597778320312,0.0,0.16557312011718747,50,1007.0,371.0,217.0,1.0
9845,intelligentroutingd,0.0,0.0883102416992187,0.0,0.0883407592773437,50,1007.0,371.0,217.0,1.0
10009,com.apple.accessibility.mediaaccessibilityd,0.0,0.0261306762695312,0.0,0.0261306762695312,50,1007.0,371.0,217.0,1.0
10015,linkd,0.0,0.0791549682617187,0.0,0.07984924316406244,50,1007.0,371.0,217.0,1.0
10115,iconservicesagent,0.0,0.0902175903320312,0.0,0.0902175903320312,50,1007.0,371.0,217.0,1.0
10121,com.apple.Safari.SafeBrowsing.Service,0.0,0.0743865966796875,0.0,0.07349395751953124,50,1007.0,371.0,217.0,1.0
10122,SAExtensionOrchestrator,0.0,0.1125335693359375,0.0,0.1125335693359375,50,1007.0,371.0,217.0,1.0
10123,extensionkitservice,0.0,0.0789642333984375,0.0,0.08034324645996094,100,1007.0,371.0,217.0,1.0
10124,GMSSELFIngestor,0.0,0.0974655151367187,0.0,0.0974655151367187,50,1007.0,371.0,217.0,1.0
10125,IFTranscriptSELFIngestor,0.0,0.086212158203125,0.0,0.086212158203125,50,1007.0,371.0,217.0,1.0
10126,IFTelemetrySELFIngestor,0.0,0.0825881958007812,0.0,0.0825881958007812,50,1007.0,371.0,217.0,1.0
10127,BiomeSELFIngestor,0.0,0.0879287719726562,0.0,0.0879287719726562,50,1007.0,371.0,217.0,1.0
10204,CoreServicesUIAgent,0.0,0.189971923828125,0.004,0.19499969482421872,50,1007.0,371.0,217.0,1.0
10211,Code Helper (Plugin),0.0,0.4604339599609375,0.041,0.5363956451416015,500,1007.0,371.0,217.0,1.0
10010,AudioComponentRegistrar,0.0,0.0547409057617187,0.004,0.04845809936523434,50,1007.0,371.0,217.0,1.0
2880,Code Helper,0.0,0.1600265502929687,0.32371428571428573,0.48915318080357145,350,1007.0,371.0,217.0,1.0
13074,mdworker_shared,0.0,0.3068923950195312,0.02153846153846154,0.19098232953976357,195,1007.0,371.0,217.0,1.0
2852,Code Helper,0.0,0.7329940795898438,0.32371428571428573,0.48915318080357145,350,1007.0,371.0,217.0,1.0
609,identityservicesd,0.0,0.2162933349609375,0.012,0.20082092285156247,50,1007.0,371.0,217.0,1.0
615,corespeechd,0.0,0.2237319946289062,0.09799999999999999,0.18834686279296872,50,1007.0,371.0,217.0,1.0
616,assistantd,0.0,0.2941131591796875,0.004,0.23475265502929685,50,1007.0,371.0,217.0,1.0
623,WallpaperImageExtension,0.0,0.0879287719726562,0.0,0.07489013671874994,50,1007.0,371.0,217.0,1.0
639,sharingd,0.0,0.1493453979492187,0.002,0.14010620117187497,50,1007.0,371.0,217.0,1.0
641,usernoted,0.0,0.177764892578125,0.02,0.15933227539062497,50,1007.0,371.0,217.0,1.0
642,neagent,0.0,0.1068115234375,0.0,0.1076812744140625,50,1007.0,371.0,217.0,1.0
643,useractivityd,0.0,0.0698089599609375,0.008,0.08467864990234374,50,1007.0,371.0,217.0,1.0
644,com.apple.dock.extra,0.0,0.201416015625,0.048,0.17804336547851562,50,1007.0,371.0,217.0,1.0
646,NotificationCenter,0.0,0.3034591674804687,0.024000000000000004,0.24862670898437497,50,1007.0,371.0,217.0,1.0
649,milod,0.0,0.0820159912109375,0.0,0.08232498168945312,50,1007.0,371.0,217.0,1.0
650,familycircled,0.0,0.0677108764648437,0.0,0.06789016723632807,50,1007.0,371.0,217.0,1.0
651,StatusKitAgent,0.0,0.0787734985351562,0.0,0.07876968383789057,50,1007.0,371.0,217.0,1.0
666,ContextStoreAgent,0.0,0.1529693603515625,0.11199999999999999,0.1729774475097656,50,1007.0,371.0,217.0,1.0
668,BiomeAgent,0.0,0.1071929931640625,0.126,0.1340827941894531,50,1007.0,371.0,217.0,1.0
670,imklaunchagent,0.0,0.0619888305664062,0.0,0.06198501586914058,50,1007.0,371.0,217.0,1.0
673,icdd,0.0,0.0349044799804687,0.0,0.034900665283203076,50,1007.0,371.0,217.0,1.0
680,AirPlayUIAgent,0.0,0.1012802124023437,0.004,0.09934997558593746,50,1007.0,371.0,217.0,1.0
683,imagent,0.0,0.1508712768554687,0.008,0.13217163085937497,50,1007.0,371.0,217.0,1.0
685,diagnostics_agent,0.0,0.0989913940429687,0.002,0.09417724609374996,50,1007.0,371.0,217.0,1.0
686,TextInputMenuAgent,0.0,0.177764892578125,0.008,0.16139221191406247,50,1007.0,371.0,217.0,1.0
688,Grammarly Desktop Helper,0.0,0.1161575317382812,0.002,0.10088729858398436,50,1007.0,371.0,217.0,1.0
699,com.apple.CloudDocs.iCloudDriveFileProvider,0.0,0.1056671142578125,0.008,0.09911346435546875,50,1007.0,371.0,217.0,1.0
608,ViewBridgeAuxiliary,0.0,0.08392333984375,0.014000000000000002,0.08618545532226561,50,1007.0,371.0,217.0,1.0
606,fontworker,0.0,0.0581741333007812,0.0,0.05817031860351558,50,1007.0,371.0,217.0,1.0
605,ContinuityCaptureAgent,0.0,0.0761032104492187,0.0,0.0761032104492187,50,1007.0,371.0,217.0,1.0
604,AMPDeviceDiscoveryAgent,0.0,0.0570297241210937,0.0,0.051746368408203104,50,1007.0,371.0,217.0,1.0
376,loginwindow,0.0,0.3162384033203125,0.008,0.24020385742187497,50,1007.0,371.0,217.0,1.0
543,distnoted,0.0,0.0518798828125,0.028000000000000004,0.05070495605468747,50,1007.0,371.0,217.0,1.0
544,cfprefsd,0.0,0.0583648681640625,0.066,0.05707931518554685,50,1007.0,371.0,217.0,1.0
549,UserEventAgent,0.0,0.1125335693359375,0.013999999999999999,0.10488891601562496,50,1007.0,371.0,217.0,1.0
553,WindowManager,0.0,0.2363204956054687,0.11200000000000002,0.24517440795898435,50,1007.0,371.0,217.0,1.0
557,universalaccessd,0.0,0.0820159912109375,0.006000000000000001,0.09207916259765624,50,1007.0,371.0,217.0,1.0
559,Dock,0.0,0.2206802368164062,0.076,0.20318603515624997,50,1007.0,371.0,217.0,1.0
560,ControlCenter,0.5,0.4575729370117187,0.5379999999999999,0.41684722900390625,50,1007.0,371.0,217.0,1.0
561,pboard,0.0,0.0917434692382812,0.002,0.09132385253906246,50,1007.0,371.0,217.0,1.0
562,SystemUIServer,0.0,0.148773193359375,0.006,0.13476562499999997,50,1007.0,371.0,217.0,1.0
564,Finder,0.0,0.508880615234375,0.07400000000000001,0.4227867126464844,50,1007.0,371.0,217.0,1.0
704,ctkahp,0.0,0.037384033203125,0.0,0.037380218505859375,50,1007.0,371.0,217.0,1.0
567,lsd,0.0,0.1214981079101562,0.012,0.11196517944335933,50,1007.0,371.0,217.0,1.0
575,rapportd,0.0,0.1359939575195312,0.002,0.1259346008300781,50,1007.0,371.0,217.0,1.0
578,secd,0.0,0.1703262329101562,0.006000000000000001,0.15089416503906247,50,1007.0,371.0,217.0,1.0
580,trustd,0.0,0.115203857421875,0.04,0.11620330810546871,50,1007.0,371.0,217.0,1.0
583,WallpaperAgent,0.0,0.1794815063476562,0.004,0.1629066467285156,50,1007.0,371.0,217.0,1.0
587,com.apple.hiservices-xpcservice,0.0,0.0356674194335937,0.01,0.03719711303710933,50,1007.0,371.0,217.0,1.0
589,sharedfilelistd,0.0,0.102996826171875,0.0,0.08721542358398436,50,1007.0,371.0,217.0,1.0
590,containermanagerd,0.0,0.0459671020507812,0.012,0.04875946044921871,50,1007.0,371.0,217.0,1.0
591,usernotificationsd,0.0,0.1047134399414062,0.008,0.09786605834960933,50,1007.0,371.0,217.0,1.0
596,callservicesd,0.0,0.2088546752929687,0.006000000000000001,0.17979049682617185,50,1007.0,371.0,217.0,1.0
600,fontd,0.0,0.0993728637695312,0.002,0.06991577148437499,50,1007.0,371.0,217.0,1.0
602,fileproviderd,0.2,0.1495361328125,0.21200000000000002,0.1446113586425781,50,1007.0,371.0,217.0,1.0
568,AXVisualSupportAgent,0.0,0.1741409301757812,0.6920000000000001,0.16974639892578122,50,1007.0,371.0,217.0,1.0
707,WiFiAgent,0.0,0.1672744750976562,0.114,0.16522979736328122,50,1007.0,371.0,217.0,1.0
2878,Code Helper,0.0,0.3976821899414062,0.32371428571428573,0.48915318080357145,350,1007.0,371.0,217.0,1.0
713,Spotlight,0.0,0.3236770629882812,0.05,0.27865600585937494,50,1007.0,371.0,217.0,1.0
930,com.apple.WebKit.WebContent,0.0,0.328826904296875,0.2837142857142857,0.5284216744559151,350,1007.0,371.0,217.0,1.0
931,com.apple.WebKit.WebContent,0.0,0.6017684936523438,0.2837142857142857,0.5284216744559151,350,1007.0,371.0,217.0,1.0
932,com.apple.WebKit.WebContent,0.1,1.32904052734375,0.2837142857142857,0.5284216744559151,350,1007.0,371.0,217.0,1.0
957,Google Chrome,0.2,2.4442672729492188,1.324,2.2691001892089844,50,1007.0,371.0,217.0,1.0
960,chrome_crashpad_handler,0.0,0.0188827514648437,0.0,0.019365310668945288,100,1007.0,371.0,217.0,1.0
961,voicebankingd,0.0,0.0722885131835937,0.0,0.07259750366210932,50,1007.0,371.0,217.0,1.0
963,Google Chrome Helper,1.2,0.8584976196289062,0.6,0.42389755249023436,250,1007.0,371.0,217.0,1.0
964,Google Chrome Helper,0.0,0.6982803344726562,0.6,0.42389755249023436,250,1007.0,371.0,217.0,1.0
966,Google Chrome Helper,0.0,0.2206802368164062,0.6,0.42389755249023436,250,1007.0,371.0,217.0,1.0
1052,spotlightknowledged,0.0,0.0352859497070312,0.0,0.04377672749180943,62,1007.0,371.0,217.0,1.0
1191,storeaccountd,0.0,0.0658035278320312,0.0,0.06579971313476557,50,1007.0,371.0,217.0,1.0
1474,IMAutomaticHistoryDeletionAgent,0.0,0.0919342041015625,0.0,0.08300018310546874,50,1007.0,371.0,217.0,1.0
1718,ServiceExtension,0.0,0.142669677734375,0.0,0.142669677734375,50,1007.0,371.0,217.0,1.0
2095,com.apple.WebKit.WebContent,0.0,0.3049850463867187,0.2837142857142857,0.5284216744559151,350,1007.0,371.0,217.0,1.0
2096,com.apple.WebKit.WebContent,0.0,0.5823135375976562,0.2837142857142857,0.5284216744559151,350,1007.0,371.0,217.0,1.0
2641,Google Chrome Helper (Renderer),0.0,0.6361007690429688,0.647816091954023,1.1122661897505837,435,1007.0,371.0,217.0,1.0
2672,Google Chrome Helper (Renderer),4.5,3.74908447265625,0.647816091954023,1.1122661897505837,435,1007.0,371.0,217.0,1.0
2826,Code,0.0,1.4636993408203125,1.3619999999999999,1.3807182312011719,50,1007.0,371.0,217.0,1.0
2832,chrome_crashpad_handler,0.0,0.0194549560546875,0.0,0.019365310668945288,100,1007.0,371.0,217.0,1.0
2833,Code Helper,0.0,0.5876541137695312,0.32371428571428573,0.48915318080357145,350,1007.0,371.0,217.0,1.0
2834,Code Helper,0.0,0.3698348999023437,0.32371428571428573,0.48915318080357145,350,1007.0,371.0,217.0,1.0
2835,Code Helper (Renderer),0.0,3.8604736328125,3.5780000000000003,3.886066436767578,50,1007.0,371.0,217.0,1.0
709,nsurlsessiond,0.0,0.1293182373046875,0.032,0.1256752014160156,50,1007.0,371.0,217.0,1.0
926,peopled,0.0,0.086212158203125,0.0,0.08623886108398438,50,1007.0,371.0,217.0,1.0
921,Spotify Helper,0.0,0.104522705078125,0.015600000000000001,0.14564056396484373,250,1007.0,371.0,217.0,1.0
1015,Google Chrome Helper,0.0,0.1676559448242187,0.6,0.42389755249023436,250,1007.0,371.0,217.0,1.0
918,com.apple.WebKit.GPU,0.0,0.157928466796875,0.102,0.09322547912597655,100,1007.0,371.0,217.0,1.0
919,com.apple.WebKit.Networking,0.0,0.2305984497070312,0.4,0.16855621337890622,100,1007.0,371.0,217.0,1.0
716,PAH_Extension,0.0,0.107574462890625,0.014000000000000002,0.11199188232421874,50,1007.0,371.0,217.0,1.0
717,OneDrive,0.0,0.4186630249023437,0.032,0.36077880859375,50,1007.0,371.0,217.0,1.0
718,corespotlightd,0.0,0.1482009887695312,0.012,0.15357208251953122,50,1007.0,371.0,217.0,1.0
722,duetexpertd,0.0,0.2271652221679687,0.09,0.26060485839843744,50,1007.0,371.0,217.0,1.0
730,Spotify,0.3,1.2430191040039062,0.5479999999999999,1.0496597290039062,50,1007.0,371.0,217.0,1.0
733,homed,0.0,0.1438140869140625,0.0,0.1302070617675781,50,1007.0,371.0,217.0,1.0
740,Spotify Helper,0.0,0.0452041625976562,0.015600000000000001,0.14564056396484373,250,1007.0,371.0,217.0,1.0
741,avconferenced,0.0,0.067901611328125,0.0,0.06789779663085938,50,1007.0,371.0,217.0,1.0
747,Spotify Helper,0.0,0.2084732055664062,0.015600000000000001,0.14564056396484373,250,1007.0,371.0,217.0,1.0
748,Spotify Helper,0.0,0.3198623657226562,0.015600000000000001,0.14564056396484373,250,1007.0,371.0,217.0,1.0
752,Spotify Helper,0.0,0.1169204711914062,0.015600000000000001,0.14564056396484373,250,1007.0,371.0,217.0,1.0
734,mediaremoteagent,0.0,0.0232696533203125,0.0,0.0232696533203125,50,1007.0,371.0,217.0,1.0
714,CursorUIViewService,0.0,0.1577377319335937,0.07400000000000001,0.15747833251953122,50,1007.0,371.0,217.0,1.0
755,Grammarly Desktop,0.2,0.7341384887695312,0.524,0.7150344848632812,50,1007.0,371.0,217.0,1.0
913,app_inkwell,0.0,0.3034591674804687,0.94,0.29593276977539057,50,1007.0,371.0,217.0,1.0
898,OneDrive Sync Service,0.0,0.2397537231445312,0.004,0.21224594116210935,50,1007.0,371.0,217.0,1.0
873,mdbulkimport,0.0,0.0713348388671875,0.0,0.07133102416992188,50,1007.0,371.0,217.0,1.0
857,Grammarly Desktop Update Service,0.0,0.1270294189453125,0.006000000000000001,0.11079406738281246,50,1007.0,371.0,217.0,1.0
916,com.apple.WebKit.WebContent,0.0,1.9287109375,0.2837142857142857,0.5284216744559151,350,1007.0,371.0,217.0,1.0
776,com.apple.WebKit.Networking,0.0,0.1298904418945312,0.4,0.16855621337890622,100,1007.0,371.0,217.0,1.0
774,com.apple.WebKit.WebContent,0.0,0.0186920166015625,0.2837142857142857,0.5284216744559151,350,1007.0,371.0,217.0,1.0
772,com.apple.WebKit.GPU,0.0,0.0507354736328125,0.102,0.09322547912597655,100,1007.0,371.0,217.0,1.0
768,Spotify Helper (Renderer),0.0,0.5674362182617188,0.044000000000000004,0.4534873962402344,50,1007.0,371.0,217.0,1.0
792,commerce,0.0,0.0902175903320312,0.0,0.08901596069335932,50,1007.0,371.0,217.0,1.0
9138,siriactionsd,0.0,0.1598358154296875,0.004,0.14521408081054685,50,1007.0,371.0,217.0,1.0
9040,triald,0.0,0.13580322265625,0.0,0.12915039062499997,50,1007.0,371.0,217.0,1.0
9049,tccd,0.0,0.1096725463867187,0.0,0.10362243652343744,50,1007.0,371.0,217.0,1.0
9053,cloudd,0.0,0.2058029174804687,0.016,0.2035255432128906,50,1007.0,371.0,217.0,1.0
9069,searchpartyuseragent,0.0,0.13580322265625,0.002,0.13115692138671872,50,1007.0,371.0,217.0,1.0
9086,knowledge-agent,0.0,0.1394271850585937,0.004,0.13211822509765622,50,1007.0,371.0,217.0,1.0
9088,contactsd,0.0,0.1092910766601562,0.008,0.09849548339843746,50,1007.0,371.0,217.0,1.0
9095,calaccessd,0.0,0.1592636108398437,0.002,0.15127944946289057,50,1007.0,371.0,217.0,1.0
9101,bird,0.0,0.1279830932617187,0.04800000000000001,0.12118530273437494,50,1007.0,371.0,217.0,1.0
9134,ScreenTimeAgent,0.0,0.1125335693359375,0.0,0.10361862182617183,50,1007.0,371.0,217.0,1.0
9205,IntelligencePlatformComputeService,0.0,0.0879287719726562,0.0,0.0879287719726562,50,1007.0,371.0,217.0,1.0
9754,ctkd,0.0,0.0896453857421875,0.0,0.08569717407226562,50,1007.0,371.0,217.0,1.0
9271,mdwrite,0.0,0.0329971313476562,0.0,0.032993316650390576,50,1007.0,371.0,217.0,1.0
9272,mbuseragent,0.0,0.0368118286132812,0.0,0.036808013916015576,50,1007.0,371.0,217.0,1.0
9556,syncdefaultsd,0.0,0.12359619140625,0.006000000000000001,0.11057662963867186,50,1007.0,371.0,217.0,1.0
9572,proactived,0.0,0.1214981079101562,0.02,0.1299476623535156,50,1007.0,371.0,217.0,1.0
9575,akd,0.0,0.2222061157226562,0.002,0.2174873352050781,50,1007.0,371.0,217.0,1.0
9577,CloudTelemetryService,0.0,0.07781982421875,0.0,0.06444135050135331,127,1007.0,371.0,217.0,1.0
9649,suggestd,0.0,0.153350830078125,0.002,0.15771484374999997,50,1007.0,371.0,217.0,1.0
9681,AppleSpell,0.0,0.1420974731445312,0.0,0.13717651367187494,50,1007.0,371.0,217.0,1.0
9682,keyboardservicesd,0.0,0.0919342041015625,0.0,0.0876617431640625,50,1007.0,371.0,217.0,1.0
9742,promotedcontentd,0.0,0.1224517822265625,0.002,0.11449813842773438,50,1007.0,371.0,217.0,1.0
9032,secinitd,0.0,0.0652313232421875,0.0,0.06522750854492188,50,1007.0,371.0,217.0,1.0
9223,mapssyncd,0.0,0.0917434692382812,0.0,0.09173965454101557,50,1007.0,371.0,217.0,1.0
9000,PowerChime,0.0,0.1377105712890625,0.008,0.14000701904296872,50,1007.0,371.0,217.0,1.0
3033,Code Helper,0.0,0.42266845703125,0.32371428571428573,0.48915318080357145,350,1007.0,371.0,217.0,1.0
8410,routined,0.0,0.2061843872070312,0.034,0.19092559814453122,50,1007.0,371.0,217.0,1.0
9762,coreauthd,0.0,0.0978469848632812,0.0,0.09390640258789058,50,1007.0,371.0,217.0,1.0
3034,Code Helper (Plugin),0.1,1.422119140625,0.041,0.5363956451416015,500,1007.0,371.0,217.0,1.0
3045,Code Helper (Plugin),0.0,0.2729415893554687,0.041,0.5363956451416015,500,1007.0,371.0,217.0,1.0
3063,zsh,0.0,0.0047683715820312,0.0,0.009178644112447462,253,1007.0,371.0,217.0,1.0
4030,pet,0.0,0.0217437744140625,0.02,0.02233123779296875,50,1007.0,371.0,217.0,1.0
4037,zsh,0.0,0.0043869018554687,0.0,0.009178644112447462,253,1007.0,371.0,217.0,1.0
4143,Code Helper (Plugin),0.0,0.2115249633789062,0.041,0.5363956451416015,500,1007.0,371.0,217.0,1.0
4194,Code Helper (Plugin),0.0,0.8861541748046875,0.041,0.5363956451416015,500,1007.0,371.0,217.0,1.0
5379,Code Helper (Plugin),0.0,0.2336502075195312,0.041,0.5363956451416015,500,1007.0,371.0,217.0,1.0
5384,zsh,0.0,0.0043869018554687,0.0,0.009178644112447462,253,1007.0,371.0,217.0,1.0
5761,zsh,0.0,0.0131607055664062,0.0,0.009178644112447462,253,1007.0,371.0,217.0,1.0
8666,Google Chrome Helper (Renderer),0.0,0.3141403198242187,0.647816091954023,1.1122661897505837,435,1007.0,371.0,217.0,1.0
6986,accountsd,0.0,0.199127197265625,0.0,0.1851234436035156,50,1007.0,371.0,217.0,1.0
8324,Google Chrome Helper (Renderer),0.0,0.2368927001953125,0.647816091954023,1.1122661897505837,435,1007.0,371.0,217.0,1.0
8325,Google Chrome Helper (Renderer),0.0,0.3316879272460937,0.647816091954023,1.1122661897505837,435,1007.0,371.0,217.0,1.0
8326,chronod,0.0,0.1619338989257812,0.01,0.15725708007812497,50,1007.0,371.0,217.0,1.0
8328,Google Chrome Helper (Renderer),0.0,0.4480361938476562,0.647816091954023,1.1122661897505837,435,1007.0,371.0,217.0,1.0
8335,WorldClockWidget,0.0,0.2202987670898437,0.0,0.22029876708984367,50,1007.0,371.0,217.0,1.0
8336,CalendarWidgetExtension,0.0,0.1031875610351562,0.0,0.1031875610351562,50,1007.0,371.0,217.0,1.0
8337,WeatherWidget,0.0,0.36163330078125,0.0,0.3655509948730469,50,1007.0,371.0,217.0,1.0
8339,StocksWidget,0.0,0.3248214721679687,0.0,0.3267478942871093,50,1007.0,371.0,217.0,1.0
8340,ScreenTimeWidgetExtension,0.0,0.3332138061523437,0.0,0.3311538696289062,50,1007.0,371.0,217.0,1.0
8351,Google Chrome Helper,0.0,0.1924514770507812,0.6,0.42389755249023436,250,1007.0,371.0,217.0,1.0
8396,audioaccessoryd,0.0,0.11749267578125,0.0,0.10800170898437496,50,1007.0,371.0,217.0,1.0
8323,Google Chrome Helper (Renderer),0.0,0.5680084228515625,0.647816091954023,1.1122661897505837,435,1007.0,371.0,217.0,1.0
9829,transparencyd,0.0,0.22430419921875,0.018000000000000002,0.21265792846679685,50,1007.0,371.0,217.0,1.0
10209,Code Helper (Plugin),0.0,0.4854202270507812,0.041,0.5363956451416015,500,1007.0,371.0,217.0,1.0
9847,UIKitSystem,0.0,0.1695632934570312,0.002,0.17118835449218742,50,1007.0,371.0,217.0,1.0
10490,talagentd,0.0,0.1434326171875,0.002,0.14520263671874997,50,1007.0,371.0,217.0,1.0
10558,pbs,0.0,0.031280517578125,0.002,0.031276702880859375,50,1007.0,371.0,217.0,1.0
11204,MTLCompilerService,0.0,0.0333786010742187,0.0,0.03340148925781246,50,1007.0,371.0,217.0,1.0
11684,mlhostd,0.0,0.1436233520507812,0.0,0.14452743530273432,50,1007.0,371.0,217.0,1.0
12774,businessservicesd,0.0,0.0812530517578125,0.0,0.081024169921875,50,1007.0,371.0,217.0,1.0
12775,MessagesBlastDoorService,0.0,0.0579833984375,0.0,0.05239105224609375,50,1007.0,371.0,217.0,1.0
12776,feedbackd,0.0,0.0789642333984375,0.0,0.078704833984375,50,1007.0,371.0,217.0,1.0
12777,ProtectedCloudKeySyncing,0.0,0.0873565673828125,0.0,0.09304428100585938,50,1007.0,371.0,217.0,1.0
12779,gamecontrolleragentd,0.0,0.0598907470703125,0.002,0.060253143310546854,50,1007.0,371.0,217.0,1.0
12806,python3.12,0.8,0.1817703247070312,0.46153846153846156,0.1703031770475618,91,1007.0,371.0,217.0,1.0
12815,zsh,0.0,0.0156402587890625,0.0,0.009178644112447462,253,1007.0,371.0,217.0,1.0
12959,ndoagent,0.0,0.0753402709960937,0.0,0.0754165649414062,50,1007.0,371.0,217.0,1.0
12963,replayd,0.0,0.2178192138671875,0.0,0.21639064866669325,49,1007.0,371.0,217.0,1.0
13000,python3.12,0.0,0.1714706420898437,0.46153846153846156,0.1703031770475618,91,1007.0,371.0,217.0,1.0
13025,com.apple.siri.embeddedspeech,0.0,0.1462936401367187,0.03142857142857143,0.17331804547991067,35,1007.0,371.0,217.0,1.0
13036,CommCenter,0.0,0.2782821655273437,0.006000000000000001,0.23591232299804685,50,1007.0,371.0,217.0,1.0
13037,CoreLocationAgent,0.0,0.505828857421875,0.00425531914893617,0.4036964254176363,47,1007.0,371.0,217.0,1.0
13043,Keychain Circle Notification,0.0,0.1949310302734375,0.044000000000000004,0.18328857421874997,50,1007.0,371.0,217.0,1.0
13070,Google Chrome Helper (Renderer),0.0,1.5069961547851562,0.647816091954023,1.1122661897505837,435,1007.0,371.0,217.0,1.0
13071,mdworker_shared,0.0,0.1642227172851562,0.02153846153846154,0.19098232953976357,195,1007.0,371.0,217.0,1.0
13072,mdworker_shared,0.0,0.23193359375,0.02153846153846154,0.19098232953976357,195,1007.0,371.0,217.0,1.0
13073,Google Chrome Helper (Renderer),0.0,2.154541015625,0.647816091954023,1.1122661897505837,435,1007.0,371.0,217.0,1.0
2913,Code Helper,0.4,0.6059646606445312,0.32371428571428573,0.48915318080357145,350,1007.0,371.0,217.0,1.0
10481,Google Chrome Helper (Renderer),0.0,1.0101318359375,0.647816091954023,1.1122661897505837,435,1007.0,371.0,217.0,1.0
10215,Code Helper (Plugin),0.0,0.457763671875,0.041,0.5363956451416015,500,1007.0,371.0,217.0,1.0
10213,Code Helper (Plugin),0.0,0.4980087280273437,0.041,0.5363956451416015,500,1007.0,371.0,217.0,1.0
10212,Code Helper (Plugin),0.0,0.4970550537109375,0.041,0.5363956451416015,500,1007.0,371.0,217.0,1.0
9879,Siri,0.0,0.1260757446289062,0.016,0.1504554748535156,50,1007.0,371.0,217.0,1.0
9888,SiriNCService,0.0,0.1516342163085937,0.008,0.15225982666015622,50,1007.0,371.0,217.0,1.0
9891,AssetCacheLocatorService,0.0,0.0406265258789062,0.0,0.04087829589843746,50,1007.0,371.0,217.0,1.0
9901,pkd,0.0,0.106048583984375,0.002,0.10622024536132811,50,1007.0,371.0,217.0,1.0
9909,com.apple.geod,0.0,0.0988006591796875,0.004,0.09388351440429683,50,1007.0,371.0,217.0,1.0
9946,extensionkitservice,0.0,0.080108642578125,0.0,0.08034324645996094,100,1007.0,371.0,217.0,1.0
9947,networkserviceproxy,0.0,0.1688003540039062,0.0,0.1554603576660156,50,1007.0,371.0,217.0,1.0
9963,swtransparencyd,0.0,0.0890731811523437,0.0,0.08174896240234374,50,1007.0,371.0,217.0,1.0
9964,CloudTelemetryService,0.0,0.0780105590820312,0.0,0.06444135050135331,127,1007.0,371.0,217.0,1.0
9982,contentlinkingd,0.0,0.0841140747070312,0.0,0.08146667480468746,50,1007.0,371.0,217.0,1.0
10001,AppPredictionIntentsHelperService,0.0,0.1634597778320312,0.0,0.16557312011718747,50,1007.0,371.0,217.0,1.0
9845,intelligentroutingd,0.0,0.0883102416992187,0.0,0.0883407592773437,50,1007.0,371.0,217.0,1.0
10009,com.apple.accessibility.mediaaccessibilityd,0.0,0.0261306762695312,0.0,0.0261306762695312,50,1007.0,371.0,217.0,1.0
10015,linkd,0.0,0.0791549682617187,0.0,0.07984924316406244,50,1007.0,371.0,217.0,1.0
10115,iconservicesagent,0.0,0.0902175903320312,0.0,0.0902175903320312,50,1007.0,371.0,217.0,1.0
10121,com.apple.Safari.SafeBrowsing.Service,0.0,0.0743865966796875,0.0,0.07349395751953124,50,1007.0,371.0,217.0,1.0
10122,SAExtensionOrchestrator,0.0,0.1125335693359375,0.0,0.1125335693359375,50,1007.0,371.0,217.0,1.0
10123,extensionkitservice,0.0,0.0789642333984375,0.0,0.08034324645996094,100,1007.0,371.0,217.0,1.0
10124,GMSSELFIngestor,0.0,0.0974655151367187,0.0,0.0974655151367187,50,1007.0,371.0,217.0,1.0
10125,IFTranscriptSELFIngestor,0.0,0.086212158203125,0.0,0.086212158203125,50,1007.0,371.0,217.0,1.0
10126,IFTelemetrySELFIngestor,0.0,0.0825881958007812,0.0,0.0825881958007812,50,1007.0,371.0,217.0,1.0
10127,BiomeSELFIngestor,0.0,0.0879287719726562,0.0,0.0879287719726562,50,1007.0,371.0,217.0,1.0
10204,CoreServicesUIAgent,0.0,0.189971923828125,0.004,0.19499969482421872,50,1007.0,371.0,217.0,1.0
10211,Code Helper (Plugin),0.0,0.4604339599609375,0.041,0.5363956451416015,500,1007.0,371.0,217.0,1.0
10010,AudioComponentRegistrar,0.0,0.0547409057617187,0.004,0.04845809936523434,50,1007.0,371.0,217.0,1.0
13074,mdworker_shared,0.0,0.3068923950195312,0.02153846153846154,0.19098232953976357,195,1007.0,371.0,217.0,1.0
2880,Code Helper,0.0,0.1600265502929687,0.32371428571428573,0.48915318080357145,350,1007.0,371.0,217.0,1.0
2852,Code Helper,0.0,0.7329940795898438,0.32371428571428573,0.48915318080357145,350,1007.0,371.0,217.0,1.0
609,identityservicesd,0.0,0.2162933349609375,0.012,0.20082092285156247,50,1007.0,371.0,217.0,1.0
615,corespeechd,0.0,0.2237319946289062,0.09799999999999999,0.18834686279296872,50,1007.0,371.0,217.0,1.0
616,assistantd,0.0,0.2946853637695312,0.004,0.23475265502929685,50,1007.0,371.0,217.0,1.0
623,WallpaperImageExtension,0.0,0.0879287719726562,0.0,0.07489013671874994,50,1007.0,371.0,217.0,1.0
639,sharingd,0.0,0.1474380493164062,0.002,0.14010620117187497,50,1007.0,371.0,217.0,1.0
641,usernoted,0.0,0.177764892578125,0.02,0.15933227539062497,50,1007.0,371.0,217.0,1.0
642,neagent,0.0,0.1068115234375,0.0,0.1076812744140625,50,1007.0,371.0,217.0,1.0
643,useractivityd,0.0,0.0698089599609375,0.008,0.08467864990234374,50,1007.0,371.0,217.0,1.0
644,com.apple.dock.extra,0.0,0.2002716064453125,0.048,0.17804336547851562,50,1007.0,371.0,217.0,1.0
646,NotificationCenter,0.0,0.298309326171875,0.024000000000000004,0.24862670898437497,50,1007.0,371.0,217.0,1.0
649,milod,0.0,0.0820159912109375,0.0,0.08232498168945312,50,1007.0,371.0,217.0,1.0
650,familycircled,0.0,0.0677108764648437,0.0,0.06789016723632807,50,1007.0,371.0,217.0,1.0
651,StatusKitAgent,0.0,0.0787734985351562,0.0,0.07876968383789057,50,1007.0,371.0,217.0,1.0
666,ContextStoreAgent,0.0,0.1529693603515625,0.11199999999999999,0.1729774475097656,50,1007.0,371.0,217.0,1.0
668,BiomeAgent,0.0,0.1071929931640625,0.126,0.1340827941894531,50,1007.0,371.0,217.0,1.0
670,imklaunchagent,0.0,0.0619888305664062,0.0,0.06198501586914058,50,1007.0,371.0,217.0,1.0
673,icdd,0.0,0.0349044799804687,0.0,0.034900665283203076,50,1007.0,371.0,217.0,1.0
680,AirPlayUIAgent,0.0,0.0944137573242187,0.004,0.09934997558593746,50,1007.0,371.0,217.0,1.0
683,imagent,0.0,0.15106201171875,0.008,0.13217163085937497,50,1007.0,371.0,217.0,1.0
685,diagnostics_agent,0.0,0.0989913940429687,0.002,0.09417724609374996,50,1007.0,371.0,217.0,1.0
686,TextInputMenuAgent,0.0,0.1720428466796875,0.008,0.16139221191406247,50,1007.0,371.0,217.0,1.0
688,Grammarly Desktop Helper,0.0,0.1157760620117187,0.002,0.10088729858398436,50,1007.0,371.0,217.0,1.0
699,com.apple.CloudDocs.iCloudDriveFileProvider,0.0,0.1056671142578125,0.008,0.09911346435546875,50,1007.0,371.0,217.0,1.0
608,ViewBridgeAuxiliary,0.0,0.0789642333984375,0.014000000000000002,0.08618545532226561,50,1007.0,371.0,217.0,1.0
605,ContinuityCaptureAgent,0.0,0.0761032104492187,0.0,0.0761032104492187,50,1007.0,371.0,217.0,1.0
604,AMPDeviceDiscoveryAgent,0.0,0.0570297241210937,0.0,0.051746368408203104,50,1007.0,371.0,217.0,1.0
602,fileproviderd,0.2,0.1495361328125,0.21200000000000002,0.1446113586425781,50,1007.0,371.0,217.0,1.0
2878,Code Helper,0.1,0.3976821899414062,0.32371428571428573,0.48915318080357145,350,1007.0,371.0,217.0,1.0
376,loginwindow,0.0,0.3099441528320312,0.008,0.24020385742187497,50,1007.0,371.0,217.0,1.0
543,distnoted,0.0,0.0518798828125,0.028000000000000004,0.05070495605468747,50,1007.0,371.0,217.0,1.0
544,cfprefsd,0.0,0.0583648681640625,0.066,0.05707931518554685,50,1007.0,371.0,217.0,1.0
549,UserEventAgent,0.0,0.1123428344726562,0.013999999999999999,0.10488891601562496,50,1007.0,371.0,217.0,1.0
553,WindowManager,0.0,0.2351760864257812,0.11200000000000002,0.24517440795898435,50,1007.0,371.0,217.0,1.0
557,universalaccessd,0.0,0.0812530517578125,0.006000000000000001,0.09207916259765624,50,1007.0,371.0,217.0,1.0
559,Dock,0.0,0.2202987670898437,0.076,0.20318603515624997,50,1007.0,371.0,217.0,1.0
560,ControlCenter,0.5,0.457000732421875,0.5379999999999999,0.41684722900390625,50,1007.0,371.0,217.0,1.0
561,pboard,0.0,0.0917434692382812,0.002,0.09132385253906246,50,1007.0,371.0,217.0,1.0
562,SystemUIServer,0.0,0.1468658447265625,0.006,0.13476562499999997,50,1007.0,371.0,217.0,1.0
704,ctkahp,0.0,0.037384033203125,0.0,0.037380218505859375,50,1007.0,371.0,217.0,1.0
564,Finder,0.0,0.5056381225585938,0.07400000000000001,0.4227867126464844,50,1007.0,371.0,217.0,1.0
568,AXVisualSupportAgent,0.0,0.1739501953125,0.6920000000000001,0.16974639892578122,50,1007.0,371.0,217.0,1.0
575,rapportd,0.0,0.1359939575195312,0.002,0.1259346008300781,50,1007.0,371.0,217.0,1.0
578,secd,0.0,0.1703262329101562,0.006000000000000001,0.15089416503906247,50,1007.0,371.0,217.0,1.0
580,trustd,0.0,0.11444091796875,0.04,0.11620330810546871,50,1007.0,371.0,217.0,1.0
583,WallpaperAgent,0.0,0.17852783203125,0.004,0.1629066467285156,50,1007.0,371.0,217.0,1.0
587,com.apple.hiservices-xpcservice,0.0,0.0356674194335937,0.01,0.03719711303710933,50,1007.0,371.0,217.0,1.0
589,sharedfilelistd,0.0,0.102996826171875,0.0,0.08721542358398436,50,1007.0,371.0,217.0,1.0
590,containermanagerd,0.0,0.0459671020507812,0.012,0.04875946044921871,50,1007.0,371.0,217.0,1.0
591,usernotificationsd,0.0,0.1047134399414062,0.008,0.09786605834960933,50,1007.0,371.0,217.0,1.0
596,callservicesd,0.0,0.2088546752929687,0.006000000000000001,0.17979049682617185,50,1007.0,371.0,217.0,1.0
600,fontd,0.0,0.0993728637695312,0.002,0.06991577148437499,50,1007.0,371.0,217.0,1.0
567,lsd,0.0,0.1214981079101562,0.012,0.11196517944335933,50,1007.0,371.0,217.0,1.0
707,WiFiAgent,0.0,0.1651763916015625,0.114,0.16522979736328122,50,1007.0,371.0,217.0,1.0
606,fontworker,0.0,0.0581741333007812,0.0,0.05817031860351558,50,1007.0,371.0,217.0,1.0
713,Spotlight,0.0,0.3204345703125,0.05,0.27865600585937494,50,1007.0,371.0,217.0,1.0
926,peopled,0.0,0.086212158203125,0.0,0.08623886108398438,50,1007.0,371.0,217.0,1.0
930,com.apple.WebKit.WebContent,0.0,0.3286361694335937,0.2837142857142857,0.5284216744559151,350,1007.0,371.0,217.0,1.0
931,com.apple.WebKit.WebContent,0.0,0.6015777587890625,0.2837142857142857,0.5284216744559151,350,1007.0,371.0,217.0,1.0
932,com.apple.WebKit.WebContent,0.1,1.32904052734375,0.2837142857142857,0.5284216744559151,350,1007.0,371.0,217.0,1.0
957,Google Chrome,0.1,2.4444580078125,1.324,2.2691001892089844,50,1007.0,371.0,217.0,1.0
960,chrome_crashpad_handler,0.0,0.0188827514648437,0.0,0.019365310668945288,100,1007.0,371.0,217.0,1.0
961,voicebankingd,0.0,0.0722885131835937,0.0,0.07259750366210932,50,1007.0,371.0,217.0,1.0
963,Google Chrome Helper,1.1,0.8596420288085938,0.6,0.42389755249023436,250,1007.0,371.0,217.0,1.0
964,Google Chrome Helper,0.3,0.6982803344726562,0.6,0.42389755249023436,250,1007.0,371.0,217.0,1.0
966,Google Chrome Helper,0.0,0.2206802368164062,0.6,0.42389755249023436,250,1007.0,371.0,217.0,1.0
1015,Google Chrome Helper,0.0,0.1676559448242187,0.6,0.42389755249023436,250,1007.0,371.0,217.0,1.0
921,Spotify Helper,0.0,0.104522705078125,0.015600000000000001,0.14564056396484373,250,1007.0,371.0,217.0,1.0
1052,spotlightknowledged,0.0,0.0352859497070312,0.0,0.04377672749180943,62,1007.0,371.0,217.0,1.0
1474,IMAutomaticHistoryDeletionAgent,0.0,0.0919342041015625,0.0,0.08300018310546874,50,1007.0,371.0,217.0,1.0
1718,ServiceExtension,0.0,0.142669677734375,0.0,0.142669677734375,50,1007.0,371.0,217.0,1.0
2095,com.apple.WebKit.WebContent,0.0,0.3047943115234375,0.2837142857142857,0.5284216744559151,350,1007.0,371.0,217.0,1.0
2096,com.apple.WebKit.WebContent,0.0,0.5823135375976562,0.2837142857142857,0.5284216744559151,350,1007.0,371.0,217.0,1.0
2641,Google Chrome Helper (Renderer),0.0,0.6361007690429688,0.647816091954023,1.1122661897505837,435,1007.0,371.0,217.0,1.0
2672,Google Chrome Helper (Renderer),4.5,3.766632080078125,0.647816091954023,1.1122661897505837,435,1007.0,371.0,217.0,1.0
2826,Code,0.1,1.4617919921875,1.3619999999999999,1.3807182312011719,50,1007.0,371.0,217.0,1.0
2832,chrome_crashpad_handler,0.0,0.0194549560546875,0.0,0.019365310668945288,100,1007.0,371.0,217.0,1.0
2833,Code Helper,0.0,0.5859375,0.32371428571428573,0.48915318080357145,350,1007.0,371.0,217.0,1.0
2834,Code Helper,0.0,0.3698348999023437,0.32371428571428573,0.48915318080357145,350,1007.0,371.0,217.0,1.0
709,nsurlsessiond,0.0,0.1302719116210937,0.032,0.1256752014160156,50,1007.0,371.0,217.0,1.0
1191,storeaccountd,0.0,0.0658035278320312,0.0,0.06579971313476557,50,1007.0,371.0,217.0,1.0
919,com.apple.WebKit.Networking,0.0,0.2283096313476562,0.4,0.16855621337890622,100,1007.0,371.0,217.0,1.0
2835,Code Helper (Renderer),0.2,3.8587570190429688,3.5780000000000003,3.886066436767578,50,1007.0,371.0,217.0,1.0
733,homed,0.0,0.1438140869140625,0.0,0.1302070617675781,50,1007.0,371.0,217.0,1.0
714,CursorUIViewService,0.0,0.153350830078125,0.07400000000000001,0.15747833251953122,50,1007.0,371.0,217.0,1.0
716,PAH_Extension,0.0,0.1033782958984375,0.014000000000000002,0.11199188232421874,50,1007.0,371.0,217.0,1.0
717,OneDrive,0.0,0.4186630249023437,0.032,0.36077880859375,50,1007.0,371.0,217.0,1.0
718,corespotlightd,0.0,0.1482009887695312,0.012,0.15357208251953122,50,1007.0,371.0,217.0,1.0
722,duetexpertd,0.0,0.2271652221679687,0.09,0.26060485839843744,50,1007.0,371.0,217.0,1.0
730,Spotify,0.2,1.242828369140625,0.5479999999999999,1.0496597290039062,50,1007.0,371.0,217.0,1.0
918,com.apple.WebKit.GPU,0.0,0.157928466796875,0.102,0.09322547912597655,100,1007.0,371.0,217.0,1.0
734,mediaremoteagent,0.0,0.0232696533203125,0.0,0.0232696533203125,50,1007.0,371.0,217.0,1.0
740,Spotify Helper,0.0,0.0452041625976562,0.015600000000000001,0.14564056396484373,250,1007.0,371.0,217.0,1.0
741,avconferenced,0.0,0.067901611328125,0.0,0.06789779663085938,50,1007.0,371.0,217.0,1.0
748,Spotify Helper,0.2,0.3330230712890625,0.015600000000000001,0.14564056396484373,250,1007.0,371.0,217.0,1.0
747,Spotify Helper,0.0,0.2084732055664062,0.015600000000000001,0.14564056396484373,250,1007.0,371.0,217.0,1.0
755,Grammarly Desktop,0.2,0.7411956787109375,0.524,0.7150344848632812,50,1007.0,371.0,217.0,1.0
916,com.apple.WebKit.WebContent,0.0,1.928138732910156,0.2837142857142857,0.5284216744559151,350,1007.0,371.0,217.0,1.0
913,app_inkwell,0.0,0.3030776977539062,0.94,0.29593276977539057,50,1007.0,371.0,217.0,1.0
898,OneDrive Sync Service,0.0,0.2393722534179687,0.004,0.21224594116210935,50,1007.0,371.0,217.0,1.0
752,Spotify Helper,0.0,0.1169204711914062,0.015600000000000001,0.14564056396484373,250,1007.0,371.0,217.0,1.0
857,Grammarly Desktop Update Service,0.0,0.1268386840820312,0.006000000000000001,0.11079406738281246,50,1007.0,371.0,217.0,1.0
873,mdbulkimport,0.0,0.0713348388671875,0.0,0.07133102416992188,50,1007.0,371.0,217.0,1.0
776,com.apple.WebKit.Networking,0.0,0.1298904418945312,0.4,0.16855621337890622,100,1007.0,371.0,217.0,1.0
774,com.apple.WebKit.WebContent,0.0,0.0186920166015625,0.2837142857142857,0.5284216744559151,350,1007.0,371.0,217.0,1.0
772,com.apple.WebKit.GPU,0.0,0.0507354736328125,0.102,0.09322547912597655,100,1007.0,371.0,217.0,1.0
768,Spotify Helper (Renderer),0.0,0.5674362182617188,0.044000000000000004,0.4534873962402344,50,1007.0,371.0,217.0,1.0
792,commerce,0.0,0.0902175903320312,0.0,0.08901596069335932,50,1007.0,371.0,217.0,1.0
9095,calaccessd,0.0,0.1592636108398437,0.002,0.15127944946289057,50,1007.0,371.0,217.0,1.0
9138,siriactionsd,0.0,0.1598358154296875,0.004,0.14521408081054685,50,1007.0,371.0,217.0,1.0
9134,ScreenTimeAgent,0.0,0.1125335693359375,0.0,0.10361862182617183,50,1007.0,371.0,217.0,1.0
9101,bird,0.0,0.1279830932617187,0.04800000000000001,0.12118530273437494,50,1007.0,371.0,217.0,1.0
9088,contactsd,0.0,0.1092910766601562,0.008,0.09849548339843746,50,1007.0,371.0,217.0,1.0
9762,coreauthd,0.0,0.0978469848632812,0.0,0.09390640258789058,50,1007.0,371.0,217.0,1.0
9069,searchpartyuseragent,0.0,0.1363754272460937,0.002,0.13115692138671872,50,1007.0,371.0,217.0,1.0
9053,cloudd,0.0,0.2058029174804687,0.016,0.2035255432128906,50,1007.0,371.0,217.0,1.0
9049,tccd,0.0,0.1096725463867187,0.0,0.10362243652343744,50,1007.0,371.0,217.0,1.0
9040,triald,0.0,0.13580322265625,0.0,0.12915039062499997,50,1007.0,371.0,217.0,1.0
9086,knowledge-agent,0.0,0.1394271850585937,0.004,0.13211822509765622,50,1007.0,371.0,217.0,1.0
9205,IntelligencePlatformComputeService,0.0,0.0879287719726562,0.0,0.0879287719726562,50,1007.0,371.0,217.0,1.0
9754,ctkd,0.0,0.0896453857421875,0.0,0.08569717407226562,50,1007.0,371.0,217.0,1.0
9271,mdwrite,0.0,0.0329971313476562,0.0,0.032993316650390576,50,1007.0,371.0,217.0,1.0
9272,mbuseragent,0.0,0.0368118286132812,0.0,0.036808013916015576,50,1007.0,371.0,217.0,1.0
9556,syncdefaultsd,0.0,0.12359619140625,0.006000000000000001,0.11057662963867186,50,1007.0,371.0,217.0,1.0
9572,proactived,0.0,0.1214981079101562,0.02,0.1299476623535156,50,1007.0,371.0,217.0,1.0
9575,akd,0.0,0.2222061157226562,0.002,0.2174873352050781,50,1007.0,371.0,217.0,1.0
9577,CloudTelemetryService,0.0,0.07781982421875,0.0,0.06444135050135331,127,1007.0,371.0,217.0,1.0
9649,suggestd,0.0,0.153350830078125,0.002,0.15771484374999997,50,1007.0,371.0,217.0,1.0
9681,AppleSpell,0.0,0.1420974731445312,0.0,0.13717651367187494,50,1007.0,371.0,217.0,1.0
9682,keyboardservicesd,0.0,0.0919342041015625,0.0,0.0876617431640625,50,1007.0,371.0,217.0,1.0
9742,promotedcontentd,0.0,0.1224517822265625,0.002,0.11449813842773438,50,1007.0,371.0,217.0,1.0
9032,secinitd,0.0,0.0652313232421875,0.0,0.06522750854492188,50,1007.0,371.0,217.0,1.0
9223,mapssyncd,0.0,0.0917434692382812,0.0,0.09173965454101557,50,1007.0,371.0,217.0,1.0
9000,PowerChime,0.0,0.1377105712890625,0.008,0.14000701904296872,50,1007.0,371.0,217.0,1.0
8325,Google Chrome Helper (Renderer),0.0,0.3316879272460937,0.647816091954023,1.1122661897505837,435,1007.0,371.0,217.0,1.0
8410,routined,0.0,0.2061843872070312,0.034,0.19092559814453122,50,1007.0,371.0,217.0,1.0
3034,Code Helper (Plugin),0.2,1.422882080078125,0.041,0.5363956451416015,500,1007.0,371.0,217.0,1.0
3045,Code Helper (Plugin),0.0,0.2729415893554687,0.041,0.5363956451416015,500,1007.0,371.0,217.0,1.0
3063,zsh,0.0,0.0047683715820312,0.0,0.009178644112447462,253,1007.0,371.0,217.0,1.0
4030,pet,0.0,0.0217437744140625,0.02,0.02233123779296875,50,1007.0,371.0,217.0,1.0
4037,zsh,0.0,0.0043869018554687,0.0,0.009178644112447462,253,1007.0,371.0,217.0,1.0
4143,Code Helper (Plugin),0.0,0.2115249633789062,0.041,0.5363956451416015,500,1007.0,371.0,217.0,1.0
4194,Code Helper (Plugin),0.0,0.8871078491210938,0.041,0.5363956451416015,500,1007.0,371.0,217.0,1.0
5379,Code Helper (Plugin),0.0,0.2336502075195312,0.041,0.5363956451416015,500,1007.0,371.0,217.0,1.0
5384,zsh,0.0,0.0043869018554687,0.0,0.009178644112447462,253,1007.0,371.0,217.0,1.0
5761,zsh,0.0,0.0131607055664062,0.0,0.009178644112447462,253,1007.0,371.0,217.0,1.0
6986,accountsd,0.0,0.199127197265625,0.0,0.1851234436035156,50,1007.0,371.0,217.0,1.0
8323,Google Chrome Helper (Renderer),0.0,0.5680084228515625,0.647816091954023,1.1122661897505837,435,1007.0,371.0,217.0,1.0
8324,Google Chrome Helper (Renderer),0.0,0.2368927001953125,0.647816091954023,1.1122661897505837,435,1007.0,371.0,217.0,1.0
8326,chronod,0.0,0.1619338989257812,0.01,0.15725708007812497,50,1007.0,371.0,217.0,1.0
8328,Google Chrome Helper (Renderer),0.0,0.4480361938476562,0.647816091954023,1.1122661897505837,435,1007.0,371.0,217.0,1.0
8335,WorldClockWidget,0.0,0.2202987670898437,0.0,0.22029876708984367,50,1007.0,371.0,217.0,1.0
8336,CalendarWidgetExtension,0.0,0.1031875610351562,0.0,0.1031875610351562,50,1007.0,371.0,217.0,1.0
8337,WeatherWidget,0.0,0.36163330078125,0.0,0.3655509948730469,50,1007.0,371.0,217.0,1.0
8339,StocksWidget,0.0,0.3248214721679687,0.0,0.3267478942871093,50,1007.0,371.0,217.0,1.0
8340,ScreenTimeWidgetExtension,0.0,0.3332138061523437,0.0,0.3311538696289062,50,1007.0,371.0,217.0,1.0
8351,Google Chrome Helper,0.0,0.1924514770507812,0.6,0.42389755249023436,250,1007.0,371.0,217.0,1.0
8396,audioaccessoryd,0.0,0.11749267578125,0.0,0.10800170898437496,50,1007.0,371.0,217.0,1.0
13074,mdworker_shared,0.4,0.3068923950195312,0.02153846153846154,0.19098232953976357,195,1007.0,371.0,217.0,1.0
8666,Google Chrome Helper (Renderer),0.0,0.3141403198242187,0.647816091954023,1.1122661897505837,435,1007.0,371.0,217.0,1.0
9829,transparencyd,0.0,0.22430419921875,0.018000000000000002,0.21265792846679685,50,1007.0,371.0,217.0,1.0
3033,Code Helper,0.0,0.4228591918945312,0.32371428571428573,0.48915318080357145,350,1007.0,371.0,217.0,1.0
9847,UIKitSystem,0.0,0.1695632934570312,0.002,0.17118835449218742,50,1007.0,371.0,217.0,1.0
10481,Google Chrome Helper (Renderer),0.0,1.0101318359375,0.647816091954023,1.1122661897505837,435,1007.0,371.0,217.0,1.0
10490,talagentd,0.0,0.1434326171875,0.002,0.14520263671874997,50,1007.0,371.0,217.0,1.0
10558,pbs,0.0,0.031280517578125,0.002,0.031276702880859375,50,1007.0,371.0,217.0,1.0
11204,MTLCompilerService,0.0,0.0333786010742187,0.0,0.03340148925781246,50,1007.0,371.0,217.0,1.0
11684,mlhostd,0.0,0.1436233520507812,0.0,0.14452743530273432,50,1007.0,371.0,217.0,1.0
12774,businessservicesd,0.0,0.0812530517578125,0.0,0.081024169921875,50,1007.0,371.0,217.0,1.0
12775,MessagesBlastDoorService,0.0,0.0579833984375,0.0,0.05239105224609375,50,1007.0,371.0,217.0,1.0
12776,feedbackd,0.0,0.0789642333984375,0.0,0.078704833984375,50,1007.0,371.0,217.0,1.0
12777,ProtectedCloudKeySyncing,0.0,0.0873565673828125,0.0,0.09304428100585938,50,1007.0,371.0,217.0,1.0
12779,gamecontrolleragentd,0.0,0.0598907470703125,0.002,0.060253143310546854,50,1007.0,371.0,217.0,1.0
12806,python3.12,0.7,0.1819610595703125,0.46153846153846156,0.1703031770475618,91,1007.0,371.0,217.0,1.0
12815,zsh,0.0,0.0156402587890625,0.0,0.009178644112447462,253,1007.0,371.0,217.0,1.0
12959,ndoagent,0.0,0.0753402709960937,0.0,0.0754165649414062,50,1007.0,371.0,217.0,1.0
12963,replayd,0.0,0.2178192138671875,0.0,0.21639064866669325,49,1007.0,371.0,217.0,1.0
13000,python3.12,0.0,0.1714706420898437,0.46153846153846156,0.1703031770475618,91,1007.0,371.0,217.0,1.0
13025,com.apple.siri.embeddedspeech,0.0,0.1462936401367187,0.03142857142857143,0.17331804547991067,35,1007.0,371.0,217.0,1.0
13036,CommCenter,0.0,0.2782821655273437,0.006000000000000001,0.23591232299804685,50,1007.0,371.0,217.0,1.0
13037,CoreLocationAgent,0.0,0.505828857421875,0.00425531914893617,0.4036964254176363,47,1007.0,371.0,217.0,1.0
13043,Keychain Circle Notification,0.0,0.1949310302734375,0.044000000000000004,0.18328857421874997,50,1007.0,371.0,217.0,1.0
13070,Google Chrome Helper (Renderer),0.0,1.5069961547851562,0.647816091954023,1.1122661897505837,435,1007.0,371.0,217.0,1.0
13071,mdworker_shared,0.0,0.1642227172851562,0.02153846153846154,0.19098232953976357,195,1007.0,371.0,217.0,1.0
13072,mdworker_shared,0.0,0.23193359375,0.02153846153846154,0.19098232953976357,195,1007.0,371.0,217.0,1.0
13073,Google Chrome Helper (Renderer),0.0,2.1549224853515625,0.647816091954023,1.1122661897505837,435,1007.0,371.0,217.0,1.0
10215,Code Helper (Plugin),0.0,0.457763671875,0.041,0.5363956451416015,500,1007.0,371.0,217.0,1.0
10213,Code Helper (Plugin),0.0,0.4980087280273437,0.041,0.5363956451416015,500,1007.0,371.0,217.0,1.0
10212,Code Helper (Plugin),0.0,0.4970550537109375,0.041,0.5363956451416015,500,1007.0,371.0,217.0,1.0
10211,Code Helper (Plugin),0.0,0.4604339599609375,0.041,0.5363956451416015,500,1007.0,371.0,217.0,1.0
9879,Siri,0.0,0.1260757446289062,0.016,0.1504554748535156,50,1007.0,371.0,217.0,1.0
9888,SiriNCService,0.0,0.1516342163085937,0.008,0.15225982666015622,50,1007.0,371.0,217.0,1.0
9891,AssetCacheLocatorService,0.0,0.0406265258789062,0.0,0.04087829589843746,50,1007.0,371.0,217.0,1.0
9901,pkd,0.0,0.106048583984375,0.002,0.10622024536132811,50,1007.0,371.0,217.0,1.0
9909,com.apple.geod,0.0,0.0982284545898437,0.004,0.09388351440429683,50,1007.0,371.0,217.0,1.0
9946,extensionkitservice,0.0,0.080108642578125,0.0,0.08034324645996094,100,1007.0,371.0,217.0,1.0
9947,networkserviceproxy,0.0,0.1688003540039062,0.0,0.1554603576660156,50,1007.0,371.0,217.0,1.0
9963,swtransparencyd,0.0,0.0890731811523437,0.0,0.08174896240234374,50,1007.0,371.0,217.0,1.0
9964,CloudTelemetryService,0.0,0.0780105590820312,0.0,0.06444135050135331,127,1007.0,371.0,217.0,1.0
9982,contentlinkingd,0.0,0.0841140747070312,0.0,0.08146667480468746,50,1007.0,371.0,217.0,1.0
10001,AppPredictionIntentsHelperService,0.0,0.1634597778320312,0.0,0.16557312011718747,50,1007.0,371.0,217.0,1.0
9845,intelligentroutingd,0.0,0.0883102416992187,0.0,0.0883407592773437,50,1007.0,371.0,217.0,1.0
10009,com.apple.accessibility.mediaaccessibilityd,0.0,0.0261306762695312,0.0,0.0261306762695312,50,1007.0,371.0,217.0,1.0
10015,linkd,0.0,0.0791549682617187,0.0,0.07984924316406244,50,1007.0,371.0,217.0,1.0
10115,iconservicesagent,0.0,0.0902175903320312,0.0,0.0902175903320312,50,1007.0,371.0,217.0,1.0
10121,com.apple.Safari.SafeBrowsing.Service,0.0,0.0743865966796875,0.0,0.07349395751953124,50,1007.0,371.0,217.0,1.0
10122,SAExtensionOrchestrator,0.0,0.1125335693359375,0.0,0.1125335693359375,50,1007.0,371.0,217.0,1.0
10123,extensionkitservice,0.0,0.0789642333984375,0.0,0.08034324645996094,100,1007.0,371.0,217.0,1.0
10124,GMSSELFIngestor,0.0,0.0974655151367187,0.0,0.0974655151367187,50,1007.0,371.0,217.0,1.0
10125,IFTranscriptSELFIngestor,0.0,0.086212158203125,0.0,0.086212158203125,50,1007.0,371.0,217.0,1.0
10126,IFTelemetrySELFIngestor,0.0,0.0825881958007812,0.0,0.0825881958007812,50,1007.0,371.0,217.0,1.0
10127,BiomeSELFIngestor,0.0,0.0879287719726562,0.0,0.0879287719726562,50,1007.0,371.0,217.0,1.0
10204,CoreServicesUIAgent,0.0,0.189971923828125,0.004,0.19499969482421872,50,1007.0,371.0,217.0,1.0
10209,Code Helper (Plugin),0.0,0.4854202270507812,0.041,0.5363956451416015,500,1007.0,371.0,217.0,1.0
10010,AudioComponentRegistrar,0.0,0.0547409057617187,0.004,0.04845809936523434,50,1007.0,371.0,217.0,1.0
2913,Code Helper,0.7,0.605010986328125,0.32371428571428573,0.48915318080357145,350,1007.0,371.0,217.0,1.0
926,peopled,0.0,0.086212158203125,0.0,0.08623886108398438,50,1007.0,371.0,217.0,1.0
2878,Code Helper,0.0,0.3978729248046875,0.32371428571428573,0.48915318080357145,350,1007.0,371.0,217.0,1.0
609,identityservicesd,0.0,0.2162933349609375,0.012,0.20082092285156247,50,1007.0,371.0,217.0,1.0
615,corespeechd,0.0,0.2237319946289062,0.09799999999999999,0.18834686279296872,50,1007.0,371.0,217.0,1.0
616,assistantd,0.0,0.2941131591796875,0.004,0.23475265502929685,50,1007.0,371.0,217.0,1.0
623,WallpaperImageExtension,0.0,0.0879287719726562,0.0,0.07489013671874994,50,1007.0,371.0,217.0,1.0
639,sharingd,0.0,0.1474380493164062,0.002,0.14010620117187497,50,1007.0,371.0,217.0,1.0
641,usernoted,0.0,0.177764892578125,0.02,0.15933227539062497,50,1007.0,371.0,217.0,1.0
642,neagent,0.0,0.1068115234375,0.0,0.1076812744140625,50,1007.0,371.0,217.0,1.0
643,useractivityd,0.0,0.0837326049804687,0.008,0.08467864990234374,50,1007.0,371.0,217.0,1.0
644,com.apple.dock.extra,0.0,0.2002716064453125,0.048,0.17804336547851562,50,1007.0,371.0,217.0,1.0
646,NotificationCenter,0.0,0.298309326171875,0.024000000000000004,0.24862670898437497,50,1007.0,371.0,217.0,1.0
649,milod,0.0,0.0820159912109375,0.0,0.08232498168945312,50,1007.0,371.0,217.0,1.0
650,familycircled,0.0,0.0677108764648437,0.0,0.06789016723632807,50,1007.0,371.0,217.0,1.0
651,StatusKitAgent,0.0,0.0787734985351562,0.0,0.07876968383789057,50,1007.0,371.0,217.0,1.0
666,ContextStoreAgent,0.0,0.1529693603515625,0.11199999999999999,0.1729774475097656,50,1007.0,371.0,217.0,1.0
668,BiomeAgent,0.0,0.1071929931640625,0.126,0.1340827941894531,50,1007.0,371.0,217.0,1.0
670,imklaunchagent,0.0,0.0619888305664062,0.0,0.06198501586914058,50,1007.0,371.0,217.0,1.0
673,icdd,0.0,0.0349044799804687,0.0,0.034900665283203076,50,1007.0,371.0,217.0,1.0
680,AirPlayUIAgent,0.0,0.0944137573242187,0.004,0.09934997558593746,50,1007.0,371.0,217.0,1.0
683,imagent,0.0,0.1508712768554687,0.008,0.13217163085937497,50,1007.0,371.0,217.0,1.0
685,diagnostics_agent,0.0,0.0989913940429687,0.002,0.09417724609374996,50,1007.0,371.0,217.0,1.0
686,TextInputMenuAgent,0.0,0.1720428466796875,0.008,0.16139221191406247,50,1007.0,371.0,217.0,1.0
688,Grammarly Desktop Helper,0.0,0.1157760620117187,0.002,0.10088729858398436,50,1007.0,371.0,217.0,1.0
699,com.apple.CloudDocs.iCloudDriveFileProvider,0.0,0.1056671142578125,0.008,0.09911346435546875,50,1007.0,371.0,217.0,1.0
608,ViewBridgeAuxiliary,0.0,0.0789642333984375,0.014000000000000002,0.08618545532226561,50,1007.0,371.0,217.0,1.0
606,fontworker,0.0,0.0581741333007812,0.0,0.05817031860351558,50,1007.0,371.0,217.0,1.0
605,ContinuityCaptureAgent,0.0,0.0761032104492187,0.0,0.0761032104492187,50,1007.0,371.0,217.0,1.0
604,AMPDeviceDiscoveryAgent,0.0,0.0570297241210937,0.0,0.051746368408203104,50,1007.0,371.0,217.0,1.0
376,loginwindow,0.0,0.3099441528320312,0.008,0.24020385742187497,50,1007.0,371.0,217.0,1.0
543,distnoted,0.0,0.0518798828125,0.028000000000000004,0.05070495605468747,50,1007.0,371.0,217.0,1.0
544,cfprefsd,0.0,0.0583648681640625,0.066,0.05707931518554685,50,1007.0,371.0,217.0,1.0
549,UserEventAgent,0.0,0.1123428344726562,0.013999999999999999,0.10488891601562496,50,1007.0,371.0,217.0,1.0
553,WindowManager,0.0,0.2351760864257812,0.11200000000000002,0.24517440795898435,50,1007.0,371.0,217.0,1.0
557,universalaccessd,0.0,0.0812530517578125,0.006000000000000001,0.09207916259765624,50,1007.0,371.0,217.0,1.0
559,Dock,0.0,0.2202987670898437,0.076,0.20318603515624997,50,1007.0,371.0,217.0,1.0
560,ControlCenter,0.5,0.457000732421875,0.5379999999999999,0.41684722900390625,50,1007.0,371.0,217.0,1.0
561,pboard,0.0,0.0917434692382812,0.002,0.09132385253906246,50,1007.0,371.0,217.0,1.0
562,SystemUIServer,0.0,0.1468658447265625,0.006,0.13476562499999997,50,1007.0,371.0,217.0,1.0
564,Finder,0.0,0.505828857421875,0.07400000000000001,0.4227867126464844,50,1007.0,371.0,217.0,1.0
704,ctkahp,0.0,0.037384033203125,0.0,0.037380218505859375,50,1007.0,371.0,217.0,1.0
567,lsd,0.0,0.1214981079101562,0.012,0.11196517944335933,50,1007.0,371.0,217.0,1.0
575,rapportd,0.0,0.1359939575195312,0.002,0.1259346008300781,50,1007.0,371.0,217.0,1.0
578,secd,0.0,0.1703262329101562,0.006000000000000001,0.15089416503906247,50,1007.0,371.0,217.0,1.0
580,trustd,0.0,0.11444091796875,0.04,0.11620330810546871,50,1007.0,371.0,217.0,1.0
583,WallpaperAgent,0.0,0.17852783203125,0.004,0.1629066467285156,50,1007.0,371.0,217.0,1.0
587,com.apple.hiservices-xpcservice,0.0,0.0356674194335937,0.01,0.03719711303710933,50,1007.0,371.0,217.0,1.0
589,sharedfilelistd,0.0,0.102996826171875,0.0,0.08721542358398436,50,1007.0,371.0,217.0,1.0
590,containermanagerd,0.0,0.0459671020507812,0.012,0.04875946044921871,50,1007.0,371.0,217.0,1.0
591,usernotificationsd,0.0,0.1047134399414062,0.008,0.09786605834960933,50,1007.0,371.0,217.0,1.0
596,callservicesd,0.0,0.2088546752929687,0.006000000000000001,0.17979049682617185,50,1007.0,371.0,217.0,1.0
600,fontd,0.0,0.0993728637695312,0.002,0.06991577148437499,50,1007.0,371.0,217.0,1.0
602,fileproviderd,0.2,0.1495361328125,0.21200000000000002,0.1446113586425781,50,1007.0,371.0,217.0,1.0
568,AXVisualSupportAgent,0.1,0.1739501953125,0.6920000000000001,0.16974639892578122,50,1007.0,371.0,217.0,1.0
707,WiFiAgent,5.5,0.1646041870117187,0.114,0.16522979736328122,50,1007.0,371.0,217.0,1.0
2880,Code Helper,0.0,0.1600265502929687,0.32371428571428573,0.48915318080357145,350,1007.0,371.0,217.0,1.0
713,Spotlight,0.0,0.3204345703125,0.05,0.27865600585937494,50,1007.0,371.0,217.0,1.0
931,com.apple.WebKit.WebContent,0.0,0.6015777587890625,0.2837142857142857,0.5284216744559151,350,1007.0,371.0,217.0,1.0
932,com.apple.WebKit.WebContent,0.1,1.3292312622070312,0.2837142857142857,0.5284216744559151,350,1007.0,371.0,217.0,1.0
957,Google Chrome,0.2,2.4444580078125,1.324,2.2691001892089844,50,1007.0,371.0,217.0,1.0
960,chrome_crashpad_handler,0.0,0.0188827514648437,0.0,0.019365310668945288,100,1007.0,371.0,217.0,1.0
961,voicebankingd,0.0,0.0722885131835937,0.0,0.07259750366210932,50,1007.0,371.0,217.0,1.0
963,Google Chrome Helper,1.3,0.8596420288085938,0.6,0.42389755249023436,250,1007.0,371.0,217.0,1.0
964,Google Chrome Helper,0.0,0.7030487060546875,0.6,0.42389755249023436,250,1007.0,371.0,217.0,1.0
966,Google Chrome Helper,0.0,0.2206802368164062,0.6,0.42389755249023436,250,1007.0,371.0,217.0,1.0
1015,Google Chrome Helper,0.0,0.1676559448242187,0.6,0.42389755249023436,250,1007.0,371.0,217.0,1.0
1191,storeaccountd,0.0,0.0658035278320312,0.0,0.06579971313476557,50,1007.0,371.0,217.0,1.0
1474,IMAutomaticHistoryDeletionAgent,0.0,0.0919342041015625,0.0,0.08300018310546874,50,1007.0,371.0,217.0,1.0
1718,ServiceExtension,0.0,0.142669677734375,0.0,0.142669677734375,50,1007.0,371.0,217.0,1.0
2095,com.apple.WebKit.WebContent,0.0,0.3047943115234375,0.2837142857142857,0.5284216744559151,350,1007.0,371.0,217.0,1.0
2096,com.apple.WebKit.WebContent,0.0,0.58135986328125,0.2837142857142857,0.5284216744559151,350,1007.0,371.0,217.0,1.0
2641,Google Chrome Helper (Renderer),0.0,0.6361007690429688,0.647816091954023,1.1122661897505837,435,1007.0,371.0,217.0,1.0
2672,Google Chrome Helper (Renderer),4.7,3.778839111328125,0.647816091954023,1.1122661897505837,435,1007.0,371.0,217.0,1.0
2826,Code,0.0,1.4635086059570312,1.3619999999999999,1.3807182312011719,50,1007.0,371.0,217.0,1.0
2832,chrome_crashpad_handler,0.0,0.0194549560546875,0.0,0.019365310668945288,100,1007.0,371.0,217.0,1.0
2833,Code Helper,0.1,0.5870819091796875,0.32371428571428573,0.48915318080357145,350,1007.0,371.0,217.0,1.0
2834,Code Helper,0.0,0.3721237182617187,0.32371428571428573,0.48915318080357145,350,1007.0,371.0,217.0,1.0
2835,Code Helper (Renderer),0.0,3.866004943847656,3.5780000000000003,3.886066436767578,50,1007.0,371.0,217.0,1.0
2852,Code Helper,0.0,0.7329940795898438,0.32371428571428573,0.48915318080357145,350,1007.0,371.0,217.0,1.0
709,nsurlsessiond,0.0,0.1293182373046875,0.032,0.1256752014160156,50,1007.0,371.0,217.0,1.0
930,com.apple.WebKit.WebContent,0.0,0.3286361694335937,0.2837142857142857,0.5284216744559151,350,1007.0,371.0,217.0,1.0
921,Spotify Helper,0.0,0.104522705078125,0.015600000000000001,0.14564056396484373,250,1007.0,371.0,217.0,1.0
1052,spotlightknowledged,0.0,0.0352859497070312,0.0,0.04377672749180943,62,1007.0,371.0,217.0,1.0
918,com.apple.WebKit.GPU,0.0,0.157928466796875,0.102,0.09322547912597655,100,1007.0,371.0,217.0,1.0
919,com.apple.WebKit.Networking,0.0,0.2283096313476562,0.4,0.16855621337890622,100,1007.0,371.0,217.0,1.0
716,PAH_Extension,0.0,0.1033782958984375,0.014000000000000002,0.11199188232421874,50,1007.0,371.0,217.0,1.0
717,OneDrive,0.0,0.4186630249023437,0.032,0.36077880859375,50,1007.0,371.0,217.0,1.0
718,corespotlightd,0.0,0.1482009887695312,0.012,0.15357208251953122,50,1007.0,371.0,217.0,1.0
722,duetexpertd,0.0,0.2271652221679687,0.09,0.26060485839843744,50,1007.0,371.0,217.0,1.0
730,Spotify,0.2,1.242828369140625,0.5479999999999999,1.0496597290039062,50,1007.0,371.0,217.0,1.0
733,homed,0.0,0.1438140869140625,0.0,0.1302070617675781,50,1007.0,371.0,217.0,1.0
740,Spotify Helper,0.0,0.0452041625976562,0.015600000000000001,0.14564056396484373,250,1007.0,371.0,217.0,1.0
741,avconferenced,0.0,0.067901611328125,0.0,0.06789779663085938,50,1007.0,371.0,217.0,1.0
747,Spotify Helper,0.0,0.2084732055664062,0.015600000000000001,0.14564056396484373,250,1007.0,371.0,217.0,1.0
748,Spotify Helper,0.2,0.3332138061523437,0.015600000000000001,0.14564056396484373,250,1007.0,371.0,217.0,1.0
752,Spotify Helper,0.0,0.1169204711914062,0.015600000000000001,0.14564056396484373,250,1007.0,371.0,217.0,1.0
734,mediaremoteagent,0.0,0.0232696533203125,0.0,0.0232696533203125,50,1007.0,371.0,217.0,1.0
714,CursorUIViewService,0.0,0.153350830078125,0.07400000000000001,0.15747833251953122,50,1007.0,371.0,217.0,1.0
755,Grammarly Desktop,0.2,0.7411956787109375,0.524,0.7150344848632812,50,1007.0,371.0,217.0,1.0
913,app_inkwell,0.0,0.3030776977539062,0.94,0.29593276977539057,50,1007.0,371.0,217.0,1.0
898,OneDrive Sync Service,0.0,0.2393722534179687,0.004,0.21224594116210935,50,1007.0,371.0,217.0,1.0
873,mdbulkimport,0.0,0.0713348388671875,0.0,0.07133102416992188,50,1007.0,371.0,217.0,1.0
857,Grammarly Desktop Update Service,0.0,0.1268386840820312,0.006000000000000001,0.11079406738281246,50,1007.0,371.0,217.0,1.0
916,com.apple.WebKit.WebContent,0.0,1.927947998046875,0.2837142857142857,0.5284216744559151,350,1007.0,371.0,217.0,1.0
776,com.apple.WebKit.Networking,0.0,0.1298904418945312,0.4,0.16855621337890622,100,1007.0,371.0,217.0,1.0
774,com.apple.WebKit.WebContent,0.0,0.0186920166015625,0.2837142857142857,0.5284216744559151,350,1007.0,371.0,217.0,1.0
772,com.apple.WebKit.GPU,0.0,0.0507354736328125,0.102,0.09322547912597655,100,1007.0,371.0,217.0,1.0
768,Spotify Helper (Renderer),0.0,0.5674362182617188,0.044000000000000004,0.4534873962402344,50,1007.0,371.0,217.0,1.0
792,commerce,0.0,0.0902175903320312,0.0,0.08901596069335932,50,1007.0,371.0,217.0,1.0
9138,siriactionsd,0.0,0.1598358154296875,0.004,0.14521408081054685,50,1007.0,371.0,217.0,1.0
9040,triald,0.0,0.13580322265625,0.0,0.12915039062499997,50,1007.0,371.0,217.0,1.0
9049,tccd,0.0,0.1096725463867187,0.0,0.10362243652343744,50,1007.0,371.0,217.0,1.0
9053,cloudd,0.0,0.2058029174804687,0.016,0.2035255432128906,50,1007.0,371.0,217.0,1.0
9069,searchpartyuseragent,0.0,0.1363754272460937,0.002,0.13115692138671872,50,1007.0,371.0,217.0,1.0
9086,knowledge-agent,0.0,0.1394271850585937,0.004,0.13211822509765622,50,1007.0,371.0,217.0,1.0
9088,contactsd,0.0,0.1092910766601562,0.008,0.09849548339843746,50,1007.0,371.0,217.0,1.0
9095,calaccessd,0.0,0.1592636108398437,0.002,0.15127944946289057,50,1007.0,371.0,217.0,1.0
9101,bird,0.0,0.1279830932617187,0.04800000000000001,0.12118530273437494,50,1007.0,371.0,217.0,1.0
9134,ScreenTimeAgent,0.0,0.1125335693359375,0.0,0.10361862182617183,50,1007.0,371.0,217.0,1.0
9205,IntelligencePlatformComputeService,0.0,0.0879287719726562,0.0,0.0879287719726562,50,1007.0,371.0,217.0,1.0
9754,ctkd,0.0,0.0896453857421875,0.0,0.08569717407226562,50,1007.0,371.0,217.0,1.0
9271,mdwrite,0.0,0.0329971313476562,0.0,0.032993316650390576,50,1007.0,371.0,217.0,1.0
9272,mbuseragent,0.0,0.0368118286132812,0.0,0.036808013916015576,50,1007.0,371.0,217.0,1.0
9556,syncdefaultsd,0.0,0.12359619140625,0.006000000000000001,0.11057662963867186,50,1007.0,371.0,217.0,1.0
9572,proactived,0.0,0.1214981079101562,0.02,0.1299476623535156,50,1007.0,371.0,217.0,1.0
9575,akd,0.0,0.2222061157226562,0.002,0.2174873352050781,50,1007.0,371.0,217.0,1.0
9577,CloudTelemetryService,0.0,0.07781982421875,0.0,0.06444135050135331,127,1007.0,371.0,217.0,1.0
9649,suggestd,0.0,0.153350830078125,0.002,0.15771484374999997,50,1007.0,371.0,217.0,1.0
9681,AppleSpell,0.0,0.1420974731445312,0.0,0.13717651367187494,50,1007.0,371.0,217.0,1.0
9682,keyboardservicesd,0.0,0.0919342041015625,0.0,0.0876617431640625,50,1007.0,371.0,217.0,1.0
9742,promotedcontentd,0.0,0.1224517822265625,0.002,0.11449813842773438,50,1007.0,371.0,217.0,1.0
9032,secinitd,0.0,0.0652313232421875,0.0,0.06522750854492188,50,1007.0,371.0,217.0,1.0
9223,mapssyncd,0.0,0.0917434692382812,0.0,0.09173965454101557,50,1007.0,371.0,217.0,1.0
9000,PowerChime,0.0,0.1377105712890625,0.008,0.14000701904296872,50,1007.0,371.0,217.0,1.0
3033,Code Helper,0.1,0.4228591918945312,0.32371428571428573,0.48915318080357145,350,1007.0,371.0,217.0,1.0
8410,routined,0.0,0.2061843872070312,0.034,0.19092559814453122,50,1007.0,371.0,217.0,1.0
9762,coreauthd,0.0,0.0978469848632812,0.0,0.09390640258789058,50,1007.0,371.0,217.0,1.0
3034,Code Helper (Plugin),0.1,1.4230728149414062,0.041,0.5363956451416015,500,1007.0,371.0,217.0,1.0
3045,Code Helper (Plugin),0.0,0.2733230590820312,0.041,0.5363956451416015,500,1007.0,371.0,217.0,1.0
3063,zsh,0.0,0.0047683715820312,0.0,0.009178644112447462,253,1007.0,371.0,217.0,1.0
4030,pet,0.0,0.0217437744140625,0.02,0.02233123779296875,50,1007.0,371.0,217.0,1.0
4037,zsh,0.0,0.0043869018554687,0.0,0.009178644112447462,253,1007.0,371.0,217.0,1.0
4143,Code Helper (Plugin),0.0,0.2115249633789062,0.041,0.5363956451416015,500,1007.0,371.0,217.0,1.0
4194,Code Helper (Plugin),0.0,0.8930206298828125,0.041,0.5363956451416015,500,1007.0,371.0,217.0,1.0
5379,Code Helper (Plugin),0.0,0.2336502075195312,0.041,0.5363956451416015,500,1007.0,371.0,217.0,1.0
5384,zsh,0.0,0.0043869018554687,0.0,0.009178644112447462,253,1007.0,371.0,217.0,1.0
5761,zsh,0.0,0.0131607055664062,0.0,0.009178644112447462,253,1007.0,371.0,217.0,1.0
8666,Google Chrome Helper (Renderer),0.0,0.3141403198242187,0.647816091954023,1.1122661897505837,435,1007.0,371.0,217.0,1.0
6986,accountsd,0.0,0.199127197265625,0.0,0.1851234436035156,50,1007.0,371.0,217.0,1.0
8324,Google Chrome Helper (Renderer),0.0,0.2368927001953125,0.647816091954023,1.1122661897505837,435,1007.0,371.0,217.0,1.0
8325,Google Chrome Helper (Renderer),0.0,0.3316879272460937,0.647816091954023,1.1122661897505837,435,1007.0,371.0,217.0,1.0
8326,chronod,0.0,0.1619338989257812,0.01,0.15725708007812497,50,1007.0,371.0,217.0,1.0
8328,Google Chrome Helper (Renderer),0.0,0.4480361938476562,0.647816091954023,1.1122661897505837,435,1007.0,371.0,217.0,1.0
8335,WorldClockWidget,0.0,0.2202987670898437,0.0,0.22029876708984367,50,1007.0,371.0,217.0,1.0
8336,CalendarWidgetExtension,0.0,0.1031875610351562,0.0,0.1031875610351562,50,1007.0,371.0,217.0,1.0
8337,WeatherWidget,0.0,0.36163330078125,0.0,0.3655509948730469,50,1007.0,371.0,217.0,1.0
8339,StocksWidget,0.0,0.3248214721679687,0.0,0.3267478942871093,50,1007.0,371.0,217.0,1.0
8340,ScreenTimeWidgetExtension,0.0,0.3332138061523437,0.0,0.3311538696289062,50,1007.0,371.0,217.0,1.0
8351,Google Chrome Helper,0.0,0.1924514770507812,0.6,0.42389755249023436,250,1007.0,371.0,217.0,1.0
8396,audioaccessoryd,0.0,0.11749267578125,0.0,0.10800170898437496,50,1007.0,371.0,217.0,1.0
8323,Google Chrome Helper (Renderer),0.0,0.5681991577148438,0.647816091954023,1.1122661897505837,435,1007.0,371.0,217.0,1.0
9829,transparencyd,0.0,0.22430419921875,0.018000000000000002,0.21265792846679685,50,1007.0,371.0,217.0,1.0
10209,Code Helper (Plugin),0.0,0.4854202270507812,0.041,0.5363956451416015,500,1007.0,371.0,217.0,1.0
9847,UIKitSystem,0.0,0.1695632934570312,0.002,0.17118835449218742,50,1007.0,371.0,217.0,1.0
10490,talagentd,0.0,0.1434326171875,0.002,0.14520263671874997,50,1007.0,371.0,217.0,1.0
10558,pbs,0.0,0.031280517578125,0.002,0.031276702880859375,50,1007.0,371.0,217.0,1.0
11204,MTLCompilerService,0.0,0.0333786010742187,0.0,0.03340148925781246,50,1007.0,371.0,217.0,1.0
11684,mlhostd,0.0,0.1436233520507812,0.0,0.14452743530273432,50,1007.0,371.0,217.0,1.0
12774,businessservicesd,0.0,0.0812530517578125,0.0,0.081024169921875,50,1007.0,371.0,217.0,1.0
12775,MessagesBlastDoorService,0.0,0.0579833984375,0.0,0.05239105224609375,50,1007.0,371.0,217.0,1.0
12776,feedbackd,0.0,0.0789642333984375,0.0,0.078704833984375,50,1007.0,371.0,217.0,1.0
12777,ProtectedCloudKeySyncing,0.0,0.0873565673828125,0.0,0.09304428100585938,50,1007.0,371.0,217.0,1.0
12779,gamecontrolleragentd,0.0,0.0598907470703125,0.002,0.060253143310546854,50,1007.0,371.0,217.0,1.0
12806,python3.12,0.5,0.1821517944335937,0.46153846153846156,0.1703031770475618,91,1007.0,371.0,217.0,1.0
12815,zsh,0.0,0.0156402587890625,0.0,0.009178644112447462,253,1007.0,371.0,217.0,1.0
12959,ndoagent,0.0,0.0753402709960937,0.0,0.0754165649414062,50,1007.0,371.0,217.0,1.0
12963,replayd,0.0,0.2178192138671875,0.0,0.21639064866669325,49,1007.0,371.0,217.0,1.0
13000,python3.12,2.8,0.1714706420898437,0.46153846153846156,0.1703031770475618,91,1007.0,371.0,217.0,1.0
13025,com.apple.siri.embeddedspeech,0.0,0.1462936401367187,0.03142857142857143,0.17331804547991067,35,1007.0,371.0,217.0,1.0
13036,CommCenter,0.0,0.2782821655273437,0.006000000000000001,0.23591232299804685,50,1007.0,371.0,217.0,1.0
13037,CoreLocationAgent,0.0,0.505828857421875,0.00425531914893617,0.4036964254176363,47,1007.0,371.0,217.0,1.0
13043,Keychain Circle Notification,0.0,0.1949310302734375,0.044000000000000004,0.18328857421874997,50,1007.0,371.0,217.0,1.0
13070,Google Chrome Helper (Renderer),1.0,1.5344619750976562,0.647816091954023,1.1122661897505837,435,1007.0,371.0,217.0,1.0
13071,mdworker_shared,0.0,0.1642227172851562,0.02153846153846154,0.19098232953976357,195,1007.0,371.0,217.0,1.0
13072,mdworker_shared,0.0,0.23193359375,0.02153846153846154,0.19098232953976357,195,1007.0,371.0,217.0,1.0
13073,Google Chrome Helper (Renderer),3.9,2.1135330200195312,0.647816091954023,1.1122661897505837,435,1007.0,371.0,217.0,1.0
2913,Code Helper,0.4,0.6069183349609375,0.32371428571428573,0.48915318080357145,350,1007.0,371.0,217.0,1.0
10481,Google Chrome Helper (Renderer),0.0,1.0101318359375,0.647816091954023,1.1122661897505837,435,1007.0,371.0,217.0,1.0
10215,Code Helper (Plugin),0.0,0.457763671875,0.041,0.5363956451416015,500,1007.0,371.0,217.0,1.0
10213,Code Helper (Plugin),0.0,0.4980087280273437,0.041,0.5363956451416015,500,1007.0,371.0,217.0,1.0
10212,Code Helper (Plugin),0.0,0.4970550537109375,0.041,0.5363956451416015,500,1007.0,371.0,217.0,1.0
9879,Siri,0.0,0.1260757446289062,0.016,0.1504554748535156,50,1007.0,371.0,217.0,1.0
9888,SiriNCService,0.0,0.1516342163085937,0.008,0.15225982666015622,50,1007.0,371.0,217.0,1.0
9891,AssetCacheLocatorService,0.0,0.0406265258789062,0.0,0.04087829589843746,50,1007.0,371.0,217.0,1.0
9901,pkd,0.0,0.106048583984375,0.002,0.10622024536132811,50,1007.0,371.0,217.0,1.0
9909,com.apple.geod,0.0,0.0982284545898437,0.004,0.09388351440429683,50,1007.0,371.0,217.0,1.0
9946,extensionkitservice,0.0,0.080108642578125,0.0,0.08034324645996094,100,1007.0,371.0,217.0,1.0
9947,networkserviceproxy,0.0,0.1688003540039062,0.0,0.1554603576660156,50,1007.0,371.0,217.0,1.0
9963,swtransparencyd,0.0,0.0890731811523437,0.0,0.08174896240234374,50,1007.0,371.0,217.0,1.0
9964,CloudTelemetryService,0.0,0.0780105590820312,0.0,0.06444135050135331,127,1007.0,371.0,217.0,1.0
9982,contentlinkingd,0.0,0.0841140747070312,0.0,0.08146667480468746,50,1007.0,371.0,217.0,1.0
10001,AppPredictionIntentsHelperService,0.0,0.1634597778320312,0.0,0.16557312011718747,50,1007.0,371.0,217.0,1.0
9845,intelligentroutingd,0.0,0.0883102416992187,0.0,0.0883407592773437,50,1007.0,371.0,217.0,1.0
10009,com.apple.accessibility.mediaaccessibilityd,0.0,0.0261306762695312,0.0,0.0261306762695312,50,1007.0,371.0,217.0,1.0
10015,linkd,0.0,0.0791549682617187,0.0,0.07984924316406244,50,1007.0,371.0,217.0,1.0
10115,iconservicesagent,0.0,0.0902175903320312,0.0,0.0902175903320312,50,1007.0,371.0,217.0,1.0
10121,com.apple.Safari.SafeBrowsing.Service,0.0,0.0743865966796875,0.0,0.07349395751953124,50,1007.0,371.0,217.0,1.0
10122,SAExtensionOrchestrator,0.0,0.1125335693359375,0.0,0.1125335693359375,50,1007.0,371.0,217.0,1.0
10123,extensionkitservice,0.0,0.0789642333984375,0.0,0.08034324645996094,100,1007.0,371.0,217.0,1.0
10124,GMSSELFIngestor,0.0,0.0974655151367187,0.0,0.0974655151367187,50,1007.0,371.0,217.0,1.0
10125,IFTranscriptSELFIngestor,0.0,0.086212158203125,0.0,0.086212158203125,50,1007.0,371.0,217.0,1.0
10126,IFTelemetrySELFIngestor,0.0,0.0825881958007812,0.0,0.0825881958007812,50,1007.0,371.0,217.0,1.0
10127,BiomeSELFIngestor,0.0,0.0879287719726562,0.0,0.0879287719726562,50,1007.0,371.0,217.0,1.0
10204,CoreServicesUIAgent,0.0,0.189971923828125,0.004,0.19499969482421872,50,1007.0,371.0,217.0,1.0
10211,Code Helper (Plugin),0.0,0.4604339599609375,0.041,0.5363956451416015,500,1007.0,371.0,217.0,1.0
10010,AudioComponentRegistrar,0.0,0.0547409057617187,0.004,0.04845809936523434,50,1007.0,371.0,217.0,1.0
2880,Code Helper,0.0,0.1600265502929687,0.32371428571428573,0.48915318080357145,350,1007.0,371.0,217.0,1.0
13074,mdworker_shared,0.0,0.3213882446289062,0.02153846153846154,0.19098232953976357,195,1007.0,371.0,217.0,1.0
2852,Code Helper,0.0,0.733184814453125,0.32371428571428573,0.48915318080357145,350,1007.0,371.0,217.0,1.0
609,identityservicesd,0.0,0.2162933349609375,0.012,0.20082092285156247,50,1007.0,371.0,217.0,1.0
615,corespeechd,0.0,0.2237319946289062,0.09799999999999999,0.18834686279296872,50,1007.0,371.0,217.0,1.0
616,assistantd,0.0,0.2941131591796875,0.004,0.23475265502929685,50,1007.0,371.0,217.0,1.0
623,WallpaperImageExtension,0.0,0.0879287719726562,0.0,0.07489013671874994,50,1007.0,371.0,217.0,1.0
639,sharingd,0.0,0.1474380493164062,0.002,0.14010620117187497,50,1007.0,371.0,217.0,1.0
641,usernoted,0.0,0.177764892578125,0.02,0.15933227539062497,50,1007.0,371.0,217.0,1.0
642,neagent,0.0,0.1068115234375,0.0,0.1076812744140625,50,1007.0,371.0,217.0,1.0
643,useractivityd,0.0,0.084686279296875,0.008,0.08467864990234374,50,1007.0,371.0,217.0,1.0
644,com.apple.dock.extra,0.0,0.2002716064453125,0.048,0.17804336547851562,50,1007.0,371.0,217.0,1.0
646,NotificationCenter,0.0,0.298309326171875,0.024000000000000004,0.24862670898437497,50,1007.0,371.0,217.0,1.0
649,milod,0.0,0.0820159912109375,0.0,0.08232498168945312,50,1007.0,371.0,217.0,1.0
650,familycircled,0.0,0.0677108764648437,0.0,0.06789016723632807,50,1007.0,371.0,217.0,1.0
651,StatusKitAgent,0.0,0.0787734985351562,0.0,0.07876968383789057,50,1007.0,371.0,217.0,1.0
666,ContextStoreAgent,0.0,0.1529693603515625,0.11199999999999999,0.1729774475097656,50,1007.0,371.0,217.0,1.0
668,BiomeAgent,0.0,0.1071929931640625,0.126,0.1340827941894531,50,1007.0,371.0,217.0,1.0
670,imklaunchagent,0.0,0.0619888305664062,0.0,0.06198501586914058,50,1007.0,371.0,217.0,1.0
673,icdd,0.0,0.0349044799804687,0.0,0.034900665283203076,50,1007.0,371.0,217.0,1.0
680,AirPlayUIAgent,0.0,0.0944137573242187,0.004,0.09934997558593746,50,1007.0,371.0,217.0,1.0
683,imagent,0.0,0.1508712768554687,0.008,0.13217163085937497,50,1007.0,371.0,217.0,1.0
685,diagnostics_agent,0.0,0.0989913940429687,0.002,0.09417724609374996,50,1007.0,371.0,217.0,1.0
686,TextInputMenuAgent,0.0,0.1720428466796875,0.008,0.16139221191406247,50,1007.0,371.0,217.0,1.0
688,Grammarly Desktop Helper,0.0,0.1157760620117187,0.002,0.10088729858398436,50,1007.0,371.0,217.0,1.0
699,com.apple.CloudDocs.iCloudDriveFileProvider,0.0,0.1056671142578125,0.008,0.09911346435546875,50,1007.0,371.0,217.0,1.0
608,ViewBridgeAuxiliary,0.0,0.0789642333984375,0.014000000000000002,0.08618545532226561,50,1007.0,371.0,217.0,1.0
606,fontworker,0.0,0.0581741333007812,0.0,0.05817031860351558,50,1007.0,371.0,217.0,1.0
605,ContinuityCaptureAgent,0.0,0.0761032104492187,0.0,0.0761032104492187,50,1007.0,371.0,217.0,1.0
604,AMPDeviceDiscoveryAgent,0.0,0.0570297241210937,0.0,0.051746368408203104,50,1007.0,371.0,217.0,1.0
376,loginwindow,0.0,0.3099441528320312,0.008,0.24020385742187497,50,1007.0,371.0,217.0,1.0
543,distnoted,0.0,0.0518798828125,0.028000000000000004,0.05070495605468747,50,1007.0,371.0,217.0,1.0
544,cfprefsd,0.0,0.0583648681640625,0.066,0.05707931518554685,50,1007.0,371.0,217.0,1.0
549,UserEventAgent,0.0,0.1123428344726562,0.013999999999999999,0.10488891601562496,50,1007.0,371.0,217.0,1.0
553,WindowManager,0.0,0.2351760864257812,0.11200000000000002,0.24517440795898435,50,1007.0,371.0,217.0,1.0
557,universalaccessd,0.0,0.0812530517578125,0.006000000000000001,0.09207916259765624,50,1007.0,371.0,217.0,1.0
559,Dock,0.0,0.2202987670898437,0.076,0.20318603515624997,50,1007.0,371.0,217.0,1.0
560,ControlCenter,0.5,0.457763671875,0.5379999999999999,0.41684722900390625,50,1007.0,371.0,217.0,1.0
561,pboard,0.0,0.0917434692382812,0.002,0.09132385253906246,50,1007.0,371.0,217.0,1.0
562,SystemUIServer,0.0,0.1468658447265625,0.006,0.13476562499999997,50,1007.0,371.0,217.0,1.0
564,Finder,0.0,0.505828857421875,0.07400000000000001,0.4227867126464844,50,1007.0,371.0,217.0,1.0
704,ctkahp,0.0,0.037384033203125,0.0,0.037380218505859375,50,1007.0,371.0,217.0,1.0
567,lsd,0.0,0.1214981079101562,0.012,0.11196517944335933,50,1007.0,371.0,217.0,1.0
575,rapportd,0.0,0.1359939575195312,0.002,0.1259346008300781,50,1007.0,371.0,217.0,1.0
578,secd,0.0,0.1703262329101562,0.006000000000000001,0.15089416503906247,50,1007.0,371.0,217.0,1.0
580,trustd,0.0,0.11444091796875,0.04,0.11620330810546871,50,1007.0,371.0,217.0,1.0
583,WallpaperAgent,0.0,0.17852783203125,0.004,0.1629066467285156,50,1007.0,371.0,217.0,1.0
587,com.apple.hiservices-xpcservice,0.0,0.0356674194335937,0.01,0.03719711303710933,50,1007.0,371.0,217.0,1.0
589,sharedfilelistd,0.0,0.102996826171875,0.0,0.08721542358398436,50,1007.0,371.0,217.0,1.0
590,containermanagerd,0.0,0.0459671020507812,0.012,0.04875946044921871,50,1007.0,371.0,217.0,1.0
591,usernotificationsd,0.0,0.1047134399414062,0.008,0.09786605834960933,50,1007.0,371.0,217.0,1.0
596,callservicesd,0.0,0.2088546752929687,0.006000000000000001,0.17979049682617185,50,1007.0,371.0,217.0,1.0
600,fontd,0.0,0.0993728637695312,0.002,0.06991577148437499,50,1007.0,371.0,217.0,1.0
602,fileproviderd,0.2,0.1495361328125,0.21200000000000002,0.1446113586425781,50,1007.0,371.0,217.0,1.0
568,AXVisualSupportAgent,0.0,0.1739501953125,0.6920000000000001,0.16974639892578122,50,1007.0,371.0,217.0,1.0
707,WiFiAgent,0.0,0.193023681640625,0.114,0.16522979736328122,50,1007.0,371.0,217.0,1.0
2878,Code Helper,0.0,0.3980636596679687,0.32371428571428573,0.48915318080357145,350,1007.0,371.0,217.0,1.0
713,Spotlight,0.0,0.3204345703125,0.05,0.27865600585937494,50,1007.0,371.0,217.0,1.0
930,com.apple.WebKit.WebContent,0.0,0.3286361694335937,0.2837142857142857,0.5284216744559151,350,1007.0,371.0,217.0,1.0
931,com.apple.WebKit.WebContent,0.0,0.6015777587890625,0.2837142857142857,0.5284216744559151,350,1007.0,371.0,217.0,1.0
932,com.apple.WebKit.WebContent,0.1,1.3292312622070312,0.2837142857142857,0.5284216744559151,350,1007.0,371.0,217.0,1.0
957,Google Chrome,0.2,2.4444580078125,1.324,2.2691001892089844,50,1007.0,371.0,217.0,1.0
960,chrome_crashpad_handler,0.0,0.0188827514648437,0.0,0.019365310668945288,100,1007.0,371.0,217.0,1.0
961,voicebankingd,0.0,0.0722885131835937,0.0,0.07259750366210932,50,1007.0,371.0,217.0,1.0
963,Google Chrome Helper,1.0,0.859832763671875,0.6,0.42389755249023436,250,1007.0,371.0,217.0,1.0
964,Google Chrome Helper,0.2,0.7049560546875,0.6,0.42389755249023436,250,1007.0,371.0,217.0,1.0
966,Google Chrome Helper,0.0,0.2206802368164062,0.6,0.42389755249023436,250,1007.0,371.0,217.0,1.0
1052,spotlightknowledged,0.0,0.0352859497070312,0.0,0.04377672749180943,62,1007.0,371.0,217.0,1.0
1191,storeaccountd,0.0,0.0658035278320312,0.0,0.06579971313476557,50,1007.0,371.0,217.0,1.0
1474,IMAutomaticHistoryDeletionAgent,0.0,0.0919342041015625,0.0,0.08300018310546874,50,1007.0,371.0,217.0,1.0
1718,ServiceExtension,0.0,0.142669677734375,0.0,0.142669677734375,50,1007.0,371.0,217.0,1.0
2095,com.apple.WebKit.WebContent,0.1,0.3047943115234375,0.2837142857142857,0.5284216744559151,350,1007.0,371.0,217.0,1.0
2096,com.apple.WebKit.WebContent,0.1,0.5811691284179688,0.2837142857142857,0.5284216744559151,350,1007.0,371.0,217.0,1.0
2641,Google Chrome Helper (Renderer),0.0,0.6361007690429688,0.647816091954023,1.1122661897505837,435,1007.0,371.0,217.0,1.0
2672,Google Chrome Helper (Renderer),4.3,3.78570556640625,0.647816091954023,1.1122661897505837,435,1007.0,371.0,217.0,1.0
2826,Code,0.1,1.46484375,1.3619999999999999,1.3807182312011719,50,1007.0,371.0,217.0,1.0
2832,chrome_crashpad_handler,0.0,0.0194549560546875,0.0,0.019365310668945288,100,1007.0,371.0,217.0,1.0
2833,Code Helper,0.0,0.5872726440429688,0.32371428571428573,0.48915318080357145,350,1007.0,371.0,217.0,1.0
2834,Code Helper,0.0,0.3721237182617187,0.32371428571428573,0.48915318080357145,350,1007.0,371.0,217.0,1.0
2835,Code Helper (Renderer),0.1,3.871917724609375,3.5780000000000003,3.886066436767578,50,1007.0,371.0,217.0,1.0
709,nsurlsessiond,0.0,0.1298904418945312,0.032,0.1256752014160156,50,1007.0,371.0,217.0,1.0
926,peopled,0.0,0.086212158203125,0.0,0.08623886108398438,50,1007.0,371.0,217.0,1.0
921,Spotify Helper,0.0,0.104522705078125,0.015600000000000001,0.14564056396484373,250,1007.0,371.0,217.0,1.0
1015,Google Chrome Helper,0.0,0.1676559448242187,0.6,0.42389755249023436,250,1007.0,371.0,217.0,1.0
918,com.apple.WebKit.GPU,0.0,0.157928466796875,0.102,0.09322547912597655,100,1007.0,371.0,217.0,1.0
919,com.apple.WebKit.Networking,0.0,0.2283096313476562,0.4,0.16855621337890622,100,1007.0,371.0,217.0,1.0
716,PAH_Extension,0.0,0.1033782958984375,0.014000000000000002,0.11199188232421874,50,1007.0,371.0,217.0,1.0
717,OneDrive,0.0,0.4186630249023437,0.032,0.36077880859375,50,1007.0,371.0,217.0,1.0
718,corespotlightd,0.0,0.1482009887695312,0.012,0.15357208251953122,50,1007.0,371.0,217.0,1.0
722,duetexpertd,0.0,0.2271652221679687,0.09,0.26060485839843744,50,1007.0,371.0,217.0,1.0
730,Spotify,0.5,1.24359130859375,0.5479999999999999,1.0496597290039062,50,1007.0,371.0,217.0,1.0
733,homed,0.0,0.1438140869140625,0.0,0.1302070617675781,50,1007.0,371.0,217.0,1.0
740,Spotify Helper,0.0,0.0452041625976562,0.015600000000000001,0.14564056396484373,250,1007.0,371.0,217.0,1.0
741,avconferenced,0.0,0.067901611328125,0.0,0.06789779663085938,50,1007.0,371.0,217.0,1.0
747,Spotify Helper,0.0,0.2084732055664062,0.015600000000000001,0.14564056396484373,250,1007.0,371.0,217.0,1.0
748,Spotify Helper,0.2,0.3332138061523437,0.015600000000000001,0.14564056396484373,250,1007.0,371.0,217.0,1.0
752,Spotify Helper,0.0,0.1169204711914062,0.015600000000000001,0.14564056396484373,250,1007.0,371.0,217.0,1.0
734,mediaremoteagent,0.0,0.0232696533203125,0.0,0.0232696533203125,50,1007.0,371.0,217.0,1.0
714,CursorUIViewService,0.0,0.153350830078125,0.07400000000000001,0.15747833251953122,50,1007.0,371.0,217.0,1.0
755,Grammarly Desktop,0.2,0.7411956787109375,0.524,0.7150344848632812,50,1007.0,371.0,217.0,1.0
913,app_inkwell,0.0,0.3030776977539062,0.94,0.29593276977539057,50,1007.0,371.0,217.0,1.0
898,OneDrive Sync Service,0.0,0.2393722534179687,0.004,0.21224594116210935,50,1007.0,371.0,217.0,1.0
873,mdbulkimport,0.0,0.0713348388671875,0.0,0.07133102416992188,50,1007.0,371.0,217.0,1.0
857,Grammarly Desktop Update Service,0.0,0.1268386840820312,0.006000000000000001,0.11079406738281246,50,1007.0,371.0,217.0,1.0
916,com.apple.WebKit.WebContent,0.0,1.927947998046875,0.2837142857142857,0.5284216744559151,350,1007.0,371.0,217.0,1.0
776,com.apple.WebKit.Networking,0.0,0.1298904418945312,0.4,0.16855621337890622,100,1007.0,371.0,217.0,1.0
774,com.apple.WebKit.WebContent,0.0,0.0186920166015625,0.2837142857142857,0.5284216744559151,350,1007.0,371.0,217.0,1.0
772,com.apple.WebKit.GPU,0.0,0.0507354736328125,0.102,0.09322547912597655,100,1007.0,371.0,217.0,1.0
768,Spotify Helper (Renderer),0.0,0.5674362182617188,0.044000000000000004,0.4534873962402344,50,1007.0,371.0,217.0,1.0
792,commerce,0.0,0.0902175903320312,0.0,0.08901596069335932,50,1007.0,371.0,217.0,1.0
9138,siriactionsd,0.0,0.1598358154296875,0.004,0.14521408081054685,50,1007.0,371.0,217.0,1.0
9040,triald,0.0,0.13580322265625,0.0,0.12915039062499997,50,1007.0,371.0,217.0,1.0
9049,tccd,0.0,0.1096725463867187,0.0,0.10362243652343744,50,1007.0,371.0,217.0,1.0
9053,cloudd,0.0,0.2058029174804687,0.016,0.2035255432128906,50,1007.0,371.0,217.0,1.0
9069,searchpartyuseragent,0.0,0.13580322265625,0.002,0.13115692138671872,50,1007.0,371.0,217.0,1.0
9086,knowledge-agent,0.0,0.1394271850585937,0.004,0.13211822509765622,50,1007.0,371.0,217.0,1.0
9088,contactsd,0.0,0.1092910766601562,0.008,0.09849548339843746,50,1007.0,371.0,217.0,1.0
9095,calaccessd,0.0,0.1592636108398437,0.002,0.15127944946289057,50,1007.0,371.0,217.0,1.0
9101,bird,0.0,0.1279830932617187,0.04800000000000001,0.12118530273437494,50,1007.0,371.0,217.0,1.0
9134,ScreenTimeAgent,0.0,0.1125335693359375,0.0,0.10361862182617183,50,1007.0,371.0,217.0,1.0
9205,IntelligencePlatformComputeService,0.0,0.0879287719726562,0.0,0.0879287719726562,50,1007.0,371.0,217.0,1.0
9754,ctkd,0.0,0.0896453857421875,0.0,0.08569717407226562,50,1007.0,371.0,217.0,1.0
9271,mdwrite,0.0,0.0329971313476562,0.0,0.032993316650390576,50,1007.0,371.0,217.0,1.0
9272,mbuseragent,0.0,0.0368118286132812,0.0,0.036808013916015576,50,1007.0,371.0,217.0,1.0
9556,syncdefaultsd,0.0,0.12359619140625,0.006000000000000001,0.11057662963867186,50,1007.0,371.0,217.0,1.0
9572,proactived,0.0,0.1214981079101562,0.02,0.1299476623535156,50,1007.0,371.0,217.0,1.0
9575,akd,0.0,0.2222061157226562,0.002,0.2174873352050781,50,1007.0,371.0,217.0,1.0
9577,CloudTelemetryService,0.0,0.07781982421875,0.0,0.06444135050135331,127,1007.0,371.0,217.0,1.0
9649,suggestd,0.0,0.153350830078125,0.002,0.15771484374999997,50,1007.0,371.0,217.0,1.0
9681,AppleSpell,0.0,0.1420974731445312,0.0,0.13717651367187494,50,1007.0,371.0,217.0,1.0
9682,keyboardservicesd,0.0,0.0919342041015625,0.0,0.0876617431640625,50,1007.0,371.0,217.0,1.0
9742,promotedcontentd,0.0,0.1224517822265625,0.002,0.11449813842773438,50,1007.0,371.0,217.0,1.0
9032,secinitd,0.0,0.0652313232421875,0.0,0.06522750854492188,50,1007.0,371.0,217.0,1.0
9223,mapssyncd,0.0,0.0917434692382812,0.0,0.09173965454101557,50,1007.0,371.0,217.0,1.0
9000,PowerChime,0.0,0.1377105712890625,0.008,0.14000701904296872,50,1007.0,371.0,217.0,1.0
3033,Code Helper,0.0,0.4230499267578125,0.32371428571428573,0.48915318080357145,350,1007.0,371.0,217.0,1.0
8410,routined,0.0,0.2061843872070312,0.034,0.19092559814453122,50,1007.0,371.0,217.0,1.0
9762,coreauthd,0.0,0.0978469848632812,0.0,0.09390640258789058,50,1007.0,371.0,217.0,1.0
3034,Code Helper (Plugin),0.1,1.4230728149414062,0.041,0.5363956451416015,500,1007.0,371.0,217.0,1.0
3045,Code Helper (Plugin),0.0,0.2733230590820312,0.041,0.5363956451416015,500,1007.0,371.0,217.0,1.0
3063,zsh,0.0,0.0047683715820312,0.0,0.009178644112447462,253,1007.0,371.0,217.0,1.0
4030,pet,0.0,0.0217437744140625,0.02,0.02233123779296875,50,1007.0,371.0,217.0,1.0
4037,zsh,0.0,0.0043869018554687,0.0,0.009178644112447462,253,1007.0,371.0,217.0,1.0
4143,Code Helper (Plugin),0.0,0.2115249633789062,0.041,0.5363956451416015,500,1007.0,371.0,217.0,1.0
4194,Code Helper (Plugin),0.0,0.8941650390625,0.041,0.5363956451416015,500,1007.0,371.0,217.0,1.0
5379,Code Helper (Plugin),0.0,0.2336502075195312,0.041,0.5363956451416015,500,1007.0,371.0,217.0,1.0
5384,zsh,0.0,0.0043869018554687,0.0,0.009178644112447462,253,1007.0,371.0,217.0,1.0
5761,zsh,0.0,0.0131607055664062,0.0,0.009178644112447462,253,1007.0,371.0,217.0,1.0
8666,Google Chrome Helper (Renderer),0.0,0.3141403198242187,0.647816091954023,1.1122661897505837,435,1007.0,371.0,217.0,1.0
6986,accountsd,0.0,0.199127197265625,0.0,0.1851234436035156,50,1007.0,371.0,217.0,1.0
8324,Google Chrome Helper (Renderer),0.0,0.2368927001953125,0.647816091954023,1.1122661897505837,435,1007.0,371.0,217.0,1.0
8325,Google Chrome Helper (Renderer),0.0,0.3316879272460937,0.647816091954023,1.1122661897505837,435,1007.0,371.0,217.0,1.0
8326,chronod,0.0,0.1619338989257812,0.01,0.15725708007812497,50,1007.0,371.0,217.0,1.0
8328,Google Chrome Helper (Renderer),0.0,0.4480361938476562,0.647816091954023,1.1122661897505837,435,1007.0,371.0,217.0,1.0
8335,WorldClockWidget,0.0,0.2202987670898437,0.0,0.22029876708984367,50,1007.0,371.0,217.0,1.0
8336,CalendarWidgetExtension,0.0,0.1031875610351562,0.0,0.1031875610351562,50,1007.0,371.0,217.0,1.0
8337,WeatherWidget,0.0,0.36163330078125,0.0,0.3655509948730469,50,1007.0,371.0,217.0,1.0
8339,StocksWidget,0.0,0.3248214721679687,0.0,0.3267478942871093,50,1007.0,371.0,217.0,1.0
8340,ScreenTimeWidgetExtension,0.0,0.3332138061523437,0.0,0.3311538696289062,50,1007.0,371.0,217.0,1.0
8351,Google Chrome Helper,0.0,0.1924514770507812,0.6,0.42389755249023436,250,1007.0,371.0,217.0,1.0
8396,audioaccessoryd,0.0,0.11749267578125,0.0,0.10800170898437496,50,1007.0,371.0,217.0,1.0
8323,Google Chrome Helper (Renderer),0.0,0.5681991577148438,0.647816091954023,1.1122661897505837,435,1007.0,371.0,217.0,1.0
9829,transparencyd,0.0,0.22430419921875,0.018000000000000002,0.21265792846679685,50,1007.0,371.0,217.0,1.0
10209,Code Helper (Plugin),0.0,0.4854202270507812,0.041,0.5363956451416015,500,1007.0,371.0,217.0,1.0
9847,UIKitSystem,0.0,0.1695632934570312,0.002,0.17118835449218742,50,1007.0,371.0,217.0,1.0
10490,talagentd,0.0,0.1434326171875,0.002,0.14520263671874997,50,1007.0,371.0,217.0,1.0
10558,pbs,0.0,0.031280517578125,0.002,0.031276702880859375,50,1007.0,371.0,217.0,1.0
11204,MTLCompilerService,0.0,0.0333786010742187,0.0,0.03340148925781246,50,1007.0,371.0,217.0,1.0
11684,mlhostd,0.0,0.1436233520507812,0.0,0.14452743530273432,50,1007.0,371.0,217.0,1.0
12774,businessservicesd,0.0,0.0812530517578125,0.0,0.081024169921875,50,1007.0,371.0,217.0,1.0
12775,MessagesBlastDoorService,0.0,0.0579833984375,0.0,0.05239105224609375,50,1007.0,371.0,217.0,1.0
12776,feedbackd,0.0,0.0789642333984375,0.0,0.078704833984375,50,1007.0,371.0,217.0,1.0
12777,ProtectedCloudKeySyncing,0.0,0.0873565673828125,0.0,0.09304428100585938,50,1007.0,371.0,217.0,1.0
12779,gamecontrolleragentd,0.0,0.0598907470703125,0.002,0.060253143310546854,50,1007.0,371.0,217.0,1.0
12806,python3.12,0.6,0.1821517944335937,0.46153846153846156,0.1703031770475618,91,1007.0,371.0,217.0,1.0
12815,zsh,0.0,0.0156402587890625,0.0,0.009178644112447462,253,1007.0,371.0,217.0,1.0
12959,ndoagent,0.0,0.0753402709960937,0.0,0.0754165649414062,50,1007.0,371.0,217.0,1.0
12963,replayd,0.0,0.2178192138671875,0.0,0.21639064866669325,49,1007.0,371.0,217.0,1.0
13000,python3.12,0.0,0.1714706420898437,0.46153846153846156,0.1703031770475618,91,1007.0,371.0,217.0,1.0
13025,com.apple.siri.embeddedspeech,0.0,0.1462936401367187,0.03142857142857143,0.17331804547991067,35,1007.0,371.0,217.0,1.0
13036,CommCenter,0.0,0.2782821655273437,0.006000000000000001,0.23591232299804685,50,1007.0,371.0,217.0,1.0
13037,CoreLocationAgent,0.0,0.505828857421875,0.00425531914893617,0.4036964254176363,47,1007.0,371.0,217.0,1.0
13043,Keychain Circle Notification,0.0,0.1949310302734375,0.044000000000000004,0.18328857421874997,50,1007.0,371.0,217.0,1.0
13070,Google Chrome Helper (Renderer),0.0,1.5354156494140625,0.647816091954023,1.1122661897505837,435,1007.0,371.0,217.0,1.0
13071,mdworker_shared,0.0,0.1642227172851562,0.02153846153846154,0.19098232953976357,195,1007.0,371.0,217.0,1.0
13072,mdworker_shared,0.0,0.23193359375,0.02153846153846154,0.19098232953976357,195,1007.0,371.0,217.0,1.0
13073,Google Chrome Helper (Renderer),0.0,2.0801544189453125,0.647816091954023,1.1122661897505837,435,1007.0,371.0,217.0,1.0
2913,Code Helper,0.3,0.6128311157226562,0.32371428571428573,0.48915318080357145,350,1007.0,371.0,217.0,1.0
10481,Google Chrome Helper (Renderer),0.0,1.0101318359375,0.647816091954023,1.1122661897505837,435,1007.0,371.0,217.0,1.0
10215,Code Helper (Plugin),0.0,0.457763671875,0.041,0.5363956451416015,500,1007.0,371.0,217.0,1.0
10213,Code Helper (Plugin),0.0,0.4980087280273437,0.041,0.5363956451416015,500,1007.0,371.0,217.0,1.0
10212,Code Helper (Plugin),0.0,0.4970550537109375,0.041,0.5363956451416015,500,1007.0,371.0,217.0,1.0
9879,Siri,0.0,0.1260757446289062,0.016,0.1504554748535156,50,1007.0,371.0,217.0,1.0
9888,SiriNCService,0.0,0.1476287841796875,0.008,0.15225982666015622,50,1007.0,371.0,217.0,1.0
9891,AssetCacheLocatorService,0.0,0.0406265258789062,0.0,0.04087829589843746,50,1007.0,371.0,217.0,1.0
9901,pkd,0.0,0.106048583984375,0.002,0.10622024536132811,50,1007.0,371.0,217.0,1.0
9909,com.apple.geod,0.0,0.0986099243164062,0.004,0.09388351440429683,50,1007.0,371.0,217.0,1.0
9946,extensionkitservice,0.0,0.080108642578125,0.0,0.08034324645996094,100,1007.0,371.0,217.0,1.0
9947,networkserviceproxy,0.0,0.1688003540039062,0.0,0.1554603576660156,50,1007.0,371.0,217.0,1.0
9963,swtransparencyd,0.0,0.0890731811523437,0.0,0.08174896240234374,50,1007.0,371.0,217.0,1.0
9964,CloudTelemetryService,0.0,0.0780105590820312,0.0,0.06444135050135331,127,1007.0,371.0,217.0,1.0
9982,contentlinkingd,0.0,0.0841140747070312,0.0,0.08146667480468746,50,1007.0,371.0,217.0,1.0
10001,AppPredictionIntentsHelperService,0.0,0.1634597778320312,0.0,0.16557312011718747,50,1007.0,371.0,217.0,1.0
9845,intelligentroutingd,0.0,0.0883102416992187,0.0,0.0883407592773437,50,1007.0,371.0,217.0,1.0
10009,com.apple.accessibility.mediaaccessibilityd,0.0,0.0261306762695312,0.0,0.0261306762695312,50,1007.0,371.0,217.0,1.0
10015,linkd,0.0,0.0791549682617187,0.0,0.07984924316406244,50,1007.0,371.0,217.0,1.0
10115,iconservicesagent,0.0,0.0902175903320312,0.0,0.0902175903320312,50,1007.0,371.0,217.0,1.0
10121,com.apple.Safari.SafeBrowsing.Service,0.0,0.0743865966796875,0.0,0.07349395751953124,50,1007.0,371.0,217.0,1.0
10122,SAExtensionOrchestrator,0.0,0.1125335693359375,0.0,0.1125335693359375,50,1007.0,371.0,217.0,1.0
10123,extensionkitservice,0.0,0.0789642333984375,0.0,0.08034324645996094,100,1007.0,371.0,217.0,1.0
10124,GMSSELFIngestor,0.0,0.0974655151367187,0.0,0.0974655151367187,50,1007.0,371.0,217.0,1.0
10125,IFTranscriptSELFIngestor,0.0,0.086212158203125,0.0,0.086212158203125,50,1007.0,371.0,217.0,1.0
10126,IFTelemetrySELFIngestor,0.0,0.0825881958007812,0.0,0.0825881958007812,50,1007.0,371.0,217.0,1.0
10127,BiomeSELFIngestor,0.0,0.0879287719726562,0.0,0.0879287719726562,50,1007.0,371.0,217.0,1.0
10204,CoreServicesUIAgent,0.0,0.1871109008789062,0.004,0.19499969482421872,50,1007.0,371.0,217.0,1.0
10211,Code Helper (Plugin),0.0,0.4604339599609375,0.041,0.5363956451416015,500,1007.0,371.0,217.0,1.0
10010,AudioComponentRegistrar,0.0,0.0547409057617187,0.004,0.04845809936523434,50,1007.0,371.0,217.0,1.0
13074,mdworker_shared,0.0,0.3215789794921875,0.02153846153846154,0.19098232953976357,195,1007.0,371.0,217.0,1.0
2880,Code Helper,0.0,0.1600265502929687,0.32371428571428573,0.48915318080357145,350,1007.0,371.0,217.0,1.0
2852,Code Helper,0.0,0.733184814453125,0.32371428571428573,0.48915318080357145,350,1007.0,371.0,217.0,1.0
609,identityservicesd,0.0,0.2162933349609375,0.012,0.20082092285156247,50,1007.0,371.0,217.0,1.0
615,corespeechd,0.0,0.2237319946289062,0.09799999999999999,0.18834686279296872,50,1007.0,371.0,217.0,1.0
616,assistantd,0.0,0.2946853637695312,0.004,0.23475265502929685,50,1007.0,371.0,217.0,1.0
623,WallpaperImageExtension,0.0,0.0879287719726562,0.0,0.07489013671874994,50,1007.0,371.0,217.0,1.0
639,sharingd,0.0,0.1474380493164062,0.002,0.14010620117187497,50,1007.0,371.0,217.0,1.0
641,usernoted,0.0,0.177764892578125,0.02,0.15933227539062497,50,1007.0,371.0,217.0,1.0
642,neagent,0.0,0.1068115234375,0.0,0.1076812744140625,50,1007.0,371.0,217.0,1.0
643,useractivityd,0.0,0.0843048095703125,0.008,0.08467864990234374,50,1007.0,371.0,217.0,1.0
644,com.apple.dock.extra,0.0,0.1995086669921875,0.048,0.17804336547851562,50,1007.0,371.0,217.0,1.0
646,NotificationCenter,0.0,0.29449462890625,0.024000000000000004,0.24862670898437497,50,1007.0,371.0,217.0,1.0
649,milod,0.0,0.0820159912109375,0.0,0.08232498168945312,50,1007.0,371.0,217.0,1.0
650,familycircled,0.0,0.0677108764648437,0.0,0.06789016723632807,50,1007.0,371.0,217.0,1.0
651,StatusKitAgent,0.0,0.0787734985351562,0.0,0.07876968383789057,50,1007.0,371.0,217.0,1.0
666,ContextStoreAgent,0.0,0.1529693603515625,0.11199999999999999,0.1729774475097656,50,1007.0,371.0,217.0,1.0
668,BiomeAgent,0.0,0.1071929931640625,0.126,0.1340827941894531,50,1007.0,371.0,217.0,1.0
670,imklaunchagent,0.0,0.0619888305664062,0.0,0.06198501586914058,50,1007.0,371.0,217.0,1.0
673,icdd,0.0,0.0349044799804687,0.0,0.034900665283203076,50,1007.0,371.0,217.0,1.0
680,AirPlayUIAgent,0.0,0.0917434692382812,0.004,0.09934997558593746,50,1007.0,371.0,217.0,1.0
683,imagent,0.0,0.1508712768554687,0.008,0.13217163085937497,50,1007.0,371.0,217.0,1.0
685,diagnostics_agent,0.0,0.0989913940429687,0.002,0.09417724609374996,50,1007.0,371.0,217.0,1.0
686,TextInputMenuAgent,0.0,0.1714706420898437,0.008,0.16139221191406247,50,1007.0,371.0,217.0,1.0
688,Grammarly Desktop Helper,0.0,0.1157760620117187,0.002,0.10088729858398436,50,1007.0,371.0,217.0,1.0
699,com.apple.CloudDocs.iCloudDriveFileProvider,0.0,0.1056671142578125,0.008,0.09911346435546875,50,1007.0,371.0,217.0,1.0
608,ViewBridgeAuxiliary,0.0,0.0789642333984375,0.014000000000000002,0.08618545532226561,50,1007.0,371.0,217.0,1.0
605,ContinuityCaptureAgent,0.0,0.0761032104492187,0.0,0.0761032104492187,50,1007.0,371.0,217.0,1.0
604,AMPDeviceDiscoveryAgent,0.0,0.0570297241210937,0.0,0.051746368408203104,50,1007.0,371.0,217.0,1.0
602,fileproviderd,0.2,0.1495361328125,0.21200000000000002,0.1446113586425781,50,1007.0,371.0,217.0,1.0
2878,Code Helper,0.1,0.3980636596679687,0.32371428571428573,0.48915318080357145,350,1007.0,371.0,217.0,1.0
376,loginwindow,0.0,0.2935409545898437,0.008,0.24020385742187497,50,1007.0,371.0,217.0,1.0
543,distnoted,0.1,0.0518798828125,0.028000000000000004,0.05070495605468747,50,1007.0,371.0,217.0,1.0
544,cfprefsd,0.0,0.0583648681640625,0.066,0.05707931518554685,50,1007.0,371.0,217.0,1.0
549,UserEventAgent,0.0,0.1123428344726562,0.013999999999999999,0.10488891601562496,50,1007.0,371.0,217.0,1.0
553,WindowManager,0.0,0.2313613891601562,0.11200000000000002,0.24517440795898435,50,1007.0,371.0,217.0,1.0
557,universalaccessd,0.0,0.0812530517578125,0.006000000000000001,0.09207916259765624,50,1007.0,371.0,217.0,1.0
559,Dock,0.0,0.2202987670898437,0.076,0.20318603515624997,50,1007.0,371.0,217.0,1.0
560,ControlCenter,0.5,0.457763671875,0.5379999999999999,0.41684722900390625,50,1007.0,371.0,217.0,1.0
561,pboard,0.0,0.0917434692382812,0.002,0.09132385253906246,50,1007.0,371.0,217.0,1.0
562,SystemUIServer,0.0,0.1371383666992187,0.006,0.13476562499999997,50,1007.0,371.0,217.0,1.0
704,ctkahp,0.0,0.037384033203125,0.0,0.037380218505859375,50,1007.0,371.0,217.0,1.0
564,Finder,0.0,0.505828857421875,0.07400000000000001,0.4227867126464844,50,1007.0,371.0,217.0,1.0
568,AXVisualSupportAgent,0.1,0.1735687255859375,0.6920000000000001,0.16974639892578122,50,1007.0,371.0,217.0,1.0
575,rapportd,0.0,0.1359939575195312,0.002,0.1259346008300781,50,1007.0,371.0,217.0,1.0
578,secd,0.0,0.1703262329101562,0.006000000000000001,0.15089416503906247,50,1007.0,371.0,217.0,1.0
580,trustd,0.7,0.11444091796875,0.04,0.11620330810546871,50,1007.0,371.0,217.0,1.0
583,WallpaperAgent,0.0,0.1760482788085937,0.004,0.1629066467285156,50,1007.0,371.0,217.0,1.0
587,com.apple.hiservices-xpcservice,0.0,0.0356674194335937,0.01,0.03719711303710933,50,1007.0,371.0,217.0,1.0
589,sharedfilelistd,0.0,0.102996826171875,0.0,0.08721542358398436,50,1007.0,371.0,217.0,1.0
590,containermanagerd,0.0,0.0459671020507812,0.012,0.04875946044921871,50,1007.0,371.0,217.0,1.0
591,usernotificationsd,0.0,0.1047134399414062,0.008,0.09786605834960933,50,1007.0,371.0,217.0,1.0
596,callservicesd,0.0,0.2088546752929687,0.006000000000000001,0.17979049682617185,50,1007.0,371.0,217.0,1.0
600,fontd,0.0,0.0993728637695312,0.002,0.06991577148437499,50,1007.0,371.0,217.0,1.0
567,lsd,0.0,0.1214981079101562,0.012,0.11196517944335933,50,1007.0,371.0,217.0,1.0
707,WiFiAgent,0.0,0.1926422119140625,0.114,0.16522979736328122,50,1007.0,371.0,217.0,1.0
606,fontworker,0.0,0.0581741333007812,0.0,0.05817031860351558,50,1007.0,371.0,217.0,1.0
713,Spotlight,0.0,0.3190994262695312,0.05,0.27865600585937494,50,1007.0,371.0,217.0,1.0
926,peopled,0.0,0.086212158203125,0.0,0.08623886108398438,50,1007.0,371.0,217.0,1.0
930,com.apple.WebKit.WebContent,0.0,0.3286361694335937,0.2837142857142857,0.5284216744559151,350,1007.0,371.0,217.0,1.0
931,com.apple.WebKit.WebContent,0.0,0.6017684936523438,0.2837142857142857,0.5284216744559151,350,1007.0,371.0,217.0,1.0
932,com.apple.WebKit.WebContent,0.1,1.3292312622070312,0.2837142857142857,0.5284216744559151,350,1007.0,371.0,217.0,1.0
957,Google Chrome,0.3,2.4402618408203125,1.324,2.2691001892089844,50,1007.0,371.0,217.0,1.0
960,chrome_crashpad_handler,0.0,0.0188827514648437,0.0,0.019365310668945288,100,1007.0,371.0,217.0,1.0
961,voicebankingd,0.0,0.0722885131835937,0.0,0.07259750366210932,50,1007.0,371.0,217.0,1.0
963,Google Chrome Helper,1.2,0.859832763671875,0.6,0.42389755249023436,250,1007.0,371.0,217.0,1.0
964,Google Chrome Helper,0.3,0.7068634033203125,0.6,0.42389755249023436,250,1007.0,371.0,217.0,1.0
966,Google Chrome Helper,0.0,0.2206802368164062,0.6,0.42389755249023436,250,1007.0,371.0,217.0,1.0
1015,Google Chrome Helper,0.0,0.1676559448242187,0.6,0.42389755249023436,250,1007.0,371.0,217.0,1.0
921,Spotify Helper,0.0,0.104522705078125,0.015600000000000001,0.14564056396484373,250,1007.0,371.0,217.0,1.0
1052,spotlightknowledged,0.0,0.0352859497070312,0.0,0.04377672749180943,62,1007.0,371.0,217.0,1.0
1474,IMAutomaticHistoryDeletionAgent,0.0,0.0919342041015625,0.0,0.08300018310546874,50,1007.0,371.0,217.0,1.0
1718,ServiceExtension,0.0,0.142669677734375,0.0,0.142669677734375,50,1007.0,371.0,217.0,1.0
2095,com.apple.WebKit.WebContent,0.0,0.3049850463867187,0.2837142857142857,0.5284216744559151,350,1007.0,371.0,217.0,1.0
2096,com.apple.WebKit.WebContent,0.0,0.58135986328125,0.2837142857142857,0.5284216744559151,350,1007.0,371.0,217.0,1.0
2641,Google Chrome Helper (Renderer),0.0,0.6361007690429688,0.647816091954023,1.1122661897505837,435,1007.0,371.0,217.0,1.0
2672,Google Chrome Helper (Renderer),4.8,3.792572021484375,0.647816091954023,1.1122661897505837,435,1007.0,371.0,217.0,1.0
2826,Code,0.1,1.46026611328125,1.3619999999999999,1.3807182312011719,50,1007.0,371.0,217.0,1.0
2832,chrome_crashpad_handler,0.0,0.0194549560546875,0.0,0.019365310668945288,100,1007.0,371.0,217.0,1.0
2833,Code Helper,0.1,0.5872726440429688,0.32371428571428573,0.48915318080357145,350,1007.0,371.0,217.0,1.0
2834,Code Helper,0.0,0.3721237182617187,0.32371428571428573,0.48915318080357145,350,1007.0,371.0,217.0,1.0
709,nsurlsessiond,0.0,0.1302719116210937,0.032,0.1256752014160156,50,1007.0,371.0,217.0,1.0
1191,storeaccountd,0.0,0.0658035278320312,0.0,0.06579971313476557,50,1007.0,371.0,217.0,1.0
919,com.apple.WebKit.Networking,0.0,0.2317428588867187,0.4,0.16855621337890622,100,1007.0,371.0,217.0,1.0
2835,Code Helper (Renderer),0.2,3.9272308349609375,3.5780000000000003,3.886066436767578,50,1007.0,371.0,217.0,1.0
733,homed,0.0,0.1438140869140625,0.0,0.1302070617675781,50,1007.0,371.0,217.0,1.0
714,CursorUIViewService,0.0,0.1482009887695312,0.07400000000000001,0.15747833251953122,50,1007.0,371.0,217.0,1.0
716,PAH_Extension,0.0,0.1018524169921875,0.014000000000000002,0.11199188232421874,50,1007.0,371.0,217.0,1.0
717,OneDrive,0.0,0.4180908203125,0.032,0.36077880859375,50,1007.0,371.0,217.0,1.0
718,corespotlightd,0.0,0.1482009887695312,0.012,0.15357208251953122,50,1007.0,371.0,217.0,1.0
722,duetexpertd,0.0,0.2271652221679687,0.09,0.26060485839843744,50,1007.0,371.0,217.0,1.0
730,Spotify,0.3,1.2439727783203125,0.5479999999999999,1.0496597290039062,50,1007.0,371.0,217.0,1.0
918,com.apple.WebKit.GPU,0.0,0.157928466796875,0.102,0.09322547912597655,100,1007.0,371.0,217.0,1.0
734,mediaremoteagent,0.0,0.0232696533203125,0.0,0.0232696533203125,50,1007.0,371.0,217.0,1.0
740,Spotify Helper,0.0,0.0452041625976562,0.015600000000000001,0.14564056396484373,250,1007.0,371.0,217.0,1.0
741,avconferenced,0.0,0.067901611328125,0.0,0.06789779663085938,50,1007.0,371.0,217.0,1.0
748,Spotify Helper,0.2,0.3332138061523437,0.015600000000000001,0.14564056396484373,250,1007.0,371.0,217.0,1.0
747,Spotify Helper,0.0,0.2084732055664062,0.015600000000000001,0.14564056396484373,250,1007.0,371.0,217.0,1.0
755,Grammarly Desktop,1.1,0.7472991943359375,0.524,0.7150344848632812,50,1007.0,371.0,217.0,1.0
916,com.apple.WebKit.WebContent,0.0,1.9298553466796875,0.2837142857142857,0.5284216744559151,350,1007.0,371.0,217.0,1.0
913,app_inkwell,0.0,0.3030776977539062,0.94,0.29593276977539057,50,1007.0,371.0,217.0,1.0
898,OneDrive Sync Service,0.0,0.2393722534179687,0.004,0.21224594116210935,50,1007.0,371.0,217.0,1.0
752,Spotify Helper,0.0,0.1169204711914062,0.015600000000000001,0.14564056396484373,250,1007.0,371.0,217.0,1.0
857,Grammarly Desktop Update Service,0.2,0.1268386840820312,0.006000000000000001,0.11079406738281246,50,1007.0,371.0,217.0,1.0
873,mdbulkimport,0.0,0.0713348388671875,0.0,0.07133102416992188,50,1007.0,371.0,217.0,1.0
776,com.apple.WebKit.Networking,0.0,0.1298904418945312,0.4,0.16855621337890622,100,1007.0,371.0,217.0,1.0
774,com.apple.WebKit.WebContent,0.0,0.0186920166015625,0.2837142857142857,0.5284216744559151,350,1007.0,371.0,217.0,1.0
772,com.apple.WebKit.GPU,0.0,0.0507354736328125,0.102,0.09322547912597655,100,1007.0,371.0,217.0,1.0
768,Spotify Helper (Renderer),0.0,0.5674362182617188,0.044000000000000004,0.4534873962402344,50,1007.0,371.0,217.0,1.0
792,commerce,0.0,0.0902175903320312,0.0,0.08901596069335932,50,1007.0,371.0,217.0,1.0
9101,bird,0.0,0.1279830932617187,0.04800000000000001,0.12118530273437494,50,1007.0,370.0,216.0,1.0
9205,IntelligencePlatformComputeService,0.0,0.0879287719726562,0.0,0.0879287719726562,50,1007.0,370.0,216.0,1.0
9138,siriactionsd,0.0,0.1598358154296875,0.004,0.14521408081054685,50,1007.0,370.0,216.0,1.0
9134,ScreenTimeAgent,0.0,0.1125335693359375,0.0,0.10361862182617183,50,1007.0,370.0,216.0,1.0
9095,calaccessd,0.0,0.1592636108398437,0.002,0.15127944946289057,50,1007.0,370.0,216.0,1.0
9829,transparencyd,0.0,0.22430419921875,0.018000000000000002,0.21265792846679685,50,1007.0,370.0,216.0,1.0
9086,knowledge-agent,0.0,0.1394271850585937,0.004,0.13211822509765622,50,1007.0,370.0,216.0,1.0
9069,searchpartyuseragent,0.0,0.1359939575195312,0.002,0.13115692138671872,50,1007.0,370.0,216.0,1.0
9053,cloudd,0.0,0.2058029174804687,0.016,0.2035255432128906,50,1007.0,370.0,216.0,1.0
9049,tccd,0.0,0.1096725463867187,0.0,0.10362243652343744,50,1007.0,370.0,216.0,1.0
9088,contactsd,0.0,0.1092910766601562,0.008,0.09849548339843746,50,1007.0,370.0,216.0,1.0
9223,mapssyncd,0.0,0.0917434692382812,0.0,0.09173965454101557,50,1007.0,370.0,216.0,1.0
9762,coreauthd,0.0,0.0978469848632812,0.0,0.09390640258789058,50,1007.0,370.0,216.0,1.0
9272,mbuseragent,0.0,0.0368118286132812,0.0,0.036808013916015576,50,1007.0,370.0,216.0,1.0
9556,syncdefaultsd,0.0,0.12359619140625,0.006000000000000001,0.11057662963867186,50,1007.0,370.0,216.0,1.0
9572,proactived,0.0,0.1214981079101562,0.02,0.1299476623535156,50,1007.0,370.0,216.0,1.0
9575,akd,0.0,0.2222061157226562,0.002,0.2174873352050781,50,1007.0,370.0,216.0,1.0
9577,CloudTelemetryService,0.0,0.07781982421875,0.0,0.06444135050135331,127,1007.0,370.0,216.0,1.0
9649,suggestd,0.0,0.153350830078125,0.002,0.15771484374999997,50,1007.0,370.0,216.0,1.0
9681,AppleSpell,0.0,0.1420974731445312,0.0,0.13717651367187494,50,1007.0,370.0,216.0,1.0
9682,keyboardservicesd,0.0,0.0919342041015625,0.0,0.0876617431640625,50,1007.0,370.0,216.0,1.0
9742,promotedcontentd,0.0,0.1224517822265625,0.002,0.11449813842773438,50,1007.0,370.0,216.0,1.0
9754,ctkd,0.0,0.0896453857421875,0.0,0.08569717407226562,50,1007.0,370.0,216.0,1.0
9040,triald,0.0,0.13580322265625,0.0,0.12915039062499997,50,1007.0,370.0,216.0,1.0
9271,mdwrite,0.0,0.0329971313476562,0.0,0.032993316650390576,50,1007.0,370.0,216.0,1.0
9032,secinitd,0.0,0.0652313232421875,0.0,0.06522750854492188,50,1007.0,370.0,216.0,1.0
8325,Google Chrome Helper (Renderer),0.0,0.3316879272460937,0.647816091954023,1.1122661897505837,435,1007.0,370.0,216.0,1.0
8666,Google Chrome Helper (Renderer),0.0,0.3141403198242187,0.647816091954023,1.1122661897505837,435,1007.0,370.0,216.0,1.0
3034,Code Helper (Plugin),0.1,1.4230728149414062,0.041,0.5363956451416015,500,1007.0,370.0,216.0,1.0
3045,Code Helper (Plugin),0.0,0.2733230590820312,0.041,0.5363956451416015,500,1007.0,370.0,216.0,1.0
3063,zsh,0.0,0.0047683715820312,0.0,0.009178644112447462,253,1007.0,370.0,216.0,1.0
4030,pet,0.0,0.0217437744140625,0.02,0.02233123779296875,50,1007.0,370.0,216.0,1.0
4037,zsh,0.0,0.0043869018554687,0.0,0.009178644112447462,253,1007.0,370.0,216.0,1.0
4143,Code Helper (Plugin),0.0,0.2115249633789062,0.041,0.5363956451416015,500,1007.0,370.0,216.0,1.0
4194,Code Helper (Plugin),0.0,0.8945465087890625,0.041,0.5363956451416015,500,1007.0,370.0,216.0,1.0
5379,Code Helper (Plugin),0.0,0.2336502075195312,0.041,0.5363956451416015,500,1007.0,370.0,216.0,1.0
5384,zsh,0.0,0.0043869018554687,0.0,0.009178644112447462,253,1007.0,370.0,216.0,1.0
5761,zsh,0.0,0.0131607055664062,0.0,0.009178644112447462,253,1007.0,370.0,216.0,1.0
6986,accountsd,0.0,0.199127197265625,0.0,0.1851234436035156,50,1007.0,370.0,216.0,1.0
8323,Google Chrome Helper (Renderer),0.0,0.5681991577148438,0.647816091954023,1.1122661897505837,435,1007.0,370.0,216.0,1.0
8324,Google Chrome Helper (Renderer),0.0,0.2368927001953125,0.647816091954023,1.1122661897505837,435,1007.0,370.0,216.0,1.0
8326,chronod,0.0,0.1619338989257812,0.01,0.15725708007812497,50,1007.0,370.0,216.0,1.0
8328,Google Chrome Helper (Renderer),0.0,0.4480361938476562,0.647816091954023,1.1122661897505837,435,1007.0,370.0,216.0,1.0
8335,WorldClockWidget,0.0,0.2202987670898437,0.0,0.22029876708984367,50,1007.0,370.0,216.0,1.0
8336,CalendarWidgetExtension,0.0,0.1031875610351562,0.0,0.1031875610351562,50,1007.0,370.0,216.0,1.0
8337,WeatherWidget,0.0,0.36163330078125,0.0,0.3655509948730469,50,1007.0,370.0,216.0,1.0
8339,StocksWidget,0.0,0.3248214721679687,0.0,0.3267478942871093,50,1007.0,370.0,216.0,1.0
8340,ScreenTimeWidgetExtension,0.0,0.3332138061523437,0.0,0.3311538696289062,50,1007.0,370.0,216.0,1.0
8351,Google Chrome Helper,0.0,0.1924514770507812,0.6,0.42389755249023436,250,1007.0,370.0,216.0,1.0
8396,audioaccessoryd,0.0,0.11749267578125,0.0,0.10800170898437496,50,1007.0,370.0,216.0,1.0
8410,routined,0.0,0.2061843872070312,0.034,0.19092559814453122,50,1007.0,370.0,216.0,1.0
9000,PowerChime,0.0,0.1377105712890625,0.008,0.14000701904296872,50,1007.0,370.0,216.0,1.0
9845,intelligentroutingd,0.0,0.0883102416992187,0.0,0.0883407592773437,50,1007.0,370.0,216.0,1.0
3033,Code Helper,0.0,0.4230499267578125,0.32371428571428573,0.48915318080357145,350,1007.0,370.0,216.0,1.0
9879,Siri,0.0,0.1260757446289062,0.016,0.1504554748535156,50,1007.0,370.0,216.0,1.0
10490,talagentd,0.0,0.1434326171875,0.002,0.14520263671874997,50,1007.0,370.0,216.0,1.0
10558,pbs,0.0,0.031280517578125,0.002,0.031276702880859375,50,1007.0,370.0,216.0,1.0
11204,MTLCompilerService,0.0,0.0333786010742187,0.0,0.03340148925781246,50,1007.0,370.0,216.0,1.0
11684,mlhostd,0.0,0.1436233520507812,0.0,0.14452743530273432,50,1007.0,370.0,216.0,1.0
12774,businessservicesd,0.0,0.0812530517578125,0.0,0.081024169921875,50,1007.0,370.0,216.0,1.0
12775,MessagesBlastDoorService,0.0,0.0579833984375,0.0,0.05239105224609375,50,1007.0,370.0,216.0,1.0
12776,feedbackd,0.0,0.0789642333984375,0.0,0.078704833984375,50,1007.0,370.0,216.0,1.0
12777,ProtectedCloudKeySyncing,0.0,0.0873565673828125,0.0,0.09304428100585938,50,1007.0,370.0,216.0,1.0
12779,gamecontrolleragentd,0.0,0.0598907470703125,0.002,0.060253143310546854,50,1007.0,370.0,216.0,1.0
12806,python3.12,0.8,0.1821517944335937,0.46153846153846156,0.1703031770475618,91,1007.0,370.0,216.0,1.0
12815,zsh,0.0,0.0156402587890625,0.0,0.009178644112447462,253,1007.0,370.0,216.0,1.0
12959,ndoagent,0.0,0.0753402709960937,0.0,0.0754165649414062,50,1007.0,370.0,216.0,1.0
12963,replayd,0.0,0.2178192138671875,0.0,0.21639064866669325,49,1007.0,370.0,216.0,1.0
13000,python3.12,0.0,0.1714706420898437,0.46153846153846156,0.1703031770475618,91,1007.0,370.0,216.0,1.0
13025,com.apple.siri.embeddedspeech,0.0,0.1462936401367187,0.03142857142857143,0.17331804547991067,35,1007.0,370.0,216.0,1.0
13036,CommCenter,0.0,0.2782821655273437,0.006000000000000001,0.23591232299804685,50,1007.0,370.0,216.0,1.0
13037,CoreLocationAgent,0.0,0.505828857421875,0.00425531914893617,0.4036964254176363,47,1007.0,370.0,216.0,1.0
13043,Keychain Circle Notification,0.0,0.1949310302734375,0.044000000000000004,0.18328857421874997,50,1007.0,370.0,216.0,1.0
13070,Google Chrome Helper (Renderer),0.0,1.5354156494140625,0.647816091954023,1.1122661897505837,435,1007.0,370.0,216.0,1.0
13071,mdworker_shared,0.0,0.1642227172851562,0.02153846153846154,0.19098232953976357,195,1007.0,370.0,216.0,1.0
13072,mdworker_shared,0.0,0.23193359375,0.02153846153846154,0.19098232953976357,195,1007.0,370.0,216.0,1.0
13073,Google Chrome Helper (Renderer),0.0,2.0801544189453125,0.647816091954023,1.1122661897505837,435,1007.0,370.0,216.0,1.0
13074,mdworker_shared,0.0,0.3215789794921875,0.02153846153846154,0.19098232953976357,195,1007.0,370.0,216.0,1.0
10481,Google Chrome Helper (Renderer),0.0,1.0101318359375,0.647816091954023,1.1122661897505837,435,1007.0,370.0,216.0,1.0
10215,Code Helper (Plugin),0.0,0.457763671875,0.041,0.5363956451416015,500,1007.0,370.0,216.0,1.0
10213,Code Helper (Plugin),0.0,0.4980087280273437,0.041,0.5363956451416015,500,1007.0,370.0,216.0,1.0
10212,Code Helper (Plugin),0.0,0.4970550537109375,0.041,0.5363956451416015,500,1007.0,370.0,216.0,1.0
9888,SiriNCService,0.0,0.1476287841796875,0.008,0.15225982666015622,50,1007.0,370.0,216.0,1.0
9891,AssetCacheLocatorService,0.0,0.0406265258789062,0.0,0.04087829589843746,50,1007.0,370.0,216.0,1.0
9901,pkd,0.0,0.106048583984375,0.002,0.10622024536132811,50,1007.0,370.0,216.0,1.0
9909,com.apple.geod,0.0,0.0986099243164062,0.004,0.09388351440429683,50,1007.0,370.0,216.0,1.0
9946,extensionkitservice,0.0,0.080108642578125,0.0,0.08034324645996094,100,1007.0,370.0,216.0,1.0
9947,networkserviceproxy,0.0,0.1688003540039062,0.0,0.1554603576660156,50,1007.0,370.0,216.0,1.0
9963,swtransparencyd,0.0,0.0890731811523437,0.0,0.08174896240234374,50,1007.0,370.0,216.0,1.0
9964,CloudTelemetryService,0.0,0.0780105590820312,0.0,0.06444135050135331,127,1007.0,370.0,216.0,1.0
9982,contentlinkingd,0.0,0.0841140747070312,0.0,0.08146667480468746,50,1007.0,370.0,216.0,1.0
10001,AppPredictionIntentsHelperService,0.0,0.1634597778320312,0.0,0.16557312011718747,50,1007.0,370.0,216.0,1.0
10009,com.apple.accessibility.mediaaccessibilityd,0.0,0.0261306762695312,0.0,0.0261306762695312,50,1007.0,370.0,216.0,1.0
9847,UIKitSystem,0.0,0.1695632934570312,0.002,0.17118835449218742,50,1007.0,370.0,216.0,1.0
10010,AudioComponentRegistrar,0.0,0.0547409057617187,0.004,0.04845809936523434,50,1007.0,370.0,216.0,1.0
10115,iconservicesagent,0.0,0.0902175903320312,0.0,0.0902175903320312,50,1007.0,370.0,216.0,1.0
10121,com.apple.Safari.SafeBrowsing.Service,0.0,0.0743865966796875,0.0,0.07349395751953124,50,1007.0,370.0,216.0,1.0
10122,SAExtensionOrchestrator,0.0,0.1125335693359375,0.0,0.1125335693359375,50,1007.0,370.0,216.0,1.0
10123,extensionkitservice,0.0,0.0789642333984375,0.0,0.08034324645996094,100,1007.0,370.0,216.0,1.0
10124,GMSSELFIngestor,0.0,0.0974655151367187,0.0,0.0974655151367187,50,1007.0,370.0,216.0,1.0
10125,IFTranscriptSELFIngestor,0.0,0.086212158203125,0.0,0.086212158203125,50,1007.0,370.0,216.0,1.0
10126,IFTelemetrySELFIngestor,0.0,0.0825881958007812,0.0,0.0825881958007812,50,1007.0,370.0,216.0,1.0
10127,BiomeSELFIngestor,0.0,0.0879287719726562,0.0,0.0879287719726562,50,1007.0,370.0,216.0,1.0
10204,CoreServicesUIAgent,0.0,0.1871109008789062,0.004,0.19499969482421872,50,1007.0,370.0,216.0,1.0
10209,Code Helper (Plugin),0.0,0.4858016967773437,0.041,0.5363956451416015,500,1007.0,370.0,216.0,1.0
10211,Code Helper (Plugin),0.0,0.4604339599609375,0.041,0.5363956451416015,500,1007.0,370.0,216.0,1.0
10015,linkd,0.0,0.0791549682617187,0.0,0.07984924316406244,50,1007.0,370.0,216.0,1.0
2913,Code Helper,0.3,0.6122589111328125,0.32371428571428573,0.48915318080357145,350,1007.0,370.0,216.0,1.0
2880,Code Helper,0.0,0.1600265502929687,0.32371428571428573,0.48915318080357145,350,1007.0,370.0,216.0,1.0
2878,Code Helper,0.0,0.3980636596679687,0.32371428571428573,0.48915318080357145,350,1007.0,370.0,216.0,1.0
615,corespeechd,0.0,0.2237319946289062,0.09799999999999999,0.18834686279296872,50,1007.0,370.0,216.0,1.0
616,assistantd,0.0,0.2941131591796875,0.004,0.23475265502929685,50,1007.0,370.0,216.0,1.0
623,WallpaperImageExtension,0.0,0.0879287719726562,0.0,0.07489013671874994,50,1007.0,370.0,216.0,1.0
639,sharingd,0.0,0.1474380493164062,0.002,0.14010620117187497,50,1007.0,370.0,216.0,1.0
641,usernoted,0.0,0.177764892578125,0.02,0.15933227539062497,50,1007.0,370.0,216.0,1.0
642,neagent,0.0,0.1068115234375,0.0,0.1076812744140625,50,1007.0,370.0,216.0,1.0
643,useractivityd,0.0,0.0850677490234375,0.008,0.08467864990234374,50,1007.0,370.0,216.0,1.0
644,com.apple.dock.extra,0.0,0.1995086669921875,0.048,0.17804336547851562,50,1007.0,370.0,216.0,1.0
646,NotificationCenter,0.0,0.29449462890625,0.024000000000000004,0.24862670898437497,50,1007.0,370.0,216.0,1.0
649,milod,0.0,0.0820159912109375,0.0,0.08232498168945312,50,1007.0,370.0,216.0,1.0
650,familycircled,0.0,0.0677108764648437,0.0,0.06789016723632807,50,1007.0,370.0,216.0,1.0
651,StatusKitAgent,0.0,0.0787734985351562,0.0,0.07876968383789057,50,1007.0,370.0,216.0,1.0
666,ContextStoreAgent,0.0,0.1529693603515625,0.11199999999999999,0.1729774475097656,50,1007.0,370.0,216.0,1.0
668,BiomeAgent,0.0,0.1071929931640625,0.126,0.1340827941894531,50,1007.0,370.0,216.0,1.0
670,imklaunchagent,0.0,0.0619888305664062,0.0,0.06198501586914058,50,1007.0,370.0,216.0,1.0
673,icdd,0.0,0.0349044799804687,0.0,0.034900665283203076,50,1007.0,370.0,216.0,1.0
680,AirPlayUIAgent,0.0,0.0917434692382812,0.004,0.09934997558593746,50,1007.0,370.0,216.0,1.0
683,imagent,0.0,0.15106201171875,0.008,0.13217163085937497,50,1007.0,370.0,216.0,1.0
685,diagnostics_agent,0.0,0.0989913940429687,0.002,0.09417724609374996,50,1007.0,370.0,216.0,1.0
686,TextInputMenuAgent,0.0,0.1714706420898437,0.008,0.16139221191406247,50,1007.0,370.0,216.0,1.0
688,Grammarly Desktop Helper,0.0,0.1157760620117187,0.002,0.10088729858398436,50,1007.0,370.0,216.0,1.0
699,com.apple.CloudDocs.iCloudDriveFileProvider,0.0,0.1056671142578125,0.008,0.09911346435546875,50,1007.0,370.0,216.0,1.0
704,ctkahp,0.0,0.037384033203125,0.0,0.037380218505859375,50,1007.0,370.0,216.0,1.0
609,identityservicesd,0.0,0.2162933349609375,0.012,0.20082092285156247,50,1007.0,370.0,216.0,1.0
608,ViewBridgeAuxiliary,0.0,0.0789642333984375,0.014000000000000002,0.08618545532226561,50,1007.0,370.0,216.0,1.0
606,fontworker,0.0,0.0581741333007812,0.0,0.05817031860351558,50,1007.0,370.0,216.0,1.0
605,ContinuityCaptureAgent,0.0,0.0761032104492187,0.0,0.0761032104492187,50,1007.0,370.0,216.0,1.0
543,distnoted,0.0,0.0518798828125,0.028000000000000004,0.05070495605468747,50,1007.0,370.0,216.0,1.0
544,cfprefsd,0.0,0.0583648681640625,0.066,0.05707931518554685,50,1007.0,370.0,216.0,1.0
549,UserEventAgent,0.0,0.1123428344726562,0.013999999999999999,0.10488891601562496,50,1007.0,370.0,216.0,1.0
553,WindowManager,0.0,0.2313613891601562,0.11200000000000002,0.24517440795898435,50,1007.0,370.0,216.0,1.0
557,universalaccessd,0.0,0.0812530517578125,0.006000000000000001,0.09207916259765624,50,1007.0,370.0,216.0,1.0
559,Dock,0.0,0.2202987670898437,0.076,0.20318603515624997,50,1007.0,370.0,216.0,1.0
560,ControlCenter,0.5,0.457763671875,0.5379999999999999,0.41684722900390625,50,1007.0,370.0,216.0,1.0
561,pboard,0.0,0.0917434692382812,0.002,0.09132385253906246,50,1007.0,370.0,216.0,1.0
562,SystemUIServer,0.0,0.1371383666992187,0.006,0.13476562499999997,50,1007.0,370.0,216.0,1.0
564,Finder,0.0,0.505828857421875,0.07400000000000001,0.4227867126464844,50,1007.0,370.0,216.0,1.0
567,lsd,0.0,0.1214981079101562,0.012,0.11196517944335933,50,1007.0,370.0,216.0,1.0
707,WiFiAgent,0.0,0.1926422119140625,0.114,0.16522979736328122,50,1007.0,370.0,216.0,1.0
568,AXVisualSupportAgent,0.0,0.1735687255859375,0.6920000000000001,0.16974639892578122,50,1007.0,370.0,216.0,1.0
578,secd,0.0,0.1703262329101562,0.006000000000000001,0.15089416503906247,50,1007.0,370.0,216.0,1.0
580,trustd,0.0,0.1241683959960937,0.04,0.11620330810546871,50,1007.0,370.0,216.0,1.0
583,WallpaperAgent,0.0,0.1760482788085937,0.004,0.1629066467285156,50,1007.0,370.0,216.0,1.0
587,com.apple.hiservices-xpcservice,0.0,0.0356674194335937,0.01,0.03719711303710933,50,1007.0,370.0,216.0,1.0
589,sharedfilelistd,0.0,0.102996826171875,0.0,0.08721542358398436,50,1007.0,370.0,216.0,1.0
590,containermanagerd,0.0,0.0459671020507812,0.012,0.04875946044921871,50,1007.0,370.0,216.0,1.0
591,usernotificationsd,0.0,0.1047134399414062,0.008,0.09786605834960933,50,1007.0,370.0,216.0,1.0
596,callservicesd,0.0,0.2088546752929687,0.006000000000000001,0.17979049682617185,50,1007.0,370.0,216.0,1.0
600,fontd,0.0,0.0993728637695312,0.002,0.06991577148437499,50,1007.0,370.0,216.0,1.0
602,fileproviderd,0.1,0.1495361328125,0.21200000000000002,0.1446113586425781,50,1007.0,370.0,216.0,1.0
604,AMPDeviceDiscoveryAgent,0.0,0.0570297241210937,0.0,0.051746368408203104,50,1007.0,370.0,216.0,1.0
575,rapportd,0.0,0.1359939575195312,0.002,0.1259346008300781,50,1007.0,370.0,216.0,1.0
709,nsurlsessiond,0.0,0.1293182373046875,0.032,0.1256752014160156,50,1007.0,370.0,216.0,1.0
376,loginwindow,0.0,0.2935409545898437,0.008,0.24020385742187497,50,1007.0,370.0,216.0,1.0
714,CursorUIViewService,0.0,0.1482009887695312,0.07400000000000001,0.15747833251953122,50,1007.0,370.0,216.0,1.0
931,com.apple.WebKit.WebContent,0.6,0.6017684936523438,0.2837142857142857,0.5284216744559151,350,1007.0,370.0,216.0,1.0
932,com.apple.WebKit.WebContent,0.7,1.3292312622070312,0.2837142857142857,0.5284216744559151,350,1007.0,370.0,216.0,1.0
957,Google Chrome,0.1,2.4402618408203125,1.324,2.2691001892089844,50,1007.0,370.0,216.0,1.0
960,chrome_crashpad_handler,0.0,0.0188827514648437,0.0,0.019365310668945288,100,1007.0,370.0,216.0,1.0
961,voicebankingd,0.0,0.0722885131835937,0.0,0.07259750366210932,50,1007.0,370.0,216.0,1.0
963,Google Chrome Helper,1.0,0.859832763671875,0.6,0.42389755249023436,250,1007.0,370.0,216.0,1.0
964,Google Chrome Helper,0.0,0.7078170776367188,0.6,0.42389755249023436,250,1007.0,370.0,216.0,1.0
966,Google Chrome Helper,0.0,0.2206802368164062,0.6,0.42389755249023436,250,1007.0,370.0,216.0,1.0
1015,Google Chrome Helper,0.0,0.1676559448242187,0.6,0.42389755249023436,250,1007.0,370.0,216.0,1.0
1191,storeaccountd,0.0,0.0658035278320312,0.0,0.06579971313476557,50,1007.0,370.0,216.0,1.0
1474,IMAutomaticHistoryDeletionAgent,0.0,0.0919342041015625,0.0,0.08300018310546874,50,1007.0,370.0,216.0,1.0
1718,ServiceExtension,0.0,0.142669677734375,0.0,0.142669677734375,50,1007.0,370.0,216.0,1.0
2095,com.apple.WebKit.WebContent,0.8,0.3049850463867187,0.2837142857142857,0.5284216744559151,350,1007.0,370.0,216.0,1.0
2096,com.apple.WebKit.WebContent,1.9,0.58135986328125,0.2837142857142857,0.5284216744559151,350,1007.0,370.0,216.0,1.0
2641,Google Chrome Helper (Renderer),0.0,0.6361007690429688,0.647816091954023,1.1122661897505837,435,1007.0,370.0,216.0,1.0
2672,Google Chrome Helper (Renderer),4.4,3.800201416015625,0.647816091954023,1.1122661897505837,435,1007.0,370.0,216.0,1.0
2826,Code,0.0,1.4614105224609375,1.3619999999999999,1.3807182312011719,50,1007.0,370.0,216.0,1.0
2832,chrome_crashpad_handler,0.0,0.0194549560546875,0.0,0.019365310668945288,100,1007.0,370.0,216.0,1.0
2833,Code Helper,0.0,0.5872726440429688,0.32371428571428573,0.48915318080357145,350,1007.0,370.0,216.0,1.0
2834,Code Helper,0.0,0.3721237182617187,0.32371428571428573,0.48915318080357145,350,1007.0,370.0,216.0,1.0
2835,Code Helper (Renderer),0.0,3.9289474487304688,3.5780000000000003,3.886066436767578,50,1007.0,370.0,216.0,1.0
2852,Code Helper,0.0,0.733184814453125,0.32371428571428573,0.48915318080357145,350,1007.0,370.0,216.0,1.0
713,Spotlight,0.0,0.3190994262695312,0.05,0.27865600585937494,50,1007.0,370.0,216.0,1.0
930,com.apple.WebKit.WebContent,0.5,0.3286361694335937,0.2837142857142857,0.5284216744559151,350,1007.0,370.0,216.0,1.0
926,peopled,0.0,0.086212158203125,0.0,0.08623886108398438,50,1007.0,370.0,216.0,1.0
1052,spotlightknowledged,0.0,0.0352859497070312,0.0,0.04377672749180943,62,1007.0,370.0,216.0,1.0
919,com.apple.WebKit.Networking,5.5,0.2317428588867187,0.4,0.16855621337890622,100,1007.0,370.0,216.0,1.0
921,Spotify Helper,0.0,0.104522705078125,0.015600000000000001,0.14564056396484373,250,1007.0,370.0,216.0,1.0
717,OneDrive,0.0,0.4180908203125,0.032,0.36077880859375,50,1007.0,370.0,216.0,1.0
718,corespotlightd,0.0,0.1482009887695312,0.012,0.15357208251953122,50,1007.0,370.0,216.0,1.0
722,duetexpertd,0.0,0.2271652221679687,0.09,0.26060485839843744,50,1007.0,370.0,216.0,1.0
730,Spotify,0.1,1.242828369140625,0.5479999999999999,1.0496597290039062,50,1007.0,370.0,216.0,1.0
733,homed,0.0,0.1438140869140625,0.0,0.1302070617675781,50,1007.0,370.0,216.0,1.0
734,mediaremoteagent,0.0,0.0232696533203125,0.0,0.0232696533203125,50,1007.0,370.0,216.0,1.0
741,avconferenced,0.0,0.067901611328125,0.0,0.06789779663085938,50,1007.0,370.0,216.0,1.0
747,Spotify Helper,0.0,0.2084732055664062,0.015600000000000001,0.14564056396484373,250,1007.0,370.0,216.0,1.0
748,Spotify Helper,0.2,0.333404541015625,0.015600000000000001,0.14564056396484373,250,1007.0,370.0,216.0,1.0
752,Spotify Helper,0.0,0.1169204711914062,0.015600000000000001,0.14564056396484373,250,1007.0,370.0,216.0,1.0
755,Grammarly Desktop,0.1,0.7505416870117188,0.524,0.7150344848632812,50,1007.0,370.0,216.0,1.0
740,Spotify Helper,0.0,0.0452041625976562,0.015600000000000001,0.14564056396484373,250,1007.0,370.0,216.0,1.0
716,PAH_Extension,0.0,0.1018524169921875,0.014000000000000002,0.11199188232421874,50,1007.0,370.0,216.0,1.0
768,Spotify Helper (Renderer),0.0,0.5674362182617188,0.044000000000000004,0.4534873962402344,50,1007.0,370.0,216.0,1.0
916,com.apple.WebKit.WebContent,5.1,1.9298553466796875,0.2837142857142857,0.5284216744559151,350,1007.0,370.0,216.0,1.0
913,app_inkwell,1.2,0.3030776977539062,0.94,0.29593276977539057,50,1007.0,370.0,216.0,1.0
898,OneDrive Sync Service,0.0,0.2393722534179687,0.004,0.21224594116210935,50,1007.0,370.0,216.0,1.0
873,mdbulkimport,0.0,0.0713348388671875,0.0,0.07133102416992188,50,1007.0,370.0,216.0,1.0
918,com.apple.WebKit.GPU,0.0,0.157928466796875,0.102,0.09322547912597655,100,1007.0,370.0,216.0,1.0
792,commerce,0.0,0.0902175903320312,0.0,0.08901596069335932,50,1007.0,370.0,216.0,1.0
776,com.apple.WebKit.Networking,0.0,0.1298904418945312,0.4,0.16855621337890622,100,1007.0,370.0,216.0,1.0
774,com.apple.WebKit.WebContent,0.0,0.0186920166015625,0.2837142857142857,0.5284216744559151,350,1007.0,370.0,216.0,1.0
772,com.apple.WebKit.GPU,0.0,0.0507354736328125,0.102,0.09322547912597655,100,1007.0,370.0,216.0,1.0
857,Grammarly Desktop Update Service,0.0,0.1276016235351562,0.006000000000000001,0.11079406738281246,50,1007.0,370.0,216.0,1.0
9138,siriactionsd,0.0,0.1598358154296875,0.004,0.14521408081054685,50,1007.0,370.0,216.0,1.0
9040,triald,0.0,0.13580322265625,0.0,0.12915039062499997,50,1007.0,370.0,216.0,1.0
9049,tccd,0.0,0.1096725463867187,0.0,0.10362243652343744,50,1007.0,370.0,216.0,1.0
9053,cloudd,0.0,0.2058029174804687,0.016,0.2035255432128906,50,1007.0,370.0,216.0,1.0
9069,searchpartyuseragent,0.0,0.1363754272460937,0.002,0.13115692138671872,50,1007.0,370.0,216.0,1.0
9086,knowledge-agent,0.0,0.1394271850585937,0.004,0.13211822509765622,50,1007.0,370.0,216.0,1.0
9088,contactsd,0.0,0.1092910766601562,0.008,0.09849548339843746,50,1007.0,370.0,216.0,1.0
9095,calaccessd,0.0,0.159454345703125,0.002,0.15127944946289057,50,1007.0,370.0,216.0,1.0
9101,bird,0.0,0.1279830932617187,0.04800000000000001,0.12118530273437494,50,1007.0,370.0,216.0,1.0
9134,ScreenTimeAgent,0.0,0.1125335693359375,0.0,0.10361862182617183,50,1007.0,370.0,216.0,1.0
9205,IntelligencePlatformComputeService,0.0,0.0879287719726562,0.0,0.0879287719726562,50,1007.0,370.0,216.0,1.0
9754,ctkd,0.0,0.0896453857421875,0.0,0.08569717407226562,50,1007.0,370.0,216.0,1.0
9271,mdwrite,0.0,0.0329971313476562,0.0,0.032993316650390576,50,1007.0,370.0,216.0,1.0
9272,mbuseragent,0.0,0.0368118286132812,0.0,0.036808013916015576,50,1007.0,370.0,216.0,1.0
9556,syncdefaultsd,0.0,0.12359619140625,0.006000000000000001,0.11057662963867186,50,1007.0,370.0,216.0,1.0
9572,proactived,0.0,0.1214981079101562,0.02,0.1299476623535156,50,1007.0,370.0,216.0,1.0
9575,akd,0.0,0.2222061157226562,0.002,0.2174873352050781,50,1007.0,370.0,216.0,1.0
9577,CloudTelemetryService,0.0,0.07781982421875,0.0,0.06444135050135331,127,1007.0,370.0,216.0,1.0
9649,suggestd,0.0,0.153350830078125,0.002,0.15771484374999997,50,1007.0,370.0,216.0,1.0
9681,AppleSpell,0.0,0.1420974731445312,0.0,0.13717651367187494,50,1007.0,370.0,216.0,1.0
9682,keyboardservicesd,0.0,0.0919342041015625,0.0,0.0876617431640625,50,1007.0,370.0,216.0,1.0
9742,promotedcontentd,0.0,0.1224517822265625,0.002,0.11449813842773438,50,1007.0,370.0,216.0,1.0
9032,secinitd,0.0,0.0652313232421875,0.0,0.06522750854492188,50,1007.0,370.0,216.0,1.0
9223,mapssyncd,0.0,0.0917434692382812,0.0,0.09173965454101557,50,1007.0,370.0,216.0,1.0
9000,PowerChime,0.0,0.1377105712890625,0.008,0.14000701904296872,50,1007.0,370.0,216.0,1.0
3033,Code Helper,0.0,0.4232406616210937,0.32371428571428573,0.48915318080357145,350,1007.0,370.0,216.0,1.0
8410,routined,0.0,0.2061843872070312,0.034,0.19092559814453122,50,1007.0,370.0,216.0,1.0
9762,coreauthd,0.0,0.0978469848632812,0.0,0.09390640258789058,50,1007.0,370.0,216.0,1.0
3034,Code Helper (Plugin),0.1,1.4230728149414062,0.041,0.5363956451416015,500,1007.0,370.0,216.0,1.0
3045,Code Helper (Plugin),0.0,0.2735137939453125,0.041,0.5363956451416015,500,1007.0,370.0,216.0,1.0
3063,zsh,0.0,0.0047683715820312,0.0,0.009178644112447462,253,1007.0,370.0,216.0,1.0
4030,pet,0.0,0.0217437744140625,0.02,0.02233123779296875,50,1007.0,370.0,216.0,1.0
4037,zsh,0.0,0.0043869018554687,0.0,0.009178644112447462,253,1007.0,370.0,216.0,1.0
4143,Code Helper (Plugin),0.0,0.2115249633789062,0.041,0.5363956451416015,500,1007.0,370.0,216.0,1.0
4194,Code Helper (Plugin),0.0,0.8960723876953125,0.041,0.5363956451416015,500,1007.0,370.0,216.0,1.0
5379,Code Helper (Plugin),0.0,0.2336502075195312,0.041,0.5363956451416015,500,1007.0,370.0,216.0,1.0
5384,zsh,0.0,0.0043869018554687,0.0,0.009178644112447462,253,1007.0,370.0,216.0,1.0
5761,zsh,0.0,0.0131607055664062,0.0,0.009178644112447462,253,1007.0,370.0,216.0,1.0
8666,Google Chrome Helper (Renderer),0.0,0.3141403198242187,0.647816091954023,1.1122661897505837,435,1007.0,370.0,216.0,1.0
6986,accountsd,0.0,0.199127197265625,0.0,0.1851234436035156,50,1007.0,370.0,216.0,1.0
8324,Google Chrome Helper (Renderer),0.0,0.2368927001953125,0.647816091954023,1.1122661897505837,435,1007.0,370.0,216.0,1.0
8325,Google Chrome Helper (Renderer),0.0,0.3316879272460937,0.647816091954023,1.1122661897505837,435,1007.0,370.0,216.0,1.0
8326,chronod,0.0,0.1619338989257812,0.01,0.15725708007812497,50,1007.0,370.0,216.0,1.0
8328,Google Chrome Helper (Renderer),0.0,0.4480361938476562,0.647816091954023,1.1122661897505837,435,1007.0,370.0,216.0,1.0
8335,WorldClockWidget,0.0,0.2202987670898437,0.0,0.22029876708984367,50,1007.0,370.0,216.0,1.0
8336,CalendarWidgetExtension,0.0,0.1031875610351562,0.0,0.1031875610351562,50,1007.0,370.0,216.0,1.0
8337,WeatherWidget,0.0,0.36163330078125,0.0,0.3655509948730469,50,1007.0,370.0,216.0,1.0
8339,StocksWidget,0.0,0.3248214721679687,0.0,0.3267478942871093,50,1007.0,370.0,216.0,1.0
8340,ScreenTimeWidgetExtension,0.0,0.3332138061523437,0.0,0.3311538696289062,50,1007.0,370.0,216.0,1.0
8351,Google Chrome Helper,0.0,0.1911163330078125,0.6,0.42389755249023436,250,1007.0,370.0,216.0,1.0
8396,audioaccessoryd,0.0,0.11749267578125,0.0,0.10800170898437496,50,1007.0,370.0,216.0,1.0
8323,Google Chrome Helper (Renderer),0.0,0.5681991577148438,0.647816091954023,1.1122661897505837,435,1007.0,370.0,216.0,1.0
9829,transparencyd,0.0,0.22430419921875,0.018000000000000002,0.21265792846679685,50,1007.0,370.0,216.0,1.0
10209,Code Helper (Plugin),0.1,0.4978179931640625,0.041,0.5363956451416015,500,1007.0,370.0,216.0,1.0
9847,UIKitSystem,0.0,0.1695632934570312,0.002,0.17118835449218742,50,1007.0,370.0,216.0,1.0
10490,talagentd,0.0,0.1434326171875,0.002,0.14520263671874997,50,1007.0,370.0,216.0,1.0
10558,pbs,0.0,0.031280517578125,0.002,0.031276702880859375,50,1007.0,370.0,216.0,1.0
11204,MTLCompilerService,0.0,0.0333786010742187,0.0,0.03340148925781246,50,1007.0,370.0,216.0,1.0
11684,mlhostd,0.0,0.1436233520507812,0.0,0.14452743530273432,50,1007.0,370.0,216.0,1.0
12774,businessservicesd,0.0,0.0812530517578125,0.0,0.081024169921875,50,1007.0,370.0,216.0,1.0
12775,MessagesBlastDoorService,0.0,0.0579833984375,0.0,0.05239105224609375,50,1007.0,370.0,216.0,1.0
12776,feedbackd,0.0,0.0789642333984375,0.0,0.078704833984375,50,1007.0,370.0,216.0,1.0
12777,ProtectedCloudKeySyncing,0.0,0.0873565673828125,0.0,0.09304428100585938,50,1007.0,370.0,216.0,1.0
12779,gamecontrolleragentd,0.0,0.0598907470703125,0.002,0.060253143310546854,50,1007.0,370.0,216.0,1.0
12806,python3.12,0.6,0.1836776733398437,0.46153846153846156,0.1703031770475618,91,1007.0,370.0,216.0,1.0
12815,zsh,0.0,0.0156402587890625,0.0,0.009178644112447462,253,1007.0,370.0,216.0,1.0
12959,ndoagent,0.0,0.0753402709960937,0.0,0.0754165649414062,50,1007.0,370.0,216.0,1.0
12963,replayd,0.0,0.2178192138671875,0.0,0.21639064866669325,49,1007.0,370.0,216.0,1.0
13000,python3.12,0.0,0.1714706420898437,0.46153846153846156,0.1703031770475618,91,1007.0,370.0,216.0,1.0
13025,com.apple.siri.embeddedspeech,0.0,0.1462936401367187,0.03142857142857143,0.17331804547991067,35,1007.0,370.0,216.0,1.0
13036,CommCenter,0.0,0.2782821655273437,0.006000000000000001,0.23591232299804685,50,1007.0,370.0,216.0,1.0
13037,CoreLocationAgent,0.0,0.505828857421875,0.00425531914893617,0.4036964254176363,47,1007.0,370.0,216.0,1.0
13043,Keychain Circle Notification,0.0,0.1949310302734375,0.044000000000000004,0.18328857421874997,50,1007.0,370.0,216.0,1.0
13070,Google Chrome Helper (Renderer),0.0,1.5354156494140625,0.647816091954023,1.1122661897505837,435,1007.0,370.0,216.0,1.0
13072,mdworker_shared,0.0,0.23193359375,0.02153846153846154,0.19098232953976357,195,1007.0,370.0,216.0,1.0
13073,Google Chrome Helper (Renderer),0.0,2.0801544189453125,0.647816091954023,1.1122661897505837,435,1007.0,370.0,216.0,1.0
13074,mdworker_shared,0.0,0.3215789794921875,0.02153846153846154,0.19098232953976357,195,1007.0,370.0,216.0,1.0
2913,Code Helper,0.3,0.6162643432617188,0.32371428571428573,0.48915318080357145,350,1007.0,370.0,216.0,1.0
10481,Google Chrome Helper (Renderer),0.0,1.0101318359375,0.647816091954023,1.1122661897505837,435,1007.0,370.0,216.0,1.0
10215,Code Helper (Plugin),0.0,0.457763671875,0.041,0.5363956451416015,500,1007.0,370.0,216.0,1.0
10213,Code Helper (Plugin),0.0,0.4980087280273437,0.041,0.5363956451416015,500,1007.0,370.0,216.0,1.0
10212,Code Helper (Plugin),0.0,0.4970550537109375,0.041,0.5363956451416015,500,1007.0,370.0,216.0,1.0
9879,Siri,0.0,0.1251220703125,0.016,0.1504554748535156,50,1007.0,370.0,216.0,1.0
9888,SiriNCService,0.0,0.1344680786132812,0.008,0.15225982666015622,50,1007.0,370.0,216.0,1.0
9891,AssetCacheLocatorService,0.0,0.0406265258789062,0.0,0.04087829589843746,50,1007.0,370.0,216.0,1.0
9901,pkd,0.0,0.106048583984375,0.002,0.10622024536132811,50,1007.0,370.0,216.0,1.0
9909,com.apple.geod,0.0,0.0986099243164062,0.004,0.09388351440429683,50,1007.0,370.0,216.0,1.0
9946,extensionkitservice,0.0,0.080108642578125,0.0,0.08034324645996094,100,1007.0,370.0,216.0,1.0
9947,networkserviceproxy,0.0,0.1688003540039062,0.0,0.1554603576660156,50,1007.0,370.0,216.0,1.0
9963,swtransparencyd,0.0,0.0890731811523437,0.0,0.08174896240234374,50,1007.0,370.0,216.0,1.0
9964,CloudTelemetryService,0.0,0.0780105590820312,0.0,0.06444135050135331,127,1007.0,370.0,216.0,1.0
9982,contentlinkingd,0.0,0.0841140747070312,0.0,0.08146667480468746,50,1007.0,370.0,216.0,1.0
10001,AppPredictionIntentsHelperService,0.0,0.1634597778320312,0.0,0.16557312011718747,50,1007.0,370.0,216.0,1.0
9845,intelligentroutingd,0.0,0.0883102416992187,0.0,0.0883407592773437,50,1007.0,370.0,216.0,1.0
10009,com.apple.accessibility.mediaaccessibilityd,0.0,0.0261306762695312,0.0,0.0261306762695312,50,1007.0,370.0,216.0,1.0
10015,linkd,0.0,0.0791549682617187,0.0,0.07984924316406244,50,1007.0,370.0,216.0,1.0
10115,iconservicesagent,0.0,0.0902175903320312,0.0,0.0902175903320312,50,1007.0,370.0,216.0,1.0
10121,com.apple.Safari.SafeBrowsing.Service,0.0,0.0743865966796875,0.0,0.07349395751953124,50,1007.0,370.0,216.0,1.0
10122,SAExtensionOrchestrator,0.0,0.1125335693359375,0.0,0.1125335693359375,50,1007.0,370.0,216.0,1.0
10123,extensionkitservice,0.0,0.0789642333984375,0.0,0.08034324645996094,100,1007.0,370.0,216.0,1.0
10124,GMSSELFIngestor,0.0,0.0974655151367187,0.0,0.0974655151367187,50,1007.0,370.0,216.0,1.0
10125,IFTranscriptSELFIngestor,0.0,0.086212158203125,0.0,0.086212158203125,50,1007.0,370.0,216.0,1.0
10126,IFTelemetrySELFIngestor,0.0,0.0825881958007812,0.0,0.0825881958007812,50,1007.0,370.0,216.0,1.0
10127,BiomeSELFIngestor,0.0,0.0879287719726562,0.0,0.0879287719726562,50,1007.0,370.0,216.0,1.0
10204,CoreServicesUIAgent,0.0,0.18157958984375,0.004,0.19499969482421872,50,1007.0,370.0,216.0,1.0
10211,Code Helper (Plugin),0.0,0.4604339599609375,0.041,0.5363956451416015,500,1007.0,370.0,216.0,1.0
10010,AudioComponentRegistrar,0.0,0.0547409057617187,0.004,0.04845809936523434,50,1007.0,370.0,216.0,1.0
2880,Code Helper,0.0,0.1600265502929687,0.32371428571428573,0.48915318080357145,350,1007.0,370.0,216.0,1.0
2878,Code Helper,0.0,0.39825439453125,0.32371428571428573,0.48915318080357145,350,1007.0,370.0,216.0,1.0
2852,Code Helper,0.0,0.733184814453125,0.32371428571428573,0.48915318080357145,350,1007.0,370.0,216.0,1.0
609,identityservicesd,0.0,0.2162933349609375,0.012,0.20082092285156247,50,1007.0,370.0,216.0,1.0
615,corespeechd,0.0,0.2237319946289062,0.09799999999999999,0.18834686279296872,50,1007.0,370.0,216.0,1.0
616,assistantd,0.0,0.2946853637695312,0.004,0.23475265502929685,50,1007.0,370.0,216.0,1.0
623,WallpaperImageExtension,0.0,0.0879287719726562,0.0,0.07489013671874994,50,1007.0,370.0,216.0,1.0
639,sharingd,0.0,0.1474380493164062,0.002,0.14010620117187497,50,1007.0,370.0,216.0,1.0
641,usernoted,0.0,0.177764892578125,0.02,0.15933227539062497,50,1007.0,370.0,216.0,1.0
642,neagent,0.0,0.1068115234375,0.0,0.1076812744140625,50,1007.0,370.0,216.0,1.0
643,useractivityd,0.0,0.0850677490234375,0.008,0.08467864990234374,50,1007.0,370.0,216.0,1.0
644,com.apple.dock.extra,0.0,0.1987457275390625,0.048,0.17804336547851562,50,1007.0,370.0,216.0,1.0
646,NotificationCenter,0.0,0.2902984619140625,0.024000000000000004,0.24862670898437497,50,1007.0,370.0,216.0,1.0
649,milod,0.0,0.0820159912109375,0.0,0.08232498168945312,50,1007.0,370.0,216.0,1.0
650,familycircled,0.0,0.0677108764648437,0.0,0.06789016723632807,50,1007.0,370.0,216.0,1.0
651,StatusKitAgent,0.0,0.0787734985351562,0.0,0.07876968383789057,50,1007.0,370.0,216.0,1.0
666,ContextStoreAgent,0.0,0.1529693603515625,0.11199999999999999,0.1729774475097656,50,1007.0,370.0,216.0,1.0
668,BiomeAgent,0.0,0.1071929931640625,0.126,0.1340827941894531,50,1007.0,370.0,216.0,1.0
670,imklaunchagent,0.0,0.0619888305664062,0.0,0.06198501586914058,50,1007.0,370.0,216.0,1.0
673,icdd,0.0,0.0349044799804687,0.0,0.034900665283203076,50,1007.0,370.0,216.0,1.0
680,AirPlayUIAgent,0.0,0.0881195068359375,0.004,0.09934997558593746,50,1007.0,370.0,216.0,1.0
683,imagent,0.0,0.1508712768554687,0.008,0.13217163085937497,50,1007.0,370.0,216.0,1.0
685,diagnostics_agent,0.0,0.0989913940429687,0.002,0.09417724609374996,50,1007.0,370.0,216.0,1.0
686,TextInputMenuAgent,0.0,0.1703262329101562,0.008,0.16139221191406247,50,1007.0,370.0,216.0,1.0
688,Grammarly Desktop Helper,0.0,0.1157760620117187,0.002,0.10088729858398436,50,1007.0,370.0,216.0,1.0
699,com.apple.CloudDocs.iCloudDriveFileProvider,0.0,0.1056671142578125,0.008,0.09911346435546875,50,1007.0,370.0,216.0,1.0
608,ViewBridgeAuxiliary,0.0,0.0789642333984375,0.014000000000000002,0.08618545532226561,50,1007.0,370.0,216.0,1.0
704,ctkahp,0.0,0.037384033203125,0.0,0.037380218505859375,50,1007.0,370.0,216.0,1.0
606,fontworker,0.0,0.0581741333007812,0.0,0.05817031860351558,50,1007.0,370.0,216.0,1.0
604,AMPDeviceDiscoveryAgent,0.0,0.0570297241210937,0.0,0.051746368408203104,50,1007.0,370.0,216.0,1.0
543,distnoted,0.0,0.0518798828125,0.028000000000000004,0.05070495605468747,50,1007.0,370.0,216.0,1.0
544,cfprefsd,0.0,0.0583648681640625,0.066,0.05707931518554685,50,1007.0,370.0,216.0,1.0
549,UserEventAgent,0.0,0.1123428344726562,0.013999999999999999,0.10488891601562496,50,1007.0,370.0,216.0,1.0
553,WindowManager,0.0,0.231170654296875,0.11200000000000002,0.24517440795898435,50,1007.0,370.0,216.0,1.0
557,universalaccessd,0.0,0.0810623168945312,0.006000000000000001,0.09207916259765624,50,1007.0,370.0,216.0,1.0
559,Dock,0.0,0.2202987670898437,0.076,0.20318603515624997,50,1007.0,370.0,216.0,1.0
560,ControlCenter,0.5,0.4564285278320312,0.5379999999999999,0.41684722900390625,50,1007.0,370.0,216.0,1.0
561,pboard,0.0,0.0917434692382812,0.002,0.09132385253906246,50,1007.0,370.0,216.0,1.0
562,SystemUIServer,0.0,0.1371383666992187,0.006,0.13476562499999997,50,1007.0,370.0,216.0,1.0
564,Finder,0.0,0.5044937133789062,0.07400000000000001,0.4227867126464844,50,1007.0,370.0,216.0,1.0
567,lsd,0.0,0.1220703125,0.012,0.11196517944335933,50,1007.0,370.0,216.0,1.0
568,AXVisualSupportAgent,0.0,0.17242431640625,0.6920000000000001,0.16974639892578122,50,1007.0,370.0,216.0,1.0
575,rapportd,0.0,0.1354217529296875,0.002,0.1259346008300781,50,1007.0,370.0,216.0,1.0
578,secd,0.0,0.1703262329101562,0.006000000000000001,0.15089416503906247,50,1007.0,370.0,216.0,1.0
580,trustd,0.0,0.1195907592773437,0.04,0.11620330810546871,50,1007.0,370.0,216.0,1.0
583,WallpaperAgent,0.0,0.1760482788085937,0.004,0.1629066467285156,50,1007.0,370.0,216.0,1.0
587,com.apple.hiservices-xpcservice,0.0,0.0356674194335937,0.01,0.03719711303710933,50,1007.0,370.0,216.0,1.0
589,sharedfilelistd,0.0,0.102996826171875,0.0,0.08721542358398436,50,1007.0,370.0,216.0,1.0
590,containermanagerd,0.0,0.0459671020507812,0.012,0.04875946044921871,50,1007.0,370.0,216.0,1.0
591,usernotificationsd,0.0,0.1047134399414062,0.008,0.09786605834960933,50,1007.0,370.0,216.0,1.0
596,callservicesd,0.0,0.2088546752929687,0.006000000000000001,0.17979049682617185,50,1007.0,370.0,216.0,1.0
600,fontd,0.0,0.0993728637695312,0.002,0.06991577148437499,50,1007.0,370.0,216.0,1.0
602,fileproviderd,0.2,0.1495361328125,0.21200000000000002,0.1446113586425781,50,1007.0,370.0,216.0,1.0
605,ContinuityCaptureAgent,0.0,0.0761032104492187,0.0,0.0761032104492187,50,1007.0,370.0,216.0,1.0
707,WiFiAgent,0.0,0.1920700073242187,0.114,0.16522979736328122,50,1007.0,370.0,216.0,1.0
376,loginwindow,0.0,0.2935409545898437,0.008,0.24020385742187497,50,1007.0,370.0,216.0,1.0
713,Spotlight,0.0,0.3164291381835937,0.05,0.27865600585937494,50,1007.0,370.0,216.0,1.0
930,com.apple.WebKit.WebContent,0.0,0.330352783203125,0.2837142857142857,0.5284216744559151,350,1007.0,370.0,216.0,1.0
931,com.apple.WebKit.WebContent,0.0,0.6044387817382812,0.2837142857142857,0.5284216744559151,350,1007.0,370.0,216.0,1.0
932,com.apple.WebKit.WebContent,0.1,1.3330459594726562,0.2837142857142857,0.5284216744559151,350,1007.0,370.0,216.0,1.0
957,Google Chrome,0.1,2.440643310546875,1.324,2.2691001892089844,50,1007.0,370.0,216.0,1.0
960,chrome_crashpad_handler,0.0,0.0188827514648437,0.0,0.019365310668945288,100,1007.0,370.0,216.0,1.0
961,voicebankingd,0.0,0.0722885131835937,0.0,0.07259750366210932,50,1007.0,370.0,216.0,1.0
963,Google Chrome Helper,1.1,0.859832763671875,0.6,0.42389755249023436,250,1007.0,370.0,216.0,1.0
964,Google Chrome Helper,0.0,0.7078170776367188,0.6,0.42389755249023436,250,1007.0,370.0,216.0,1.0
966,Google Chrome Helper,0.0,0.2206802368164062,0.6,0.42389755249023436,250,1007.0,370.0,216.0,1.0
709,nsurlsessiond,0.0,0.1298904418945312,0.032,0.1256752014160156,50,1007.0,370.0,216.0,1.0
1052,spotlightknowledged,0.0,0.0352859497070312,0.0,0.04377672749180943,62,1007.0,370.0,216.0,1.0
1191,storeaccountd,0.0,0.0658035278320312,0.0,0.06579971313476557,50,1007.0,370.0,216.0,1.0
1474,IMAutomaticHistoryDeletionAgent,0.0,0.0919342041015625,0.0,0.08300018310546874,50,1007.0,370.0,216.0,1.0
1718,ServiceExtension,0.0,0.142669677734375,0.0,0.142669677734375,50,1007.0,370.0,216.0,1.0
2095,com.apple.WebKit.WebContent,0.0,0.3114700317382812,0.2837142857142857,0.5284216744559151,350,1007.0,370.0,216.0,1.0
2096,com.apple.WebKit.WebContent,0.0,0.640106201171875,0.2837142857142857,0.5284216744559151,350,1007.0,370.0,216.0,1.0
2641,Google Chrome Helper (Renderer),0.0,0.6361007690429688,0.647816091954023,1.1122661897505837,435,1007.0,370.0,216.0,1.0
2672,Google Chrome Helper (Renderer),4.5,3.808021545410156,0.647816091954023,1.1122661897505837,435,1007.0,370.0,216.0,1.0
2826,Code,0.2,1.4608383178710938,1.3619999999999999,1.3807182312011719,50,1007.0,370.0,216.0,1.0
2832,chrome_crashpad_handler,0.0,0.0194549560546875,0.0,0.019365310668945288,100,1007.0,370.0,216.0,1.0
2833,Code Helper,0.0,0.5872726440429688,0.32371428571428573,0.48915318080357145,350,1007.0,370.0,216.0,1.0
2834,Code Helper,0.0,0.3721237182617187,0.32371428571428573,0.48915318080357145,350,1007.0,370.0,216.0,1.0
2835,Code Helper (Renderer),0.1,3.9306640625,3.5780000000000003,3.886066436767578,50,1007.0,370.0,216.0,1.0
926,peopled,0.0,0.086212158203125,0.0,0.08623886108398438,50,1007.0,370.0,216.0,1.0
921,Spotify Helper,0.0,0.104522705078125,0.015600000000000001,0.14564056396484373,250,1007.0,370.0,216.0,1.0
1015,Google Chrome Helper,0.0,0.1676559448242187,0.6,0.42389755249023436,250,1007.0,370.0,216.0,1.0
918,com.apple.WebKit.GPU,0.0,0.157928466796875,0.102,0.09322547912597655,100,1007.0,370.0,216.0,1.0
919,com.apple.WebKit.Networking,0.0,0.2349853515625,0.4,0.16855621337890622,100,1007.0,370.0,216.0,1.0
716,PAH_Extension,0.0,0.0974655151367187,0.014000000000000002,0.11199188232421874,50,1007.0,370.0,216.0,1.0
717,OneDrive,0.0,0.4171371459960937,0.032,0.36077880859375,50,1007.0,370.0,216.0,1.0
718,corespotlightd,0.0,0.1482009887695312,0.012,0.15357208251953122,50,1007.0,370.0,216.0,1.0
722,duetexpertd,0.0,0.2271652221679687,0.09,0.26060485839843744,50,1007.0,370.0,216.0,1.0
730,Spotify,0.2,1.235198974609375,0.5479999999999999,1.0496597290039062,50,1007.0,370.0,216.0,1.0
733,homed,0.0,0.1438140869140625,0.0,0.1302070617675781,50,1007.0,370.0,216.0,1.0
734,mediaremoteagent,0.0,0.0232696533203125,0.0,0.0232696533203125,50,1007.0,370.0,216.0,1.0
740,Spotify Helper,0.0,0.0452041625976562,0.015600000000000001,0.14564056396484373,250,1007.0,370.0,216.0,1.0
741,avconferenced,0.0,0.067901611328125,0.0,0.06789779663085938,50,1007.0,370.0,216.0,1.0
747,Spotify Helper,0.0,0.2086639404296875,0.015600000000000001,0.14564056396484373,250,1007.0,370.0,216.0,1.0
748,Spotify Helper,0.3,0.3337860107421875,0.015600000000000001,0.14564056396484373,250,1007.0,370.0,216.0,1.0
714,CursorUIViewService,0.0,0.1375198364257812,0.07400000000000001,0.15747833251953122,50,1007.0,370.0,216.0,1.0
755,Grammarly Desktop,0.2,0.748443603515625,0.524,0.7150344848632812,50,1007.0,370.0,216.0,1.0
768,Spotify Helper (Renderer),0.0,0.5674362182617188,0.044000000000000004,0.4534873962402344,50,1007.0,370.0,216.0,1.0
772,com.apple.WebKit.GPU,0.0,0.0507354736328125,0.102,0.09322547912597655,100,1007.0,370.0,216.0,1.0
774,com.apple.WebKit.WebContent,0.0,0.0186920166015625,0.2837142857142857,0.5284216744559151,350,1007.0,370.0,216.0,1.0
776,com.apple.WebKit.Networking,0.0,0.1298904418945312,0.4,0.16855621337890622,100,1007.0,370.0,216.0,1.0
792,commerce,0.0,0.0902175903320312,0.0,0.08901596069335932,50,1007.0,370.0,216.0,1.0
857,Grammarly Desktop Update Service,0.0,0.1270294189453125,0.006000000000000001,0.11079406738281246,50,1007.0,370.0,216.0,1.0
873,mdbulkimport,0.0,0.0713348388671875,0.0,0.07133102416992188,50,1007.0,370.0,216.0,1.0
898,OneDrive Sync Service,0.0,0.2393722534179687,0.004,0.21224594116210935,50,1007.0,370.0,216.0,1.0
913,app_inkwell,0.0,0.3047943115234375,0.94,0.29593276977539057,50,1007.0,370.0,216.0,1.0
916,com.apple.WebKit.WebContent,0.0,1.9327163696289065,0.2837142857142857,0.5284216744559151,350,1007.0,370.0,216.0,1.0
752,Spotify Helper,0.0,0.1169204711914062,0.015600000000000001,0.14564056396484373,250,1007.0,370.0,216.0,1.0
9101,bird,0.0,0.1279830932617187,0.04800000000000001,0.12118530273437494,50,1007.0,378.0,224.0,1.0
9095,calaccessd,0.0,0.1592636108398437,0.002,0.15127944946289057,50,1007.0,378.0,224.0,1.0
9088,contactsd,0.0,0.1092910766601562,0.008,0.09849548339843746,50,1007.0,378.0,224.0,1.0
9086,knowledge-agent,0.0,0.1394271850585937,0.004,0.13211822509765622,50,1007.0,378.0,224.0,1.0
9032,secinitd,0.0,0.0652313232421875,0.0,0.06522750854492188,50,1007.0,378.0,224.0,1.0
9053,cloudd,0.0,0.205230712890625,0.016,0.2035255432128906,50,1007.0,378.0,224.0,1.0
9049,tccd,0.0,0.1096725463867187,0.0,0.10362243652343744,50,1007.0,378.0,224.0,1.0
9040,triald,0.0,0.13580322265625,0.0,0.12915039062499997,50,1007.0,378.0,224.0,1.0
9134,ScreenTimeAgent,0.0,0.1125335693359375,0.0,0.10361862182617183,50,1007.0,378.0,224.0,1.0
9069,searchpartyuseragent,0.0,0.1434326171875,0.002,0.13115692138671872,50,1007.0,378.0,224.0,1.0
9138,siriactionsd,0.0,0.1598358154296875,0.004,0.14521408081054685,50,1007.0,378.0,224.0,1.0
9572,proactived,0.0,0.1214981079101562,0.02,0.1299476623535156,50,1007.0,378.0,224.0,1.0
9223,mapssyncd,0.0,0.0917434692382812,0.0,0.09173965454101557,50,1007.0,378.0,224.0,1.0
9271,mdwrite,0.0,0.0329971313476562,0.0,0.032993316650390576,50,1007.0,378.0,224.0,1.0
9272,mbuseragent,0.0,0.0368118286132812,0.0,0.036808013916015576,50,1007.0,378.0,224.0,1.0
9556,syncdefaultsd,0.0,0.12359619140625,0.006000000000000001,0.11057662963867186,50,1007.0,378.0,224.0,1.0
9575,akd,0.0,0.2222061157226562,0.002,0.2174873352050781,50,1007.0,378.0,224.0,1.0
9577,CloudTelemetryService,0.0,0.07781982421875,0.0,0.06444135050135331,127,1007.0,378.0,224.0,1.0
9649,suggestd,0.0,0.1529693603515625,0.002,0.15771484374999997,50,1007.0,378.0,224.0,1.0
9681,AppleSpell,0.0,0.1420974731445312,0.0,0.13717651367187494,50,1007.0,378.0,224.0,1.0
9682,keyboardservicesd,0.0,0.0919342041015625,0.0,0.0876617431640625,50,1007.0,378.0,224.0,1.0
9742,promotedcontentd,0.0,0.1224517822265625,0.002,0.11449813842773438,50,1007.0,378.0,224.0,1.0
9205,IntelligencePlatformComputeService,0.0,0.0879287719726562,0.0,0.0879287719726562,50,1007.0,378.0,224.0,1.0
9000,PowerChime,0.0,0.1359939575195312,0.008,0.14000701904296872,50,1007.0,378.0,224.0,1.0
3033,Code Helper,0.0,0.4232406616210937,0.32371428571428573,0.48915318080357145,350,1007.0,378.0,224.0,1.0
8410,routined,0.0,0.2061843872070312,0.034,0.19092559814453122,50,1007.0,378.0,224.0,1.0
9754,ctkd,0.0,0.0896453857421875,0.0,0.08569717407226562,50,1007.0,378.0,224.0,1.0
3034,Code Helper (Plugin),0.1,1.4230728149414062,0.041,0.5363956451416015,500,1007.0,378.0,224.0,1.0
3045,Code Helper (Plugin),0.0,0.2735137939453125,0.041,0.5363956451416015,500,1007.0,378.0,224.0,1.0
3063,zsh,0.0,0.0047683715820312,0.0,0.009178644112447462,253,1007.0,378.0,224.0,1.0
4030,pet,0.0,0.0217437744140625,0.02,0.02233123779296875,50,1007.0,378.0,224.0,1.0
4037,zsh,0.0,0.0043869018554687,0.0,0.009178644112447462,253,1007.0,378.0,224.0,1.0
4143,Code Helper (Plugin),0.0,0.2115249633789062,0.041,0.5363956451416015,500,1007.0,378.0,224.0,1.0
4194,Code Helper (Plugin),0.0,0.8966445922851562,0.041,0.5363956451416015,500,1007.0,378.0,224.0,1.0
5379,Code Helper (Plugin),0.0,0.2336502075195312,0.041,0.5363956451416015,500,1007.0,378.0,224.0,1.0
5384,zsh,0.0,0.0043869018554687,0.0,0.009178644112447462,253,1007.0,378.0,224.0,1.0
5761,zsh,0.0,0.0131607055664062,0.0,0.009178644112447462,253,1007.0,378.0,224.0,1.0
8666,Google Chrome Helper (Renderer),0.0,0.3141403198242187,0.647816091954023,1.1122661897505837,435,1007.0,378.0,224.0,1.0
6986,accountsd,0.0,0.199127197265625,0.0,0.1851234436035156,50,1007.0,378.0,224.0,1.0
8324,Google Chrome Helper (Renderer),0.0,0.2368927001953125,0.647816091954023,1.1122661897505837,435,1007.0,378.0,224.0,1.0
8325,Google Chrome Helper (Renderer),0.0,0.3316879272460937,0.647816091954023,1.1122661897505837,435,1007.0,378.0,224.0,1.0
8326,chronod,0.0,0.1619338989257812,0.01,0.15725708007812497,50,1007.0,378.0,224.0,1.0
8328,Google Chrome Helper (Renderer),0.0,0.4480361938476562,0.647816091954023,1.1122661897505837,435,1007.0,378.0,224.0,1.0
8335,WorldClockWidget,0.0,0.2202987670898437,0.0,0.22029876708984367,50,1007.0,378.0,224.0,1.0
8336,CalendarWidgetExtension,0.0,0.1031875610351562,0.0,0.1031875610351562,50,1007.0,378.0,224.0,1.0
8337,WeatherWidget,0.0,0.36163330078125,0.0,0.3655509948730469,50,1007.0,378.0,224.0,1.0
8339,StocksWidget,0.0,0.3248214721679687,0.0,0.3267478942871093,50,1007.0,378.0,224.0,1.0
8340,ScreenTimeWidgetExtension,0.0,0.3332138061523437,0.0,0.3311538696289062,50,1007.0,378.0,224.0,1.0
8351,Google Chrome Helper,0.0,0.1909255981445312,0.6,0.42389755249023436,250,1007.0,378.0,224.0,1.0
8396,audioaccessoryd,0.0,0.11749267578125,0.0,0.10800170898437496,50,1007.0,378.0,224.0,1.0
8323,Google Chrome Helper (Renderer),0.0,0.5681991577148438,0.647816091954023,1.1122661897505837,435,1007.0,378.0,224.0,1.0
9762,coreauthd,0.0,0.0978469848632812,0.0,0.09390640258789058,50,1007.0,378.0,224.0,1.0
10209,Code Helper (Plugin),0.0,0.4985809326171875,0.041,0.5363956451416015,500,1007.0,378.0,224.0,1.0
9845,intelligentroutingd,0.0,0.0883102416992187,0.0,0.0883407592773437,50,1007.0,378.0,224.0,1.0
10481,Google Chrome Helper (Renderer),0.0,1.0101318359375,0.647816091954023,1.1122661897505837,435,1007.0,378.0,224.0,1.0
10490,talagentd,0.0,0.1401901245117187,0.002,0.14520263671874997,50,1007.0,378.0,224.0,1.0
10558,pbs,0.0,0.031280517578125,0.002,0.031276702880859375,50,1007.0,378.0,224.0,1.0
11204,MTLCompilerService,0.0,0.0333786010742187,0.0,0.03340148925781246,50,1007.0,378.0,224.0,1.0
11684,mlhostd,0.0,0.1436233520507812,0.0,0.14452743530273432,50,1007.0,378.0,224.0,1.0
12774,businessservicesd,0.0,0.0812530517578125,0.0,0.081024169921875,50,1007.0,378.0,224.0,1.0
12775,MessagesBlastDoorService,0.0,0.0579833984375,0.0,0.05239105224609375,50,1007.0,378.0,224.0,1.0
12776,feedbackd,0.0,0.0789642333984375,0.0,0.078704833984375,50,1007.0,378.0,224.0,1.0
12777,ProtectedCloudKeySyncing,0.0,0.0873565673828125,0.0,0.09304428100585938,50,1007.0,378.0,224.0,1.0
12779,gamecontrolleragentd,0.0,0.0598907470703125,0.002,0.060253143310546854,50,1007.0,378.0,224.0,1.0
12806,python3.12,0.7,0.1836776733398437,0.46153846153846156,0.1703031770475618,91,1007.0,378.0,224.0,1.0
12815,zsh,0.0,0.0156402587890625,0.0,0.009178644112447462,253,1007.0,378.0,224.0,1.0
12959,ndoagent,0.0,0.0753402709960937,0.0,0.0754165649414062,50,1007.0,378.0,224.0,1.0
12963,replayd,0.0,0.2178192138671875,0.0,0.21639064866669325,49,1007.0,378.0,224.0,1.0
13000,python3.12,0.0,0.1714706420898437,0.46153846153846156,0.1703031770475618,91,1007.0,378.0,224.0,1.0
13025,com.apple.siri.embeddedspeech,0.0,0.1462936401367187,0.03142857142857143,0.17331804547991067,35,1007.0,378.0,224.0,1.0
13036,CommCenter,0.0,0.2782821655273437,0.006000000000000001,0.23591232299804685,50,1007.0,378.0,224.0,1.0
13037,CoreLocationAgent,0.0,0.505828857421875,0.00425531914893617,0.4036964254176363,47,1007.0,378.0,224.0,1.0
13043,Keychain Circle Notification,0.0,0.1949310302734375,0.044000000000000004,0.18328857421874997,50,1007.0,378.0,224.0,1.0
13070,Google Chrome Helper (Renderer),0.0,1.525115966796875,0.647816091954023,1.1122661897505837,435,1007.0,378.0,224.0,1.0
13073,Google Chrome Helper (Renderer),0.0,2.0801544189453125,0.647816091954023,1.1122661897505837,435,1007.0,378.0,224.0,1.0
13074,mdworker_shared,0.0,0.3215789794921875,0.02153846153846154,0.19098232953976357,195,1007.0,378.0,224.0,1.0
2913,Code Helper,0.7,0.616455078125,0.32371428571428573,0.48915318080357145,350,1007.0,378.0,224.0,1.0
10215,Code Helper (Plugin),0.0,0.457763671875,0.041,0.5363956451416015,500,1007.0,378.0,224.0,1.0
10213,Code Helper (Plugin),0.0,0.4980087280273437,0.041,0.5363956451416015,500,1007.0,378.0,224.0,1.0
10212,Code Helper (Plugin),0.0,0.4970550537109375,0.041,0.5363956451416015,500,1007.0,378.0,224.0,1.0
10211,Code Helper (Plugin),0.0,0.4604339599609375,0.041,0.5363956451416015,500,1007.0,378.0,224.0,1.0
9847,UIKitSystem,0.0,0.1695632934570312,0.002,0.17118835449218742,50,1007.0,378.0,224.0,1.0
9879,Siri,0.0,0.1216888427734375,0.016,0.1504554748535156,50,1007.0,378.0,224.0,1.0
9888,SiriNCService,0.0,0.130462646484375,0.008,0.15225982666015622,50,1007.0,378.0,224.0,1.0
9891,AssetCacheLocatorService,0.0,0.0406265258789062,0.0,0.04087829589843746,50,1007.0,378.0,224.0,1.0
9901,pkd,0.0,0.106048583984375,0.002,0.10622024536132811,50,1007.0,378.0,224.0,1.0
9909,com.apple.geod,0.0,0.0986099243164062,0.004,0.09388351440429683,50,1007.0,378.0,224.0,1.0
9946,extensionkitservice,0.0,0.080108642578125,0.0,0.08034324645996094,100,1007.0,378.0,224.0,1.0
9947,networkserviceproxy,0.0,0.1688003540039062,0.0,0.1554603576660156,50,1007.0,378.0,224.0,1.0
9963,swtransparencyd,0.0,0.0890731811523437,0.0,0.08174896240234374,50,1007.0,378.0,224.0,1.0
9964,CloudTelemetryService,0.0,0.0780105590820312,0.0,0.06444135050135331,127,1007.0,378.0,224.0,1.0
9982,contentlinkingd,0.0,0.0841140747070312,0.0,0.08146667480468746,50,1007.0,378.0,224.0,1.0
9829,transparencyd,0.0,0.22430419921875,0.018000000000000002,0.21265792846679685,50,1007.0,378.0,224.0,1.0
10001,AppPredictionIntentsHelperService,0.0,0.1634597778320312,0.0,0.16557312011718747,50,1007.0,378.0,224.0,1.0
10010,AudioComponentRegistrar,0.0,0.0547409057617187,0.004,0.04845809936523434,50,1007.0,378.0,224.0,1.0
10015,linkd,0.0,0.0791549682617187,0.0,0.07984924316406244,50,1007.0,378.0,224.0,1.0
10115,iconservicesagent,0.0,0.0902175903320312,0.0,0.0902175903320312,50,1007.0,378.0,224.0,1.0
10121,com.apple.Safari.SafeBrowsing.Service,0.0,0.0743865966796875,0.0,0.07349395751953124,50,1007.0,378.0,224.0,1.0
10122,SAExtensionOrchestrator,0.0,0.1125335693359375,0.0,0.1125335693359375,50,1007.0,378.0,224.0,1.0
10123,extensionkitservice,0.0,0.0789642333984375,0.0,0.08034324645996094,100,1007.0,378.0,224.0,1.0
10124,GMSSELFIngestor,0.0,0.0974655151367187,0.0,0.0974655151367187,50,1007.0,378.0,224.0,1.0
10125,IFTranscriptSELFIngestor,0.0,0.086212158203125,0.0,0.086212158203125,50,1007.0,378.0,224.0,1.0
10126,IFTelemetrySELFIngestor,0.0,0.0825881958007812,0.0,0.0825881958007812,50,1007.0,378.0,224.0,1.0
10127,BiomeSELFIngestor,0.0,0.0879287719726562,0.0,0.0879287719726562,50,1007.0,378.0,224.0,1.0
10204,CoreServicesUIAgent,0.0,0.1764297485351562,0.004,0.19499969482421872,50,1007.0,378.0,224.0,1.0
10009,com.apple.accessibility.mediaaccessibilityd,0.0,0.0261306762695312,0.0,0.0261306762695312,50,1007.0,378.0,224.0,1.0
2880,Code Helper,0.0,0.1600265502929687,0.32371428571428573,0.48915318080357145,350,1007.0,378.0,224.0,1.0
376,loginwindow,0.0,0.2935409545898437,0.008,0.24020385742187497,50,1007.0,378.0,224.0,1.0
2852,Code Helper,0.0,0.733184814453125,0.32371428571428573,0.48915318080357145,350,1007.0,378.0,224.0,1.0
609,identityservicesd,0.0,0.2162933349609375,0.012,0.20082092285156247,50,1007.0,378.0,224.0,1.0
615,corespeechd,0.0,0.2237319946289062,0.09799999999999999,0.18834686279296872,50,1007.0,378.0,224.0,1.0
616,assistantd,0.0,0.2946853637695312,0.004,0.23475265502929685,50,1007.0,378.0,224.0,1.0
623,WallpaperImageExtension,0.0,0.0879287719726562,0.0,0.07489013671874994,50,1007.0,378.0,224.0,1.0
639,sharingd,0.0,0.145721435546875,0.002,0.14010620117187497,50,1007.0,378.0,224.0,1.0
641,usernoted,0.0,0.177764892578125,0.02,0.15933227539062497,50,1007.0,378.0,224.0,1.0
642,neagent,0.0,0.1068115234375,0.0,0.1076812744140625,50,1007.0,378.0,224.0,1.0
643,useractivityd,0.0,0.084686279296875,0.008,0.08467864990234374,50,1007.0,378.0,224.0,1.0
644,com.apple.dock.extra,0.0,0.19683837890625,0.048,0.17804336547851562,50,1007.0,378.0,224.0,1.0
646,NotificationCenter,0.0,0.275421142578125,0.024000000000000004,0.24862670898437497,50,1007.0,378.0,224.0,1.0
649,milod,0.0,0.0820159912109375,0.0,0.08232498168945312,50,1007.0,378.0,224.0,1.0
650,familycircled,0.0,0.0677108764648437,0.0,0.06789016723632807,50,1007.0,378.0,224.0,1.0
651,StatusKitAgent,0.0,0.0787734985351562,0.0,0.07876968383789057,50,1007.0,378.0,224.0,1.0
666,ContextStoreAgent,0.0,0.1529693603515625,0.11199999999999999,0.1729774475097656,50,1007.0,378.0,224.0,1.0
668,BiomeAgent,0.0,0.1071929931640625,0.126,0.1340827941894531,50,1007.0,378.0,224.0,1.0
670,imklaunchagent,0.0,0.0619888305664062,0.0,0.06198501586914058,50,1007.0,378.0,224.0,1.0
673,icdd,0.0,0.0349044799804687,0.0,0.034900665283203076,50,1007.0,378.0,224.0,1.0
680,AirPlayUIAgent,0.0,0.0823974609375,0.004,0.09934997558593746,50,1007.0,378.0,224.0,1.0
683,imagent,0.0,0.1508712768554687,0.008,0.13217163085937497,50,1007.0,378.0,224.0,1.0
685,diagnostics_agent,0.0,0.0989913940429687,0.002,0.09417724609374996,50,1007.0,378.0,224.0,1.0
686,TextInputMenuAgent,0.0,0.1596450805664062,0.008,0.16139221191406247,50,1007.0,378.0,224.0,1.0
688,Grammarly Desktop Helper,0.0,0.1157760620117187,0.002,0.10088729858398436,50,1007.0,378.0,224.0,1.0
699,com.apple.CloudDocs.iCloudDriveFileProvider,0.0,0.1056671142578125,0.008,0.09911346435546875,50,1007.0,378.0,224.0,1.0
608,ViewBridgeAuxiliary,0.0,0.077056884765625,0.014000000000000002,0.08618545532226561,50,1007.0,378.0,224.0,1.0
704,ctkahp,0.0,0.037384033203125,0.0,0.037380218505859375,50,1007.0,378.0,224.0,1.0
605,ContinuityCaptureAgent,0.0,0.0761032104492187,0.0,0.0761032104492187,50,1007.0,378.0,224.0,1.0
602,fileproviderd,0.2,0.1495361328125,0.21200000000000002,0.1446113586425781,50,1007.0,378.0,224.0,1.0
2878,Code Helper,0.0,0.39825439453125,0.32371428571428573,0.48915318080357145,350,1007.0,378.0,224.0,1.0
543,distnoted,0.0,0.0518798828125,0.028000000000000004,0.05070495605468747,50,1007.0,378.0,224.0,1.0
544,cfprefsd,0.0,0.0583648681640625,0.066,0.05707931518554685,50,1007.0,378.0,224.0,1.0
549,UserEventAgent,0.0,0.1123428344726562,0.013999999999999999,0.10488891601562496,50,1007.0,378.0,224.0,1.0
553,WindowManager,0.0,0.231170654296875,0.11200000000000002,0.24517440795898435,50,1007.0,378.0,224.0,1.0
557,universalaccessd,0.0,0.0810623168945312,0.006000000000000001,0.09207916259765624,50,1007.0,378.0,224.0,1.0
559,Dock,0.0,0.2202987670898437,0.076,0.20318603515624997,50,1007.0,378.0,224.0,1.0
560,ControlCenter,0.4,0.4547119140625,0.5379999999999999,0.41684722900390625,50,1007.0,378.0,224.0,1.0
561,pboard,0.0,0.0917434692382812,0.002,0.09132385253906246,50,1007.0,378.0,224.0,1.0
562,SystemUIServer,0.0,0.1371383666992187,0.006,0.13476562499999997,50,1007.0,378.0,224.0,1.0
564,Finder,0.1,0.4947662353515625,0.07400000000000001,0.4227867126464844,50,1007.0,378.0,224.0,1.0
567,lsd,0.0,0.1222610473632812,0.012,0.11196517944335933,50,1007.0,378.0,224.0,1.0
568,AXVisualSupportAgent,0.0,0.16937255859375,0.6920000000000001,0.16974639892578122,50,1007.0,378.0,224.0,1.0
575,rapportd,0.0,0.1354217529296875,0.002,0.1259346008300781,50,1007.0,378.0,224.0,1.0
578,secd,0.0,0.1703262329101562,0.006000000000000001,0.15089416503906247,50,1007.0,378.0,224.0,1.0
580,trustd,0.0,0.1195907592773437,0.04,0.11620330810546871,50,1007.0,378.0,224.0,1.0
583,WallpaperAgent,0.0,0.1760482788085937,0.004,0.1629066467285156,50,1007.0,378.0,224.0,1.0
587,com.apple.hiservices-xpcservice,0.0,0.0356674194335937,0.01,0.03719711303710933,50,1007.0,378.0,224.0,1.0
589,sharedfilelistd,0.0,0.102996826171875,0.0,0.08721542358398436,50,1007.0,378.0,224.0,1.0
590,containermanagerd,0.0,0.0459671020507812,0.012,0.04875946044921871,50,1007.0,378.0,224.0,1.0
591,usernotificationsd,0.0,0.1047134399414062,0.008,0.09786605834960933,50,1007.0,378.0,224.0,1.0
596,callservicesd,0.0,0.2088546752929687,0.006000000000000001,0.17979049682617185,50,1007.0,378.0,224.0,1.0
600,fontd,0.0,0.0993728637695312,0.002,0.06991577148437499,50,1007.0,378.0,224.0,1.0
604,AMPDeviceDiscoveryAgent,0.0,0.0570297241210937,0.0,0.051746368408203104,50,1007.0,378.0,224.0,1.0
707,WiFiAgent,0.0,0.191497802734375,0.114,0.16522979736328122,50,1007.0,378.0,224.0,1.0
606,fontworker,0.0,0.0581741333007812,0.0,0.05817031860351558,50,1007.0,378.0,224.0,1.0
713,Spotlight,0.0,0.3072738647460937,0.05,0.27865600585937494,50,1007.0,378.0,224.0,1.0
926,peopled,0.0,0.086212158203125,0.0,0.08623886108398438,50,1007.0,378.0,224.0,1.0
930,com.apple.WebKit.WebContent,0.0,0.3290176391601562,0.2837142857142857,0.5284216744559151,350,1007.0,378.0,224.0,1.0
931,com.apple.WebKit.WebContent,0.0,0.6032943725585938,0.2837142857142857,0.5284216744559151,350,1007.0,378.0,224.0,1.0
932,com.apple.WebKit.WebContent,0.1,1.3196945190429688,0.2837142857142857,0.5284216744559151,350,1007.0,378.0,224.0,1.0
957,Google Chrome,0.2,2.4570465087890625,1.324,2.2691001892089844,50,1007.0,378.0,224.0,1.0
960,chrome_crashpad_handler,0.0,0.0188827514648437,0.0,0.019365310668945288,100,1007.0,378.0,224.0,1.0
961,voicebankingd,0.0,0.0722885131835937,0.0,0.07259750366210932,50,1007.0,378.0,224.0,1.0
963,Google Chrome Helper,1.2,0.8584976196289062,0.6,0.42389755249023436,250,1007.0,378.0,224.0,1.0
964,Google Chrome Helper,0.0,0.7091522216796875,0.6,0.42389755249023436,250,1007.0,378.0,224.0,1.0
966,Google Chrome Helper,0.0,0.2206802368164062,0.6,0.42389755249023436,250,1007.0,378.0,224.0,1.0
1052,spotlightknowledged,0.0,0.0352859497070312,0.0,0.04377672749180943,62,1007.0,378.0,224.0,1.0
921,Spotify Helper,0.0,0.104522705078125,0.015600000000000001,0.14564056396484373,250,1007.0,378.0,224.0,1.0
1191,storeaccountd,0.0,0.0658035278320312,0.0,0.06579971313476557,50,1007.0,378.0,224.0,1.0
1718,ServiceExtension,0.0,0.142669677734375,0.0,0.142669677734375,50,1007.0,378.0,224.0,1.0
2095,com.apple.WebKit.WebContent,0.0,0.3107070922851562,0.2837142857142857,0.5284216744559151,350,1007.0,378.0,224.0,1.0
2096,com.apple.WebKit.WebContent,0.0,0.6395339965820312,0.2837142857142857,0.5284216744559151,350,1007.0,378.0,224.0,1.0
2641,Google Chrome Helper (Renderer),0.0,0.6361007690429688,0.647816091954023,1.1122661897505837,435,1007.0,378.0,224.0,1.0
2672,Google Chrome Helper (Renderer),4.8,3.8137435913085938,0.647816091954023,1.1122661897505837,435,1007.0,378.0,224.0,1.0
2826,Code,0.0,1.458740234375,1.3619999999999999,1.3807182312011719,50,1007.0,378.0,224.0,1.0
2832,chrome_crashpad_handler,0.0,0.0194549560546875,0.0,0.019365310668945288,100,1007.0,378.0,224.0,1.0
2833,Code Helper,0.0,0.5872726440429688,0.32371428571428573,0.48915318080357145,350,1007.0,378.0,224.0,1.0
2834,Code Helper,0.1,0.3721237182617187,0.32371428571428573,0.48915318080357145,350,1007.0,378.0,224.0,1.0
709,nsurlsessiond,0.0,0.1298904418945312,0.032,0.1256752014160156,50,1007.0,378.0,224.0,1.0
2835,Code Helper (Renderer),0.0,3.720855712890625,3.5780000000000003,3.886066436767578,50,1007.0,378.0,224.0,1.0
1474,IMAutomaticHistoryDeletionAgent,0.0,0.0919342041015625,0.0,0.08300018310546874,50,1007.0,378.0,224.0,1.0
919,com.apple.WebKit.Networking,0.0,0.231170654296875,0.4,0.16855621337890622,100,1007.0,378.0,224.0,1.0
1015,Google Chrome Helper,0.0,0.1676559448242187,0.6,0.42389755249023436,250,1007.0,378.0,224.0,1.0
918,com.apple.WebKit.GPU,0.0,0.157928466796875,0.102,0.09322547912597655,100,1007.0,378.0,224.0,1.0
714,CursorUIViewService,0.0,0.1361846923828125,0.07400000000000001,0.15747833251953122,50,1007.0,378.0,224.0,1.0
717,OneDrive,0.0,0.4133224487304687,0.032,0.36077880859375,50,1007.0,378.0,224.0,1.0
718,corespotlightd,0.0,0.1482009887695312,0.012,0.15357208251953122,50,1007.0,378.0,224.0,1.0
722,duetexpertd,0.0,0.2271652221679687,0.09,0.26060485839843744,50,1007.0,378.0,224.0,1.0
730,Spotify,0.3,1.2304306030273438,0.5479999999999999,1.0496597290039062,50,1007.0,378.0,224.0,1.0
733,homed,0.0,0.1438140869140625,0.0,0.1302070617675781,50,1007.0,378.0,224.0,1.0
734,mediaremoteagent,0.0,0.0232696533203125,0.0,0.0232696533203125,50,1007.0,378.0,224.0,1.0
740,Spotify Helper,0.0,0.0452041625976562,0.015600000000000001,0.14564056396484373,250,1007.0,378.0,224.0,1.0
741,avconferenced,0.0,0.067901611328125,0.0,0.06789779663085938,50,1007.0,378.0,224.0,1.0
747,Spotify Helper,0.0,0.2088546752929687,0.015600000000000001,0.14564056396484373,250,1007.0,378.0,224.0,1.0
748,Spotify Helper,0.2,0.3337860107421875,0.015600000000000001,0.14564056396484373,250,1007.0,378.0,224.0,1.0
752,Spotify Helper,0.0,0.1169204711914062,0.015600000000000001,0.14564056396484373,250,1007.0,378.0,224.0,1.0
716,PAH_Extension,0.0,0.09613037109375,0.014000000000000002,0.11199188232421874,50,1007.0,378.0,224.0,1.0
768,Spotify Helper (Renderer),0.0,0.5674362182617188,0.044000000000000004,0.4534873962402344,50,1007.0,378.0,224.0,1.0
772,com.apple.WebKit.GPU,0.0,0.0507354736328125,0.102,0.09322547912597655,100,1007.0,378.0,224.0,1.0
774,com.apple.WebKit.WebContent,0.0,0.0186920166015625,0.2837142857142857,0.5284216744559151,350,1007.0,378.0,224.0,1.0
776,com.apple.WebKit.Networking,0.0,0.1298904418945312,0.4,0.16855621337890622,100,1007.0,378.0,224.0,1.0
792,commerce,0.0,0.0902175903320312,0.0,0.08901596069335932,50,1007.0,378.0,224.0,1.0
857,Grammarly Desktop Update Service,0.0,0.1276016235351562,0.006000000000000001,0.11079406738281246,50,1007.0,378.0,224.0,1.0
873,mdbulkimport,0.0,0.0713348388671875,0.0,0.07133102416992188,50,1007.0,378.0,224.0,1.0
898,OneDrive Sync Service,0.0,0.2393722534179687,0.004,0.21224594116210935,50,1007.0,378.0,224.0,1.0
913,app_inkwell,0.0,0.304412841796875,0.94,0.29593276977539057,50,1007.0,378.0,224.0,1.0
916,com.apple.WebKit.WebContent,0.0,1.9313812255859375,0.2837142857142857,0.5284216744559151,350,1007.0,378.0,224.0,1.0
755,Grammarly Desktop,0.5,0.7455825805664062,0.524,0.7150344848632812,50,1007.0,378.0,224.0,1.0
9069,searchpartyuseragent,0.0,0.1434326171875,0.002,0.13115692138671872,50,1007.0,378.0,224.0,1.0
9271,mdwrite,0.0,0.0329971313476562,0.0,0.032993316650390576,50,1007.0,378.0,224.0,1.0
9223,mapssyncd,0.0,0.0917434692382812,0.0,0.09173965454101557,50,1007.0,378.0,224.0,1.0
9205,IntelligencePlatformComputeService,0.0,0.0879287719726562,0.0,0.0879287719726562,50,1007.0,378.0,224.0,1.0
9138,siriactionsd,0.0,0.1598358154296875,0.004,0.14521408081054685,50,1007.0,378.0,224.0,1.0
9088,contactsd,0.0,0.1092910766601562,0.008,0.09849548339843746,50,1007.0,378.0,224.0,1.0
9101,bird,0.0,0.1279830932617187,0.04800000000000001,0.12118530273437494,50,1007.0,378.0,224.0,1.0
9095,calaccessd,0.0,0.159454345703125,0.002,0.15127944946289057,50,1007.0,378.0,224.0,1.0
9272,mbuseragent,0.0,0.0368118286132812,0.0,0.036808013916015576,50,1007.0,378.0,224.0,1.0
9086,knowledge-agent,0.0,0.1394271850585937,0.004,0.13211822509765622,50,1007.0,378.0,224.0,1.0
9134,ScreenTimeAgent,0.0,0.1125335693359375,0.0,0.10361862182617183,50,1007.0,378.0,224.0,1.0
9556,syncdefaultsd,0.0,0.1232147216796875,0.006000000000000001,0.11057662963867186,50,1007.0,378.0,224.0,1.0
9682,keyboardservicesd,0.0,0.0919342041015625,0.0,0.0876617431640625,50,1007.0,378.0,224.0,1.0
9575,akd,0.0,0.2222061157226562,0.002,0.2174873352050781,50,1007.0,378.0,224.0,1.0
9577,CloudTelemetryService,0.0,0.07781982421875,0.0,0.06444135050135331,127,1007.0,378.0,224.0,1.0
9649,suggestd,0.0,0.1529693603515625,0.002,0.15771484374999997,50,1007.0,378.0,224.0,1.0
9681,AppleSpell,0.0,0.1420974731445312,0.0,0.13717651367187494,50,1007.0,378.0,224.0,1.0
9742,promotedcontentd,0.0,0.1224517822265625,0.002,0.11449813842773438,50,1007.0,378.0,224.0,1.0
9754,ctkd,0.0,0.0896453857421875,0.0,0.08569717407226562,50,1007.0,378.0,224.0,1.0
9762,coreauthd,0.0,0.0978469848632812,0.0,0.09390640258789058,50,1007.0,378.0,224.0,1.0
9829,transparencyd,0.0,0.22430419921875,0.018000000000000002,0.21265792846679685,50,1007.0,378.0,224.0,1.0
9845,intelligentroutingd,0.0,0.0883102416992187,0.0,0.0883407592773437,50,1007.0,378.0,224.0,1.0
9879,Siri,0.0,0.1216888427734375,0.016,0.1504554748535156,50,1007.0,378.0,224.0,1.0
9847,UIKitSystem,0.0,0.1695632934570312,0.002,0.17118835449218742,50,1007.0,378.0,224.0,1.0
9572,proactived,0.0,0.1214981079101562,0.02,0.1299476623535156,50,1007.0,378.0,224.0,1.0
9053,cloudd,0.0,0.205230712890625,0.016,0.2035255432128906,50,1007.0,378.0,224.0,1.0
4037,zsh,0.0,0.0043869018554687,0.0,0.009178644112447462,253,1007.0,378.0,224.0,1.0
9040,triald,0.0,0.13580322265625,0.0,0.12915039062499997,50,1007.0,378.0,224.0,1.0
9888,SiriNCService,0.0,0.1298904418945312,0.008,0.15225982666015622,50,1007.0,378.0,224.0,1.0
4030,pet,0.0,0.0217437744140625,0.02,0.02233123779296875,50,1007.0,378.0,224.0,1.0
4143,Code Helper (Plugin),0.0,0.2115249633789062,0.041,0.5363956451416015,500,1007.0,378.0,224.0,1.0
4194,Code Helper (Plugin),0.0,0.897216796875,0.041,0.5363956451416015,500,1007.0,378.0,224.0,1.0
5379,Code Helper (Plugin),0.0,0.2336502075195312,0.041,0.5363956451416015,500,1007.0,378.0,224.0,1.0
5384,zsh,0.0,0.0043869018554687,0.0,0.009178644112447462,253,1007.0,378.0,224.0,1.0
5761,zsh,0.0,0.0131607055664062,0.0,0.009178644112447462,253,1007.0,378.0,224.0,1.0
6986,accountsd,0.0,0.1977920532226562,0.0,0.1851234436035156,50,1007.0,378.0,224.0,1.0
8323,Google Chrome Helper (Renderer),0.0,0.5678176879882812,0.647816091954023,1.1122661897505837,435,1007.0,378.0,224.0,1.0
8324,Google Chrome Helper (Renderer),0.0,0.2368927001953125,0.647816091954023,1.1122661897505837,435,1007.0,378.0,224.0,1.0
8325,Google Chrome Helper (Renderer),0.0,0.3314971923828125,0.647816091954023,1.1122661897505837,435,1007.0,378.0,224.0,1.0
9049,tccd,0.0,0.1096725463867187,0.0,0.10362243652343744,50,1007.0,378.0,224.0,1.0
8326,chronod,0.0,0.1619338989257812,0.01,0.15725708007812497,50,1007.0,378.0,224.0,1.0
8335,WorldClockWidget,0.0,0.2202987670898437,0.0,0.22029876708984367,50,1007.0,378.0,224.0,1.0
8336,CalendarWidgetExtension,0.0,0.1031875610351562,0.0,0.1031875610351562,50,1007.0,378.0,224.0,1.0
8337,WeatherWidget,0.0,0.36163330078125,0.0,0.3655509948730469,50,1007.0,378.0,224.0,1.0
8339,StocksWidget,0.0,0.3248214721679687,0.0,0.3267478942871093,50,1007.0,378.0,224.0,1.0
8340,ScreenTimeWidgetExtension,0.0,0.3332138061523437,0.0,0.3311538696289062,50,1007.0,378.0,224.0,1.0
8351,Google Chrome Helper,0.0,0.1867294311523437,0.6,0.42389755249023436,250,1007.0,378.0,224.0,1.0
8396,audioaccessoryd,0.0,0.11749267578125,0.0,0.10800170898437496,50,1007.0,378.0,224.0,1.0
8410,routined,0.0,0.133514404296875,0.034,0.19092559814453122,50,1007.0,378.0,224.0,1.0
8666,Google Chrome Helper (Renderer),0.0,0.3141403198242187,0.647816091954023,1.1122661897505837,435,1007.0,378.0,224.0,1.0
9000,PowerChime,0.0,0.1354217529296875,0.008,0.14000701904296872,50,1007.0,378.0,224.0,1.0
9032,secinitd,0.0,0.0652313232421875,0.0,0.06522750854492188,50,1007.0,378.0,224.0,1.0
8328,Google Chrome Helper (Renderer),0.0,0.4476547241210937,0.647816091954023,1.1122661897505837,435,1007.0,378.0,224.0,1.0
9891,AssetCacheLocatorService,0.0,0.0406265258789062,0.0,0.04087829589843746,50,1007.0,378.0,224.0,1.0
13111,mdworker_shared,0.0,0.2437591552734375,0.02153846153846154,0.19098232953976357,195,1007.0,378.0,224.0,1.0
9909,com.apple.geod,0.0,0.0988006591796875,0.004,0.09388351440429683,50,1007.0,378.0,224.0,1.0
12775,MessagesBlastDoorService,0.0,0.0579833984375,0.0,0.05239105224609375,50,1007.0,378.0,224.0,1.0
12776,feedbackd,0.0,0.0789642333984375,0.0,0.078704833984375,50,1007.0,378.0,224.0,1.0
12777,ProtectedCloudKeySyncing,0.0,0.0873565673828125,0.0,0.09304428100585938,50,1007.0,378.0,224.0,1.0
12779,gamecontrolleragentd,0.0,0.0597000122070312,0.002,0.060253143310546854,50,1007.0,378.0,224.0,1.0
12806,python3.12,0.7,0.1836776733398437,0.46153846153846156,0.1703031770475618,91,1007.0,378.0,224.0,1.0
12815,zsh,0.0,0.0156402587890625,0.0,0.009178644112447462,253,1007.0,378.0,224.0,1.0
12959,ndoagent,0.0,0.0753402709960937,0.0,0.0754165649414062,50,1007.0,378.0,224.0,1.0
12963,replayd,0.0,0.2178192138671875,0.0,0.21639064866669325,49,1007.0,378.0,224.0,1.0
13000,python3.12,2.0,0.1644134521484375,0.46153846153846156,0.1703031770475618,91,1007.0,378.0,224.0,1.0
13025,com.apple.siri.embeddedspeech,0.0,0.1462936401367187,0.03142857142857143,0.17331804547991067,35,1007.0,378.0,224.0,1.0
13036,CommCenter,0.0,0.2714157104492187,0.006000000000000001,0.23591232299804685,50,1007.0,378.0,224.0,1.0
12774,businessservicesd,0.0,0.0812530517578125,0.0,0.081024169921875,50,1007.0,378.0,224.0,1.0
13037,CoreLocationAgent,0.0,0.505828857421875,0.00425531914893617,0.4036964254176363,47,1007.0,378.0,224.0,1.0
13070,Google Chrome Helper (Renderer),0.0,1.4362335205078125,0.647816091954023,1.1122661897505837,435,1007.0,378.0,224.0,1.0
13073,Google Chrome Helper (Renderer),0.0,1.98516845703125,0.647816091954023,1.1122661897505837,435,1007.0,378.0,224.0,1.0
13074,mdworker_shared,0.0,0.3223419189453125,0.02153846153846154,0.19098232953976357,195,1007.0,378.0,224.0,1.0
13105,mdworker_shared,0.0,0.208282470703125,0.02153846153846154,0.19098232953976357,195,1007.0,378.0,224.0,1.0
13106,mdworker_shared,0.0,0.2435684204101562,0.02153846153846154,0.19098232953976357,195,1007.0,378.0,224.0,1.0
13107,mdworker_shared,0.0,0.2370834350585937,0.02153846153846154,0.19098232953976357,195,1007.0,378.0,224.0,1.0
13108,mdworker_shared,0.0,0.2246856689453125,0.02153846153846154,0.19098232953976357,195,1007.0,378.0,224.0,1.0
13109,mdworker_shared,0.0,0.243377685546875,0.02153846153846154,0.19098232953976357,195,1007.0,378.0,224.0,1.0
13110,mdworker_shared,0.0,0.2248764038085937,0.02153846153846154,0.19098232953976357,195,1007.0,378.0,224.0,1.0
13112,mdworker_shared,0.0,0.2435684204101562,0.02153846153846154,0.19098232953976357,195,1007.0,378.0,224.0,1.0
3063,zsh,0.0,0.0047683715820312,0.0,0.009178644112447462,253,1007.0,378.0,224.0,1.0
13043,Keychain Circle Notification,0.0,0.1947402954101562,0.044000000000000004,0.18328857421874997,50,1007.0,378.0,224.0,1.0
11684,mlhostd,0.0,0.1436233520507812,0.0,0.14452743530273432,50,1007.0,378.0,224.0,1.0
11204,MTLCompilerService,0.0,0.0333786010742187,0.0,0.03340148925781246,50,1007.0,378.0,224.0,1.0
10558,pbs,0.0,0.031280517578125,0.002,0.031276702880859375,50,1007.0,378.0,224.0,1.0
9946,extensionkitservice,0.0,0.080108642578125,0.0,0.08034324645996094,100,1007.0,378.0,224.0,1.0
9947,networkserviceproxy,0.0,0.1688003540039062,0.0,0.1554603576660156,50,1007.0,378.0,224.0,1.0
9963,swtransparencyd,0.0,0.0890731811523437,0.0,0.08174896240234374,50,1007.0,378.0,224.0,1.0
9964,CloudTelemetryService,0.0,0.0780105590820312,0.0,0.06444135050135331,127,1007.0,378.0,224.0,1.0
9982,contentlinkingd,0.0,0.0841140747070312,0.0,0.08146667480468746,50,1007.0,378.0,224.0,1.0
10001,AppPredictionIntentsHelperService,0.0,0.1634597778320312,0.0,0.16557312011718747,50,1007.0,378.0,224.0,1.0
10009,com.apple.accessibility.mediaaccessibilityd,0.0,0.0261306762695312,0.0,0.0261306762695312,50,1007.0,378.0,224.0,1.0
10010,AudioComponentRegistrar,0.0,0.0547409057617187,0.004,0.04845809936523434,50,1007.0,378.0,224.0,1.0
10015,linkd,0.0,0.0791549682617187,0.0,0.07984924316406244,50,1007.0,378.0,224.0,1.0
10115,iconservicesagent,0.0,0.0902175903320312,0.0,0.0902175903320312,50,1007.0,378.0,224.0,1.0
10121,com.apple.Safari.SafeBrowsing.Service,0.0,0.0743865966796875,0.0,0.07349395751953124,50,1007.0,378.0,224.0,1.0
10122,SAExtensionOrchestrator,0.0,0.1125335693359375,0.0,0.1125335693359375,50,1007.0,378.0,224.0,1.0
10123,extensionkitservice,0.0,0.0789642333984375,0.0,0.08034324645996094,100,1007.0,378.0,224.0,1.0
10124,GMSSELFIngestor,0.0,0.0974655151367187,0.0,0.0974655151367187,50,1007.0,378.0,224.0,1.0
10125,IFTranscriptSELFIngestor,0.0,0.086212158203125,0.0,0.086212158203125,50,1007.0,378.0,224.0,1.0
10126,IFTelemetrySELFIngestor,0.0,0.0825881958007812,0.0,0.0825881958007812,50,1007.0,378.0,224.0,1.0
13113,mdworker_shared,0.0,0.2225875854492187,0.02153846153846154,0.19098232953976357,195,1007.0,378.0,224.0,1.0
10204,CoreServicesUIAgent,0.0,0.1764297485351562,0.004,0.19499969482421872,50,1007.0,378.0,224.0,1.0
10209,Code Helper (Plugin),0.0,0.4985809326171875,0.041,0.5363956451416015,500,1007.0,378.0,224.0,1.0
10211,Code Helper (Plugin),0.0,0.4602432250976562,0.041,0.5363956451416015,500,1007.0,378.0,224.0,1.0
10212,Code Helper (Plugin),0.0,0.4970550537109375,0.041,0.5363956451416015,500,1007.0,378.0,224.0,1.0
10213,Code Helper (Plugin),0.0,0.4980087280273437,0.041,0.5363956451416015,500,1007.0,378.0,224.0,1.0
10215,Code Helper (Plugin),0.0,0.457763671875,0.041,0.5363956451416015,500,1007.0,378.0,224.0,1.0
10481,Google Chrome Helper (Renderer),0.0,1.0101318359375,0.647816091954023,1.1122661897505837,435,1007.0,378.0,224.0,1.0
10490,talagentd,0.0,0.1401901245117187,0.002,0.14520263671874997,50,1007.0,378.0,224.0,1.0
9901,pkd,0.0,0.106048583984375,0.002,0.10622024536132811,50,1007.0,378.0,224.0,1.0
3045,Code Helper (Plugin),0.0,0.2735137939453125,0.041,0.5363956451416015,500,1007.0,378.0,224.0,1.0
10127,BiomeSELFIngestor,0.0,0.0879287719726562,0.0,0.0879287719726562,50,1007.0,378.0,224.0,1.0
3033,Code Helper,0.2,0.4230499267578125,0.32371428571428573,0.48915318080357145,350,1007.0,378.0,224.0,1.0
615,corespeechd,0.0,0.22430419921875,0.09799999999999999,0.18834686279296872,50,1007.0,378.0,224.0,1.0
616,assistantd,0.0,0.2946853637695312,0.004,0.23475265502929685,50,1007.0,378.0,224.0,1.0
623,WallpaperImageExtension,0.0,0.0879287719726562,0.0,0.07489013671874994,50,1007.0,378.0,224.0,1.0
639,sharingd,0.0,0.13427734375,0.002,0.14010620117187497,50,1007.0,378.0,224.0,1.0
641,usernoted,0.0,0.1771926879882812,0.02,0.15933227539062497,50,1007.0,378.0,224.0,1.0
642,neagent,0.0,0.1068115234375,0.0,0.1076812744140625,50,1007.0,378.0,224.0,1.0
643,useractivityd,0.0,0.084686279296875,0.008,0.08467864990234374,50,1007.0,378.0,224.0,1.0
644,com.apple.dock.extra,0.0,0.1947402954101562,0.048,0.17804336547851562,50,1007.0,378.0,224.0,1.0
646,NotificationCenter,0.0,0.2735137939453125,0.024000000000000004,0.24862670898437497,50,1007.0,378.0,224.0,1.0
649,milod,0.0,0.0820159912109375,0.0,0.08232498168945312,50,1007.0,378.0,224.0,1.0
650,familycircled,0.0,0.0677108764648437,0.0,0.06789016723632807,50,1007.0,378.0,224.0,1.0
609,identityservicesd,0.0,0.2162933349609375,0.012,0.20082092285156247,50,1007.0,378.0,224.0,1.0
651,StatusKitAgent,0.0,0.0787734985351562,0.0,0.07876968383789057,50,1007.0,378.0,224.0,1.0
668,BiomeAgent,0.0,0.1071929931640625,0.126,0.1340827941894531,50,1007.0,378.0,224.0,1.0
670,imklaunchagent,0.0,0.0619888305664062,0.0,0.06198501586914058,50,1007.0,378.0,224.0,1.0
673,icdd,0.0,0.0349044799804687,0.0,0.034900665283203076,50,1007.0,378.0,224.0,1.0
680,AirPlayUIAgent,0.0,0.0823974609375,0.004,0.09934997558593746,50,1007.0,378.0,224.0,1.0
683,imagent,0.0,0.1508712768554687,0.008,0.13217163085937497,50,1007.0,378.0,224.0,1.0
685,diagnostics_agent,0.0,0.0988006591796875,0.002,0.09417724609374996,50,1007.0,378.0,224.0,1.0
686,TextInputMenuAgent,0.0,0.1642227172851562,0.008,0.16139221191406247,50,1007.0,378.0,224.0,1.0
688,Grammarly Desktop Helper,0.0,0.1157760620117187,0.002,0.10088729858398436,50,1007.0,378.0,224.0,1.0
699,com.apple.CloudDocs.iCloudDriveFileProvider,0.0,0.1056671142578125,0.008,0.09911346435546875,50,1007.0,378.0,224.0,1.0
704,ctkahp,0.0,0.037384033203125,0.0,0.037380218505859375,50,1007.0,378.0,224.0,1.0
707,WiFiAgent,0.0,0.191497802734375,0.114,0.16522979736328122,50,1007.0,378.0,224.0,1.0
666,ContextStoreAgent,0.0,0.1529693603515625,0.11199999999999999,0.1729774475097656,50,1007.0,378.0,224.0,1.0
608,ViewBridgeAuxiliary,0.0,0.0751495361328125,0.014000000000000002,0.08618545532226561,50,1007.0,378.0,224.0,1.0
606,fontworker,0.0,0.0581741333007812,0.0,0.05817031860351558,50,1007.0,378.0,224.0,1.0
605,ContinuityCaptureAgent,0.0,0.0761032104492187,0.0,0.0761032104492187,50,1007.0,378.0,224.0,1.0
376,loginwindow,0.0,0.3072738647460937,0.008,0.24020385742187497,50,1007.0,378.0,224.0,1.0
543,distnoted,0.0,0.0518798828125,0.028000000000000004,0.05070495605468747,50,1007.0,378.0,224.0,1.0
544,cfprefsd,0.0,0.0606536865234375,0.066,0.05707931518554685,50,1007.0,378.0,224.0,1.0
549,UserEventAgent,0.0,0.1123428344726562,0.013999999999999999,0.10488891601562496,50,1007.0,378.0,224.0,1.0
553,WindowManager,0.0,0.2307891845703125,0.11200000000000002,0.24517440795898435,50,1007.0,378.0,224.0,1.0
557,universalaccessd,0.0,0.0810623168945312,0.006000000000000001,0.09207916259765624,50,1007.0,378.0,224.0,1.0
559,Dock,0.0,0.217437744140625,0.076,0.20318603515624997,50,1007.0,378.0,224.0,1.0
560,ControlCenter,0.4,0.4638671875,0.5379999999999999,0.41684722900390625,50,1007.0,378.0,224.0,1.0
561,pboard,0.0,0.0917434692382812,0.002,0.09132385253906246,50,1007.0,378.0,224.0,1.0
562,SystemUIServer,0.0,0.1371383666992187,0.006,0.13476562499999997,50,1007.0,378.0,224.0,1.0
564,Finder,0.1,0.4787445068359375,0.07400000000000001,0.4227867126464844,50,1007.0,378.0,224.0,1.0
567,lsd,0.0,0.1241683959960937,0.012,0.11196517944335933,50,1007.0,378.0,224.0,1.0
568,AXVisualSupportAgent,0.0,0.1665115356445312,0.6920000000000001,0.16974639892578122,50,1007.0,378.0,224.0,1.0
575,rapportd,0.0,0.1346588134765625,0.002,0.1259346008300781,50,1007.0,378.0,224.0,1.0
578,secd,0.0,0.1703262329101562,0.006000000000000001,0.15089416503906247,50,1007.0,378.0,224.0,1.0
580,trustd,0.0,0.1192092895507812,0.04,0.11620330810546871,50,1007.0,378.0,224.0,1.0
583,WallpaperAgent,0.0,0.1760482788085937,0.004,0.1629066467285156,50,1007.0,378.0,224.0,1.0
587,com.apple.hiservices-xpcservice,0.0,0.0356674194335937,0.01,0.03719711303710933,50,1007.0,378.0,224.0,1.0
589,sharedfilelistd,0.0,0.102996826171875,0.0,0.08721542358398436,50,1007.0,378.0,224.0,1.0
590,containermanagerd,0.0,0.0459671020507812,0.012,0.04875946044921871,50,1007.0,378.0,224.0,1.0
591,usernotificationsd,0.0,0.1047134399414062,0.008,0.09786605834960933,50,1007.0,378.0,224.0,1.0
596,callservicesd,0.0,0.202178955078125,0.006000000000000001,0.17979049682617185,50,1007.0,378.0,224.0,1.0
600,fontd,0.0,0.0993728637695312,0.002,0.06991577148437499,50,1007.0,378.0,224.0,1.0
602,fileproviderd,0.2,0.1495361328125,0.21200000000000002,0.1446113586425781,50,1007.0,378.0,224.0,1.0
604,AMPDeviceDiscoveryAgent,0.0,0.0570297241210937,0.0,0.051746368408203104,50,1007.0,378.0,224.0,1.0
709,nsurlsessiond,0.0,0.1300811767578125,0.032,0.1256752014160156,50,1007.0,378.0,224.0,1.0
713,Spotlight,0.0,0.3095626831054687,0.05,0.27865600585937494,50,1007.0,378.0,224.0,1.0
3034,Code Helper (Plugin),0.2,1.422119140625,0.041,0.5363956451416015,500,1007.0,378.0,224.0,1.0
716,PAH_Extension,0.0,0.08392333984375,0.014000000000000002,0.11199188232421874,50,1007.0,378.0,224.0,1.0
957,Google Chrome,0.1,2.4442672729492188,1.324,2.2691001892089844,50,1007.0,378.0,224.0,1.0
960,chrome_crashpad_handler,0.0,0.0188827514648437,0.0,0.019365310668945288,100,1007.0,378.0,224.0,1.0
961,voicebankingd,0.0,0.0722885131835937,0.0,0.07259750366210932,50,1007.0,378.0,224.0,1.0
963,Google Chrome Helper,1.2,0.8527755737304688,0.6,0.42389755249023436,250,1007.0,378.0,224.0,1.0
964,Google Chrome Helper,0.0,0.7091522216796875,0.6,0.42389755249023436,250,1007.0,378.0,224.0,1.0
966,Google Chrome Helper,0.0,0.2206802368164062,0.6,0.42389755249023436,250,1007.0,378.0,224.0,1.0
1015,Google Chrome Helper,0.0,0.1676559448242187,0.6,0.42389755249023436,250,1007.0,378.0,224.0,1.0
1052,spotlightknowledged,0.0,0.0352859497070312,0.0,0.04377672749180943,62,1007.0,378.0,224.0,1.0
1191,storeaccountd,0.0,0.0658035278320312,0.0,0.06579971313476557,50,1007.0,378.0,224.0,1.0
714,CursorUIViewService,0.0,0.1434326171875,0.07400000000000001,0.15747833251953122,50,1007.0,378.0,224.0,1.0
1718,ServiceExtension,0.0,0.142669677734375,0.0,0.142669677734375,50,1007.0,378.0,224.0,1.0
932,com.apple.WebKit.WebContent,0.1,1.3153076171875,0.2837142857142857,0.5284216744559151,350,1007.0,378.0,224.0,1.0
2095,com.apple.WebKit.WebContent,0.0,0.3078460693359375,0.2837142857142857,0.5284216744559151,350,1007.0,378.0,224.0,1.0
2641,Google Chrome Helper (Renderer),0.0,0.6359100341796875,0.647816091954023,1.1122661897505837,435,1007.0,378.0,224.0,1.0
2672,Google Chrome Helper (Renderer),4.5,3.829765319824219,0.647816091954023,1.1122661897505837,435,1007.0,378.0,224.0,1.0
2826,Code,0.0,1.44805908203125,1.3619999999999999,1.3807182312011719,50,1007.0,378.0,224.0,1.0
2832,chrome_crashpad_handler,0.0,0.0194549560546875,0.0,0.019365310668945288,100,1007.0,378.0,224.0,1.0
2833,Code Helper,0.1,0.5870819091796875,0.32371428571428573,0.48915318080357145,350,1007.0,378.0,224.0,1.0
2834,Code Helper,0.0,0.3721237182617187,0.32371428571428573,0.48915318080357145,350,1007.0,378.0,224.0,1.0
2835,Code Helper (Renderer),0.3,3.719902038574219,3.5780000000000003,3.886066436767578,50,1007.0,378.0,224.0,1.0
2852,Code Helper,0.0,0.7329940795898438,0.32371428571428573,0.48915318080357145,350,1007.0,378.0,224.0,1.0
2878,Code Helper,0.0,0.3980636596679687,0.32371428571428573,0.48915318080357145,350,1007.0,378.0,224.0,1.0
2880,Code Helper,0.0,0.1600265502929687,0.32371428571428573,0.48915318080357145,350,1007.0,378.0,224.0,1.0
2913,Code Helper,0.3,0.6200790405273438,0.32371428571428573,0.48915318080357145,350,1007.0,378.0,224.0,1.0
2096,com.apple.WebKit.WebContent,0.0,0.6361007690429688,0.2837142857142857,0.5284216744559151,350,1007.0,378.0,224.0,1.0
931,com.apple.WebKit.WebContent,0.0,0.6006240844726562,0.2837142857142857,0.5284216744559151,350,1007.0,378.0,224.0,1.0
1474,IMAutomaticHistoryDeletionAgent,0.0,0.0919342041015625,0.0,0.08300018310546874,50,1007.0,378.0,224.0,1.0
926,peopled,0.0,0.086212158203125,0.0,0.08623886108398438,50,1007.0,378.0,224.0,1.0
930,com.apple.WebKit.WebContent,0.0,0.3259658813476562,0.2837142857142857,0.5284216744559151,350,1007.0,378.0,224.0,1.0
718,corespotlightd,0.0,0.1483917236328125,0.012,0.15357208251953122,50,1007.0,378.0,224.0,1.0
722,duetexpertd,0.0,0.22125244140625,0.09,0.26060485839843744,50,1007.0,378.0,224.0,1.0
730,Spotify,0.4,1.2319564819335938,0.5479999999999999,1.0496597290039062,50,1007.0,378.0,224.0,1.0
733,homed,0.0,0.1438140869140625,0.0,0.1302070617675781,50,1007.0,378.0,224.0,1.0
734,mediaremoteagent,0.0,0.0232696533203125,0.0,0.0232696533203125,50,1007.0,378.0,224.0,1.0
740,Spotify Helper,0.0,0.0452041625976562,0.015600000000000001,0.14564056396484373,250,1007.0,378.0,224.0,1.0
741,avconferenced,0.0,0.067901611328125,0.0,0.06789779663085938,50,1007.0,378.0,224.0,1.0
747,Spotify Helper,0.0,0.2084732055664062,0.015600000000000001,0.14564056396484373,250,1007.0,378.0,224.0,1.0
748,Spotify Helper,0.0,0.3353118896484375,0.015600000000000001,0.14564056396484373,250,1007.0,378.0,224.0,1.0
752,Spotify Helper,0.0,0.1169204711914062,0.015600000000000001,0.14564056396484373,250,1007.0,378.0,224.0,1.0
755,Grammarly Desktop,0.2,0.762176513671875,0.524,0.7150344848632812,50,1007.0,378.0,224.0,1.0
717,OneDrive,0.0,0.42724609375,0.032,0.36077880859375,50,1007.0,378.0,224.0,1.0
772,com.apple.WebKit.GPU,0.0,0.0507354736328125,0.102,0.09322547912597655,100,1007.0,378.0,224.0,1.0
768,Spotify Helper (Renderer),0.0,0.5674362182617188,0.044000000000000004,0.4534873962402344,50,1007.0,378.0,224.0,1.0
919,com.apple.WebKit.Networking,0.1,0.225830078125,0.4,0.16855621337890622,100,1007.0,378.0,224.0,1.0
918,com.apple.WebKit.GPU,0.0,0.1558303833007812,0.102,0.09322547912597655,100,1007.0,378.0,224.0,1.0
916,com.apple.WebKit.WebContent,0.0,1.9296646118164065,0.2837142857142857,0.5284216744559151,350,1007.0,378.0,224.0,1.0
913,app_inkwell,0.0,0.3015518188476562,0.94,0.29593276977539057,50,1007.0,378.0,224.0,1.0
921,Spotify Helper,0.0,0.104522705078125,0.015600000000000001,0.14564056396484373,250,1007.0,378.0,224.0,1.0
873,mdbulkimport,0.0,0.0713348388671875,0.0,0.07133102416992188,50,1007.0,378.0,224.0,1.0
857,Grammarly Desktop Update Service,0.0,0.1276016235351562,0.006000000000000001,0.11079406738281246,50,1007.0,378.0,224.0,1.0
792,commerce,0.0,0.0902175903320312,0.0,0.08901596069335932,50,1007.0,378.0,224.0,1.0
776,com.apple.WebKit.Networking,0.0,0.1298904418945312,0.4,0.16855621337890622,100,1007.0,378.0,224.0,1.0
774,com.apple.WebKit.WebContent,0.0,0.0186920166015625,0.2837142857142857,0.5284216744559151,350,1007.0,378.0,224.0,1.0
898,OneDrive Sync Service,0.0,0.2393722534179687,0.004,0.21224594116210935,50,1007.0,378.0,224.0,1.0
9271,mdwrite,0.0,0.0329971313476562,0.0,0.032993316650390576,50,1007.0,378.0,224.0,1.0
9223,mapssyncd,0.0,0.0917434692382812,0.0,0.09173965454101557,50,1007.0,378.0,224.0,1.0
9205,IntelligencePlatformComputeService,0.0,0.0879287719726562,0.0,0.0879287719726562,50,1007.0,378.0,224.0,1.0
9138,siriactionsd,0.0,0.1270294189453125,0.004,0.14521408081054685,50,1007.0,378.0,224.0,1.0
9101,bird,0.0,0.1070022583007812,0.04800000000000001,0.12118530273437494,50,1007.0,378.0,224.0,1.0
9095,calaccessd,0.0,0.1445770263671875,0.002,0.15127944946289057,50,1007.0,378.0,224.0,1.0
9088,contactsd,0.0,0.0841140747070312,0.008,0.09849548339843746,50,1007.0,378.0,224.0,1.0
9086,knowledge-agent,0.0,0.1245498657226562,0.004,0.13211822509765622,50,1007.0,378.0,224.0,1.0
9272,mbuseragent,0.0,0.0368118286132812,0.0,0.036808013916015576,50,1007.0,378.0,224.0,1.0
9134,ScreenTimeAgent,0.0,0.0921249389648437,0.0,0.10361862182617183,50,1007.0,378.0,224.0,1.0
9556,syncdefaultsd,0.0,0.0835418701171875,0.006000000000000001,0.11057662963867186,50,1007.0,378.0,224.0,1.0
9742,promotedcontentd,0.0,0.1005172729492187,0.002,0.11449813842773438,50,1007.0,378.0,224.0,1.0
9575,akd,0.0,0.2012252807617187,0.002,0.2174873352050781,50,1007.0,378.0,224.0,1.0
9577,CloudTelemetryService,0.0,0.0553131103515625,0.0,0.06444135050135331,127,1007.0,378.0,224.0,1.0
9649,suggestd,0.0,0.1556396484375,0.002,0.15771484374999997,50,1007.0,378.0,224.0,1.0
9681,AppleSpell,0.0,0.1306533813476562,0.0,0.13717651367187494,50,1007.0,378.0,224.0,1.0
9682,keyboardservicesd,0.0,0.0820159912109375,0.0,0.0876617431640625,50,1007.0,378.0,224.0,1.0
9754,ctkd,0.0,0.07781982421875,0.0,0.08569717407226562,50,1007.0,378.0,224.0,1.0
9762,coreauthd,0.0,0.0875473022460937,0.0,0.09390640258789058,50,1007.0,378.0,224.0,1.0
9829,transparencyd,0.0,0.1678466796875,0.018000000000000002,0.21265792846679685,50,1007.0,378.0,224.0,1.0
9845,intelligentroutingd,0.0,0.0883102416992187,0.0,0.0883407592773437,50,1007.0,378.0,224.0,1.0
9847,UIKitSystem,0.0,0.1695632934570312,0.002,0.17118835449218742,50,1007.0,378.0,224.0,1.0
9879,Siri,0.0,0.1569747924804687,0.016,0.1504554748535156,50,1007.0,378.0,224.0,1.0
9572,proactived,0.0,0.145721435546875,0.02,0.1299476623535156,50,1007.0,378.0,224.0,1.0
9069,searchpartyuseragent,0.0,0.128936767578125,0.002,0.13115692138671872,50,1007.0,378.0,224.0,1.0
4030,pet,0.0,0.0217437744140625,0.02,0.02233123779296875,50,1007.0,378.0,224.0,1.0
9049,tccd,0.0,0.0925064086914062,0.0,0.10362243652343744,50,1007.0,378.0,224.0,1.0
9888,SiriNCService,0.0,0.1527786254882812,0.008,0.15225982666015622,50,1007.0,378.0,224.0,1.0
4037,zsh,0.0,0.0043869018554687,0.0,0.009178644112447462,253,1007.0,378.0,224.0,1.0
4143,Code Helper (Plugin),0.0,0.2010345458984375,0.041,0.5363956451416015,500,1007.0,378.0,224.0,1.0
4194,Code Helper (Plugin),0.0,0.7673263549804688,0.041,0.5363956451416015,500,1007.0,378.0,224.0,1.0
5379,Code Helper (Plugin),0.0,0.2162933349609375,0.041,0.5363956451416015,500,1007.0,378.0,224.0,1.0
5384,zsh,0.0,0.0043869018554687,0.0,0.009178644112447462,253,1007.0,378.0,224.0,1.0
5761,zsh,0.0,0.0131607055664062,0.0,0.009178644112447462,253,1007.0,378.0,224.0,1.0
6986,accountsd,0.0,0.1604080200195312,0.0,0.1851234436035156,50,1007.0,378.0,224.0,1.0
8323,Google Chrome Helper (Renderer),1.1,0.5018234252929688,0.647816091954023,1.1122661897505837,435,1007.0,378.0,224.0,1.0
8324,Google Chrome Helper (Renderer),0.2,0.2353668212890625,0.647816091954023,1.1122661897505837,435,1007.0,378.0,224.0,1.0
8325,Google Chrome Helper (Renderer),0.2,0.334930419921875,0.647816091954023,1.1122661897505837,435,1007.0,378.0,224.0,1.0
8326,chronod,0.0,0.1413345336914062,0.01,0.15725708007812497,50,1007.0,378.0,224.0,1.0
8328,Google Chrome Helper (Renderer),0.4,0.4390716552734375,0.647816091954023,1.1122661897505837,435,1007.0,378.0,224.0,1.0
8335,WorldClockWidget,0.0,0.2202987670898437,0.0,0.22029876708984367,50,1007.0,378.0,224.0,1.0
8336,CalendarWidgetExtension,0.0,0.1031875610351562,0.0,0.1031875610351562,50,1007.0,378.0,224.0,1.0
8337,WeatherWidget,0.0,0.36163330078125,0.0,0.3655509948730469,50,1007.0,378.0,224.0,1.0
8339,StocksWidget,0.0,0.3248214721679687,0.0,0.3267478942871093,50,1007.0,378.0,224.0,1.0
8340,ScreenTimeWidgetExtension,0.0,0.3156661987304687,0.0,0.3311538696289062,50,1007.0,378.0,224.0,1.0
8351,Google Chrome Helper,0.0,0.1806259155273437,0.6,0.42389755249023436,250,1007.0,378.0,224.0,1.0
8396,audioaccessoryd,0.0,0.09918212890625,0.0,0.10800170898437496,50,1007.0,378.0,224.0,1.0
8410,routined,0.0,0.128173828125,0.034,0.19092559814453122,50,1007.0,378.0,224.0,1.0
8666,Google Chrome Helper (Renderer),0.0,0.289154052734375,0.647816091954023,1.1122661897505837,435,1007.0,378.0,224.0,1.0
9000,PowerChime,0.0,0.1453399658203125,0.008,0.14000701904296872,50,1007.0,378.0,224.0,1.0
9032,secinitd,0.0,0.0652313232421875,0.0,0.06522750854492188,50,1007.0,378.0,224.0,1.0
9040,triald,0.0,0.113677978515625,0.0,0.12915039062499997,50,1007.0,378.0,224.0,1.0
9053,cloudd,0.0,0.1537322998046875,0.016,0.2035255432128906,50,1007.0,378.0,224.0,1.0
9891,AssetCacheLocatorService,0.0,0.0387191772460937,0.0,0.04087829589843746,50,1007.0,378.0,224.0,1.0
10558,pbs,0.0,0.031280517578125,0.002,0.031276702880859375,50,1007.0,378.0,224.0,1.0
9909,com.apple.geod,0.0,0.0814437866210937,0.004,0.09388351440429683,50,1007.0,378.0,224.0,1.0
12776,feedbackd,0.0,0.0751495361328125,0.0,0.078704833984375,50,1007.0,378.0,224.0,1.0
12777,ProtectedCloudKeySyncing,0.0,0.0835418701171875,0.0,0.09304428100585938,50,1007.0,378.0,224.0,1.0
12779,gamecontrolleragentd,0.0,0.0593185424804687,0.002,0.060253143310546854,50,1007.0,378.0,224.0,1.0
12806,python3.12,0.5,0.170135498046875,0.46153846153846156,0.1703031770475618,91,1007.0,378.0,224.0,1.0
12815,zsh,0.0,0.0154495239257812,0.0,0.009178644112447462,253,1007.0,378.0,224.0,1.0
12959,ndoagent,0.0,0.0753402709960937,0.0,0.0754165649414062,50,1007.0,378.0,224.0,1.0
12963,replayd,0.0,0.2178192138671875,0.0,0.21639064866669325,49,1007.0,378.0,224.0,1.0
13000,python3.12,0.0,0.1552581787109375,0.46153846153846156,0.1703031770475618,91,1007.0,378.0,224.0,1.0
13025,com.apple.siri.embeddedspeech,0.0,0.0911712646484375,0.03142857142857143,0.17331804547991067,35,1007.0,378.0,224.0,1.0
13036,CommCenter,0.0,0.264739990234375,0.006000000000000001,0.23591232299804685,50,1007.0,378.0,224.0,1.0
13037,CoreLocationAgent,0.0,0.51422119140625,0.00425531914893617,0.4036964254176363,47,1007.0,378.0,224.0,1.0
12775,MessagesBlastDoorService,0.0,0.0041961669921875,0.0,0.05239105224609375,50,1007.0,378.0,224.0,1.0
13043,Keychain Circle Notification,0.0,0.2019882202148437,0.044000000000000004,0.18328857421874997,50,1007.0,378.0,224.0,1.0
13073,Google Chrome Helper (Renderer),1.9,1.7000198364257812,0.647816091954023,1.1122661897505837,435,1007.0,378.0,224.0,1.0
13074,mdworker_shared,0.0,0.2124786376953125,0.02153846153846154,0.19098232953976357,195,1007.0,378.0,224.0,1.0
13105,mdworker_shared,0.0,0.1636505126953125,0.02153846153846154,0.19098232953976357,195,1007.0,378.0,224.0,1.0
13106,mdworker_shared,0.0,0.1953125,0.02153846153846154,0.19098232953976357,195,1007.0,378.0,224.0,1.0
13107,mdworker_shared,0.0,0.1958847045898437,0.02153846153846154,0.19098232953976357,195,1007.0,378.0,224.0,1.0
13108,mdworker_shared,0.0,0.1810073852539062,0.02153846153846154,0.19098232953976357,195,1007.0,378.0,224.0,1.0
13109,mdworker_shared,0.0,0.1972198486328125,0.02153846153846154,0.19098232953976357,195,1007.0,378.0,224.0,1.0
13110,mdworker_shared,0.0,0.1758575439453125,0.02153846153846154,0.19098232953976357,195,1007.0,378.0,224.0,1.0
13111,mdworker_shared,0.0,0.1977920532226562,0.02153846153846154,0.19098232953976357,195,1007.0,378.0,224.0,1.0
13113,mdworker_shared,0.0,0.1743316650390625,0.02153846153846154,0.19098232953976357,195,1007.0,378.0,224.0,1.0
3063,zsh,0.0,0.0047683715820312,0.0,0.009178644112447462,253,1007.0,378.0,224.0,1.0
13070,Google Chrome Helper (Renderer),0.0,1.2939453125,0.647816091954023,1.1122661897505837,435,1007.0,378.0,224.0,1.0
12774,businessservicesd,0.0,0.0743865966796875,0.0,0.081024169921875,50,1007.0,378.0,224.0,1.0
11684,mlhostd,0.0,0.1436233520507812,0.0,0.14452743530273432,50,1007.0,378.0,224.0,1.0
11204,MTLCompilerService,0.0,0.0333786010742187,0.0,0.03340148925781246,50,1007.0,378.0,224.0,1.0
9946,extensionkitservice,0.0,0.0797271728515625,0.0,0.08034324645996094,100,1007.0,378.0,224.0,1.0
9947,networkserviceproxy,0.0,0.1504898071289062,0.0,0.1554603576660156,50,1007.0,378.0,224.0,1.0
9963,swtransparencyd,0.0,0.0707626342773437,0.0,0.08174896240234374,50,1007.0,378.0,224.0,1.0
9964,CloudTelemetryService,0.0,0.0576019287109375,0.0,0.06444135050135331,127,1007.0,378.0,224.0,1.0
9982,contentlinkingd,0.0,0.0772476196289062,0.0,0.08146667480468746,50,1007.0,378.0,224.0,1.0
10001,AppPredictionIntentsHelperService,0.0,0.1634597778320312,0.0,0.16557312011718747,50,1007.0,378.0,224.0,1.0
10009,com.apple.accessibility.mediaaccessibilityd,0.0,0.0261306762695312,0.0,0.0261306762695312,50,1007.0,378.0,224.0,1.0
10010,AudioComponentRegistrar,0.0,0.042724609375,0.004,0.04845809936523434,50,1007.0,378.0,224.0,1.0
10015,linkd,0.0,0.0791549682617187,0.0,0.07984924316406244,50,1007.0,378.0,224.0,1.0
10115,iconservicesagent,0.0,0.0902175903320312,0.0,0.0902175903320312,50,1007.0,378.0,224.0,1.0
10121,com.apple.Safari.SafeBrowsing.Service,0.0,0.0743865966796875,0.0,0.07349395751953124,50,1007.0,378.0,224.0,1.0
10122,SAExtensionOrchestrator,0.0,0.1125335693359375,0.0,0.1125335693359375,50,1007.0,378.0,224.0,1.0
10123,extensionkitservice,0.0,0.0789642333984375,0.0,0.08034324645996094,100,1007.0,378.0,224.0,1.0
10124,GMSSELFIngestor,0.0,0.0974655151367187,0.0,0.0974655151367187,50,1007.0,378.0,224.0,1.0
10125,IFTranscriptSELFIngestor,0.0,0.086212158203125,0.0,0.086212158203125,50,1007.0,378.0,224.0,1.0
10126,IFTelemetrySELFIngestor,0.0,0.0825881958007812,0.0,0.0825881958007812,50,1007.0,378.0,224.0,1.0
10127,BiomeSELFIngestor,0.0,0.0879287719726562,0.0,0.0879287719726562,50,1007.0,378.0,224.0,1.0
10204,CoreServicesUIAgent,0.0,0.1989364624023437,0.004,0.19499969482421872,50,1007.0,378.0,224.0,1.0
10209,Code Helper (Plugin),0.0,0.4817962646484375,0.041,0.5363956451416015,500,1007.0,378.0,224.0,1.0
10211,Code Helper (Plugin),0.0,0.4375457763671875,0.041,0.5363956451416015,500,1007.0,378.0,224.0,1.0
10212,Code Helper (Plugin),0.0,0.4770278930664062,0.041,0.5363956451416015,500,1007.0,378.0,224.0,1.0
10213,Code Helper (Plugin),0.0,0.4766464233398437,0.041,0.5363956451416015,500,1007.0,378.0,224.0,1.0
10215,Code Helper (Plugin),0.0,0.4400253295898437,0.041,0.5363956451416015,500,1007.0,378.0,224.0,1.0
10481,Google Chrome Helper (Renderer),0.0,0.9143829345703124,0.647816091954023,1.1122661897505837,435,1007.0,378.0,224.0,1.0
10490,talagentd,0.0,0.1453399658203125,0.002,0.14520263671874997,50,1007.0,378.0,224.0,1.0
9901,pkd,0.0,0.096893310546875,0.002,0.10622024536132811,50,1007.0,378.0,224.0,1.0
3045,Code Helper (Plugin),0.0,0.2420425415039062,0.041,0.5363956451416015,500,1007.0,378.0,224.0,1.0
13112,mdworker_shared,0.0,0.1962661743164062,0.02153846153846154,0.19098232953976357,195,1007.0,378.0,224.0,1.0
3033,Code Helper,0.0,0.4123687744140625,0.32371428571428573,0.48915318080357145,350,1007.0,378.0,224.0,1.0
615,corespeechd,0.0,0.1659393310546875,0.09799999999999999,0.18834686279296872,50,1007.0,378.0,224.0,1.0
616,assistantd,0.0,0.1764297485351562,0.004,0.23475265502929685,50,1007.0,378.0,224.0,1.0
623,WallpaperImageExtension,0.0,0.0879287719726562,0.0,0.07489013671874994,50,1007.0,378.0,224.0,1.0
639,sharingd,0.0,0.1287460327148437,0.002,0.14010620117187497,50,1007.0,378.0,224.0,1.0
641,usernoted,0.0,0.1249313354492187,0.02,0.15933227539062497,50,1007.0,378.0,224.0,1.0
642,neagent,0.0,0.1068115234375,0.0,0.1076812744140625,50,1007.0,378.0,224.0,1.0
643,useractivityd,0.0,0.08544921875,0.008,0.08467864990234374,50,1007.0,378.0,224.0,1.0
644,com.apple.dock.extra,0.0,0.16021728515625,0.048,0.17804336547851562,50,1007.0,378.0,224.0,1.0
646,NotificationCenter,0.0,0.2124786376953125,0.024000000000000004,0.24862670898437497,50,1007.0,378.0,224.0,1.0
649,milod,0.0,0.0820159912109375,0.0,0.08232498168945312,50,1007.0,378.0,224.0,1.0
650,familycircled,0.0,0.0677108764648437,0.0,0.06789016723632807,50,1007.0,378.0,224.0,1.0
609,identityservicesd,0.0,0.1726150512695312,0.012,0.20082092285156247,50,1007.0,378.0,224.0,1.0
651,StatusKitAgent,0.0,0.0787734985351562,0.0,0.07876968383789057,50,1007.0,378.0,224.0,1.0
668,BiomeAgent,0.0,0.1440048217773437,0.126,0.1340827941894531,50,1007.0,378.0,224.0,1.0
670,imklaunchagent,0.0,0.0619888305664062,0.0,0.06198501586914058,50,1007.0,378.0,224.0,1.0
673,icdd,0.0,0.0349044799804687,0.0,0.034900665283203076,50,1007.0,378.0,224.0,1.0
680,AirPlayUIAgent,0.0,0.102996826171875,0.004,0.09934997558593746,50,1007.0,378.0,224.0,1.0
683,imagent,0.0,0.1176834106445312,0.008,0.13217163085937497,50,1007.0,378.0,224.0,1.0
685,diagnostics_agent,0.0,0.0873565673828125,0.002,0.09417724609374996,50,1007.0,378.0,224.0,1.0
686,TextInputMenuAgent,0.0,0.1787185668945312,0.008,0.16139221191406247,50,1007.0,378.0,224.0,1.0
688,Grammarly Desktop Helper,0.0,0.10223388671875,0.002,0.10088729858398436,50,1007.0,378.0,224.0,1.0
699,com.apple.CloudDocs.iCloudDriveFileProvider,0.0,0.086212158203125,0.008,0.09911346435546875,50,1007.0,378.0,224.0,1.0
704,ctkahp,0.0,0.037384033203125,0.0,0.037380218505859375,50,1007.0,378.0,224.0,1.0
707,WiFiAgent,0.0,0.171661376953125,0.114,0.16522979736328122,50,1007.0,378.0,224.0,1.0
666,ContextStoreAgent,0.0,0.2017974853515625,0.11199999999999999,0.1729774475097656,50,1007.0,378.0,224.0,1.0
709,nsurlsessiond,0.0,0.121307373046875,0.032,0.1256752014160156,50,1007.0,378.0,224.0,1.0
608,ViewBridgeAuxiliary,0.0,0.0932693481445312,0.014000000000000002,0.08618545532226561,50,1007.0,378.0,224.0,1.0
605,ContinuityCaptureAgent,0.0,0.0761032104492187,0.0,0.0761032104492187,50,1007.0,378.0,224.0,1.0
543,distnoted,0.1,0.048065185546875,0.028000000000000004,0.05070495605468747,50,1007.0,378.0,224.0,1.0
544,cfprefsd,0.0,0.05340576171875,0.066,0.05707931518554685,50,1007.0,378.0,224.0,1.0
549,UserEventAgent,0.0,0.0925064086914062,0.013999999999999999,0.10488891601562496,50,1007.0,378.0,224.0,1.0
553,WindowManager,0.0,0.2698898315429687,0.11200000000000002,0.24517440795898435,50,1007.0,378.0,224.0,1.0
557,universalaccessd,0.0,0.0959396362304687,0.006000000000000001,0.09207916259765624,50,1007.0,378.0,224.0,1.0
559,Dock,0.0,0.2166748046875,0.076,0.20318603515624997,50,1007.0,378.0,224.0,1.0
560,ControlCenter,0.9,0.3999710083007812,0.5379999999999999,0.41684722900390625,50,1007.0,378.0,224.0,1.0
561,pboard,0.0,0.075531005859375,0.002,0.09132385253906246,50,1007.0,378.0,224.0,1.0
562,SystemUIServer,0.0,0.1499176025390625,0.006,0.13476562499999997,50,1007.0,378.0,224.0,1.0
564,Finder,0.1,0.347900390625,0.07400000000000001,0.4227867126464844,50,1007.0,378.0,224.0,1.0
567,lsd,0.0,0.1079559326171875,0.012,0.11196517944335933,50,1007.0,378.0,224.0,1.0
606,fontworker,0.0,0.0581741333007812,0.0,0.05817031860351558,50,1007.0,378.0,224.0,1.0
568,AXVisualSupportAgent,2.7,0.1768112182617187,0.6920000000000001,0.16974639892578122,50,1007.0,378.0,224.0,1.0
578,secd,0.2,0.11138916015625,0.006000000000000001,0.15089416503906247,50,1007.0,378.0,224.0,1.0
580,trustd,0.0,0.1119613647460937,0.04,0.11620330810546871,50,1007.0,378.0,224.0,1.0
583,WallpaperAgent,0.0,0.1865386962890625,0.004,0.1629066467285156,50,1007.0,378.0,224.0,1.0
587,com.apple.hiservices-xpcservice,0.1,0.04119873046875,0.01,0.03719711303710933,50,1007.0,378.0,224.0,1.0
589,sharedfilelistd,0.0,0.0673294067382812,0.0,0.08721542358398436,50,1007.0,378.0,224.0,1.0
590,containermanagerd,0.0,0.0459671020507812,0.012,0.04875946044921871,50,1007.0,378.0,224.0,1.0
591,usernotificationsd,0.0,0.0802993774414062,0.008,0.09786605834960933,50,1007.0,378.0,224.0,1.0
596,callservicesd,0.0,0.1583099365234375,0.006000000000000001,0.17979049682617185,50,1007.0,378.0,224.0,1.0
600,fontd,0.0,0.0890731811523437,0.002,0.06991577148437499,50,1007.0,378.0,224.0,1.0
602,fileproviderd,0.2,0.1401901245117187,0.21200000000000002,0.1446113586425781,50,1007.0,378.0,224.0,1.0
604,AMPDeviceDiscoveryAgent,0.0,0.045013427734375,0.0,0.051746368408203104,50,1007.0,378.0,224.0,1.0
575,rapportd,0.0,0.112152099609375,0.002,0.1259346008300781,50,1007.0,378.0,224.0,1.0
713,Spotlight,0.0,0.3400802612304687,0.05,0.27865600585937494,50,1007.0,378.0,224.0,1.0
376,loginwindow,0.0,0.1844406127929687,0.008,0.24020385742187497,50,1007.0,378.0,224.0,1.0
716,PAH_Extension,0.0,0.11749267578125,0.014000000000000002,0.11199188232421874,50,1007.0,378.0,224.0,1.0
957,Google Chrome,2.5,2.2951126098632812,1.324,2.2691001892089844,50,1007.0,378.0,224.0,1.0
960,chrome_crashpad_handler,0.0,0.0188827514648437,0.0,0.019365310668945288,100,1007.0,378.0,224.0,1.0
961,voicebankingd,0.0,0.0722885131835937,0.0,0.07259750366210932,50,1007.0,378.0,224.0,1.0
963,Google Chrome Helper,1.0,0.8459091186523438,0.6,0.42389755249023436,250,1007.0,378.0,224.0,1.0
964,Google Chrome Helper,1.4,0.6160736083984375,0.6,0.42389755249023436,250,1007.0,378.0,224.0,1.0
966,Google Chrome Helper,0.0,0.208282470703125,0.6,0.42389755249023436,250,1007.0,378.0,224.0,1.0
1015,Google Chrome Helper,0.0,0.1497268676757812,0.6,0.42389755249023436,250,1007.0,378.0,224.0,1.0
1052,spotlightknowledged,0.0,0.0352859497070312,0.0,0.04377672749180943,62,1007.0,378.0,224.0,1.0
1191,storeaccountd,0.0,0.0658035278320312,0.0,0.06579971313476557,50,1007.0,378.0,224.0,1.0
1474,IMAutomaticHistoryDeletionAgent,0.0,0.0732421875,0.0,0.08300018310546874,50,1007.0,378.0,224.0,1.0
1718,ServiceExtension,0.0,0.142669677734375,0.0,0.142669677734375,50,1007.0,378.0,224.0,1.0
2095,com.apple.WebKit.WebContent,0.1,0.173187255859375,0.2837142857142857,0.5284216744559151,350,1007.0,378.0,224.0,1.0
2096,com.apple.WebKit.WebContent,0.1,0.5899429321289062,0.2837142857142857,0.5284216744559151,350,1007.0,378.0,224.0,1.0
2641,Google Chrome Helper (Renderer),0.0,0.589752197265625,0.647816091954023,1.1122661897505837,435,1007.0,378.0,224.0,1.0
2672,Google Chrome Helper (Renderer),5.1,2.6111602783203125,0.647816091954023,1.1122661897505837,435,1007.0,378.0,224.0,1.0
2826,Code,10.9,1.4942169189453125,1.3619999999999999,1.3807182312011719,50,1007.0,378.0,224.0,1.0
2832,chrome_crashpad_handler,0.0,0.0194549560546875,0.0,0.019365310668945288,100,1007.0,378.0,224.0,1.0
2833,Code Helper,1.4,0.844573974609375,0.32371428571428573,0.48915318080357145,350,1007.0,378.0,224.0,1.0
2834,Code Helper,1.2,0.3299713134765625,0.32371428571428573,0.48915318080357145,350,1007.0,378.0,224.0,1.0
2835,Code Helper (Renderer),6.5,3.771209716796875,3.5780000000000003,3.886066436767578,50,1007.0,378.0,224.0,1.0
2852,Code Helper,12.3,0.5260467529296875,0.32371428571428573,0.48915318080357145,350,1007.0,378.0,224.0,1.0
2878,Code Helper,0.0,0.3252029418945312,0.32371428571428573,0.48915318080357145,350,1007.0,378.0,224.0,1.0
2880,Code Helper,0.0,0.1409530639648437,0.32371428571428573,0.48915318080357145,350,1007.0,378.0,224.0,1.0
2913,Code Helper,0.3,0.5723953247070312,0.32371428571428573,0.48915318080357145,350,1007.0,378.0,224.0,1.0
714,CursorUIViewService,0.0,0.1850128173828125,0.07400000000000001,0.15747833251953122,50,1007.0,378.0,224.0,1.0
932,com.apple.WebKit.WebContent,0.1,1.2653350830078125,0.2837142857142857,0.5284216744559151,350,1007.0,378.0,224.0,1.0
931,com.apple.WebKit.WebContent,0.0,0.5475997924804688,0.2837142857142857,0.5284216744559151,350,1007.0,378.0,224.0,1.0
3034,Code Helper (Plugin),0.3,0.86669921875,0.041,0.5363956451416015,500,1007.0,378.0,224.0,1.0
926,peopled,0.0,0.086212158203125,0.0,0.08623886108398438,50,1007.0,378.0,224.0,1.0
930,com.apple.WebKit.WebContent,0.0,0.2017974853515625,0.2837142857142857,0.5284216744559151,350,1007.0,378.0,224.0,1.0
717,OneDrive,0.0,0.324249267578125,0.032,0.36077880859375,50,1007.0,378.0,224.0,1.0
718,corespotlightd,0.0,0.1674652099609375,0.012,0.15357208251953122,50,1007.0,378.0,224.0,1.0
722,duetexpertd,0.0,0.2309799194335937,0.09,0.26060485839843744,50,1007.0,378.0,224.0,1.0
730,Spotify,0.3,0.81329345703125,0.5479999999999999,1.0496597290039062,50,1007.0,378.0,224.0,1.0
733,homed,0.0,0.110626220703125,0.0,0.1302070617675781,50,1007.0,378.0,224.0,1.0
734,mediaremoteagent,0.0,0.0232696533203125,0.0,0.0232696533203125,50,1007.0,378.0,224.0,1.0
740,Spotify Helper,0.0,0.0438690185546875,0.015600000000000001,0.14564056396484373,250,1007.0,378.0,224.0,1.0
747,Spotify Helper,0.1,0.1825332641601562,0.015600000000000001,0.14564056396484373,250,1007.0,378.0,224.0,1.0
748,Spotify Helper,0.1,0.2658843994140625,0.015600000000000001,0.14564056396484373,250,1007.0,378.0,224.0,1.0
752,Spotify Helper,0.0,0.101470947265625,0.015600000000000001,0.14564056396484373,250,1007.0,378.0,224.0,1.0
755,Grammarly Desktop,0.4,0.6906509399414062,0.524,0.7150344848632812,50,1007.0,378.0,224.0,1.0
741,avconferenced,0.0,0.067901611328125,0.0,0.06789779663085938,50,1007.0,378.0,224.0,1.0
772,com.apple.WebKit.GPU,0.0,0.0507354736328125,0.102,0.09322547912597655,100,1007.0,378.0,224.0,1.0
921,Spotify Helper,0.0,0.104522705078125,0.015600000000000001,0.14564056396484373,250,1007.0,378.0,224.0,1.0
768,Spotify Helper (Renderer),0.0,0.2759933471679687,0.044000000000000004,0.4534873962402344,50,1007.0,378.0,224.0,1.0
918,com.apple.WebKit.GPU,0.0,0.1543045043945312,0.102,0.09322547912597655,100,1007.0,378.0,224.0,1.0
916,com.apple.WebKit.WebContent,0.1,1.82342529296875,0.2837142857142857,0.5284216744559151,350,1007.0,378.0,224.0,1.0
913,app_inkwell,1.4,0.2813339233398437,0.94,0.29593276977539057,50,1007.0,378.0,224.0,1.0
898,OneDrive Sync Service,0.0,0.2111434936523437,0.004,0.21224594116210935,50,1007.0,378.0,224.0,1.0
919,com.apple.WebKit.Networking,0.1,0.1970291137695312,0.4,0.16855621337890622,100,1007.0,378.0,224.0,1.0
857,Grammarly Desktop Update Service,0.0,0.124359130859375,0.006000000000000001,0.11079406738281246,50,1007.0,378.0,224.0,1.0
792,commerce,0.0,0.0829696655273437,0.0,0.08901596069335932,50,1007.0,378.0,224.0,1.0
776,com.apple.WebKit.Networking,0.0,0.0982284545898437,0.4,0.16855621337890622,100,1007.0,378.0,224.0,1.0
774,com.apple.WebKit.WebContent,0.0,0.0186920166015625,0.2837142857142857,0.5284216744559151,350,1007.0,378.0,224.0,1.0
873,mdbulkimport,0.0,0.0713348388671875,0.0,0.07133102416992188,50,1007.0,378.0,224.0,1.0
9272,mbuseragent,0.0,0.0368118286132812,0.0,0.036808013916015576,50,1007.0,378.0,224.0,1.0
9086,knowledge-agent,0.0,0.1245498657226562,0.004,0.13211822509765622,50,1007.0,378.0,224.0,1.0
9088,contactsd,0.0,0.0841140747070312,0.008,0.09849548339843746,50,1007.0,378.0,224.0,1.0
9095,calaccessd,0.0,0.1443862915039062,0.002,0.15127944946289057,50,1007.0,378.0,224.0,1.0
9101,bird,0.0,0.1070022583007812,0.04800000000000001,0.12118530273437494,50,1007.0,378.0,224.0,1.0
9134,ScreenTimeAgent,0.0,0.0921249389648437,0.0,0.10361862182617183,50,1007.0,378.0,224.0,1.0
9138,siriactionsd,0.0,0.1270294189453125,0.004,0.14521408081054685,50,1007.0,378.0,224.0,1.0
9205,IntelligencePlatformComputeService,0.0,0.0879287719726562,0.0,0.0879287719726562,50,1007.0,378.0,224.0,1.0
9223,mapssyncd,0.0,0.0917434692382812,0.0,0.09173965454101557,50,1007.0,378.0,224.0,1.0
9271,mdwrite,0.0,0.0329971313476562,0.0,0.032993316650390576,50,1007.0,378.0,224.0,1.0
9556,syncdefaultsd,0.0,0.0835418701171875,0.006000000000000001,0.11057662963867186,50,1007.0,378.0,224.0,1.0
9847,UIKitSystem,0.0,0.1695632934570312,0.002,0.17118835449218742,50,1007.0,378.0,224.0,1.0
9575,akd,0.0,0.2033233642578125,0.002,0.2174873352050781,50,1007.0,378.0,224.0,1.0
9577,CloudTelemetryService,0.0,0.0553131103515625,0.0,0.06444135050135331,127,1007.0,378.0,224.0,1.0
9649,suggestd,0.0,0.1546859741210937,0.002,0.15771484374999997,50,1007.0,378.0,224.0,1.0
9681,AppleSpell,0.0,0.1306533813476562,0.0,0.13717651367187494,50,1007.0,378.0,224.0,1.0
9682,keyboardservicesd,0.0,0.0820159912109375,0.0,0.0876617431640625,50,1007.0,378.0,224.0,1.0
9742,promotedcontentd,0.0,0.10986328125,0.002,0.11449813842773438,50,1007.0,378.0,224.0,1.0
9754,ctkd,0.0,0.07781982421875,0.0,0.08569717407226562,50,1007.0,378.0,224.0,1.0
9762,coreauthd,0.0,0.0875473022460937,0.0,0.09390640258789058,50,1007.0,378.0,224.0,1.0
9829,transparencyd,0.0,0.1678466796875,0.018000000000000002,0.21265792846679685,50,1007.0,378.0,224.0,1.0
9845,intelligentroutingd,0.0,0.0883102416992187,0.0,0.0883407592773437,50,1007.0,378.0,224.0,1.0
9069,searchpartyuseragent,0.0,0.1285552978515625,0.002,0.13115692138671872,50,1007.0,378.0,224.0,1.0
9572,proactived,0.0,0.144195556640625,0.02,0.1299476623535156,50,1007.0,378.0,224.0,1.0
9053,cloudd,0.0,0.1544952392578125,0.016,0.2035255432128906,50,1007.0,378.0,224.0,1.0
8336,CalendarWidgetExtension,0.0,0.1031875610351562,0.0,0.1031875610351562,50,1007.0,378.0,224.0,1.0
9040,triald,0.0,0.113677978515625,0.0,0.12915039062499997,50,1007.0,378.0,224.0,1.0
3063,zsh,0.0,0.0047683715820312,0.0,0.009178644112447462,253,1007.0,378.0,224.0,1.0
4030,pet,0.0,0.0217437744140625,0.02,0.02233123779296875,50,1007.0,378.0,224.0,1.0
4037,zsh,0.0,0.0043869018554687,0.0,0.009178644112447462,253,1007.0,378.0,224.0,1.0
4143,Code Helper (Plugin),0.0,0.1939773559570312,0.041,0.5363956451416015,500,1007.0,378.0,224.0,1.0
4194,Code Helper (Plugin),0.0,0.7879257202148438,0.041,0.5363956451416015,500,1007.0,378.0,224.0,1.0
5379,Code Helper (Plugin),0.0,0.2162933349609375,0.041,0.5363956451416015,500,1007.0,378.0,224.0,1.0
5384,zsh,0.0,0.0043869018554687,0.0,0.009178644112447462,253,1007.0,378.0,224.0,1.0
5761,zsh,0.0,0.0131607055664062,0.0,0.009178644112447462,253,1007.0,378.0,224.0,1.0
6986,accountsd,0.0,0.1604080200195312,0.0,0.1851234436035156,50,1007.0,378.0,224.0,1.0
8323,Google Chrome Helper (Renderer),0.0,0.6437301635742188,0.647816091954023,1.1122661897505837,435,1007.0,378.0,224.0,1.0
8324,Google Chrome Helper (Renderer),0.0,0.254058837890625,0.647816091954023,1.1122661897505837,435,1007.0,378.0,224.0,1.0
8325,Google Chrome Helper (Renderer),0.0,0.3513336181640625,0.647816091954023,1.1122661897505837,435,1007.0,378.0,224.0,1.0
8326,chronod,0.0,0.1413345336914062,0.01,0.15725708007812497,50,1007.0,378.0,224.0,1.0
8328,Google Chrome Helper (Renderer),0.0,0.4785537719726562,0.647816091954023,1.1122661897505837,435,1007.0,378.0,224.0,1.0
8335,WorldClockWidget,0.0,0.2202987670898437,0.0,0.22029876708984367,50,1007.0,378.0,224.0,1.0
9879,Siri,0.0,0.1567840576171875,0.016,0.1504554748535156,50,1007.0,378.0,224.0,1.0
8337,WeatherWidget,0.0,0.36163330078125,0.0,0.3655509948730469,50,1007.0,378.0,224.0,1.0
8339,StocksWidget,0.0,0.3248214721679687,0.0,0.3267478942871093,50,1007.0,378.0,224.0,1.0
8340,ScreenTimeWidgetExtension,0.0,0.3156661987304687,0.0,0.3311538696289062,50,1007.0,378.0,224.0,1.0
8351,Google Chrome Helper,0.0,0.170135498046875,0.6,0.42389755249023436,250,1007.0,378.0,224.0,1.0
8396,audioaccessoryd,0.0,0.09918212890625,0.0,0.10800170898437496,50,1007.0,378.0,224.0,1.0
8410,routined,1.7,0.128173828125,0.034,0.19092559814453122,50,1007.0,378.0,224.0,1.0
8666,Google Chrome Helper (Renderer),0.0,0.3053665161132812,0.647816091954023,1.1122661897505837,435,1007.0,378.0,224.0,1.0
9000,PowerChime,0.0,0.139617919921875,0.008,0.14000701904296872,50,1007.0,378.0,224.0,1.0
9032,secinitd,0.0,0.0652313232421875,0.0,0.06522750854492188,50,1007.0,378.0,224.0,1.0
9049,tccd,0.0,0.0925064086914062,0.0,0.10362243652343744,50,1007.0,378.0,224.0,1.0
9888,SiriNCService,0.0,0.1522064208984375,0.008,0.15225982666015622,50,1007.0,378.0,224.0,1.0
10121,com.apple.Safari.SafeBrowsing.Service,0.0,0.0743865966796875,0.0,0.07349395751953124,50,1007.0,378.0,224.0,1.0
9901,pkd,0.0,0.096893310546875,0.002,0.10622024536132811,50,1007.0,378.0,224.0,1.0
12776,feedbackd,0.0,0.0751495361328125,0.0,0.078704833984375,50,1007.0,378.0,224.0,1.0
12777,ProtectedCloudKeySyncing,0.0,0.0835418701171875,0.0,0.09304428100585938,50,1007.0,378.0,224.0,1.0
12779,gamecontrolleragentd,0.0,0.0593185424804687,0.002,0.060253143310546854,50,1007.0,378.0,224.0,1.0
12806,python3.12,0.7,0.1726150512695312,0.46153846153846156,0.1703031770475618,91,1007.0,378.0,224.0,1.0
12815,zsh,0.0,0.0156402587890625,0.0,0.009178644112447462,253,1007.0,378.0,224.0,1.0
12959,ndoagent,0.0,0.0753402709960937,0.0,0.0754165649414062,50,1007.0,378.0,224.0,1.0
12963,replayd,0.0,0.2178192138671875,0.0,0.21639064866669325,49,1007.0,378.0,224.0,1.0
13000,python3.12,0.0,0.1554489135742187,0.46153846153846156,0.1703031770475618,91,1007.0,378.0,224.0,1.0
13025,com.apple.siri.embeddedspeech,0.0,0.0905990600585937,0.03142857142857143,0.17331804547991067,35,1007.0,378.0,224.0,1.0
13036,CommCenter,0.0,0.2653121948242187,0.006000000000000001,0.23591232299804685,50,1007.0,378.0,224.0,1.0
13037,CoreLocationAgent,0.0,0.5132675170898438,0.00425531914893617,0.4036964254176363,47,1007.0,378.0,224.0,1.0
12775,MessagesBlastDoorService,0.0,0.0041961669921875,0.0,0.05239105224609375,50,1007.0,378.0,224.0,1.0
13043,Keychain Circle Notification,0.0,0.2016067504882812,0.044000000000000004,0.18328857421874997,50,1007.0,378.0,224.0,1.0
13073,Google Chrome Helper (Renderer),0.0,1.7333984375,0.647816091954023,1.1122661897505837,435,1007.0,378.0,224.0,1.0
13074,mdworker_shared,0.0,0.2124786376953125,0.02153846153846154,0.19098232953976357,195,1007.0,378.0,224.0,1.0
13106,mdworker_shared,0.0,0.19073486328125,0.02153846153846154,0.19098232953976357,195,1007.0,378.0,224.0,1.0
13107,mdworker_shared,0.0,0.185394287109375,0.02153846153846154,0.19098232953976357,195,1007.0,378.0,224.0,1.0
13108,mdworker_shared,0.0,0.1750946044921875,0.02153846153846154,0.19098232953976357,195,1007.0,378.0,224.0,1.0
13109,mdworker_shared,0.0,0.1926422119140625,0.02153846153846154,0.19098232953976357,195,1007.0,378.0,224.0,1.0
13110,mdworker_shared,0.0,0.1699447631835937,0.02153846153846154,0.19098232953976357,195,1007.0,378.0,224.0,1.0
13111,mdworker_shared,0.0,0.1926422119140625,0.02153846153846154,0.19098232953976357,195,1007.0,378.0,224.0,1.0
13112,mdworker_shared,0.0,0.19073486328125,0.02153846153846154,0.19098232953976357,195,1007.0,378.0,224.0,1.0
3045,Code Helper (Plugin),0.0,0.2435684204101562,0.041,0.5363956451416015,500,1007.0,378.0,224.0,1.0
13113,mdworker_shared,0.0,0.1710891723632812,0.02153846153846154,0.19098232953976357,195,1007.0,378.0,224.0,1.0
13070,Google Chrome Helper (Renderer),0.0,1.2966156005859375,0.647816091954023,1.1122661897505837,435,1007.0,378.0,224.0,1.0
12774,businessservicesd,0.0,0.0743865966796875,0.0,0.081024169921875,50,1007.0,378.0,224.0,1.0
11684,mlhostd,0.0,0.1436233520507812,0.0,0.14452743530273432,50,1007.0,378.0,224.0,1.0
11204,MTLCompilerService,0.0,0.0333786010742187,0.0,0.03340148925781246,50,1007.0,378.0,224.0,1.0
9909,com.apple.geod,0.0,0.0881195068359375,0.004,0.09388351440429683,50,1007.0,378.0,224.0,1.0
9946,extensionkitservice,0.0,0.0797271728515625,0.0,0.08034324645996094,100,1007.0,378.0,224.0,1.0
9947,networkserviceproxy,0.0,0.1506805419921875,0.0,0.1554603576660156,50,1007.0,378.0,224.0,1.0
9963,swtransparencyd,0.0,0.0707626342773437,0.0,0.08174896240234374,50,1007.0,378.0,224.0,1.0
9964,CloudTelemetryService,0.0,0.0576019287109375,0.0,0.06444135050135331,127,1007.0,378.0,224.0,1.0
9982,contentlinkingd,0.0,0.0772476196289062,0.0,0.08146667480468746,50,1007.0,378.0,224.0,1.0
10001,AppPredictionIntentsHelperService,0.0,0.1634597778320312,0.0,0.16557312011718747,50,1007.0,378.0,224.0,1.0
10009,com.apple.accessibility.mediaaccessibilityd,0.0,0.0261306762695312,0.0,0.0261306762695312,50,1007.0,378.0,224.0,1.0
10010,AudioComponentRegistrar,0.0,0.042724609375,0.004,0.04845809936523434,50,1007.0,378.0,224.0,1.0
10015,linkd,0.0,0.0791549682617187,0.0,0.07984924316406244,50,1007.0,378.0,224.0,1.0
10115,iconservicesagent,0.0,0.0902175903320312,0.0,0.0902175903320312,50,1007.0,378.0,224.0,1.0
10122,SAExtensionOrchestrator,0.0,0.1125335693359375,0.0,0.1125335693359375,50,1007.0,378.0,224.0,1.0
10123,extensionkitservice,0.0,0.0789642333984375,0.0,0.08034324645996094,100,1007.0,378.0,224.0,1.0
10124,GMSSELFIngestor,0.0,0.0974655151367187,0.0,0.0974655151367187,50,1007.0,378.0,224.0,1.0
10125,IFTranscriptSELFIngestor,0.0,0.086212158203125,0.0,0.086212158203125,50,1007.0,378.0,224.0,1.0
10126,IFTelemetrySELFIngestor,0.0,0.0825881958007812,0.0,0.0825881958007812,50,1007.0,378.0,224.0,1.0
10127,BiomeSELFIngestor,0.0,0.0879287719726562,0.0,0.0879287719726562,50,1007.0,378.0,224.0,1.0
10204,CoreServicesUIAgent,0.0,0.1987457275390625,0.004,0.19499969482421872,50,1007.0,378.0,224.0,1.0
10209,Code Helper (Plugin),0.0,0.4817962646484375,0.041,0.5363956451416015,500,1007.0,378.0,224.0,1.0
10211,Code Helper (Plugin),0.1,0.4442214965820312,0.041,0.5363956451416015,500,1007.0,378.0,224.0,1.0
10212,Code Helper (Plugin),0.0,0.4770278930664062,0.041,0.5363956451416015,500,1007.0,378.0,224.0,1.0
10213,Code Helper (Plugin),0.0,0.4766464233398437,0.041,0.5363956451416015,500,1007.0,378.0,224.0,1.0
10215,Code Helper (Plugin),0.0,0.4400253295898437,0.041,0.5363956451416015,500,1007.0,378.0,224.0,1.0
10481,Google Chrome Helper (Renderer),0.0,0.9126663208007812,0.647816091954023,1.1122661897505837,435,1007.0,378.0,224.0,1.0
10558,pbs,0.0,0.031280517578125,0.002,0.031276702880859375,50,1007.0,378.0,224.0,1.0
9891,AssetCacheLocatorService,0.0,0.0387191772460937,0.0,0.04087829589843746,50,1007.0,378.0,224.0,1.0
10490,talagentd,0.0,0.1453399658203125,0.002,0.14520263671874997,50,1007.0,378.0,224.0,1.0
3033,Code Helper,0.0,0.4049301147460937,0.32371428571428573,0.48915318080357145,350,1007.0,378.0,224.0,1.0
2913,Code Helper,0.4,0.5868911743164062,0.32371428571428573,0.48915318080357145,350,1007.0,378.0,224.0,1.0
609,identityservicesd,0.0,0.1697540283203125,0.012,0.20082092285156247,50,1007.0,378.0,224.0,1.0
615,corespeechd,0.0,0.1638412475585937,0.09799999999999999,0.18834686279296872,50,1007.0,378.0,224.0,1.0
616,assistantd,0.0,0.1783370971679687,0.004,0.23475265502929685,50,1007.0,378.0,224.0,1.0
623,WallpaperImageExtension,0.0,0.0654220581054687,0.0,0.07489013671874994,50,1007.0,378.0,224.0,1.0
639,sharingd,0.0,0.1272201538085937,0.002,0.14010620117187497,50,1007.0,378.0,224.0,1.0
641,usernoted,0.0,0.1245498657226562,0.02,0.15933227539062497,50,1007.0,378.0,224.0,1.0
642,neagent,0.0,0.1068115234375,0.0,0.1076812744140625,50,1007.0,378.0,224.0,1.0
643,useractivityd,0.0,0.08544921875,0.008,0.08467864990234374,50,1007.0,378.0,224.0,1.0
644,com.apple.dock.extra,0.0,0.2422332763671875,0.048,0.17804336547851562,50,1007.0,378.0,224.0,1.0
646,NotificationCenter,0.0,0.20751953125,0.024000000000000004,0.24862670898437497,50,1007.0,378.0,224.0,1.0
649,milod,0.0,0.0820159912109375,0.0,0.08232498168945312,50,1007.0,378.0,224.0,1.0
606,fontworker,0.0,0.0581741333007812,0.0,0.05817031860351558,50,1007.0,378.0,224.0,1.0
650,familycircled,0.0,0.0677108764648437,0.0,0.06789016723632807,50,1007.0,378.0,224.0,1.0
666,ContextStoreAgent,0.0,0.1918792724609375,0.11199999999999999,0.1729774475097656,50,1007.0,378.0,224.0,1.0
668,BiomeAgent,0.5,0.1428604125976562,0.126,0.1340827941894531,50,1007.0,378.0,224.0,1.0
670,imklaunchagent,0.0,0.0619888305664062,0.0,0.06198501586914058,50,1007.0,378.0,224.0,1.0
673,icdd,0.0,0.0349044799804687,0.0,0.034900665283203076,50,1007.0,378.0,224.0,1.0
680,AirPlayUIAgent,0.0,0.1028060913085937,0.004,0.09934997558593746,50,1007.0,378.0,224.0,1.0
683,imagent,0.0,0.1132965087890625,0.008,0.13217163085937497,50,1007.0,378.0,224.0,1.0
685,diagnostics_agent,0.0,0.0865936279296875,0.002,0.09417724609374996,50,1007.0,378.0,224.0,1.0
686,TextInputMenuAgent,0.0,0.1546859741210937,0.008,0.16139221191406247,50,1007.0,378.0,224.0,1.0
688,Grammarly Desktop Helper,0.0,0.0885009765625,0.002,0.10088729858398436,50,1007.0,378.0,224.0,1.0
699,com.apple.CloudDocs.iCloudDriveFileProvider,0.0,0.086212158203125,0.008,0.09911346435546875,50,1007.0,378.0,224.0,1.0
704,ctkahp,0.0,0.037384033203125,0.0,0.037380218505859375,50,1007.0,378.0,224.0,1.0
651,StatusKitAgent,0.0,0.0787734985351562,0.0,0.07876968383789057,50,1007.0,378.0,224.0,1.0
707,WiFiAgent,0.0,0.1707077026367187,0.114,0.16522979736328122,50,1007.0,378.0,224.0,1.0
605,ContinuityCaptureAgent,0.0,0.0761032104492187,0.0,0.0761032104492187,50,1007.0,378.0,224.0,1.0
602,fileproviderd,0.2,0.1394271850585937,0.21200000000000002,0.1446113586425781,50,1007.0,378.0,224.0,1.0
3034,Code Helper (Plugin),0.1,0.9731292724609376,0.041,0.5363956451416015,500,1007.0,378.0,224.0,1.0
376,loginwindow,0.0,0.1836776733398437,0.008,0.24020385742187497,50,1007.0,378.0,224.0,1.0
543,distnoted,0.0,0.0478744506835937,0.028000000000000004,0.05070495605468747,50,1007.0,378.0,224.0,1.0
544,cfprefsd,0.3,0.0547409057617187,0.066,0.05707931518554685,50,1007.0,378.0,224.0,1.0
549,UserEventAgent,0.0,0.0925064086914062,0.013999999999999999,0.10488891601562496,50,1007.0,378.0,224.0,1.0
553,WindowManager,0.0,0.2668380737304687,0.11200000000000002,0.24517440795898435,50,1007.0,378.0,224.0,1.0
557,universalaccessd,0.0,0.1012802124023437,0.006000000000000001,0.09207916259765624,50,1007.0,378.0,224.0,1.0
559,Dock,0.0,0.220489501953125,0.076,0.20318603515624997,50,1007.0,378.0,224.0,1.0
560,ControlCenter,0.5,0.40130615234375,0.5379999999999999,0.41684722900390625,50,1007.0,378.0,224.0,1.0
561,pboard,0.0,0.075531005859375,0.002,0.09132385253906246,50,1007.0,378.0,224.0,1.0
562,SystemUIServer,0.0,0.1499176025390625,0.006,0.13476562499999997,50,1007.0,378.0,224.0,1.0
604,AMPDeviceDiscoveryAgent,0.0,0.045013427734375,0.0,0.051746368408203104,50,1007.0,378.0,224.0,1.0
564,Finder,0.3,0.3496170043945312,0.07400000000000001,0.4227867126464844,50,1007.0,378.0,224.0,1.0
568,AXVisualSupportAgent,3.3,0.1638412475585937,0.6920000000000001,0.16974639892578122,50,1007.0,378.0,224.0,1.0
575,rapportd,0.0,0.1092910766601562,0.002,0.1259346008300781,50,1007.0,378.0,224.0,1.0
578,secd,0.0,0.1333236694335937,0.006000000000000001,0.15089416503906247,50,1007.0,378.0,224.0,1.0
580,trustd,0.0,0.1140594482421875,0.04,0.11620330810546871,50,1007.0,378.0,224.0,1.0
583,WallpaperAgent,0.0,0.1811981201171875,0.004,0.1629066467285156,50,1007.0,378.0,224.0,1.0
587,com.apple.hiservices-xpcservice,0.0,0.0398635864257812,0.01,0.03719711303710933,50,1007.0,378.0,224.0,1.0
589,sharedfilelistd,0.0,0.0673294067382812,0.0,0.08721542358398436,50,1007.0,378.0,224.0,1.0
590,containermanagerd,0.0,0.0459671020507812,0.012,0.04875946044921871,50,1007.0,378.0,224.0,1.0
591,usernotificationsd,0.0,0.0802993774414062,0.008,0.09786605834960933,50,1007.0,378.0,224.0,1.0
596,callservicesd,0.0,0.15716552734375,0.006000000000000001,0.17979049682617185,50,1007.0,378.0,224.0,1.0
600,fontd,0.0,0.0890731811523437,0.002,0.06991577148437499,50,1007.0,378.0,224.0,1.0
567,lsd,0.1,0.1092910766601562,0.012,0.11196517944335933,50,1007.0,378.0,224.0,1.0
709,nsurlsessiond,0.0,0.12359619140625,0.032,0.1256752014160156,50,1007.0,378.0,224.0,1.0
608,ViewBridgeAuxiliary,0.0,0.0932693481445312,0.014000000000000002,0.08618545532226561,50,1007.0,378.0,224.0,1.0
714,CursorUIViewService,0.0,0.1676559448242187,0.07400000000000001,0.15747833251953122,50,1007.0,378.0,224.0,1.0
931,com.apple.WebKit.WebContent,0.2,0.7703781127929688,0.2837142857142857,0.5284216744559151,350,1007.0,378.0,224.0,1.0
932,com.apple.WebKit.WebContent,0.1,0.3917694091796875,0.2837142857142857,0.5284216744559151,350,1007.0,378.0,224.0,1.0
957,Google Chrome,0.8,2.338218688964844,1.324,2.2691001892089844,50,1007.0,378.0,224.0,1.0
960,chrome_crashpad_handler,0.0,0.0188827514648437,0.0,0.019365310668945288,100,1007.0,378.0,224.0,1.0
961,voicebankingd,0.0,0.0722885131835937,0.0,0.07259750366210932,50,1007.0,378.0,224.0,1.0
963,Google Chrome Helper,0.1,0.782012939453125,0.6,0.42389755249023436,250,1007.0,378.0,224.0,1.0
964,Google Chrome Helper,0.0,0.6567001342773438,0.6,0.42389755249023436,250,1007.0,378.0,224.0,1.0
966,Google Chrome Helper,0.1,0.2130508422851562,0.6,0.42389755249023436,250,1007.0,378.0,224.0,1.0
1015,Google Chrome Helper,0.0,0.1522064208984375,0.6,0.42389755249023436,250,1007.0,378.0,224.0,1.0
1052,spotlightknowledged,0.0,0.0352859497070312,0.0,0.04377672749180943,62,1007.0,378.0,224.0,1.0
1191,storeaccountd,0.0,0.0658035278320312,0.0,0.06579971313476557,50,1007.0,378.0,224.0,1.0
1474,IMAutomaticHistoryDeletionAgent,0.0,0.0732421875,0.0,0.08300018310546874,50,1007.0,378.0,224.0,1.0
1718,ServiceExtension,0.0,0.142669677734375,0.0,0.142669677734375,50,1007.0,378.0,224.0,1.0
2095,com.apple.WebKit.WebContent,0.0,0.1667022705078125,0.2837142857142857,0.5284216744559151,350,1007.0,378.0,224.0,1.0
2096,com.apple.WebKit.WebContent,0.0,0.5853652954101562,0.2837142857142857,0.5284216744559151,350,1007.0,378.0,224.0,1.0
2641,Google Chrome Helper (Renderer),0.0,0.589752197265625,0.647816091954023,1.1122661897505837,435,1007.0,378.0,224.0,1.0
2672,Google Chrome Helper (Renderer),0.1,3.153038024902344,0.647816091954023,1.1122661897505837,435,1007.0,378.0,224.0,1.0
2826,Code,7.9,1.5676498413085938,1.3619999999999999,1.3807182312011719,50,1007.0,378.0,224.0,1.0
2832,chrome_crashpad_handler,0.0,0.0194549560546875,0.0,0.019365310668945288,100,1007.0,378.0,224.0,1.0
2833,Code Helper,9.6,0.8426666259765625,0.32371428571428573,0.48915318080357145,350,1007.0,378.0,224.0,1.0
2834,Code Helper,0.0,0.357818603515625,0.32371428571428573,0.48915318080357145,350,1007.0,378.0,224.0,1.0
2835,Code Helper (Renderer),17.8,3.9703369140625,3.5780000000000003,3.886066436767578,50,1007.0,378.0,224.0,1.0
2852,Code Helper,0.0,1.079559326171875,0.32371428571428573,0.48915318080357145,350,1007.0,378.0,224.0,1.0
2878,Code Helper,0.0,0.3637313842773437,0.32371428571428573,0.48915318080357145,350,1007.0,378.0,224.0,1.0
713,Spotlight,0.1,0.24261474609375,0.05,0.27865600585937494,50,1007.0,378.0,224.0,1.0
930,com.apple.WebKit.WebContent,0.0,0.22125244140625,0.2837142857142857,0.5284216744559151,350,1007.0,378.0,224.0,1.0
926,peopled,0.0,0.086212158203125,0.0,0.08623886108398438,50,1007.0,378.0,224.0,1.0
2880,Code Helper,0.0,0.1409530639648437,0.32371428571428573,0.48915318080357145,350,1007.0,378.0,224.0,1.0
716,PAH_Extension,0.0,0.1171112060546875,0.014000000000000002,0.11199188232421874,50,1007.0,378.0,224.0,1.0
717,OneDrive,0.0,0.3263473510742187,0.032,0.36077880859375,50,1007.0,378.0,224.0,1.0
718,corespotlightd,0.0,0.1651763916015625,0.012,0.15357208251953122,50,1007.0,378.0,224.0,1.0
722,duetexpertd,3.6,0.2307891845703125,0.09,0.26060485839843744,50,1007.0,378.0,224.0,1.0
730,Spotify,0.2,0.9326934814453124,0.5479999999999999,1.0496597290039062,50,1007.0,378.0,224.0,1.0
733,homed,0.0,0.110626220703125,0.0,0.1302070617675781,50,1007.0,378.0,224.0,1.0
734,mediaremoteagent,0.0,0.0232696533203125,0.0,0.0232696533203125,50,1007.0,378.0,224.0,1.0
921,Spotify Helper,0.0,0.0940322875976562,0.015600000000000001,0.14564056396484373,250,1007.0,378.0,224.0,1.0
741,avconferenced,0.0,0.067901611328125,0.0,0.06789779663085938,50,1007.0,378.0,224.0,1.0
747,Spotify Helper,0.0,0.2023696899414062,0.015600000000000001,0.14564056396484373,250,1007.0,378.0,224.0,1.0
748,Spotify Helper,0.0,0.2752304077148437,0.015600000000000001,0.14564056396484373,250,1007.0,378.0,224.0,1.0
752,Spotify Helper,0.0,0.0997543334960937,0.015600000000000001,0.14564056396484373,250,1007.0,378.0,224.0,1.0
755,Grammarly Desktop,0.2,0.6805419921875,0.524,0.7150344848632812,50,1007.0,378.0,224.0,1.0
740,Spotify Helper,0.0,0.0383377075195312,0.015600000000000001,0.14564056396484373,250,1007.0,378.0,224.0,1.0
772,com.apple.WebKit.GPU,0.0,0.0507354736328125,0.102,0.09322547912597655,100,1007.0,378.0,224.0,1.0
774,com.apple.WebKit.WebContent,0.0,0.0186920166015625,0.2837142857142857,0.5284216744559151,350,1007.0,378.0,224.0,1.0
776,com.apple.WebKit.Networking,0.0,0.0982284545898437,0.4,0.16855621337890622,100,1007.0,378.0,224.0,1.0
792,commerce,0.0,0.0860214233398437,0.0,0.08901596069335932,50,1007.0,378.0,224.0,1.0
857,Grammarly Desktop Update Service,0.0,0.0944137573242187,0.006000000000000001,0.11079406738281246,50,1007.0,378.0,224.0,1.0
873,mdbulkimport,0.0,0.0713348388671875,0.0,0.07133102416992188,50,1007.0,378.0,224.0,1.0
898,OneDrive Sync Service,0.0,0.1842498779296875,0.004,0.21224594116210935,50,1007.0,378.0,224.0,1.0
913,app_inkwell,0.1,0.2923965454101562,0.94,0.29593276977539057,50,1007.0,378.0,224.0,1.0
916,com.apple.WebKit.WebContent,0.0,1.7004013061523438,0.2837142857142857,0.5284216744559151,350,1007.0,378.0,224.0,1.0
918,com.apple.WebKit.GPU,0.2,0.2294540405273437,0.102,0.09322547912597655,100,1007.0,378.0,224.0,1.0
919,com.apple.WebKit.Networking,0.0,0.1714706420898437,0.4,0.16855621337890622,100,1007.0,378.0,224.0,1.0
768,Spotify Helper (Renderer),0.0,0.2740859985351562,0.044000000000000004,0.4534873962402344,50,1007.0,378.0,224.0,1.0
9272,mbuseragent,0.0,0.0368118286132812,0.0,0.036808013916015576,50,1007.0,378.0,224.0,1.0
9271,mdwrite,0.0,0.0329971313476562,0.0,0.032993316650390576,50,1007.0,378.0,224.0,1.0
9223,mapssyncd,0.0,0.0917434692382812,0.0,0.09173965454101557,50,1007.0,378.0,224.0,1.0
9205,IntelligencePlatformComputeService,0.0,0.0879287719726562,0.0,0.0879287719726562,50,1007.0,378.0,224.0,1.0
9086,knowledge-agent,0.0,0.1245498657226562,0.004,0.13211822509765622,50,1007.0,378.0,224.0,1.0
9134,ScreenTimeAgent,0.0,0.0921249389648437,0.0,0.10361862182617183,50,1007.0,378.0,224.0,1.0
9101,bird,0.0,0.1070022583007812,0.04800000000000001,0.12118530273437494,50,1007.0,378.0,224.0,1.0
9095,calaccessd,0.0,0.1443862915039062,0.002,0.15127944946289057,50,1007.0,378.0,224.0,1.0
9088,contactsd,0.0,0.0841140747070312,0.008,0.09849548339843746,50,1007.0,378.0,224.0,1.0
9138,siriactionsd,0.0,0.1270294189453125,0.004,0.14521408081054685,50,1007.0,378.0,224.0,1.0
9556,syncdefaultsd,0.0,0.0835418701171875,0.006000000000000001,0.11057662963867186,50,1007.0,378.0,224.0,1.0
9879,Siri,0.0,0.156402587890625,0.016,0.1504554748535156,50,1007.0,378.0,224.0,1.0
9575,akd,0.0,0.2033233642578125,0.002,0.2174873352050781,50,1007.0,378.0,224.0,1.0
9577,CloudTelemetryService,0.0,0.0553131103515625,0.0,0.06444135050135331,127,1007.0,378.0,224.0,1.0
9649,suggestd,0.0,0.1546859741210937,0.002,0.15771484374999997,50,1007.0,378.0,224.0,1.0
9681,AppleSpell,0.0,0.1306533813476562,0.0,0.13717651367187494,50,1007.0,378.0,224.0,1.0
9682,keyboardservicesd,0.0,0.0820159912109375,0.0,0.0876617431640625,50,1007.0,378.0,224.0,1.0
9742,promotedcontentd,0.0,0.10986328125,0.002,0.11449813842773438,50,1007.0,378.0,224.0,1.0
9754,ctkd,0.0,0.07781982421875,0.0,0.08569717407226562,50,1007.0,378.0,224.0,1.0
9762,coreauthd,0.0,0.0875473022460937,0.0,0.09390640258789058,50,1007.0,378.0,224.0,1.0
9829,transparencyd,0.0,0.1678466796875,0.018000000000000002,0.21265792846679685,50,1007.0,378.0,224.0,1.0
9845,intelligentroutingd,0.0,0.0883102416992187,0.0,0.0883407592773437,50,1007.0,378.0,224.0,1.0
9847,UIKitSystem,0.0,0.1695632934570312,0.002,0.17118835449218742,50,1007.0,378.0,224.0,1.0
9069,searchpartyuseragent,0.0,0.1287460327148437,0.002,0.13115692138671872,50,1007.0,378.0,224.0,1.0
9572,proactived,0.0,0.1440048217773437,0.02,0.1299476623535156,50,1007.0,378.0,224.0,1.0
9053,cloudd,0.0,0.1615524291992187,0.016,0.2035255432128906,50,1007.0,378.0,224.0,1.0
8328,Google Chrome Helper (Renderer),0.0,0.4795074462890625,0.647816091954023,1.1122661897505837,435,1007.0,378.0,224.0,1.0
9040,triald,0.0,0.113677978515625,0.0,0.12915039062499997,50,1007.0,378.0,224.0,1.0
3063,zsh,0.0,0.0047683715820312,0.0,0.009178644112447462,253,1007.0,378.0,224.0,1.0
4030,pet,0.0,0.0217437744140625,0.02,0.02233123779296875,50,1007.0,378.0,224.0,1.0
4037,zsh,0.0,0.0043869018554687,0.0,0.009178644112447462,253,1007.0,378.0,224.0,1.0
4143,Code Helper (Plugin),0.0,0.1958847045898437,0.041,0.5363956451416015,500,1007.0,378.0,224.0,1.0
4194,Code Helper (Plugin),0.0,0.7921218872070312,0.041,0.5363956451416015,500,1007.0,378.0,224.0,1.0
5379,Code Helper (Plugin),0.0,0.2176284790039062,0.041,0.5363956451416015,500,1007.0,378.0,224.0,1.0
5384,zsh,0.0,0.0043869018554687,0.0,0.009178644112447462,253,1007.0,378.0,224.0,1.0
5761,zsh,0.0,0.0131607055664062,0.0,0.009178644112447462,253,1007.0,378.0,224.0,1.0
6986,accountsd,0.0,0.1604080200195312,0.0,0.1851234436035156,50,1007.0,378.0,224.0,1.0
8323,Google Chrome Helper (Renderer),0.0,0.6444931030273438,0.647816091954023,1.1122661897505837,435,1007.0,378.0,224.0,1.0
8324,Google Chrome Helper (Renderer),0.0,0.2552032470703125,0.647816091954023,1.1122661897505837,435,1007.0,378.0,224.0,1.0
9049,tccd,0.0,0.0925064086914062,0.0,0.10362243652343744,50,1007.0,378.0,224.0,1.0
8325,Google Chrome Helper (Renderer),0.0,0.35247802734375,0.647816091954023,1.1122661897505837,435,1007.0,378.0,224.0,1.0
8335,WorldClockWidget,0.0,0.2202987670898437,0.0,0.22029876708984367,50,1007.0,378.0,224.0,1.0
8336,CalendarWidgetExtension,0.0,0.1031875610351562,0.0,0.1031875610351562,50,1007.0,378.0,224.0,1.0
8337,WeatherWidget,0.0,0.36163330078125,0.0,0.3655509948730469,50,1007.0,378.0,224.0,1.0
8339,StocksWidget,0.0,0.3248214721679687,0.0,0.3267478942871093,50,1007.0,378.0,224.0,1.0
8340,ScreenTimeWidgetExtension,0.0,0.3156661987304687,0.0,0.3311538696289062,50,1007.0,378.0,224.0,1.0
8351,Google Chrome Helper,0.0,0.1779556274414062,0.6,0.42389755249023436,250,1007.0,378.0,224.0,1.0
8396,audioaccessoryd,0.0,0.09918212890625,0.0,0.10800170898437496,50,1007.0,378.0,224.0,1.0
8410,routined,0.0,0.208282470703125,0.034,0.19092559814453122,50,1007.0,378.0,224.0,1.0
8666,Google Chrome Helper (Renderer),0.0,0.3129959106445312,0.647816091954023,1.1122661897505837,435,1007.0,378.0,224.0,1.0
9000,PowerChime,0.0,0.139617919921875,0.008,0.14000701904296872,50,1007.0,378.0,224.0,1.0
9032,secinitd,0.0,0.0652313232421875,0.0,0.06522750854492188,50,1007.0,378.0,224.0,1.0
8326,chronod,0.0,0.1413345336914062,0.01,0.15725708007812497,50,1007.0,378.0,224.0,1.0
13120,mdworker_shared,0.0,0.1649856567382812,0.02153846153846154,0.19098232953976357,195,1007.0,378.0,224.0,1.0
3045,Code Helper (Plugin),0.0,0.2443313598632812,0.041,0.5363956451416015,500,1007.0,378.0,224.0,1.0
9901,pkd,0.0,0.096893310546875,0.002,0.10622024536132811,50,1007.0,378.0,224.0,1.0
12774,businessservicesd,0.0,0.0743865966796875,0.0,0.081024169921875,50,1007.0,378.0,224.0,1.0
12775,MessagesBlastDoorService,0.0,0.0041961669921875,0.0,0.05239105224609375,50,1007.0,378.0,224.0,1.0
12776,feedbackd,0.0,0.0751495361328125,0.0,0.078704833984375,50,1007.0,378.0,224.0,1.0
12777,ProtectedCloudKeySyncing,0.0,0.0835418701171875,0.0,0.09304428100585938,50,1007.0,378.0,224.0,1.0
12779,gamecontrolleragentd,0.0,0.0593185424804687,0.002,0.060253143310546854,50,1007.0,378.0,224.0,1.0
12806,python3.12,0.8,0.1737594604492187,0.46153846153846156,0.1703031770475618,91,1007.0,378.0,224.0,1.0
12815,zsh,0.0,0.0156402587890625,0.0,0.009178644112447462,253,1007.0,378.0,224.0,1.0
12959,ndoagent,0.0,0.0753402709960937,0.0,0.0754165649414062,50,1007.0,378.0,224.0,1.0
12963,replayd,0.0,0.2178192138671875,0.0,0.21639064866669325,49,1007.0,378.0,224.0,1.0
13000,python3.12,0.0,0.1581192016601562,0.46153846153846156,0.1703031770475618,91,1007.0,378.0,224.0,1.0
13025,com.apple.siri.embeddedspeech,0.0,0.0905990600585937,0.03142857142857143,0.17331804547991067,35,1007.0,378.0,224.0,1.0
11684,mlhostd,0.0,0.1436233520507812,0.0,0.14452743530273432,50,1007.0,378.0,224.0,1.0
13036,CommCenter,0.0,0.2643585205078125,0.006000000000000001,0.23591232299804685,50,1007.0,378.0,224.0,1.0
13043,Keychain Circle Notification,0.0,0.2016067504882812,0.044000000000000004,0.18328857421874997,50,1007.0,378.0,224.0,1.0
13073,Google Chrome Helper (Renderer),0.1,1.7436981201171875,0.647816091954023,1.1122661897505837,435,1007.0,378.0,224.0,1.0
13074,mdworker_shared,0.0,0.2124786376953125,0.02153846153846154,0.19098232953976357,195,1007.0,378.0,224.0,1.0
13106,mdworker_shared,0.0,0.19073486328125,0.02153846153846154,0.19098232953976357,195,1007.0,378.0,224.0,1.0
13107,mdworker_shared,0.0,0.185394287109375,0.02153846153846154,0.19098232953976357,195,1007.0,378.0,224.0,1.0
13108,mdworker_shared,0.0,0.1750946044921875,0.02153846153846154,0.19098232953976357,195,1007.0,378.0,224.0,1.0
13109,mdworker_shared,0.0,0.1926422119140625,0.02153846153846154,0.19098232953976357,195,1007.0,378.0,224.0,1.0
13110,mdworker_shared,0.0,0.1699447631835937,0.02153846153846154,0.19098232953976357,195,1007.0,378.0,224.0,1.0
13111,mdworker_shared,0.0,0.1926422119140625,0.02153846153846154,0.19098232953976357,195,1007.0,378.0,224.0,1.0
13112,mdworker_shared,0.0,0.19073486328125,0.02153846153846154,0.19098232953976357,195,1007.0,378.0,224.0,1.0
13113,mdworker_shared,0.0,0.1710891723632812,0.02153846153846154,0.19098232953976357,195,1007.0,378.0,224.0,1.0
13037,CoreLocationAgent,0.0,0.5132675170898438,0.00425531914893617,0.4036964254176363,47,1007.0,378.0,224.0,1.0
11204,MTLCompilerService,0.0,0.0333786010742187,0.0,0.03340148925781246,50,1007.0,378.0,224.0,1.0
10558,pbs,0.0,0.031280517578125,0.002,0.031276702880859375,50,1007.0,378.0,224.0,1.0
10490,talagentd,0.0,0.1453399658203125,0.002,0.14520263671874997,50,1007.0,378.0,224.0,1.0
9909,com.apple.geod,0.0,0.0881195068359375,0.004,0.09388351440429683,50,1007.0,378.0,224.0,1.0
9946,extensionkitservice,0.0,0.0797271728515625,0.0,0.08034324645996094,100,1007.0,378.0,224.0,1.0
9947,networkserviceproxy,0.0,0.1506805419921875,0.0,0.1554603576660156,50,1007.0,378.0,224.0,1.0
9963,swtransparencyd,0.0,0.0707626342773437,0.0,0.08174896240234374,50,1007.0,378.0,224.0,1.0
9964,CloudTelemetryService,0.0,0.0576019287109375,0.0,0.06444135050135331,127,1007.0,378.0,224.0,1.0
9982,contentlinkingd,0.0,0.0772476196289062,0.0,0.08146667480468746,50,1007.0,378.0,224.0,1.0
10001,AppPredictionIntentsHelperService,0.0,0.1634597778320312,0.0,0.16557312011718747,50,1007.0,378.0,224.0,1.0
10009,com.apple.accessibility.mediaaccessibilityd,0.0,0.0261306762695312,0.0,0.0261306762695312,50,1007.0,378.0,224.0,1.0
10010,AudioComponentRegistrar,0.0,0.042724609375,0.004,0.04845809936523434,50,1007.0,378.0,224.0,1.0
10015,linkd,0.0,0.0791549682617187,0.0,0.07984924316406244,50,1007.0,378.0,224.0,1.0
10115,iconservicesagent,0.0,0.0902175903320312,0.0,0.0902175903320312,50,1007.0,378.0,224.0,1.0
10121,com.apple.Safari.SafeBrowsing.Service,0.0,0.0743865966796875,0.0,0.07349395751953124,50,1007.0,378.0,224.0,1.0
10122,SAExtensionOrchestrator,0.0,0.1125335693359375,0.0,0.1125335693359375,50,1007.0,378.0,224.0,1.0
10123,extensionkitservice,0.0,0.0789642333984375,0.0,0.08034324645996094,100,1007.0,378.0,224.0,1.0
10124,GMSSELFIngestor,0.0,0.0974655151367187,0.0,0.0974655151367187,50,1007.0,378.0,224.0,1.0
10125,IFTranscriptSELFIngestor,0.0,0.086212158203125,0.0,0.086212158203125,50,1007.0,378.0,224.0,1.0
10126,IFTelemetrySELFIngestor,0.0,0.0825881958007812,0.0,0.0825881958007812,50,1007.0,378.0,224.0,1.0
10127,BiomeSELFIngestor,0.0,0.0879287719726562,0.0,0.0879287719726562,50,1007.0,378.0,224.0,1.0
10204,CoreServicesUIAgent,0.0,0.1987457275390625,0.004,0.19499969482421872,50,1007.0,378.0,224.0,1.0
10209,Code Helper (Plugin),0.0,0.4835128784179687,0.041,0.5363956451416015,500,1007.0,378.0,224.0,1.0
10211,Code Helper (Plugin),0.0,0.4453659057617187,0.041,0.5363956451416015,500,1007.0,378.0,224.0,1.0
10212,Code Helper (Plugin),0.0,0.4770278930664062,0.041,0.5363956451416015,500,1007.0,378.0,224.0,1.0
10213,Code Helper (Plugin),0.0,0.4766464233398437,0.041,0.5363956451416015,500,1007.0,378.0,224.0,1.0
10215,Code Helper (Plugin),0.0,0.4400253295898437,0.041,0.5363956451416015,500,1007.0,378.0,224.0,1.0
10481,Google Chrome Helper (Renderer),0.0,1.0059356689453125,0.647816091954023,1.1122661897505837,435,1007.0,378.0,224.0,1.0
9891,AssetCacheLocatorService,0.0,0.0387191772460937,0.0,0.04087829589843746,50,1007.0,378.0,224.0,1.0
3034,Code Helper (Plugin),0.1,0.9738922119140624,0.041,0.5363956451416015,500,1007.0,378.0,224.0,1.0
9888,SiriNCService,0.0,0.1522064208984375,0.008,0.15225982666015622,50,1007.0,378.0,224.0,1.0
2913,Code Helper,0.4,0.59051513671875,0.32371428571428573,0.48915318080357145,350,1007.0,378.0,224.0,1.0
609,identityservicesd,0.0,0.1697540283203125,0.012,0.20082092285156247,50,1007.0,378.0,224.0,1.0
615,corespeechd,0.0,0.1638412475585937,0.09799999999999999,0.18834686279296872,50,1007.0,378.0,224.0,1.0
616,assistantd,0.0,0.1783370971679687,0.004,0.23475265502929685,50,1007.0,378.0,224.0,1.0
623,WallpaperImageExtension,0.0,0.0654220581054687,0.0,0.07489013671874994,50,1007.0,378.0,224.0,1.0
639,sharingd,0.0,0.1272201538085937,0.002,0.14010620117187497,50,1007.0,378.0,224.0,1.0
641,usernoted,0.0,0.1245498657226562,0.02,0.15933227539062497,50,1007.0,378.0,224.0,1.0
642,neagent,0.0,0.1068115234375,0.0,0.1076812744140625,50,1007.0,378.0,224.0,1.0
643,useractivityd,0.0,0.0850677490234375,0.008,0.08467864990234374,50,1007.0,378.0,224.0,1.0
644,com.apple.dock.extra,0.0,0.1903533935546875,0.048,0.17804336547851562,50,1007.0,378.0,224.0,1.0
646,NotificationCenter,0.0,0.20751953125,0.024000000000000004,0.24862670898437497,50,1007.0,378.0,224.0,1.0
649,milod,0.0,0.0820159912109375,0.0,0.08232498168945312,50,1007.0,378.0,224.0,1.0
608,ViewBridgeAuxiliary,0.0,0.0926971435546875,0.014000000000000002,0.08618545532226561,50,1007.0,378.0,224.0,1.0
650,familycircled,0.0,0.0677108764648437,0.0,0.06789016723632807,50,1007.0,378.0,224.0,1.0
666,ContextStoreAgent,0.0,0.1909255981445312,0.11199999999999999,0.1729774475097656,50,1007.0,378.0,224.0,1.0
668,BiomeAgent,0.0,0.1462936401367187,0.126,0.1340827941894531,50,1007.0,378.0,224.0,1.0
670,imklaunchagent,0.0,0.0619888305664062,0.0,0.06198501586914058,50,1007.0,378.0,224.0,1.0
673,icdd,0.0,0.0349044799804687,0.0,0.034900665283203076,50,1007.0,378.0,224.0,1.0
680,AirPlayUIAgent,0.0,0.1028060913085937,0.004,0.09934997558593746,50,1007.0,378.0,224.0,1.0
683,imagent,0.0,0.1132965087890625,0.008,0.13217163085937497,50,1007.0,378.0,224.0,1.0
685,diagnostics_agent,0.0,0.0865936279296875,0.002,0.09417724609374996,50,1007.0,378.0,224.0,1.0
686,TextInputMenuAgent,0.0,0.1546859741210937,0.008,0.16139221191406247,50,1007.0,378.0,224.0,1.0
688,Grammarly Desktop Helper,0.0,0.0885009765625,0.002,0.10088729858398436,50,1007.0,378.0,224.0,1.0
699,com.apple.CloudDocs.iCloudDriveFileProvider,0.0,0.086212158203125,0.008,0.09911346435546875,50,1007.0,378.0,224.0,1.0
704,ctkahp,0.0,0.037384033203125,0.0,0.037380218505859375,50,1007.0,378.0,224.0,1.0
651,StatusKitAgent,0.0,0.0787734985351562,0.0,0.07876968383789057,50,1007.0,378.0,224.0,1.0
707,WiFiAgent,0.0,0.1707077026367187,0.114,0.16522979736328122,50,1007.0,378.0,224.0,1.0
606,fontworker,0.0,0.0581741333007812,0.0,0.05817031860351558,50,1007.0,378.0,224.0,1.0
604,AMPDeviceDiscoveryAgent,0.0,0.045013427734375,0.0,0.051746368408203104,50,1007.0,378.0,224.0,1.0
376,loginwindow,0.0,0.1836776733398437,0.008,0.24020385742187497,50,1007.0,378.0,224.0,1.0
543,distnoted,0.0,0.048065185546875,0.028000000000000004,0.05070495605468747,50,1007.0,378.0,224.0,1.0
544,cfprefsd,0.0,0.0574111938476562,0.066,0.05707931518554685,50,1007.0,378.0,224.0,1.0
549,UserEventAgent,0.0,0.0925064086914062,0.013999999999999999,0.10488891601562496,50,1007.0,378.0,224.0,1.0
553,WindowManager,0.0,0.2664566040039062,0.11200000000000002,0.24517440795898435,50,1007.0,378.0,224.0,1.0
557,universalaccessd,0.0,0.1010894775390625,0.006000000000000001,0.09207916259765624,50,1007.0,378.0,224.0,1.0
559,Dock,0.0,0.2199172973632812,0.076,0.20318603515624997,50,1007.0,378.0,224.0,1.0
560,ControlCenter,0.5,0.4049301147460937,0.5379999999999999,0.41684722900390625,50,1007.0,378.0,224.0,1.0
561,pboard,0.0,0.075531005859375,0.002,0.09132385253906246,50,1007.0,378.0,224.0,1.0
562,SystemUIServer,0.0,0.1499176025390625,0.006,0.13476562499999997,50,1007.0,378.0,224.0,1.0
564,Finder,0.1,0.35247802734375,0.07400000000000001,0.4227867126464844,50,1007.0,378.0,224.0,1.0
605,ContinuityCaptureAgent,0.0,0.0761032104492187,0.0,0.0761032104492187,50,1007.0,378.0,224.0,1.0
567,lsd,0.0,0.1104354858398437,0.012,0.11196517944335933,50,1007.0,378.0,224.0,1.0
575,rapportd,0.0,0.1092910766601562,0.002,0.1259346008300781,50,1007.0,378.0,224.0,1.0
578,secd,0.0,0.1333236694335937,0.006000000000000001,0.15089416503906247,50,1007.0,378.0,224.0,1.0
580,trustd,0.0,0.1140594482421875,0.04,0.11620330810546871,50,1007.0,378.0,224.0,1.0
583,WallpaperAgent,0.0,0.1811981201171875,0.004,0.1629066467285156,50,1007.0,378.0,224.0,1.0
587,com.apple.hiservices-xpcservice,0.0,0.0398635864257812,0.01,0.03719711303710933,50,1007.0,378.0,224.0,1.0
589,sharedfilelistd,0.0,0.0673294067382812,0.0,0.08721542358398436,50,1007.0,378.0,224.0,1.0
590,containermanagerd,0.0,0.0459671020507812,0.012,0.04875946044921871,50,1007.0,378.0,224.0,1.0
591,usernotificationsd,0.0,0.0802993774414062,0.008,0.09786605834960933,50,1007.0,378.0,224.0,1.0
596,callservicesd,0.0,0.15716552734375,0.006000000000000001,0.17979049682617185,50,1007.0,378.0,224.0,1.0
600,fontd,0.0,0.0949859619140625,0.002,0.06991577148437499,50,1007.0,378.0,224.0,1.0
602,fileproviderd,0.2,0.1394271850585937,0.21200000000000002,0.1446113586425781,50,1007.0,378.0,224.0,1.0
568,AXVisualSupportAgent,3.3,0.1638412475585937,0.6920000000000001,0.16974639892578122,50,1007.0,378.0,224.0,1.0
709,nsurlsessiond,0.0,0.1232147216796875,0.032,0.1256752014160156,50,1007.0,378.0,224.0,1.0
3033,Code Helper,0.0,0.405120849609375,0.32371428571428573,0.48915318080357145,350,1007.0,378.0,224.0,1.0
714,CursorUIViewService,0.0,0.1678466796875,0.07400000000000001,0.15747833251953122,50,1007.0,378.0,224.0,1.0
932,com.apple.WebKit.WebContent,0.1,0.3911972045898437,0.2837142857142857,0.5284216744559151,350,1007.0,378.0,224.0,1.0
957,Google Chrome,0.9,2.3983001708984375,1.324,2.2691001892089844,50,1007.0,378.0,224.0,1.0
960,chrome_crashpad_handler,0.0,0.0188827514648437,0.0,0.019365310668945288,100,1007.0,378.0,224.0,1.0
961,voicebankingd,0.0,0.0722885131835937,0.0,0.07259750366210932,50,1007.0,378.0,224.0,1.0
963,Google Chrome Helper,0.0,0.783538818359375,0.6,0.42389755249023436,250,1007.0,378.0,224.0,1.0
964,Google Chrome Helper,0.1,0.6658554077148438,0.6,0.42389755249023436,250,1007.0,378.0,224.0,1.0
966,Google Chrome Helper,0.0,0.2183914184570312,0.6,0.42389755249023436,250,1007.0,378.0,224.0,1.0
1015,Google Chrome Helper,0.0,0.1581192016601562,0.6,0.42389755249023436,250,1007.0,378.0,224.0,1.0
1052,spotlightknowledged,0.0,0.0352859497070312,0.0,0.04377672749180943,62,1007.0,378.0,224.0,1.0
713,Spotlight,0.0,0.2437591552734375,0.05,0.27865600585937494,50,1007.0,378.0,224.0,1.0
1474,IMAutomaticHistoryDeletionAgent,0.0,0.0732421875,0.0,0.08300018310546874,50,1007.0,378.0,224.0,1.0
931,com.apple.WebKit.WebContent,0.2,0.771331787109375,0.2837142857142857,0.5284216744559151,350,1007.0,378.0,224.0,1.0
1718,ServiceExtension,0.0,0.142669677734375,0.0,0.142669677734375,50,1007.0,378.0,224.0,1.0
2096,com.apple.WebKit.WebContent,0.0,0.5865097045898438,0.2837142857142857,0.5284216744559151,350,1007.0,378.0,224.0,1.0
2641,Google Chrome Helper (Renderer),0.0,0.634765625,0.647816091954023,1.1122661897505837,435,1007.0,378.0,224.0,1.0
2672,Google Chrome Helper (Renderer),0.1,3.1612396240234375,0.647816091954023,1.1122661897505837,435,1007.0,378.0,224.0,1.0
2826,Code,6.9,1.5705108642578125,1.3619999999999999,1.3807182312011719,50,1007.0,378.0,224.0,1.0
2832,chrome_crashpad_handler,0.0,0.0194549560546875,0.0,0.019365310668945288,100,1007.0,378.0,224.0,1.0
2833,Code Helper,4.9,0.8371353149414062,0.32371428571428573,0.48915318080357145,350,1007.0,378.0,224.0,1.0
2834,Code Helper,0.0,0.3618240356445312,0.32371428571428573,0.48915318080357145,350,1007.0,378.0,224.0,1.0
2835,Code Helper (Renderer),9.7,3.991127014160156,3.5780000000000003,3.886066436767578,50,1007.0,378.0,224.0,1.0
2852,Code Helper,0.0,1.079559326171875,0.32371428571428573,0.48915318080357145,350,1007.0,378.0,224.0,1.0
2878,Code Helper,0.0,0.3641128540039062,0.32371428571428573,0.48915318080357145,350,1007.0,378.0,224.0,1.0
2880,Code Helper,0.0,0.1409530639648437,0.32371428571428573,0.48915318080357145,350,1007.0,378.0,224.0,1.0
2095,com.apple.WebKit.WebContent,0.0,0.1674652099609375,0.2837142857142857,0.5284216744559151,350,1007.0,378.0,224.0,1.0
930,com.apple.WebKit.WebContent,0.0,0.22125244140625,0.2837142857142857,0.5284216744559151,350,1007.0,378.0,224.0,1.0
1191,storeaccountd,0.0,0.0658035278320312,0.0,0.06579971313476557,50,1007.0,378.0,224.0,1.0
921,Spotify Helper,0.0,0.0940322875976562,0.015600000000000001,0.14564056396484373,250,1007.0,378.0,224.0,1.0
926,peopled,0.0,0.086212158203125,0.0,0.08623886108398438,50,1007.0,378.0,224.0,1.0
717,OneDrive,0.0,0.3263473510742187,0.032,0.36077880859375,50,1007.0,378.0,224.0,1.0
718,corespotlightd,0.0,0.1651763916015625,0.012,0.15357208251953122,50,1007.0,378.0,224.0,1.0
722,duetexpertd,0.0,0.2962112426757812,0.09,0.26060485839843744,50,1007.0,378.0,224.0,1.0
730,Spotify,0.7,0.9546279907226562,0.5479999999999999,1.0496597290039062,50,1007.0,378.0,224.0,1.0
733,homed,0.0,0.110626220703125,0.0,0.1302070617675781,50,1007.0,378.0,224.0,1.0
734,mediaremoteagent,0.0,0.0232696533203125,0.0,0.0232696533203125,50,1007.0,378.0,224.0,1.0
740,Spotify Helper,0.0,0.0383377075195312,0.015600000000000001,0.14564056396484373,250,1007.0,378.0,224.0,1.0
741,avconferenced,0.0,0.067901611328125,0.0,0.06789779663085938,50,1007.0,378.0,224.0,1.0
747,Spotify Helper,0.0,0.2023696899414062,0.015600000000000001,0.14564056396484373,250,1007.0,378.0,224.0,1.0
748,Spotify Helper,0.4,0.2752304077148437,0.015600000000000001,0.14564056396484373,250,1007.0,378.0,224.0,1.0
752,Spotify Helper,0.0,0.0997543334960937,0.015600000000000001,0.14564056396484373,250,1007.0,378.0,224.0,1.0
716,PAH_Extension,0.0,0.1171112060546875,0.014000000000000002,0.11199188232421874,50,1007.0,378.0,224.0,1.0
768,Spotify Helper (Renderer),0.0,0.4150390625,0.044000000000000004,0.4534873962402344,50,1007.0,378.0,224.0,1.0
755,Grammarly Desktop,0.1,0.6811141967773438,0.524,0.7150344848632812,50,1007.0,378.0,224.0,1.0
918,com.apple.WebKit.GPU,0.0,0.2262115478515625,0.102,0.09322547912597655,100,1007.0,378.0,224.0,1.0
916,com.apple.WebKit.WebContent,0.0,1.6994476318359375,0.2837142857142857,0.5284216744559151,350,1007.0,378.0,224.0,1.0
913,app_inkwell,0.1,0.2923965454101562,0.94,0.29593276977539057,50,1007.0,378.0,224.0,1.0
898,OneDrive Sync Service,0.0,0.1842498779296875,0.004,0.21224594116210935,50,1007.0,378.0,224.0,1.0
919,com.apple.WebKit.Networking,0.0,0.1708984375,0.4,0.16855621337890622,100,1007.0,378.0,224.0,1.0
857,Grammarly Desktop Update Service,0.0,0.0944137573242187,0.006000000000000001,0.11079406738281246,50,1007.0,378.0,224.0,1.0
792,commerce,0.0,0.0860214233398437,0.0,0.08901596069335932,50,1007.0,378.0,224.0,1.0
776,com.apple.WebKit.Networking,0.0,0.0982284545898437,0.4,0.16855621337890622,100,1007.0,378.0,224.0,1.0
774,com.apple.WebKit.WebContent,0.0,0.0186920166015625,0.2837142857142857,0.5284216744559151,350,1007.0,378.0,224.0,1.0
772,com.apple.WebKit.GPU,0.0,0.0507354736328125,0.102,0.09322547912597655,100,1007.0,378.0,224.0,1.0
873,mdbulkimport,0.0,0.0713348388671875,0.0,0.07133102416992188,50,1007.0,378.0,224.0,1.0
9271,mdwrite,0.0,0.0329971313476562,0.0,0.032993316650390576,50,1007.0,377.0,223.0,1.0
9223,mapssyncd,0.0,0.0917434692382812,0.0,0.09173965454101557,50,1007.0,377.0,223.0,1.0
9205,IntelligencePlatformComputeService,0.0,0.0879287719726562,0.0,0.0879287719726562,50,1007.0,377.0,223.0,1.0
9138,siriactionsd,0.0,0.1270294189453125,0.004,0.14521408081054685,50,1007.0,377.0,223.0,1.0
9101,bird,0.0,0.1070022583007812,0.04800000000000001,0.12118530273437494,50,1007.0,377.0,223.0,1.0
9095,calaccessd,0.0,0.1443862915039062,0.002,0.15127944946289057,50,1007.0,377.0,223.0,1.0
9088,contactsd,0.0,0.0841140747070312,0.008,0.09849548339843746,50,1007.0,377.0,223.0,1.0
9086,knowledge-agent,0.0,0.1245498657226562,0.004,0.13211822509765622,50,1007.0,377.0,223.0,1.0
9272,mbuseragent,0.0,0.0368118286132812,0.0,0.036808013916015576,50,1007.0,377.0,223.0,1.0
9134,ScreenTimeAgent,0.0,0.0921249389648437,0.0,0.10361862182617183,50,1007.0,377.0,223.0,1.0
9556,syncdefaultsd,0.0,0.0835418701171875,0.006000000000000001,0.11057662963867186,50,1007.0,377.0,223.0,1.0
9742,promotedcontentd,0.0,0.10986328125,0.002,0.11449813842773438,50,1007.0,377.0,223.0,1.0
9575,akd,0.0,0.2033233642578125,0.002,0.2174873352050781,50,1007.0,377.0,223.0,1.0
9577,CloudTelemetryService,0.0,0.0553131103515625,0.0,0.06444135050135331,127,1007.0,377.0,223.0,1.0
9649,suggestd,0.0,0.1546859741210937,0.002,0.15771484374999997,50,1007.0,377.0,223.0,1.0
9681,AppleSpell,0.0,0.1306533813476562,0.0,0.13717651367187494,50,1007.0,377.0,223.0,1.0
9682,keyboardservicesd,0.0,0.0820159912109375,0.0,0.0876617431640625,50,1007.0,377.0,223.0,1.0
9754,ctkd,0.0,0.07781982421875,0.0,0.08569717407226562,50,1007.0,377.0,223.0,1.0
9762,coreauthd,0.0,0.0875473022460937,0.0,0.09390640258789058,50,1007.0,377.0,223.0,1.0
9829,transparencyd,0.0,0.1678466796875,0.018000000000000002,0.21265792846679685,50,1007.0,377.0,223.0,1.0
9845,intelligentroutingd,0.0,0.0883102416992187,0.0,0.0883407592773437,50,1007.0,377.0,223.0,1.0
9847,UIKitSystem,0.0,0.1695632934570312,0.002,0.17118835449218742,50,1007.0,377.0,223.0,1.0
9879,Siri,0.0,0.156402587890625,0.016,0.1504554748535156,50,1007.0,377.0,223.0,1.0
9572,proactived,0.0,0.1440048217773437,0.02,0.1299476623535156,50,1007.0,377.0,223.0,1.0
9069,searchpartyuseragent,0.0,0.1293182373046875,0.002,0.13115692138671872,50,1007.0,377.0,223.0,1.0
4030,pet,0.0,0.0217437744140625,0.02,0.02233123779296875,50,1007.0,377.0,223.0,1.0
9049,tccd,0.0,0.0925064086914062,0.0,0.10362243652343744,50,1007.0,377.0,223.0,1.0
9888,SiriNCService,0.0,0.1522064208984375,0.008,0.15225982666015622,50,1007.0,377.0,223.0,1.0
4037,zsh,0.0,0.0043869018554687,0.0,0.009178644112447462,253,1007.0,377.0,223.0,1.0
4143,Code Helper (Plugin),0.0,0.1958847045898437,0.041,0.5363956451416015,500,1007.0,377.0,223.0,1.0
4194,Code Helper (Plugin),0.0,0.7928848266601562,0.041,0.5363956451416015,500,1007.0,377.0,223.0,1.0
5379,Code Helper (Plugin),0.0,0.2176284790039062,0.041,0.5363956451416015,500,1007.0,377.0,223.0,1.0
5384,zsh,0.0,0.0043869018554687,0.0,0.009178644112447462,253,1007.0,377.0,223.0,1.0
5761,zsh,0.0,0.0131607055664062,0.0,0.009178644112447462,253,1007.0,377.0,223.0,1.0
6986,accountsd,0.0,0.1604080200195312,0.0,0.1851234436035156,50,1007.0,377.0,223.0,1.0
8323,Google Chrome Helper (Renderer),0.0,0.7236480712890625,0.647816091954023,1.1122661897505837,435,1007.0,377.0,223.0,1.0
8324,Google Chrome Helper (Renderer),0.0,0.29296875,0.647816091954023,1.1122661897505837,435,1007.0,377.0,223.0,1.0
8325,Google Chrome Helper (Renderer),0.0,0.3889083862304687,0.647816091954023,1.1122661897505837,435,1007.0,377.0,223.0,1.0
8326,chronod,0.0,0.1413345336914062,0.01,0.15725708007812497,50,1007.0,377.0,223.0,1.0
8328,Google Chrome Helper (Renderer),0.0,0.5565643310546875,0.647816091954023,1.1122661897505837,435,1007.0,377.0,223.0,1.0
8335,WorldClockWidget,0.0,0.2202987670898437,0.0,0.22029876708984367,50,1007.0,377.0,223.0,1.0
8336,CalendarWidgetExtension,0.0,0.1031875610351562,0.0,0.1031875610351562,50,1007.0,377.0,223.0,1.0
8337,WeatherWidget,0.0,0.36163330078125,0.0,0.3655509948730469,50,1007.0,377.0,223.0,1.0
8339,StocksWidget,0.0,0.3248214721679687,0.0,0.3267478942871093,50,1007.0,377.0,223.0,1.0
8340,ScreenTimeWidgetExtension,0.0,0.3156661987304687,0.0,0.3311538696289062,50,1007.0,377.0,223.0,1.0
8351,Google Chrome Helper,0.0,0.1779556274414062,0.6,0.42389755249023436,250,1007.0,377.0,223.0,1.0
8396,audioaccessoryd,0.0,0.09918212890625,0.0,0.10800170898437496,50,1007.0,377.0,223.0,1.0
8410,routined,0.0,0.2071380615234375,0.034,0.19092559814453122,50,1007.0,377.0,223.0,1.0
8666,Google Chrome Helper (Renderer),0.0,0.3129959106445312,0.647816091954023,1.1122661897505837,435,1007.0,377.0,223.0,1.0
9000,PowerChime,0.0,0.139617919921875,0.008,0.14000701904296872,50,1007.0,377.0,223.0,1.0
9032,secinitd,0.0,0.0652313232421875,0.0,0.06522750854492188,50,1007.0,377.0,223.0,1.0
9040,triald,0.0,0.113677978515625,0.0,0.12915039062499997,50,1007.0,377.0,223.0,1.0
9053,cloudd,0.0,0.2126693725585937,0.016,0.2035255432128906,50,1007.0,377.0,223.0,1.0
9891,AssetCacheLocatorService,0.0,0.0387191772460937,0.0,0.04087829589843746,50,1007.0,377.0,223.0,1.0
10558,pbs,0.0,0.031280517578125,0.002,0.031276702880859375,50,1007.0,377.0,223.0,1.0
9909,com.apple.geod,0.0,0.0881195068359375,0.004,0.09388351440429683,50,1007.0,377.0,223.0,1.0
12776,feedbackd,0.0,0.0751495361328125,0.0,0.078704833984375,50,1007.0,377.0,223.0,1.0
12777,ProtectedCloudKeySyncing,0.0,0.0835418701171875,0.0,0.09304428100585938,50,1007.0,377.0,223.0,1.0
12779,gamecontrolleragentd,0.0,0.0597000122070312,0.002,0.060253143310546854,50,1007.0,377.0,223.0,1.0
12806,python3.12,0.7,0.1745223999023437,0.46153846153846156,0.1703031770475618,91,1007.0,377.0,223.0,1.0
12815,zsh,0.0,0.0156402587890625,0.0,0.009178644112447462,253,1007.0,377.0,223.0,1.0
12959,ndoagent,0.0,0.0753402709960937,0.0,0.0754165649414062,50,1007.0,377.0,223.0,1.0
12963,replayd,0.0,0.2178192138671875,0.0,0.21639064866669325,49,1007.0,377.0,223.0,1.0
13000,python3.12,0.0,0.1581192016601562,0.46153846153846156,0.1703031770475618,91,1007.0,377.0,223.0,1.0
13025,com.apple.siri.embeddedspeech,0.0,0.0905990600585937,0.03142857142857143,0.17331804547991067,35,1007.0,377.0,223.0,1.0
13036,CommCenter,0.0,0.2643585205078125,0.006000000000000001,0.23591232299804685,50,1007.0,377.0,223.0,1.0
13037,CoreLocationAgent,0.0,0.5132675170898438,0.00425531914893617,0.4036964254176363,47,1007.0,377.0,223.0,1.0
12775,MessagesBlastDoorService,0.0,0.0041961669921875,0.0,0.05239105224609375,50,1007.0,377.0,223.0,1.0
13043,Keychain Circle Notification,0.0,0.2016067504882812,0.044000000000000004,0.18328857421874997,50,1007.0,377.0,223.0,1.0
13074,mdworker_shared,0.0,0.2124786376953125,0.02153846153846154,0.19098232953976357,195,1007.0,377.0,223.0,1.0
13106,mdworker_shared,0.2,0.19073486328125,0.02153846153846154,0.19098232953976357,195,1007.0,377.0,223.0,1.0
13107,mdworker_shared,0.0,0.185394287109375,0.02153846153846154,0.19098232953976357,195,1007.0,377.0,223.0,1.0
13108,mdworker_shared,0.0,0.1750946044921875,0.02153846153846154,0.19098232953976357,195,1007.0,377.0,223.0,1.0
13109,mdworker_shared,0.0,0.1926422119140625,0.02153846153846154,0.19098232953976357,195,1007.0,377.0,223.0,1.0
13110,mdworker_shared,0.0,0.1699447631835937,0.02153846153846154,0.19098232953976357,195,1007.0,377.0,223.0,1.0
13111,mdworker_shared,0.0,0.1926422119140625,0.02153846153846154,0.19098232953976357,195,1007.0,377.0,223.0,1.0
13112,mdworker_shared,0.0,0.19073486328125,0.02153846153846154,0.19098232953976357,195,1007.0,377.0,223.0,1.0
13113,mdworker_shared,0.2,0.1989364624023437,0.02153846153846154,0.19098232953976357,195,1007.0,377.0,223.0,1.0
13120,mdworker_shared,0.0,0.1646041870117187,0.02153846153846154,0.19098232953976357,195,1007.0,377.0,223.0,1.0
3063,zsh,0.0,0.0047683715820312,0.0,0.009178644112447462,253,1007.0,377.0,223.0,1.0
13073,Google Chrome Helper (Renderer),0.0,1.7436981201171875,0.647816091954023,1.1122661897505837,435,1007.0,377.0,223.0,1.0
12774,businessservicesd,0.0,0.0743865966796875,0.0,0.081024169921875,50,1007.0,377.0,223.0,1.0
11684,mlhostd,0.0,0.1436233520507812,0.0,0.14452743530273432,50,1007.0,377.0,223.0,1.0
11204,MTLCompilerService,0.0,0.0333786010742187,0.0,0.03340148925781246,50,1007.0,377.0,223.0,1.0
9946,extensionkitservice,0.0,0.0797271728515625,0.0,0.08034324645996094,100,1007.0,377.0,223.0,1.0
9947,networkserviceproxy,0.0,0.1506805419921875,0.0,0.1554603576660156,50,1007.0,377.0,223.0,1.0
9963,swtransparencyd,0.0,0.0707626342773437,0.0,0.08174896240234374,50,1007.0,377.0,223.0,1.0
9964,CloudTelemetryService,0.0,0.0576019287109375,0.0,0.06444135050135331,127,1007.0,377.0,223.0,1.0
9982,contentlinkingd,0.0,0.0772476196289062,0.0,0.08146667480468746,50,1007.0,377.0,223.0,1.0
10001,AppPredictionIntentsHelperService,0.0,0.1634597778320312,0.0,0.16557312011718747,50,1007.0,377.0,223.0,1.0
10009,com.apple.accessibility.mediaaccessibilityd,0.0,0.0261306762695312,0.0,0.0261306762695312,50,1007.0,377.0,223.0,1.0
10010,AudioComponentRegistrar,0.0,0.042724609375,0.004,0.04845809936523434,50,1007.0,377.0,223.0,1.0
10015,linkd,0.0,0.0791549682617187,0.0,0.07984924316406244,50,1007.0,377.0,223.0,1.0
10115,iconservicesagent,0.0,0.0902175903320312,0.0,0.0902175903320312,50,1007.0,377.0,223.0,1.0
10121,com.apple.Safari.SafeBrowsing.Service,0.0,0.0743865966796875,0.0,0.07349395751953124,50,1007.0,377.0,223.0,1.0
10122,SAExtensionOrchestrator,0.0,0.1125335693359375,0.0,0.1125335693359375,50,1007.0,377.0,223.0,1.0
10123,extensionkitservice,0.0,0.0789642333984375,0.0,0.08034324645996094,100,1007.0,377.0,223.0,1.0
10124,GMSSELFIngestor,0.0,0.0974655151367187,0.0,0.0974655151367187,50,1007.0,377.0,223.0,1.0
10125,IFTranscriptSELFIngestor,0.0,0.086212158203125,0.0,0.086212158203125,50,1007.0,377.0,223.0,1.0
10126,IFTelemetrySELFIngestor,0.0,0.0825881958007812,0.0,0.0825881958007812,50,1007.0,377.0,223.0,1.0
10127,BiomeSELFIngestor,0.0,0.0879287719726562,0.0,0.0879287719726562,50,1007.0,377.0,223.0,1.0
10204,CoreServicesUIAgent,0.0,0.1987457275390625,0.004,0.19499969482421872,50,1007.0,377.0,223.0,1.0
10209,Code Helper (Plugin),0.0,0.4877090454101562,0.041,0.5363956451416015,500,1007.0,377.0,223.0,1.0
10211,Code Helper (Plugin),0.0,0.4453659057617187,0.041,0.5363956451416015,500,1007.0,377.0,223.0,1.0
10212,Code Helper (Plugin),0.0,0.4770278930664062,0.041,0.5363956451416015,500,1007.0,377.0,223.0,1.0
10213,Code Helper (Plugin),0.0,0.4766464233398437,0.041,0.5363956451416015,500,1007.0,377.0,223.0,1.0
10215,Code Helper (Plugin),0.0,0.4400253295898437,0.041,0.5363956451416015,500,1007.0,377.0,223.0,1.0
10481,Google Chrome Helper (Renderer),0.0,1.0082244873046875,0.647816091954023,1.1122661897505837,435,1007.0,377.0,223.0,1.0
10490,talagentd,0.0,0.1453399658203125,0.002,0.14520263671874997,50,1007.0,377.0,223.0,1.0
9901,pkd,0.0,0.096893310546875,0.002,0.10622024536132811,50,1007.0,377.0,223.0,1.0
3045,Code Helper (Plugin),0.0,0.2443313598632812,0.041,0.5363956451416015,500,1007.0,377.0,223.0,1.0
3034,Code Helper (Plugin),0.1,0.9740829467773438,0.041,0.5363956451416015,500,1007.0,377.0,223.0,1.0
3033,Code Helper,0.0,0.4053115844726562,0.32371428571428573,0.48915318080357145,350,1007.0,377.0,223.0,1.0
615,corespeechd,0.0,0.1638412475585937,0.09799999999999999,0.18834686279296872,50,1007.0,377.0,223.0,1.0
616,assistantd,0.0,0.1781463623046875,0.004,0.23475265502929685,50,1007.0,377.0,223.0,1.0
623,WallpaperImageExtension,0.0,0.0654220581054687,0.0,0.07489013671874994,50,1007.0,377.0,223.0,1.0
639,sharingd,0.0,0.1272201538085937,0.002,0.14010620117187497,50,1007.0,377.0,223.0,1.0
641,usernoted,0.0,0.1245498657226562,0.02,0.15933227539062497,50,1007.0,377.0,223.0,1.0
642,neagent,0.0,0.1068115234375,0.0,0.1076812744140625,50,1007.0,377.0,223.0,1.0
643,useractivityd,0.0,0.0850677490234375,0.008,0.08467864990234374,50,1007.0,377.0,223.0,1.0
644,com.apple.dock.extra,0.0,0.1903533935546875,0.048,0.17804336547851562,50,1007.0,377.0,223.0,1.0
646,NotificationCenter,0.0,0.20751953125,0.024000000000000004,0.24862670898437497,50,1007.0,377.0,223.0,1.0
649,milod,0.0,0.0820159912109375,0.0,0.08232498168945312,50,1007.0,377.0,223.0,1.0
650,familycircled,0.0,0.0677108764648437,0.0,0.06789016723632807,50,1007.0,377.0,223.0,1.0
609,identityservicesd,0.0,0.1697540283203125,0.012,0.20082092285156247,50,1007.0,377.0,223.0,1.0
651,StatusKitAgent,0.0,0.0787734985351562,0.0,0.07876968383789057,50,1007.0,377.0,223.0,1.0
668,BiomeAgent,0.0,0.1462936401367187,0.126,0.1340827941894531,50,1007.0,377.0,223.0,1.0
670,imklaunchagent,0.0,0.0619888305664062,0.0,0.06198501586914058,50,1007.0,377.0,223.0,1.0
673,icdd,0.0,0.0349044799804687,0.0,0.034900665283203076,50,1007.0,377.0,223.0,1.0
680,AirPlayUIAgent,0.0,0.1028060913085937,0.004,0.09934997558593746,50,1007.0,377.0,223.0,1.0
683,imagent,0.0,0.1132965087890625,0.008,0.13217163085937497,50,1007.0,377.0,223.0,1.0
685,diagnostics_agent,0.0,0.0865936279296875,0.002,0.09417724609374996,50,1007.0,377.0,223.0,1.0
686,TextInputMenuAgent,0.0,0.1546859741210937,0.008,0.16139221191406247,50,1007.0,377.0,223.0,1.0
688,Grammarly Desktop Helper,0.0,0.0885009765625,0.002,0.10088729858398436,50,1007.0,377.0,223.0,1.0
699,com.apple.CloudDocs.iCloudDriveFileProvider,0.0,0.086212158203125,0.008,0.09911346435546875,50,1007.0,377.0,223.0,1.0
704,ctkahp,0.0,0.037384033203125,0.0,0.037380218505859375,50,1007.0,377.0,223.0,1.0
707,WiFiAgent,0.0,0.1707077026367187,0.114,0.16522979736328122,50,1007.0,377.0,223.0,1.0
666,ContextStoreAgent,0.0,0.1909255981445312,0.11199999999999999,0.1729774475097656,50,1007.0,377.0,223.0,1.0
709,nsurlsessiond,0.0,0.1224517822265625,0.032,0.1256752014160156,50,1007.0,377.0,223.0,1.0
608,ViewBridgeAuxiliary,0.0,0.0926971435546875,0.014000000000000002,0.08618545532226561,50,1007.0,377.0,223.0,1.0
605,ContinuityCaptureAgent,0.0,0.0761032104492187,0.0,0.0761032104492187,50,1007.0,377.0,223.0,1.0
543,distnoted,0.0,0.0484466552734375,0.028000000000000004,0.05070495605468747,50,1007.0,377.0,223.0,1.0
544,cfprefsd,0.3,0.0566482543945312,0.066,0.05707931518554685,50,1007.0,377.0,223.0,1.0
549,UserEventAgent,0.0,0.0925064086914062,0.013999999999999999,0.10488891601562496,50,1007.0,377.0,223.0,1.0
553,WindowManager,0.0,0.2664566040039062,0.11200000000000002,0.24517440795898435,50,1007.0,377.0,223.0,1.0
557,universalaccessd,0.0,0.1010894775390625,0.006000000000000001,0.09207916259765624,50,1007.0,377.0,223.0,1.0
559,Dock,0.0,0.2195358276367187,0.076,0.20318603515624997,50,1007.0,377.0,223.0,1.0
560,ControlCenter,0.4,0.405120849609375,0.5379999999999999,0.41684722900390625,50,1007.0,377.0,223.0,1.0
561,pboard,0.0,0.075531005859375,0.002,0.09132385253906246,50,1007.0,377.0,223.0,1.0
562,SystemUIServer,0.0,0.1499176025390625,0.006,0.13476562499999997,50,1007.0,377.0,223.0,1.0
564,Finder,0.3,0.35247802734375,0.07400000000000001,0.4227867126464844,50,1007.0,377.0,223.0,1.0
567,lsd,0.0,0.10986328125,0.012,0.11196517944335933,50,1007.0,377.0,223.0,1.0
606,fontworker,0.0,0.0581741333007812,0.0,0.05817031860351558,50,1007.0,377.0,223.0,1.0
568,AXVisualSupportAgent,2.9,0.1638412475585937,0.6920000000000001,0.16974639892578122,50,1007.0,377.0,223.0,1.0
578,secd,0.0,0.1333236694335937,0.006000000000000001,0.15089416503906247,50,1007.0,377.0,223.0,1.0
580,trustd,0.0,0.1140594482421875,0.04,0.11620330810546871,50,1007.0,377.0,223.0,1.0
583,WallpaperAgent,0.0,0.1811981201171875,0.004,0.1629066467285156,50,1007.0,377.0,223.0,1.0
587,com.apple.hiservices-xpcservice,0.0,0.0398635864257812,0.01,0.03719711303710933,50,1007.0,377.0,223.0,1.0
589,sharedfilelistd,0.0,0.0673294067382812,0.0,0.08721542358398436,50,1007.0,377.0,223.0,1.0
590,containermanagerd,0.0,0.0459671020507812,0.012,0.04875946044921871,50,1007.0,377.0,223.0,1.0
591,usernotificationsd,0.0,0.0802993774414062,0.008,0.09786605834960933,50,1007.0,377.0,223.0,1.0
596,callservicesd,0.0,0.15716552734375,0.006000000000000001,0.17979049682617185,50,1007.0,377.0,223.0,1.0
600,fontd,0.0,0.0949859619140625,0.002,0.06991577148437499,50,1007.0,377.0,223.0,1.0
602,fileproviderd,0.2,0.1394271850585937,0.21200000000000002,0.1446113586425781,50,1007.0,377.0,223.0,1.0
604,AMPDeviceDiscoveryAgent,0.0,0.045013427734375,0.0,0.051746368408203104,50,1007.0,377.0,223.0,1.0
575,rapportd,0.0,0.1092910766601562,0.002,0.1259346008300781,50,1007.0,377.0,223.0,1.0
713,Spotlight,0.0,0.2439498901367187,0.05,0.27865600585937494,50,1007.0,377.0,223.0,1.0
376,loginwindow,0.0,0.1836776733398437,0.008,0.24020385742187497,50,1007.0,377.0,223.0,1.0
716,PAH_Extension,0.0,0.1171112060546875,0.014000000000000002,0.11199188232421874,50,1007.0,377.0,223.0,1.0
957,Google Chrome,0.6,2.4066925048828125,1.324,2.2691001892089844,50,1007.0,377.0,223.0,1.0
960,chrome_crashpad_handler,0.0,0.0188827514648437,0.0,0.019365310668945288,100,1007.0,377.0,223.0,1.0
961,voicebankingd,0.0,0.0722885131835937,0.0,0.07259750366210932,50,1007.0,377.0,223.0,1.0
963,Google Chrome Helper,0.0,0.783538818359375,0.6,0.42389755249023436,250,1007.0,377.0,223.0,1.0
964,Google Chrome Helper,0.1,0.67596435546875,0.6,0.42389755249023436,250,1007.0,377.0,223.0,1.0
966,Google Chrome Helper,0.0,0.2202987670898437,0.6,0.42389755249023436,250,1007.0,377.0,223.0,1.0
1015,Google Chrome Helper,0.0,0.1588821411132812,0.6,0.42389755249023436,250,1007.0,377.0,223.0,1.0
1052,spotlightknowledged,0.0,0.0352859497070312,0.0,0.04377672749180943,62,1007.0,377.0,223.0,1.0
1191,storeaccountd,0.0,0.0658035278320312,0.0,0.06579971313476557,50,1007.0,377.0,223.0,1.0
714,CursorUIViewService,0.0,0.1678466796875,0.07400000000000001,0.15747833251953122,50,1007.0,377.0,223.0,1.0
1718,ServiceExtension,0.0,0.142669677734375,0.0,0.142669677734375,50,1007.0,377.0,223.0,1.0
932,com.apple.WebKit.WebContent,0.1,0.3911972045898437,0.2837142857142857,0.5284216744559151,350,1007.0,377.0,223.0,1.0
2095,com.apple.WebKit.WebContent,0.0,0.1674652099609375,0.2837142857142857,0.5284216744559151,350,1007.0,377.0,223.0,1.0
2641,Google Chrome Helper (Renderer),0.0,0.634765625,0.647816091954023,1.1122661897505837,435,1007.0,377.0,223.0,1.0
2672,Google Chrome Helper (Renderer),0.2,3.2695770263671875,0.647816091954023,1.1122661897505837,435,1007.0,377.0,223.0,1.0
2826,Code,6.2,1.5743255615234375,1.3619999999999999,1.3807182312011719,50,1007.0,377.0,223.0,1.0
2832,chrome_crashpad_handler,0.0,0.0194549560546875,0.0,0.019365310668945288,100,1007.0,377.0,223.0,1.0
2833,Code Helper,7.1,0.844573974609375,0.32371428571428573,0.48915318080357145,350,1007.0,377.0,223.0,1.0
2834,Code Helper,0.0,0.3618240356445312,0.32371428571428573,0.48915318080357145,350,1007.0,377.0,223.0,1.0
2835,Code Helper (Renderer),13.4,4.022216796875,3.5780000000000003,3.886066436767578,50,1007.0,377.0,223.0,1.0
2852,Code Helper,0.0,1.079559326171875,0.32371428571428573,0.48915318080357145,350,1007.0,377.0,223.0,1.0
2878,Code Helper,0.0,0.3643035888671875,0.32371428571428573,0.48915318080357145,350,1007.0,377.0,223.0,1.0
2880,Code Helper,0.0,0.1409530639648437,0.32371428571428573,0.48915318080357145,350,1007.0,377.0,223.0,1.0
2913,Code Helper,0.6,0.59051513671875,0.32371428571428573,0.48915318080357145,350,1007.0,377.0,223.0,1.0
2096,com.apple.WebKit.WebContent,0.0,0.5865097045898438,0.2837142857142857,0.5284216744559151,350,1007.0,377.0,223.0,1.0
931,com.apple.WebKit.WebContent,0.0,0.769805908203125,0.2837142857142857,0.5284216744559151,350,1007.0,377.0,223.0,1.0
1474,IMAutomaticHistoryDeletionAgent,0.0,0.0732421875,0.0,0.08300018310546874,50,1007.0,377.0,223.0,1.0
926,peopled,0.0,0.086212158203125,0.0,0.08623886108398438,50,1007.0,377.0,223.0,1.0
930,com.apple.WebKit.WebContent,0.0,0.22125244140625,0.2837142857142857,0.5284216744559151,350,1007.0,377.0,223.0,1.0
718,corespotlightd,0.0,0.1651763916015625,0.012,0.15357208251953122,50,1007.0,377.0,223.0,1.0
722,duetexpertd,0.0,0.2950668334960937,0.09,0.26060485839843744,50,1007.0,377.0,223.0,1.0
730,Spotify,0.3,1.020050048828125,0.5479999999999999,1.0496597290039062,50,1007.0,377.0,223.0,1.0
733,homed,0.0,0.110626220703125,0.0,0.1302070617675781,50,1007.0,377.0,223.0,1.0
734,mediaremoteagent,0.0,0.0232696533203125,0.0,0.0232696533203125,50,1007.0,377.0,223.0,1.0
740,Spotify Helper,0.0,0.0383377075195312,0.015600000000000001,0.14564056396484373,250,1007.0,377.0,223.0,1.0
741,avconferenced,0.0,0.067901611328125,0.0,0.06789779663085938,50,1007.0,377.0,223.0,1.0
747,Spotify Helper,0.0,0.2025604248046875,0.015600000000000001,0.14564056396484373,250,1007.0,377.0,223.0,1.0
748,Spotify Helper,0.0,0.2847671508789062,0.015600000000000001,0.14564056396484373,250,1007.0,377.0,223.0,1.0
752,Spotify Helper,0.0,0.0997543334960937,0.015600000000000001,0.14564056396484373,250,1007.0,377.0,223.0,1.0
755,Grammarly Desktop,0.1,0.6902694702148438,0.524,0.7150344848632812,50,1007.0,377.0,223.0,1.0
717,OneDrive,0.0,0.3263473510742187,0.032,0.36077880859375,50,1007.0,377.0,223.0,1.0
772,com.apple.WebKit.GPU,0.0,0.0507354736328125,0.102,0.09322547912597655,100,1007.0,377.0,223.0,1.0
768,Spotify Helper (Renderer),0.0,0.4150390625,0.044000000000000004,0.4534873962402344,50,1007.0,377.0,223.0,1.0
919,com.apple.WebKit.Networking,0.0,0.1703262329101562,0.4,0.16855621337890622,100,1007.0,377.0,223.0,1.0
918,com.apple.WebKit.GPU,0.0,0.2246856689453125,0.102,0.09322547912597655,100,1007.0,377.0,223.0,1.0
916,com.apple.WebKit.WebContent,0.0,1.6992568969726562,0.2837142857142857,0.5284216744559151,350,1007.0,377.0,223.0,1.0
913,app_inkwell,0.0,0.2920150756835937,0.94,0.29593276977539057,50,1007.0,377.0,223.0,1.0
921,Spotify Helper,0.0,0.0940322875976562,0.015600000000000001,0.14564056396484373,250,1007.0,377.0,223.0,1.0
873,mdbulkimport,0.0,0.0713348388671875,0.0,0.07133102416992188,50,1007.0,377.0,223.0,1.0
857,Grammarly Desktop Update Service,0.0,0.0944137573242187,0.006000000000000001,0.11079406738281246,50,1007.0,377.0,223.0,1.0
792,commerce,0.0,0.0860214233398437,0.0,0.08901596069335932,50,1007.0,377.0,223.0,1.0
776,com.apple.WebKit.Networking,0.0,0.0982284545898437,0.4,0.16855621337890622,100,1007.0,377.0,223.0,1.0
774,com.apple.WebKit.WebContent,0.0,0.0186920166015625,0.2837142857142857,0.5284216744559151,350,1007.0,377.0,223.0,1.0
898,OneDrive Sync Service,0.0,0.1842498779296875,0.004,0.21224594116210935,50,1007.0,377.0,223.0,1.0
9271,mdwrite,0.0,0.0329971313476562,0.0,0.032993316650390576,50,1007.0,377.0,223.0,1.0
9223,mapssyncd,0.0,0.0917434692382812,0.0,0.09173965454101557,50,1007.0,377.0,223.0,1.0
9205,IntelligencePlatformComputeService,0.0,0.0879287719726562,0.0,0.0879287719726562,50,1007.0,377.0,223.0,1.0
9138,siriactionsd,0.0,0.1270294189453125,0.004,0.14521408081054685,50,1007.0,377.0,223.0,1.0
9101,bird,0.0,0.1070022583007812,0.04800000000000001,0.12118530273437494,50,1007.0,377.0,223.0,1.0
9095,calaccessd,0.0,0.1443862915039062,0.002,0.15127944946289057,50,1007.0,377.0,223.0,1.0
9088,contactsd,0.0,0.0841140747070312,0.008,0.09849548339843746,50,1007.0,377.0,223.0,1.0
9086,knowledge-agent,0.0,0.1245498657226562,0.004,0.13211822509765622,50,1007.0,377.0,223.0,1.0
9272,mbuseragent,0.0,0.0368118286132812,0.0,0.036808013916015576,50,1007.0,377.0,223.0,1.0
9134,ScreenTimeAgent,0.0,0.0921249389648437,0.0,0.10361862182617183,50,1007.0,377.0,223.0,1.0
9556,syncdefaultsd,0.0,0.0835418701171875,0.006000000000000001,0.11057662963867186,50,1007.0,377.0,223.0,1.0
9742,promotedcontentd,0.0,0.10986328125,0.002,0.11449813842773438,50,1007.0,377.0,223.0,1.0
9575,akd,0.0,0.2033233642578125,0.002,0.2174873352050781,50,1007.0,377.0,223.0,1.0
9577,CloudTelemetryService,0.0,0.0553131103515625,0.0,0.06444135050135331,127,1007.0,377.0,223.0,1.0
9649,suggestd,0.0,0.1546859741210937,0.002,0.15771484374999997,50,1007.0,377.0,223.0,1.0
9681,AppleSpell,0.0,0.1306533813476562,0.0,0.13717651367187494,50,1007.0,377.0,223.0,1.0
9682,keyboardservicesd,0.0,0.0820159912109375,0.0,0.0876617431640625,50,1007.0,377.0,223.0,1.0
9754,ctkd,0.0,0.07781982421875,0.0,0.08569717407226562,50,1007.0,377.0,223.0,1.0
9762,coreauthd,0.0,0.0875473022460937,0.0,0.09390640258789058,50,1007.0,377.0,223.0,1.0
9829,transparencyd,0.0,0.1678466796875,0.018000000000000002,0.21265792846679685,50,1007.0,377.0,223.0,1.0
9845,intelligentroutingd,0.0,0.0883102416992187,0.0,0.0883407592773437,50,1007.0,377.0,223.0,1.0
9847,UIKitSystem,0.0,0.1695632934570312,0.002,0.17118835449218742,50,1007.0,377.0,223.0,1.0
9879,Siri,0.0,0.156402587890625,0.016,0.1504554748535156,50,1007.0,377.0,223.0,1.0
9572,proactived,0.0,0.1440048217773437,0.02,0.1299476623535156,50,1007.0,377.0,223.0,1.0
9069,searchpartyuseragent,0.0,0.1293182373046875,0.002,0.13115692138671872,50,1007.0,377.0,223.0,1.0
4030,pet,0.0,0.0217437744140625,0.02,0.02233123779296875,50,1007.0,377.0,223.0,1.0
9049,tccd,0.0,0.0925064086914062,0.0,0.10362243652343744,50,1007.0,377.0,223.0,1.0
9888,SiriNCService,0.0,0.1522064208984375,0.008,0.15225982666015622,50,1007.0,377.0,223.0,1.0
4037,zsh,0.0,0.0043869018554687,0.0,0.009178644112447462,253,1007.0,377.0,223.0,1.0
4143,Code Helper (Plugin),0.0,0.1958847045898437,0.041,0.5363956451416015,500,1007.0,377.0,223.0,1.0
4194,Code Helper (Plugin),0.0,0.79498291015625,0.041,0.5363956451416015,500,1007.0,377.0,223.0,1.0
5379,Code Helper (Plugin),0.0,0.2176284790039062,0.041,0.5363956451416015,500,1007.0,377.0,223.0,1.0
5384,zsh,0.0,0.0043869018554687,0.0,0.009178644112447462,253,1007.0,377.0,223.0,1.0
5761,zsh,0.0,0.0131607055664062,0.0,0.009178644112447462,253,1007.0,377.0,223.0,1.0
6986,accountsd,0.0,0.1604080200195312,0.0,0.1851234436035156,50,1007.0,377.0,223.0,1.0
8323,Google Chrome Helper (Renderer),0.0,0.7236480712890625,0.647816091954023,1.1122661897505837,435,1007.0,377.0,223.0,1.0
8324,Google Chrome Helper (Renderer),0.0,0.29296875,0.647816091954023,1.1122661897505837,435,1007.0,377.0,223.0,1.0
8325,Google Chrome Helper (Renderer),0.0,0.3889083862304687,0.647816091954023,1.1122661897505837,435,1007.0,377.0,223.0,1.0
8326,chronod,0.0,0.1413345336914062,0.01,0.15725708007812497,50,1007.0,377.0,223.0,1.0
8328,Google Chrome Helper (Renderer),0.0,0.5565643310546875,0.647816091954023,1.1122661897505837,435,1007.0,377.0,223.0,1.0
8335,WorldClockWidget,0.0,0.2202987670898437,0.0,0.22029876708984367,50,1007.0,377.0,223.0,1.0
8336,CalendarWidgetExtension,0.0,0.1031875610351562,0.0,0.1031875610351562,50,1007.0,377.0,223.0,1.0
8337,WeatherWidget,0.0,0.36163330078125,0.0,0.3655509948730469,50,1007.0,377.0,223.0,1.0
8339,StocksWidget,0.0,0.3248214721679687,0.0,0.3267478942871093,50,1007.0,377.0,223.0,1.0
8340,ScreenTimeWidgetExtension,0.0,0.3156661987304687,0.0,0.3311538696289062,50,1007.0,377.0,223.0,1.0
8351,Google Chrome Helper,0.0,0.1834869384765625,0.6,0.42389755249023436,250,1007.0,377.0,223.0,1.0
8396,audioaccessoryd,0.0,0.09918212890625,0.0,0.10800170898437496,50,1007.0,377.0,223.0,1.0
8410,routined,0.0,0.2071380615234375,0.034,0.19092559814453122,50,1007.0,377.0,223.0,1.0
8666,Google Chrome Helper (Renderer),0.0,0.3129959106445312,0.647816091954023,1.1122661897505837,435,1007.0,377.0,223.0,1.0
9000,PowerChime,0.0,0.139617919921875,0.008,0.14000701904296872,50,1007.0,377.0,223.0,1.0
9032,secinitd,0.0,0.0652313232421875,0.0,0.06522750854492188,50,1007.0,377.0,223.0,1.0
9040,triald,0.0,0.113677978515625,0.0,0.12915039062499997,50,1007.0,377.0,223.0,1.0
9053,cloudd,0.0,0.21209716796875,0.016,0.2035255432128906,50,1007.0,377.0,223.0,1.0
13120,mdworker_shared,0.0,0.1646041870117187,0.02153846153846154,0.19098232953976357,195,1007.0,377.0,223.0,1.0
10490,talagentd,0.0,0.1453399658203125,0.002,0.14520263671874997,50,1007.0,377.0,223.0,1.0
9901,pkd,0.0,0.096893310546875,0.002,0.10622024536132811,50,1007.0,377.0,223.0,1.0
12775,MessagesBlastDoorService,0.0,0.0041961669921875,0.0,0.05239105224609375,50,1007.0,377.0,223.0,1.0
12776,feedbackd,0.0,0.0751495361328125,0.0,0.078704833984375,50,1007.0,377.0,223.0,1.0
12777,ProtectedCloudKeySyncing,0.0,0.0835418701171875,0.0,0.09304428100585938,50,1007.0,377.0,223.0,1.0
12779,gamecontrolleragentd,0.0,0.0597000122070312,0.002,0.060253143310546854,50,1007.0,377.0,223.0,1.0
12806,python3.12,0.9,0.1749038696289062,0.46153846153846156,0.1703031770475618,91,1007.0,377.0,223.0,1.0
12815,zsh,0.0,0.0156402587890625,0.0,0.009178644112447462,253,1007.0,377.0,223.0,1.0
12959,ndoagent,0.0,0.0753402709960937,0.0,0.0754165649414062,50,1007.0,377.0,223.0,1.0
12963,replayd,0.0,0.2178192138671875,0.0,0.21639064866669325,49,1007.0,377.0,223.0,1.0
13000,python3.12,2.6,0.1581192016601562,0.46153846153846156,0.1703031770475618,91,1007.0,377.0,223.0,1.0
13025,com.apple.siri.embeddedspeech,0.0,0.0905990600585937,0.03142857142857143,0.17331804547991067,35,1007.0,377.0,223.0,1.0
13036,CommCenter,0.0,0.2643585205078125,0.006000000000000001,0.23591232299804685,50,1007.0,377.0,223.0,1.0
12774,businessservicesd,0.0,0.0743865966796875,0.0,0.081024169921875,50,1007.0,377.0,223.0,1.0
13037,CoreLocationAgent,0.0,0.5132675170898438,0.00425531914893617,0.4036964254176363,47,1007.0,377.0,223.0,1.0
13073,Google Chrome Helper (Renderer),0.0,1.7436981201171875,0.647816091954023,1.1122661897505837,435,1007.0,377.0,223.0,1.0
13074,mdworker_shared,0.0,0.2124786376953125,0.02153846153846154,0.19098232953976357,195,1007.0,377.0,223.0,1.0
13106,mdworker_shared,0.0,0.1964569091796875,0.02153846153846154,0.19098232953976357,195,1007.0,377.0,223.0,1.0
13107,mdworker_shared,0.0,0.185394287109375,0.02153846153846154,0.19098232953976357,195,1007.0,377.0,223.0,1.0
13108,mdworker_shared,0.0,0.1750946044921875,0.02153846153846154,0.19098232953976357,195,1007.0,377.0,223.0,1.0
13109,mdworker_shared,0.0,0.1926422119140625,0.02153846153846154,0.19098232953976357,195,1007.0,377.0,223.0,1.0
13110,mdworker_shared,0.0,0.1699447631835937,0.02153846153846154,0.19098232953976357,195,1007.0,377.0,223.0,1.0
13111,mdworker_shared,0.0,0.1926422119140625,0.02153846153846154,0.19098232953976357,195,1007.0,377.0,223.0,1.0
13112,mdworker_shared,0.0,0.19073486328125,0.02153846153846154,0.19098232953976357,195,1007.0,377.0,223.0,1.0
13113,mdworker_shared,0.0,0.1995086669921875,0.02153846153846154,0.19098232953976357,195,1007.0,377.0,223.0,1.0
3063,zsh,0.0,0.0047683715820312,0.0,0.009178644112447462,253,1007.0,377.0,223.0,1.0
13043,Keychain Circle Notification,0.0,0.2016067504882812,0.044000000000000004,0.18328857421874997,50,1007.0,377.0,223.0,1.0
11684,mlhostd,0.0,0.1436233520507812,0.0,0.14452743530273432,50,1007.0,377.0,223.0,1.0
11204,MTLCompilerService,0.0,0.0333786010742187,0.0,0.03340148925781246,50,1007.0,377.0,223.0,1.0
10558,pbs,0.0,0.031280517578125,0.002,0.031276702880859375,50,1007.0,377.0,223.0,1.0
9909,com.apple.geod,0.0,0.0881195068359375,0.004,0.09388351440429683,50,1007.0,377.0,223.0,1.0
9946,extensionkitservice,0.0,0.0797271728515625,0.0,0.08034324645996094,100,1007.0,377.0,223.0,1.0
9947,networkserviceproxy,0.0,0.1506805419921875,0.0,0.1554603576660156,50,1007.0,377.0,223.0,1.0
9963,swtransparencyd,0.0,0.0707626342773437,0.0,0.08174896240234374,50,1007.0,377.0,223.0,1.0
9964,CloudTelemetryService,0.0,0.0576019287109375,0.0,0.06444135050135331,127,1007.0,377.0,223.0,1.0
9982,contentlinkingd,0.0,0.0772476196289062,0.0,0.08146667480468746,50,1007.0,377.0,223.0,1.0
10001,AppPredictionIntentsHelperService,0.0,0.1634597778320312,0.0,0.16557312011718747,50,1007.0,377.0,223.0,1.0
10009,com.apple.accessibility.mediaaccessibilityd,0.0,0.0261306762695312,0.0,0.0261306762695312,50,1007.0,377.0,223.0,1.0
10010,AudioComponentRegistrar,0.0,0.042724609375,0.004,0.04845809936523434,50,1007.0,377.0,223.0,1.0
10015,linkd,0.0,0.0791549682617187,0.0,0.07984924316406244,50,1007.0,377.0,223.0,1.0
10115,iconservicesagent,0.0,0.0902175903320312,0.0,0.0902175903320312,50,1007.0,377.0,223.0,1.0
10121,com.apple.Safari.SafeBrowsing.Service,0.0,0.0743865966796875,0.0,0.07349395751953124,50,1007.0,377.0,223.0,1.0
10122,SAExtensionOrchestrator,0.0,0.1125335693359375,0.0,0.1125335693359375,50,1007.0,377.0,223.0,1.0
10123,extensionkitservice,0.0,0.0789642333984375,0.0,0.08034324645996094,100,1007.0,377.0,223.0,1.0
10124,GMSSELFIngestor,0.0,0.0974655151367187,0.0,0.0974655151367187,50,1007.0,377.0,223.0,1.0
10125,IFTranscriptSELFIngestor,0.0,0.086212158203125,0.0,0.086212158203125,50,1007.0,377.0,223.0,1.0
10126,IFTelemetrySELFIngestor,0.0,0.0825881958007812,0.0,0.0825881958007812,50,1007.0,377.0,223.0,1.0
10127,BiomeSELFIngestor,0.0,0.0879287719726562,0.0,0.0879287719726562,50,1007.0,377.0,223.0,1.0
10204,CoreServicesUIAgent,0.0,0.1987457275390625,0.004,0.19499969482421872,50,1007.0,377.0,223.0,1.0
10209,Code Helper (Plugin),0.0,0.4877090454101562,0.041,0.5363956451416015,500,1007.0,377.0,223.0,1.0
10211,Code Helper (Plugin),0.0,0.4453659057617187,0.041,0.5363956451416015,500,1007.0,377.0,223.0,1.0
10212,Code Helper (Plugin),0.0,0.4770278930664062,0.041,0.5363956451416015,500,1007.0,377.0,223.0,1.0
10213,Code Helper (Plugin),0.0,0.4766464233398437,0.041,0.5363956451416015,500,1007.0,377.0,223.0,1.0
10215,Code Helper (Plugin),0.0,0.4400253295898437,0.041,0.5363956451416015,500,1007.0,377.0,223.0,1.0
10481,Google Chrome Helper (Renderer),0.0,1.0082244873046875,0.647816091954023,1.1122661897505837,435,1007.0,377.0,223.0,1.0
9891,AssetCacheLocatorService,0.0,0.0387191772460937,0.0,0.04087829589843746,50,1007.0,377.0,223.0,1.0
3045,Code Helper (Plugin),0.0,0.2443313598632812,0.041,0.5363956451416015,500,1007.0,377.0,223.0,1.0
714,CursorUIViewService,0.0,0.1678466796875,0.07400000000000001,0.15747833251953122,50,1007.0,377.0,223.0,1.0
3033,Code Helper,0.2,0.4053115844726562,0.32371428571428573,0.48915318080357145,350,1007.0,377.0,223.0,1.0
3034,Code Helper (Plugin),0.2,0.974273681640625,0.041,0.5363956451416015,500,1007.0,377.0,223.0,1.0
615,corespeechd,0.0,0.1638412475585937,0.09799999999999999,0.18834686279296872,50,1007.0,377.0,223.0,1.0
616,assistantd,0.1,0.1781463623046875,0.004,0.23475265502929685,50,1007.0,377.0,223.0,1.0
623,WallpaperImageExtension,0.0,0.0654220581054687,0.0,0.07489013671874994,50,1007.0,377.0,223.0,1.0
639,sharingd,0.0,0.1272201538085937,0.002,0.14010620117187497,50,1007.0,377.0,223.0,1.0
641,usernoted,0.0,0.1245498657226562,0.02,0.15933227539062497,50,1007.0,377.0,223.0,1.0
642,neagent,0.0,0.1068115234375,0.0,0.1076812744140625,50,1007.0,377.0,223.0,1.0
643,useractivityd,0.0,0.0850677490234375,0.008,0.08467864990234374,50,1007.0,377.0,223.0,1.0
644,com.apple.dock.extra,0.0,0.1903533935546875,0.048,0.17804336547851562,50,1007.0,377.0,223.0,1.0
646,NotificationCenter,0.0,0.20751953125,0.024000000000000004,0.24862670898437497,50,1007.0,377.0,223.0,1.0
649,milod,0.0,0.0820159912109375,0.0,0.08232498168945312,50,1007.0,377.0,223.0,1.0
608,ViewBridgeAuxiliary,0.0,0.0926971435546875,0.014000000000000002,0.08618545532226561,50,1007.0,377.0,223.0,1.0
650,familycircled,0.0,0.0677108764648437,0.0,0.06789016723632807,50,1007.0,377.0,223.0,1.0
666,ContextStoreAgent,0.0,0.1909255981445312,0.11199999999999999,0.1729774475097656,50,1007.0,377.0,223.0,1.0
668,BiomeAgent,0.0,0.1462936401367187,0.126,0.1340827941894531,50,1007.0,377.0,223.0,1.0
670,imklaunchagent,0.0,0.0619888305664062,0.0,0.06198501586914058,50,1007.0,377.0,223.0,1.0
673,icdd,0.0,0.0349044799804687,0.0,0.034900665283203076,50,1007.0,377.0,223.0,1.0
680,AirPlayUIAgent,0.0,0.1028060913085937,0.004,0.09934997558593746,50,1007.0,377.0,223.0,1.0
683,imagent,0.0,0.11444091796875,0.008,0.13217163085937497,50,1007.0,377.0,223.0,1.0
685,diagnostics_agent,0.0,0.0865936279296875,0.002,0.09417724609374996,50,1007.0,377.0,223.0,1.0
686,TextInputMenuAgent,0.0,0.1546859741210937,0.008,0.16139221191406247,50,1007.0,377.0,223.0,1.0
688,Grammarly Desktop Helper,0.0,0.0885009765625,0.002,0.10088729858398436,50,1007.0,377.0,223.0,1.0
699,com.apple.CloudDocs.iCloudDriveFileProvider,0.0,0.086212158203125,0.008,0.09911346435546875,50,1007.0,377.0,223.0,1.0
704,ctkahp,0.0,0.037384033203125,0.0,0.037380218505859375,50,1007.0,377.0,223.0,1.0
651,StatusKitAgent,0.0,0.0787734985351562,0.0,0.07876968383789057,50,1007.0,377.0,223.0,1.0
707,WiFiAgent,0.0,0.1707077026367187,0.114,0.16522979736328122,50,1007.0,377.0,223.0,1.0
606,fontworker,0.0,0.0581741333007812,0.0,0.05817031860351558,50,1007.0,377.0,223.0,1.0
604,AMPDeviceDiscoveryAgent,0.0,0.045013427734375,0.0,0.051746368408203104,50,1007.0,377.0,223.0,1.0
376,loginwindow,0.0,0.1836776733398437,0.008,0.24020385742187497,50,1007.0,377.0,223.0,1.0
543,distnoted,0.0,0.0484466552734375,0.028000000000000004,0.05070495605468747,50,1007.0,377.0,223.0,1.0
544,cfprefsd,0.0,0.0566482543945312,0.066,0.05707931518554685,50,1007.0,377.0,223.0,1.0
549,UserEventAgent,0.0,0.0925064086914062,0.013999999999999999,0.10488891601562496,50,1007.0,377.0,223.0,1.0
553,WindowManager,0.0,0.2664566040039062,0.11200000000000002,0.24517440795898435,50,1007.0,377.0,223.0,1.0
557,universalaccessd,0.0,0.1010894775390625,0.006000000000000001,0.09207916259765624,50,1007.0,377.0,223.0,1.0
559,Dock,0.0,0.2195358276367187,0.076,0.20318603515624997,50,1007.0,377.0,223.0,1.0
560,ControlCenter,0.5,0.4055023193359375,0.5379999999999999,0.41684722900390625,50,1007.0,377.0,223.0,1.0
561,pboard,0.0,0.075531005859375,0.002,0.09132385253906246,50,1007.0,377.0,223.0,1.0
562,SystemUIServer,0.0,0.1499176025390625,0.006,0.13476562499999997,50,1007.0,377.0,223.0,1.0
564,Finder,0.0,0.3648757934570312,0.07400000000000001,0.4227867126464844,50,1007.0,377.0,223.0,1.0
605,ContinuityCaptureAgent,0.0,0.0761032104492187,0.0,0.0761032104492187,50,1007.0,377.0,223.0,1.0
567,lsd,0.0,0.10986328125,0.012,0.11196517944335933,50,1007.0,377.0,223.0,1.0
575,rapportd,0.0,0.1092910766601562,0.002,0.1259346008300781,50,1007.0,377.0,223.0,1.0
578,secd,0.0,0.1333236694335937,0.006000000000000001,0.15089416503906247,50,1007.0,377.0,223.0,1.0
580,trustd,0.0,0.1140594482421875,0.04,0.11620330810546871,50,1007.0,377.0,223.0,1.0
583,WallpaperAgent,0.0,0.1811981201171875,0.004,0.1629066467285156,50,1007.0,377.0,223.0,1.0
587,com.apple.hiservices-xpcservice,0.0,0.0398635864257812,0.01,0.03719711303710933,50,1007.0,377.0,223.0,1.0
589,sharedfilelistd,0.0,0.0673294067382812,0.0,0.08721542358398436,50,1007.0,377.0,223.0,1.0
590,containermanagerd,0.0,0.0459671020507812,0.012,0.04875946044921871,50,1007.0,377.0,223.0,1.0
591,usernotificationsd,0.0,0.0802993774414062,0.008,0.09786605834960933,50,1007.0,377.0,223.0,1.0
596,callservicesd,0.0,0.15716552734375,0.006000000000000001,0.17979049682617185,50,1007.0,377.0,223.0,1.0
600,fontd,0.0,0.0946044921875,0.002,0.06991577148437499,50,1007.0,377.0,223.0,1.0
602,fileproviderd,0.2,0.1394271850585937,0.21200000000000002,0.1446113586425781,50,1007.0,377.0,223.0,1.0
568,AXVisualSupportAgent,0.0,0.1638412475585937,0.6920000000000001,0.16974639892578122,50,1007.0,377.0,223.0,1.0
709,nsurlsessiond,0.0,0.1230239868164062,0.032,0.1256752014160156,50,1007.0,377.0,223.0,1.0
609,identityservicesd,0.0,0.1697540283203125,0.012,0.20082092285156247,50,1007.0,377.0,223.0,1.0
716,PAH_Extension,0.0,0.1171112060546875,0.014000000000000002,0.11199188232421874,50,1007.0,377.0,223.0,1.0
957,Google Chrome,0.2,2.4127960205078125,1.324,2.2691001892089844,50,1007.0,377.0,223.0,1.0
960,chrome_crashpad_handler,0.0,0.0188827514648437,0.0,0.019365310668945288,100,1007.0,377.0,223.0,1.0
961,voicebankingd,0.0,0.0722885131835937,0.0,0.07259750366210932,50,1007.0,377.0,223.0,1.0
963,Google Chrome Helper,0.0,0.8043289184570312,0.6,0.42389755249023436,250,1007.0,377.0,223.0,1.0
964,Google Chrome Helper,0.2,0.6769180297851562,0.6,0.42389755249023436,250,1007.0,377.0,223.0,1.0
966,Google Chrome Helper,0.0,0.2202987670898437,0.6,0.42389755249023436,250,1007.0,377.0,223.0,1.0
1015,Google Chrome Helper,0.0,0.1642227172851562,0.6,0.42389755249023436,250,1007.0,377.0,223.0,1.0
1052,spotlightknowledged,0.0,0.0352859497070312,0.0,0.04377672749180943,62,1007.0,377.0,223.0,1.0
1191,storeaccountd,0.0,0.0658035278320312,0.0,0.06579971313476557,50,1007.0,377.0,223.0,1.0
1474,IMAutomaticHistoryDeletionAgent,0.0,0.0732421875,0.0,0.08300018310546874,50,1007.0,377.0,223.0,1.0
1718,ServiceExtension,0.0,0.142669677734375,0.0,0.142669677734375,50,1007.0,377.0,223.0,1.0
932,com.apple.WebKit.WebContent,0.1,0.3995895385742187,0.2837142857142857,0.5284216744559151,350,1007.0,377.0,223.0,1.0
2095,com.apple.WebKit.WebContent,0.1,0.3011703491210937,0.2837142857142857,0.5284216744559151,350,1007.0,377.0,223.0,1.0
2641,Google Chrome Helper (Renderer),0.0,0.634765625,0.647816091954023,1.1122661897505837,435,1007.0,377.0,223.0,1.0
2672,Google Chrome Helper (Renderer),0.1,3.2747268676757812,0.647816091954023,1.1122661897505837,435,1007.0,377.0,223.0,1.0
2826,Code,0.3,1.5813827514648438,1.3619999999999999,1.3807182312011719,50,1007.0,377.0,223.0,1.0
2832,chrome_crashpad_handler,0.0,0.0194549560546875,0.0,0.019365310668945288,100,1007.0,377.0,223.0,1.0
2833,Code Helper,0.3,0.797271728515625,0.32371428571428573,0.48915318080357145,350,1007.0,377.0,223.0,1.0
2834,Code Helper,0.0,0.3643035888671875,0.32371428571428573,0.48915318080357145,350,1007.0,377.0,223.0,1.0
2835,Code Helper (Renderer),0.7,4.025077819824219,3.5780000000000003,3.886066436767578,50,1007.0,377.0,223.0,1.0
2852,Code Helper,0.0,1.0829925537109375,0.32371428571428573,0.48915318080357145,350,1007.0,377.0,223.0,1.0
2878,Code Helper,0.1,0.3681182861328125,0.32371428571428573,0.48915318080357145,350,1007.0,377.0,223.0,1.0
2880,Code Helper,0.0,0.1409530639648437,0.32371428571428573,0.48915318080357145,350,1007.0,377.0,223.0,1.0
713,Spotlight,0.0,0.2435684204101562,0.05,0.27865600585937494,50,1007.0,377.0,223.0,1.0
2096,com.apple.WebKit.WebContent,0.0,0.5949020385742188,0.2837142857142857,0.5284216744559151,350,1007.0,377.0,223.0,1.0
931,com.apple.WebKit.WebContent,0.0,0.7745742797851562,0.2837142857142857,0.5284216744559151,350,1007.0,377.0,223.0,1.0
2913,Code Helper,0.4,0.59051513671875,0.32371428571428573,0.48915318080357145,350,1007.0,377.0,223.0,1.0
926,peopled,0.0,0.086212158203125,0.0,0.08623886108398438,50,1007.0,377.0,223.0,1.0
930,com.apple.WebKit.WebContent,0.1,0.3383636474609375,0.2837142857142857,0.5284216744559151,350,1007.0,377.0,223.0,1.0
718,corespotlightd,0.0,0.1651763916015625,0.012,0.15357208251953122,50,1007.0,377.0,223.0,1.0
722,duetexpertd,0.0,0.2950668334960937,0.09,0.26060485839843744,50,1007.0,377.0,223.0,1.0
730,Spotify,0.3,1.0211944580078125,0.5479999999999999,1.0496597290039062,50,1007.0,377.0,223.0,1.0
733,homed,0.0,0.110626220703125,0.0,0.1302070617675781,50,1007.0,377.0,223.0,1.0
734,mediaremoteagent,0.0,0.0232696533203125,0.0,0.0232696533203125,50,1007.0,377.0,223.0,1.0
740,Spotify Helper,0.0,0.0383377075195312,0.015600000000000001,0.14564056396484373,250,1007.0,377.0,223.0,1.0
741,avconferenced,0.0,0.067901611328125,0.0,0.06789779663085938,50,1007.0,377.0,223.0,1.0
747,Spotify Helper,0.0,0.2025604248046875,0.015600000000000001,0.14564056396484373,250,1007.0,377.0,223.0,1.0
748,Spotify Helper,0.0,0.2849578857421875,0.015600000000000001,0.14564056396484373,250,1007.0,377.0,223.0,1.0
752,Spotify Helper,0.0,0.0997543334960937,0.015600000000000001,0.14564056396484373,250,1007.0,377.0,223.0,1.0
755,Grammarly Desktop,0.1,0.6902694702148438,0.524,0.7150344848632812,50,1007.0,377.0,223.0,1.0
717,OneDrive,0.0,0.3263473510742187,0.032,0.36077880859375,50,1007.0,377.0,223.0,1.0
772,com.apple.WebKit.GPU,0.0,0.0507354736328125,0.102,0.09322547912597655,100,1007.0,377.0,223.0,1.0
921,Spotify Helper,0.0,0.0940322875976562,0.015600000000000001,0.14564056396484373,250,1007.0,377.0,223.0,1.0
919,com.apple.WebKit.Networking,0.1,0.1791000366210937,0.4,0.16855621337890622,100,1007.0,377.0,223.0,1.0
918,com.apple.WebKit.GPU,0.0,0.2244949340820312,0.102,0.09322547912597655,100,1007.0,377.0,223.0,1.0
768,Spotify Helper (Renderer),0.0,0.4150390625,0.044000000000000004,0.4534873962402344,50,1007.0,377.0,223.0,1.0
913,app_inkwell,0.3,0.2948760986328125,0.94,0.29593276977539057,50,1007.0,377.0,223.0,1.0
916,com.apple.WebKit.WebContent,0.3,1.7520904541015625,0.2837142857142857,0.5284216744559151,350,1007.0,377.0,223.0,1.0
873,mdbulkimport,0.0,0.0713348388671875,0.0,0.07133102416992188,50,1007.0,377.0,223.0,1.0
857,Grammarly Desktop Update Service,0.0,0.0944137573242187,0.006000000000000001,0.11079406738281246,50,1007.0,377.0,223.0,1.0
792,commerce,0.0,0.0860214233398437,0.0,0.08901596069335932,50,1007.0,377.0,223.0,1.0
776,com.apple.WebKit.Networking,0.0,0.0982284545898437,0.4,0.16855621337890622,100,1007.0,377.0,223.0,1.0
774,com.apple.WebKit.WebContent,0.0,0.0186920166015625,0.2837142857142857,0.5284216744559151,350,1007.0,377.0,223.0,1.0
898,OneDrive Sync Service,0.0,0.1842498779296875,0.004,0.21224594116210935,50,1007.0,377.0,223.0,1.0
9272,mbuseragent,0.0,0.0368118286132812,0.0,0.036808013916015576,50,1007.0,377.0,223.0,1.0
9271,mdwrite,0.0,0.0329971313476562,0.0,0.032993316650390576,50,1007.0,377.0,223.0,1.0
9223,mapssyncd,0.0,0.0917434692382812,0.0,0.09173965454101557,50,1007.0,377.0,223.0,1.0
9205,IntelligencePlatformComputeService,0.0,0.0879287719726562,0.0,0.0879287719726562,50,1007.0,377.0,223.0,1.0
9086,knowledge-agent,0.0,0.1245498657226562,0.004,0.13211822509765622,50,1007.0,377.0,223.0,1.0
9134,ScreenTimeAgent,0.0,0.0921249389648437,0.0,0.10361862182617183,50,1007.0,377.0,223.0,1.0
9101,bird,0.0,0.1070022583007812,0.04800000000000001,0.12118530273437494,50,1007.0,377.0,223.0,1.0
9095,calaccessd,0.0,0.1443862915039062,0.002,0.15127944946289057,50,1007.0,377.0,223.0,1.0
9088,contactsd,0.0,0.0841140747070312,0.008,0.09849548339843746,50,1007.0,377.0,223.0,1.0
9138,siriactionsd,0.0,0.1270294189453125,0.004,0.14521408081054685,50,1007.0,377.0,223.0,1.0
9556,syncdefaultsd,0.0,0.0835418701171875,0.006000000000000001,0.11057662963867186,50,1007.0,377.0,223.0,1.0
9682,keyboardservicesd,0.0,0.0820159912109375,0.0,0.0876617431640625,50,1007.0,377.0,223.0,1.0
9575,akd,0.0,0.2033233642578125,0.002,0.2174873352050781,50,1007.0,377.0,223.0,1.0
9577,CloudTelemetryService,0.0,0.0553131103515625,0.0,0.06444135050135331,127,1007.0,377.0,223.0,1.0
9649,suggestd,0.0,0.1546859741210937,0.002,0.15771484374999997,50,1007.0,377.0,223.0,1.0
9681,AppleSpell,0.0,0.1306533813476562,0.0,0.13717651367187494,50,1007.0,377.0,223.0,1.0
9742,promotedcontentd,0.0,0.10986328125,0.002,0.11449813842773438,50,1007.0,377.0,223.0,1.0
9754,ctkd,0.0,0.07781982421875,0.0,0.08569717407226562,50,1007.0,377.0,223.0,1.0
9762,coreauthd,0.0,0.0875473022460937,0.0,0.09390640258789058,50,1007.0,377.0,223.0,1.0
9829,transparencyd,0.0,0.1678466796875,0.018000000000000002,0.21265792846679685,50,1007.0,377.0,223.0,1.0
9845,intelligentroutingd,0.0,0.0883102416992187,0.0,0.0883407592773437,50,1007.0,377.0,223.0,1.0
9847,UIKitSystem,0.0,0.1695632934570312,0.002,0.17118835449218742,50,1007.0,377.0,223.0,1.0
9069,searchpartyuseragent,0.0,0.1287460327148437,0.002,0.13115692138671872,50,1007.0,377.0,223.0,1.0
9572,proactived,0.0,0.1440048217773437,0.02,0.1299476623535156,50,1007.0,377.0,223.0,1.0
9053,cloudd,0.0,0.2122879028320312,0.016,0.2035255432128906,50,1007.0,377.0,223.0,1.0
8328,Google Chrome Helper (Renderer),0.0,0.5565643310546875,0.647816091954023,1.1122661897505837,435,1007.0,377.0,223.0,1.0
9040,triald,0.0,0.113677978515625,0.0,0.12915039062499997,50,1007.0,377.0,223.0,1.0
3063,zsh,0.0,0.0047683715820312,0.0,0.009178644112447462,253,1007.0,377.0,223.0,1.0
4030,pet,0.0,0.0217437744140625,0.02,0.02233123779296875,50,1007.0,377.0,223.0,1.0
4037,zsh,0.0,0.0043869018554687,0.0,0.009178644112447462,253,1007.0,377.0,223.0,1.0
4143,Code Helper (Plugin),0.0,0.1958847045898437,0.041,0.5363956451416015,500,1007.0,377.0,223.0,1.0
4194,Code Helper (Plugin),0.0,0.7955551147460938,0.041,0.5363956451416015,500,1007.0,377.0,223.0,1.0
5379,Code Helper (Plugin),0.0,0.2176284790039062,0.041,0.5363956451416015,500,1007.0,377.0,223.0,1.0
5384,zsh,0.0,0.0043869018554687,0.0,0.009178644112447462,253,1007.0,377.0,223.0,1.0
5761,zsh,0.0,0.0131607055664062,0.0,0.009178644112447462,253,1007.0,377.0,223.0,1.0
6986,accountsd,0.0,0.1604080200195312,0.0,0.1851234436035156,50,1007.0,377.0,223.0,1.0
8323,Google Chrome Helper (Renderer),0.0,0.7236480712890625,0.647816091954023,1.1122661897505837,435,1007.0,377.0,223.0,1.0
8324,Google Chrome Helper (Renderer),0.0,0.29296875,0.647816091954023,1.1122661897505837,435,1007.0,377.0,223.0,1.0
9049,tccd,0.0,0.0925064086914062,0.0,0.10362243652343744,50,1007.0,377.0,223.0,1.0
8325,Google Chrome Helper (Renderer),0.0,0.3889083862304687,0.647816091954023,1.1122661897505837,435,1007.0,377.0,223.0,1.0
8335,WorldClockWidget,0.0,0.2202987670898437,0.0,0.22029876708984367,50,1007.0,377.0,223.0,1.0
8336,CalendarWidgetExtension,0.0,0.1031875610351562,0.0,0.1031875610351562,50,1007.0,377.0,223.0,1.0
8337,WeatherWidget,0.0,0.36163330078125,0.0,0.3655509948730469,50,1007.0,377.0,223.0,1.0
8339,StocksWidget,0.0,0.3248214721679687,0.0,0.3267478942871093,50,1007.0,377.0,223.0,1.0
8340,ScreenTimeWidgetExtension,0.0,0.3156661987304687,0.0,0.3311538696289062,50,1007.0,377.0,223.0,1.0
8351,Google Chrome Helper,0.0,0.1834869384765625,0.6,0.42389755249023436,250,1007.0,377.0,223.0,1.0
8396,audioaccessoryd,0.0,0.09918212890625,0.0,0.10800170898437496,50,1007.0,377.0,223.0,1.0
8410,routined,0.0,0.2071380615234375,0.034,0.19092559814453122,50,1007.0,377.0,223.0,1.0
8666,Google Chrome Helper (Renderer),0.0,0.3129959106445312,0.647816091954023,1.1122661897505837,435,1007.0,377.0,223.0,1.0
9000,PowerChime,0.0,0.139617919921875,0.008,0.14000701904296872,50,1007.0,377.0,223.0,1.0
9032,secinitd,0.0,0.0652313232421875,0.0,0.06522750854492188,50,1007.0,377.0,223.0,1.0
8326,chronod,0.0,0.1413345336914062,0.01,0.15725708007812497,50,1007.0,377.0,223.0,1.0
9879,Siri,0.4,0.156402587890625,0.016,0.1504554748535156,50,1007.0,377.0,223.0,1.0
13112,mdworker_shared,0.0,0.19073486328125,0.02153846153846154,0.19098232953976357,195,1007.0,377.0,223.0,1.0
9891,AssetCacheLocatorService,0.0,0.0387191772460937,0.0,0.04087829589843746,50,1007.0,377.0,223.0,1.0
11684,mlhostd,0.0,0.1436233520507812,0.0,0.14452743530273432,50,1007.0,377.0,223.0,1.0
12774,businessservicesd,0.0,0.0743865966796875,0.0,0.081024169921875,50,1007.0,377.0,223.0,1.0
12775,MessagesBlastDoorService,0.0,0.0041961669921875,0.0,0.05239105224609375,50,1007.0,377.0,223.0,1.0
12776,feedbackd,0.0,0.0751495361328125,0.0,0.078704833984375,50,1007.0,377.0,223.0,1.0
12777,ProtectedCloudKeySyncing,0.0,0.0835418701171875,0.0,0.09304428100585938,50,1007.0,377.0,223.0,1.0
12779,gamecontrolleragentd,0.0,0.0597000122070312,0.002,0.060253143310546854,50,1007.0,377.0,223.0,1.0
12806,python3.12,0.9,0.1750946044921875,0.46153846153846156,0.1703031770475618,91,1007.0,377.0,223.0,1.0
12815,zsh,0.0,0.0156402587890625,0.0,0.009178644112447462,253,1007.0,377.0,223.0,1.0
12959,ndoagent,0.0,0.0753402709960937,0.0,0.0754165649414062,50,1007.0,377.0,223.0,1.0
12963,replayd,0.0,0.2178192138671875,0.0,0.21639064866669325,49,1007.0,377.0,223.0,1.0
13000,python3.12,0.0,0.1581192016601562,0.46153846153846156,0.1703031770475618,91,1007.0,377.0,223.0,1.0
11204,MTLCompilerService,0.0,0.0333786010742187,0.0,0.03340148925781246,50,1007.0,377.0,223.0,1.0
13025,com.apple.siri.embeddedspeech,0.0,0.0905990600585937,0.03142857142857143,0.17331804547991067,35,1007.0,377.0,223.0,1.0
13037,CoreLocationAgent,0.0,0.5132675170898438,0.00425531914893617,0.4036964254176363,47,1007.0,377.0,223.0,1.0
13043,Keychain Circle Notification,0.0,0.2016067504882812,0.044000000000000004,0.18328857421874997,50,1007.0,377.0,223.0,1.0
13073,Google Chrome Helper (Renderer),0.0,1.7473220825195312,0.647816091954023,1.1122661897505837,435,1007.0,377.0,223.0,1.0
13074,mdworker_shared,0.0,0.2124786376953125,0.02153846153846154,0.19098232953976357,195,1007.0,377.0,223.0,1.0
13106,mdworker_shared,0.0,0.1964569091796875,0.02153846153846154,0.19098232953976357,195,1007.0,377.0,223.0,1.0
13107,mdworker_shared,0.0,0.185394287109375,0.02153846153846154,0.19098232953976357,195,1007.0,377.0,223.0,1.0
13108,mdworker_shared,0.0,0.1750946044921875,0.02153846153846154,0.19098232953976357,195,1007.0,377.0,223.0,1.0
13109,mdworker_shared,0.0,0.1926422119140625,0.02153846153846154,0.19098232953976357,195,1007.0,377.0,223.0,1.0
13110,mdworker_shared,0.0,0.1699447631835937,0.02153846153846154,0.19098232953976357,195,1007.0,377.0,223.0,1.0
13111,mdworker_shared,0.0,0.1926422119140625,0.02153846153846154,0.19098232953976357,195,1007.0,377.0,223.0,1.0
3045,Code Helper (Plugin),0.0,0.2450942993164062,0.041,0.5363956451416015,500,1007.0,377.0,223.0,1.0
13036,CommCenter,0.0,0.2641677856445312,0.006000000000000001,0.23591232299804685,50,1007.0,377.0,223.0,1.0
10558,pbs,0.1,0.031280517578125,0.002,0.031276702880859375,50,1007.0,377.0,223.0,1.0
10490,talagentd,0.0,0.1453399658203125,0.002,0.14520263671874997,50,1007.0,377.0,223.0,1.0
10481,Google Chrome Helper (Renderer),0.0,1.0082244873046875,0.647816091954023,1.1122661897505837,435,1007.0,377.0,223.0,1.0
9901,pkd,0.0,0.096893310546875,0.002,0.10622024536132811,50,1007.0,377.0,223.0,1.0
9909,com.apple.geod,0.0,0.0881195068359375,0.004,0.09388351440429683,50,1007.0,377.0,223.0,1.0
9946,extensionkitservice,0.0,0.0797271728515625,0.0,0.08034324645996094,100,1007.0,377.0,223.0,1.0
9947,networkserviceproxy,0.0,0.1506805419921875,0.0,0.1554603576660156,50,1007.0,377.0,223.0,1.0
9963,swtransparencyd,0.0,0.0707626342773437,0.0,0.08174896240234374,50,1007.0,377.0,223.0,1.0
9964,CloudTelemetryService,0.0,0.0576019287109375,0.0,0.06444135050135331,127,1007.0,377.0,223.0,1.0
9982,contentlinkingd,0.0,0.0772476196289062,0.0,0.08146667480468746,50,1007.0,377.0,223.0,1.0
10001,AppPredictionIntentsHelperService,0.0,0.1634597778320312,0.0,0.16557312011718747,50,1007.0,377.0,223.0,1.0
10009,com.apple.accessibility.mediaaccessibilityd,0.0,0.0261306762695312,0.0,0.0261306762695312,50,1007.0,377.0,223.0,1.0
10010,AudioComponentRegistrar,0.0,0.042724609375,0.004,0.04845809936523434,50,1007.0,377.0,223.0,1.0
10015,linkd,0.0,0.0791549682617187,0.0,0.07984924316406244,50,1007.0,377.0,223.0,1.0
10115,iconservicesagent,0.0,0.0902175903320312,0.0,0.0902175903320312,50,1007.0,377.0,223.0,1.0
10121,com.apple.Safari.SafeBrowsing.Service,0.0,0.0743865966796875,0.0,0.07349395751953124,50,1007.0,377.0,223.0,1.0
10122,SAExtensionOrchestrator,0.0,0.1125335693359375,0.0,0.1125335693359375,50,1007.0,377.0,223.0,1.0
10123,extensionkitservice,0.0,0.0789642333984375,0.0,0.08034324645996094,100,1007.0,377.0,223.0,1.0
10124,GMSSELFIngestor,0.0,0.0974655151367187,0.0,0.0974655151367187,50,1007.0,377.0,223.0,1.0
10125,IFTranscriptSELFIngestor,0.0,0.086212158203125,0.0,0.086212158203125,50,1007.0,377.0,223.0,1.0
10126,IFTelemetrySELFIngestor,0.0,0.0825881958007812,0.0,0.0825881958007812,50,1007.0,377.0,223.0,1.0
10127,BiomeSELFIngestor,0.0,0.0879287719726562,0.0,0.0879287719726562,50,1007.0,377.0,223.0,1.0
10204,CoreServicesUIAgent,0.0,0.1987457275390625,0.004,0.19499969482421872,50,1007.0,377.0,223.0,1.0
10209,Code Helper (Plugin),0.0,0.4877090454101562,0.041,0.5363956451416015,500,1007.0,377.0,223.0,1.0
10211,Code Helper (Plugin),0.0,0.4453659057617187,0.041,0.5363956451416015,500,1007.0,377.0,223.0,1.0
10212,Code Helper (Plugin),0.0,0.4770278930664062,0.041,0.5363956451416015,500,1007.0,377.0,223.0,1.0
10213,Code Helper (Plugin),0.0,0.4766464233398437,0.041,0.5363956451416015,500,1007.0,377.0,223.0,1.0
10215,Code Helper (Plugin),0.0,0.4400253295898437,0.041,0.5363956451416015,500,1007.0,377.0,223.0,1.0
9888,SiriNCService,0.1,0.1522064208984375,0.008,0.15225982666015622,50,1007.0,377.0,223.0,1.0
3034,Code Helper (Plugin),0.1,0.9746551513671876,0.041,0.5363956451416015,500,1007.0,377.0,223.0,1.0
714,CursorUIViewService,0.0,0.1678466796875,0.07400000000000001,0.15747833251953122,50,1007.0,377.0,223.0,1.0
2913,Code Helper,0.3,0.611114501953125,0.32371428571428573,0.48915318080357145,350,1007.0,377.0,223.0,1.0
608,ViewBridgeAuxiliary,0.1,0.0926971435546875,0.014000000000000002,0.08618545532226561,50,1007.0,377.0,223.0,1.0
609,identityservicesd,0.0,0.1722335815429687,0.012,0.20082092285156247,50,1007.0,377.0,223.0,1.0
615,corespeechd,0.0,0.1638412475585937,0.09799999999999999,0.18834686279296872,50,1007.0,377.0,223.0,1.0
616,assistantd,0.0,0.1832962036132812,0.004,0.23475265502929685,50,1007.0,377.0,223.0,1.0
623,WallpaperImageExtension,0.0,0.0654220581054687,0.0,0.07489013671874994,50,1007.0,377.0,223.0,1.0
639,sharingd,0.0,0.1272201538085937,0.002,0.14010620117187497,50,1007.0,377.0,223.0,1.0
641,usernoted,0.0,0.1245498657226562,0.02,0.15933227539062497,50,1007.0,377.0,223.0,1.0
642,neagent,0.0,0.1068115234375,0.0,0.1076812744140625,50,1007.0,377.0,223.0,1.0
643,useractivityd,0.0,0.0850677490234375,0.008,0.08467864990234374,50,1007.0,377.0,223.0,1.0
644,com.apple.dock.extra,0.0,0.1903533935546875,0.048,0.17804336547851562,50,1007.0,377.0,223.0,1.0
646,NotificationCenter,0.0,0.20751953125,0.024000000000000004,0.24862670898437497,50,1007.0,377.0,223.0,1.0
606,fontworker,0.0,0.0581741333007812,0.0,0.05817031860351558,50,1007.0,377.0,223.0,1.0
649,milod,0.0,0.0820159912109375,0.0,0.08232498168945312,50,1007.0,377.0,223.0,1.0
651,StatusKitAgent,0.0,0.0787734985351562,0.0,0.07876968383789057,50,1007.0,377.0,223.0,1.0
666,ContextStoreAgent,0.0,0.1909255981445312,0.11199999999999999,0.1729774475097656,50,1007.0,377.0,223.0,1.0
668,BiomeAgent,0.0,0.1462936401367187,0.126,0.1340827941894531,50,1007.0,377.0,223.0,1.0
670,imklaunchagent,0.0,0.0619888305664062,0.0,0.06198501586914058,50,1007.0,377.0,223.0,1.0
673,icdd,0.0,0.0349044799804687,0.0,0.034900665283203076,50,1007.0,377.0,223.0,1.0
680,AirPlayUIAgent,0.0,0.1028060913085937,0.004,0.09934997558593746,50,1007.0,377.0,223.0,1.0
683,imagent,0.0,0.1140594482421875,0.008,0.13217163085937497,50,1007.0,377.0,223.0,1.0
685,diagnostics_agent,0.0,0.0865936279296875,0.002,0.09417724609374996,50,1007.0,377.0,223.0,1.0
686,TextInputMenuAgent,0.0,0.1546859741210937,0.008,0.16139221191406247,50,1007.0,377.0,223.0,1.0
688,Grammarly Desktop Helper,0.0,0.0885009765625,0.002,0.10088729858398436,50,1007.0,377.0,223.0,1.0
699,com.apple.CloudDocs.iCloudDriveFileProvider,0.0,0.086212158203125,0.008,0.09911346435546875,50,1007.0,377.0,223.0,1.0
650,familycircled,0.0,0.0677108764648437,0.0,0.06789016723632807,50,1007.0,377.0,223.0,1.0
704,ctkahp,0.0,0.037384033203125,0.0,0.037380218505859375,50,1007.0,377.0,223.0,1.0
605,ContinuityCaptureAgent,0.0,0.0761032104492187,0.0,0.0761032104492187,50,1007.0,377.0,223.0,1.0
602,fileproviderd,0.2,0.1394271850585937,0.21200000000000002,0.1446113586425781,50,1007.0,377.0,223.0,1.0
13113,mdworker_shared,0.0,0.1995086669921875,0.02153846153846154,0.19098232953976357,195,1007.0,377.0,223.0,1.0
376,loginwindow,0.0,0.1836776733398437,0.008,0.24020385742187497,50,1007.0,377.0,223.0,1.0
543,distnoted,0.0,0.0484466552734375,0.028000000000000004,0.05070495605468747,50,1007.0,377.0,223.0,1.0
544,cfprefsd,0.0,0.0560760498046875,0.066,0.05707931518554685,50,1007.0,377.0,223.0,1.0
549,UserEventAgent,0.0,0.0925064086914062,0.013999999999999999,0.10488891601562496,50,1007.0,377.0,223.0,1.0
553,WindowManager,0.0,0.2664566040039062,0.11200000000000002,0.24517440795898435,50,1007.0,377.0,223.0,1.0
557,universalaccessd,0.0,0.1010894775390625,0.006000000000000001,0.09207916259765624,50,1007.0,377.0,223.0,1.0
559,Dock,0.0,0.2195358276367187,0.076,0.20318603515624997,50,1007.0,377.0,223.0,1.0
560,ControlCenter,0.5,0.4055023193359375,0.5379999999999999,0.41684722900390625,50,1007.0,377.0,223.0,1.0
561,pboard,0.0,0.075531005859375,0.002,0.09132385253906246,50,1007.0,377.0,223.0,1.0
562,SystemUIServer,0.0,0.1499176025390625,0.006,0.13476562499999997,50,1007.0,377.0,223.0,1.0
604,AMPDeviceDiscoveryAgent,0.0,0.045013427734375,0.0,0.051746368408203104,50,1007.0,377.0,223.0,1.0
564,Finder,0.0,0.3658294677734375,0.07400000000000001,0.4227867126464844,50,1007.0,377.0,223.0,1.0
568,AXVisualSupportAgent,0.6,0.1638412475585937,0.6920000000000001,0.16974639892578122,50,1007.0,377.0,223.0,1.0
575,rapportd,0.0,0.1306533813476562,0.002,0.1259346008300781,50,1007.0,377.0,223.0,1.0
578,secd,0.0,0.1333236694335937,0.006000000000000001,0.15089416503906247,50,1007.0,377.0,223.0,1.0
580,trustd,0.0,0.1142501831054687,0.04,0.11620330810546871,50,1007.0,377.0,223.0,1.0
583,WallpaperAgent,0.0,0.1811981201171875,0.004,0.1629066467285156,50,1007.0,377.0,223.0,1.0
587,com.apple.hiservices-xpcservice,0.2,0.0398635864257812,0.01,0.03719711303710933,50,1007.0,377.0,223.0,1.0
589,sharedfilelistd,0.0,0.0673294067382812,0.0,0.08721542358398436,50,1007.0,377.0,223.0,1.0
590,containermanagerd,0.0,0.0459671020507812,0.012,0.04875946044921871,50,1007.0,377.0,223.0,1.0
591,usernotificationsd,0.0,0.0802993774414062,0.008,0.09786605834960933,50,1007.0,377.0,223.0,1.0
596,callservicesd,0.0,0.1613616943359375,0.006000000000000001,0.17979049682617185,50,1007.0,377.0,223.0,1.0
600,fontd,0.0,0.0946044921875,0.002,0.06991577148437499,50,1007.0,377.0,223.0,1.0
567,lsd,0.0,0.10986328125,0.012,0.11196517944335933,50,1007.0,377.0,223.0,1.0
707,WiFiAgent,0.0,0.1707077026367187,0.114,0.16522979736328122,50,1007.0,377.0,223.0,1.0
709,nsurlsessiond,0.0,0.1234054565429687,0.032,0.1256752014160156,50,1007.0,377.0,223.0,1.0
713,Spotlight,0.0,0.2435684204101562,0.05,0.27865600585937494,50,1007.0,377.0,223.0,1.0
932,com.apple.WebKit.WebContent,0.1,0.3999710083007812,0.2837142857142857,0.5284216744559151,350,1007.0,377.0,223.0,1.0
957,Google Chrome,0.0,2.4148941040039062,1.324,2.2691001892089844,50,1007.0,377.0,223.0,1.0
960,chrome_crashpad_handler,0.0,0.0188827514648437,0.0,0.019365310668945288,100,1007.0,377.0,223.0,1.0
961,voicebankingd,0.0,0.0722885131835937,0.0,0.07259750366210932,50,1007.0,377.0,223.0,1.0
963,Google Chrome Helper,0.0,0.8050918579101562,0.6,0.42389755249023436,250,1007.0,377.0,223.0,1.0
964,Google Chrome Helper,0.1,0.677490234375,0.6,0.42389755249023436,250,1007.0,377.0,223.0,1.0
966,Google Chrome Helper,0.0,0.2202987670898437,0.6,0.42389755249023436,250,1007.0,377.0,223.0,1.0
1015,Google Chrome Helper,0.0,0.1642227172851562,0.6,0.42389755249023436,250,1007.0,377.0,223.0,1.0
1052,spotlightknowledged,0.0,0.0352859497070312,0.0,0.04377672749180943,62,1007.0,377.0,223.0,1.0
1191,storeaccountd,0.0,0.0658035278320312,0.0,0.06579971313476557,50,1007.0,377.0,223.0,1.0
1474,IMAutomaticHistoryDeletionAgent,0.0,0.0732421875,0.0,0.08300018310546874,50,1007.0,377.0,223.0,1.0
931,com.apple.WebKit.WebContent,0.0,0.7745742797851562,0.2837142857142857,0.5284216744559151,350,1007.0,377.0,223.0,1.0
1718,ServiceExtension,0.0,0.142669677734375,0.0,0.142669677734375,50,1007.0,377.0,223.0,1.0
2096,com.apple.WebKit.WebContent,0.0,0.5949020385742188,0.2837142857142857,0.5284216744559151,350,1007.0,377.0,223.0,1.0
2641,Google Chrome Helper (Renderer),0.0,0.6376266479492188,0.647816091954023,1.1122661897505837,435,1007.0,377.0,223.0,1.0
2672,Google Chrome Helper (Renderer),0.1,3.275108337402344,0.647816091954023,1.1122661897505837,435,1007.0,377.0,223.0,1.0
2826,Code,2.9,1.5813827514648438,1.3619999999999999,1.3807182312011719,50,1007.0,377.0,223.0,1.0
2832,chrome_crashpad_handler,0.0,0.0194549560546875,0.0,0.019365310668945288,100,1007.0,377.0,223.0,1.0
2833,Code Helper,0.1,0.797271728515625,0.32371428571428573,0.48915318080357145,350,1007.0,377.0,223.0,1.0
2834,Code Helper,0.1,0.3643035888671875,0.32371428571428573,0.48915318080357145,350,1007.0,377.0,223.0,1.0
2835,Code Helper (Renderer),0.5,4.026222229003906,3.5780000000000003,3.886066436767578,50,1007.0,377.0,223.0,1.0
2852,Code Helper,0.0,1.0829925537109375,0.32371428571428573,0.48915318080357145,350,1007.0,377.0,223.0,1.0
2878,Code Helper,0.0,0.3683090209960937,0.32371428571428573,0.48915318080357145,350,1007.0,377.0,223.0,1.0
2880,Code Helper,0.0,0.1409530639648437,0.32371428571428573,0.48915318080357145,350,1007.0,377.0,223.0,1.0
2095,com.apple.WebKit.WebContent,0.0,0.3011703491210937,0.2837142857142857,0.5284216744559151,350,1007.0,377.0,223.0,1.0
930,com.apple.WebKit.WebContent,0.0,0.3389358520507812,0.2837142857142857,0.5284216744559151,350,1007.0,377.0,223.0,1.0
926,peopled,0.0,0.086212158203125,0.0,0.08623886108398438,50,1007.0,377.0,223.0,1.0
921,Spotify Helper,0.0,0.0940322875976562,0.015600000000000001,0.14564056396484373,250,1007.0,377.0,223.0,1.0
716,PAH_Extension,0.0,0.1171112060546875,0.014000000000000002,0.11199188232421874,50,1007.0,377.0,223.0,1.0
717,OneDrive,0.0,0.3267288208007812,0.032,0.36077880859375,50,1007.0,377.0,223.0,1.0
718,corespotlightd,0.0,0.1651763916015625,0.012,0.15357208251953122,50,1007.0,377.0,223.0,1.0
722,duetexpertd,0.0,0.3032684326171875,0.09,0.26060485839843744,50,1007.0,377.0,223.0,1.0
730,Spotify,0.5,1.0423660278320312,0.5479999999999999,1.0496597290039062,50,1007.0,377.0,223.0,1.0
733,homed,0.0,0.110626220703125,0.0,0.1302070617675781,50,1007.0,377.0,223.0,1.0
734,mediaremoteagent,0.0,0.0232696533203125,0.0,0.0232696533203125,50,1007.0,377.0,223.0,1.0
740,Spotify Helper,0.0,0.0383377075195312,0.015600000000000001,0.14564056396484373,250,1007.0,377.0,223.0,1.0
741,avconferenced,0.0,0.067901611328125,0.0,0.06789779663085938,50,1007.0,377.0,223.0,1.0
747,Spotify Helper,0.0,0.2027511596679687,0.015600000000000001,0.14564056396484373,250,1007.0,377.0,223.0,1.0
748,Spotify Helper,0.3,0.2849578857421875,0.015600000000000001,0.14564056396484373,250,1007.0,377.0,223.0,1.0
752,Spotify Helper,0.0,0.0997543334960937,0.015600000000000001,0.14564056396484373,250,1007.0,377.0,223.0,1.0
755,Grammarly Desktop,0.1,0.6900787353515625,0.524,0.7150344848632812,50,1007.0,377.0,223.0,1.0
768,Spotify Helper (Renderer),0.0,0.4150390625,0.044000000000000004,0.4534873962402344,50,1007.0,377.0,223.0,1.0
772,com.apple.WebKit.GPU,0.0,0.0507354736328125,0.102,0.09322547912597655,100,1007.0,377.0,223.0,1.0
774,com.apple.WebKit.WebContent,0.0,0.0186920166015625,0.2837142857142857,0.5284216744559151,350,1007.0,377.0,223.0,1.0
776,com.apple.WebKit.Networking,0.0,0.0982284545898437,0.4,0.16855621337890622,100,1007.0,377.0,223.0,1.0
792,commerce,0.0,0.0902175903320312,0.0,0.08901596069335932,50,1007.0,377.0,223.0,1.0
857,Grammarly Desktop Update Service,0.0,0.0944137573242187,0.006000000000000001,0.11079406738281246,50,1007.0,377.0,223.0,1.0
873,mdbulkimport,0.0,0.0713348388671875,0.0,0.07133102416992188,50,1007.0,377.0,223.0,1.0
898,OneDrive Sync Service,0.0,0.1842498779296875,0.004,0.21224594116210935,50,1007.0,377.0,223.0,1.0
913,app_inkwell,0.1,0.295257568359375,0.94,0.29593276977539057,50,1007.0,377.0,223.0,1.0
916,com.apple.WebKit.WebContent,0.0,1.7551422119140625,0.2837142857142857,0.5284216744559151,350,1007.0,377.0,223.0,1.0
918,com.apple.WebKit.GPU,0.0,0.2244949340820312,0.102,0.09322547912597655,100,1007.0,377.0,223.0,1.0
919,com.apple.WebKit.Networking,0.0,0.1791000366210937,0.4,0.16855621337890622,100,1007.0,377.0,223.0,1.0
3033,Code Helper,0.0,0.4056930541992187,0.32371428571428573,0.48915318080357145,350,1007.0,377.0,223.0,1.0
13120,mdworker_shared,0.0,0.1646041870117187,0.02153846153846154,0.19098232953976357,195,1007.0,377.0,223.0,1.0
